170229,Silene vulgaris,ForestDryRich
170230,Silene vulgaris,ForestDryRich
170231,Silene vulgaris,ForestDryRich
170232,Silene vulgaris,ForestDryRich
170293,Silene vulgaris,ForestDryRich
170294,Silene vulgaris,ForestDryRich
170295,Silene vulgaris,ForestDryRich
170296,Silene vulgaris,ForestDryRich
170297,Silene vulgaris,ForestDryRich
170298,Silene vulgaris,ForestDryRich
170299,Silene vulgaris,ForestDryRich
170300,Silene vulgaris,ForestDryRich
170301,Silene vulgaris,ForestDryRich
170302,Silene vulgaris,ForestDryRich
170303,Silene vulgaris,ForestDryRich
170304,Silene vulgaris,ForestDryRich
170305,Silene vulgaris,ForestDryRich
170306,Silene vulgaris,ForestDryRich
170307,Silene vulgaris,ForestDryRich
170308,Silene vulgaris,ForestDryRich
170309,Silene vulgaris,ForestDryRich
170310,Silene vulgaris,ForestDryRich
170311,Silene vulgaris,ForestDryRich
170312,Silene vulgaris,ForestDryRich
170313,Silene vulgaris,ForestDryRich
170314,Silene vulgaris,ForestDryRich
170315,Silene vulgaris,ForestDryRich
170316,Silene vulgaris,ForestDryRich
170317,Silene vulgaris,ForestDryRich
170318,Silene vulgaris,ForestDryRich
170319,Silene vulgaris,ForestDryRich
170320,Silene vulgaris,ForestDryRich
170321,Silene vulgaris,ForestDryRich
170322,Silene vulgaris,ForestDryRich
170323,Silene vulgaris,ForestDryRich
170324,Silene vulgaris,ForestDryRich
170325,Silene vulgaris,ForestDryRich
170326,Silene vulgaris,ForestDryRich
170828,Silene vulgaris,ForestDryRich
170829,Silene vulgaris,ForestDryRich
170830,Silene vulgaris,ForestDryRich
170831,Silene vulgaris,ForestDryRich
170892,Silene vulgaris,ForestDryRich
170893,Silene vulgaris,ForestDryRich
170894,Silene vulgaris,ForestDryRich
170895,Silene vulgaris,ForestDryRich
170896,Silene vulgaris,ForestDryRich
170897,Silene vulgaris,ForestDryRich
170898,Silene vulgaris,ForestDryRich
170899,Silene vulgaris,ForestDryRich
170900,Silene vulgaris,ForestDryRich
170901,Silene vulgaris,ForestDryRich
170902,Silene vulgaris,ForestDryRich
170903,Silene vulgaris,ForestDryRich
170904,Silene vulgaris,ForestDryRich
170905,Silene vulgaris,ForestDryRich
170906,Silene vulgaris,ForestDryRich
170907,Silene vulgaris,ForestDryRich
170908,Silene vulgaris,ForestDryRich
170909,Silene vulgaris,ForestDryRich
170910,Silene vulgaris,ForestDryRich
170911,Silene vulgaris,ForestDryRich
170912,Silene vulgaris,ForestDryRich
170913,Silene vulgaris,ForestDryRich
170914,Silene vulgaris,ForestDryRich
170915,Silene vulgaris,ForestDryRich
170916,Silene vulgaris,ForestDryRich
170917,Silene vulgaris,ForestDryRich
170918,Silene vulgaris,ForestDryRich
170919,Silene vulgaris,ForestDryRich
170920,Silene vulgaris,ForestDryRich
170921,Silene vulgaris,ForestDryRich
170922,Silene vulgaris,ForestDryRich
170923,Silene vulgaris,ForestDryRich
170924,Silene vulgaris,ForestDryRich
170925,Silene vulgaris,ForestDryRich
171428,Silene vulgaris,ForestDryRich
171429,Silene vulgaris,ForestDryRich
171430,Silene vulgaris,ForestDryRich
171491,Silene vulgaris,ForestDryRich
171492,Silene vulgaris,ForestDryRich
171493,Silene vulgaris,ForestDryRich
171494,Silene vulgaris,ForestDryRich
171495,Silene vulgaris,ForestDryRich
171496,Silene vulgaris,ForestDryRich
171497,Silene vulgaris,ForestDryRich
171498,Silene vulgaris,ForestDryRich
171499,Silene vulgaris,ForestDryRich
171500,Silene vulgaris,ForestDryRich
171501,Silene vulgaris,ForestDryRich
171502,Silene vulgaris,ForestDryRich
171503,Silene vulgaris,ForestDryRich
171504,Silene vulgaris,ForestDryRich
171505,Silene vulgaris,ForestDryRich
171506,Silene vulgaris,ForestDryRich
171507,Silene vulgaris,ForestDryRich
171508,Silene vulgaris,ForestDryRich
171509,Silene vulgaris,ForestDryRich
171510,Silene vulgaris,ForestDryRich
171511,Silene vulgaris,ForestDryRich
171512,Silene vulgaris,ForestDryRich
171513,Silene vulgaris,ForestDryRich
171514,Silene vulgaris,ForestDryRich
171515,Silene vulgaris,ForestDryRich
171516,Silene vulgaris,ForestDryRich
171517,Silene vulgaris,ForestDryRich
171518,Silene vulgaris,ForestDryRich
171519,Silene vulgaris,ForestDryRich
171520,Silene vulgaris,ForestDryRich
171521,Silene vulgaris,ForestDryRich
171522,Silene vulgaris,ForestDryRich
171523,Silene vulgaris,ForestDryRich
171524,Silene vulgaris,ForestDryRich
172027,Silene vulgaris,ForestDryRich
172028,Silene vulgaris,ForestDryRich
172029,Silene vulgaris,ForestDryRich
172090,Silene vulgaris,ForestDryRich
172091,Silene vulgaris,ForestDryRich
172092,Silene vulgaris,ForestDryRich
172093,Silene vulgaris,ForestDryRich
172094,Silene vulgaris,ForestDryRich
172095,Silene vulgaris,ForestDryRich
172096,Silene vulgaris,ForestDryRich
172097,Silene vulgaris,ForestDryRich
172098,Silene vulgaris,ForestDryRich
172099,Silene vulgaris,ForestDryRich
172100,Silene vulgaris,ForestDryRich
172101,Silene vulgaris,ForestDryRich
172102,Silene vulgaris,ForestDryRich
172103,Silene vulgaris,ForestDryRich
172104,Silene vulgaris,ForestDryRich
172105,Silene vulgaris,ForestDryRich
172106,Silene vulgaris,ForestDryRich
172107,Silene vulgaris,ForestDryRich
172108,Silene vulgaris,ForestDryRich
172109,Silene vulgaris,ForestDryRich
172110,Silene vulgaris,ForestDryRich
172111,Silene vulgaris,ForestDryRich
172112,Silene vulgaris,ForestDryRich
172113,Silene vulgaris,ForestDryRich
172114,Silene vulgaris,ForestDryRich
172115,Silene vulgaris,ForestDryRich
172116,Silene vulgaris,ForestDryRich
172117,Silene vulgaris,ForestDryRich
172118,Silene vulgaris,ForestDryRich
172119,Silene vulgaris,ForestDryRich
172120,Silene vulgaris,ForestDryRich
172121,Silene vulgaris,ForestDryRich
172122,Silene vulgaris,ForestDryRich
172626,Silene vulgaris,ForestDryRich
172627,Silene vulgaris,ForestDryRich
172628,Silene vulgaris,ForestDryRich
172689,Silene vulgaris,ForestDryRich
172690,Silene vulgaris,ForestDryRich
172691,Silene vulgaris,ForestDryRich
172692,Silene vulgaris,ForestDryRich
172693,Silene vulgaris,ForestDryRich
172694,Silene vulgaris,ForestDryRich
172695,Silene vulgaris,ForestDryRich
172696,Silene vulgaris,ForestDryRich
172697,Silene vulgaris,ForestDryRich
172698,Silene vulgaris,ForestDryRich
172699,Silene vulgaris,ForestDryRich
172700,Silene vulgaris,ForestDryRich
172701,Silene vulgaris,ForestDryRich
172702,Silene vulgaris,ForestDryRich
172703,Silene vulgaris,ForestDryRich
172704,Silene vulgaris,ForestDryRich
172705,Silene vulgaris,ForestDryRich
172706,Silene vulgaris,ForestDryRich
172707,Silene vulgaris,ForestDryRich
172708,Silene vulgaris,ForestDryRich
172709,Silene vulgaris,ForestDryRich
172710,Silene vulgaris,ForestDryRich
172711,Silene vulgaris,ForestDryRich
172712,Silene vulgaris,ForestDryRich
172713,Silene vulgaris,ForestDryRich
172714,Silene vulgaris,ForestDryRich
172715,Silene vulgaris,ForestDryRich
172716,Silene vulgaris,ForestDryRich
172717,Silene vulgaris,ForestDryRich
172718,Silene vulgaris,ForestDryRich
172719,Silene vulgaris,ForestDryRich
172720,Silene vulgaris,ForestDryRich
172721,Silene vulgaris,ForestDryRich
173225,Silene vulgaris,ForestDryRich
173226,Silene vulgaris,ForestDryRich
173227,Silene vulgaris,ForestDryRich
173288,Silene vulgaris,ForestDryRich
173289,Silene vulgaris,ForestDryRich
173290,Silene vulgaris,ForestDryRich
173291,Silene vulgaris,ForestDryRich
173292,Silene vulgaris,ForestDryRich
173293,Silene vulgaris,ForestDryRich
173294,Silene vulgaris,ForestDryRich
173295,Silene vulgaris,ForestDryRich
173296,Silene vulgaris,ForestDryRich
173297,Silene vulgaris,ForestDryRich
173298,Silene vulgaris,ForestDryRich
173299,Silene vulgaris,ForestDryRich
173300,Silene vulgaris,ForestDryRich
173301,Silene vulgaris,ForestDryRich
173302,Silene vulgaris,ForestDryRich
173303,Silene vulgaris,ForestDryRich
173304,Silene vulgaris,ForestDryRich
173305,Silene vulgaris,ForestDryRich
173306,Silene vulgaris,ForestDryRich
173307,Silene vulgaris,ForestDryRich
173308,Silene vulgaris,ForestDryRich
173309,Silene vulgaris,ForestDryRich
173310,Silene vulgaris,ForestDryRich
173311,Silene vulgaris,ForestDryRich
173312,Silene vulgaris,ForestDryRich
173313,Silene vulgaris,ForestDryRich
173314,Silene vulgaris,ForestDryRich
173315,Silene vulgaris,ForestDryRich
173316,Silene vulgaris,ForestDryRich
173317,Silene vulgaris,ForestDryRich
173318,Silene vulgaris,ForestDryRich
173319,Silene vulgaris,ForestDryRich
173320,Silene vulgaris,ForestDryRich
173824,Silene vulgaris,ForestDryRich
173825,Silene vulgaris,ForestDryRich
173826,Silene vulgaris,ForestDryRich
173887,Silene vulgaris,ForestDryRich
173888,Silene vulgaris,ForestDryRich
173889,Silene vulgaris,ForestDryRich
173890,Silene vulgaris,ForestDryRich
173891,Silene vulgaris,ForestDryRich
173892,Silene vulgaris,ForestDryRich
173893,Silene vulgaris,ForestDryRich
173894,Silene vulgaris,ForestDryRich
173895,Silene vulgaris,ForestDryRich
173896,Silene vulgaris,ForestDryRich
173897,Silene vulgaris,ForestDryRich
173898,Silene vulgaris,ForestDryRich
173899,Silene vulgaris,ForestDryRich
173900,Silene vulgaris,ForestDryRich
173901,Silene vulgaris,ForestDryRich
173902,Silene vulgaris,ForestDryRich
173903,Silene vulgaris,ForestDryRich
173904,Silene vulgaris,ForestDryRich
173905,Silene vulgaris,ForestDryRich
173906,Silene vulgaris,ForestDryRich
173907,Silene vulgaris,ForestDryRich
173908,Silene vulgaris,ForestDryRich
173909,Silene vulgaris,ForestDryRich
173910,Silene vulgaris,ForestDryRich
173911,Silene vulgaris,ForestDryRich
173912,Silene vulgaris,ForestDryRich
173913,Silene vulgaris,ForestDryRich
173914,Silene vulgaris,ForestDryRich
173915,Silene vulgaris,ForestDryRich
173916,Silene vulgaris,ForestDryRich
173917,Silene vulgaris,ForestDryRich
173918,Silene vulgaris,ForestDryRich
173919,Silene vulgaris,ForestDryRich
174424,Silene vulgaris,ForestDryRich
174425,Silene vulgaris,ForestDryRich
174486,Silene vulgaris,ForestDryRich
174487,Silene vulgaris,ForestDryRich
174488,Silene vulgaris,ForestDryRich
174489,Silene vulgaris,ForestDryRich
174490,Silene vulgaris,ForestDryRich
174491,Silene vulgaris,ForestDryRich
174492,Silene vulgaris,ForestDryRich
174493,Silene vulgaris,ForestDryRich
174494,Silene vulgaris,ForestDryRich
174495,Silene vulgaris,ForestDryRich
174496,Silene vulgaris,ForestDryRich
174497,Silene vulgaris,ForestDryRich
174498,Silene vulgaris,ForestDryRich
174499,Silene vulgaris,ForestDryRich
174500,Silene vulgaris,ForestDryRich
174501,Silene vulgaris,ForestDryRich
174502,Silene vulgaris,ForestDryRich
174503,Silene vulgaris,ForestDryRich
174504,Silene vulgaris,ForestDryRich
174505,Silene vulgaris,ForestDryRich
174506,Silene vulgaris,ForestDryRich
174507,Silene vulgaris,ForestDryRich
174508,Silene vulgaris,ForestDryRich
174509,Silene vulgaris,ForestDryRich
174510,Silene vulgaris,ForestDryRich
174511,Silene vulgaris,ForestDryRich
174512,Silene vulgaris,ForestDryRich
174513,Silene vulgaris,ForestDryRich
174514,Silene vulgaris,ForestDryRich
174515,Silene vulgaris,ForestDryRich
174516,Silene vulgaris,ForestDryRich
174517,Silene vulgaris,ForestDryRich
175023,Silene vulgaris,ForestDryRich
175024,Silene vulgaris,ForestDryRich
175085,Silene vulgaris,ForestDryRich
175086,Silene vulgaris,ForestDryRich
175087,Silene vulgaris,ForestDryRich
175088,Silene vulgaris,ForestDryRich
175089,Silene vulgaris,ForestDryRich
175090,Silene vulgaris,ForestDryRich
175091,Silene vulgaris,ForestDryRich
175092,Silene vulgaris,ForestDryRich
175093,Silene vulgaris,ForestDryRich
175094,Silene vulgaris,ForestDryRich
175095,Silene vulgaris,ForestDryRich
175096,Silene vulgaris,ForestDryRich
175097,Silene vulgaris,ForestDryRich
175098,Silene vulgaris,ForestDryRich
175099,Silene vulgaris,ForestDryRich
175100,Silene vulgaris,ForestDryRich
175101,Silene vulgaris,ForestDryRich
175102,Silene vulgaris,ForestDryRich
175103,Silene vulgaris,ForestDryRich
175104,Silene vulgaris,ForestDryRich
175105,Silene vulgaris,ForestDryRich
175106,Silene vulgaris,ForestDryRich
175107,Silene vulgaris,ForestDryRich
175108,Silene vulgaris,ForestDryRich
175109,Silene vulgaris,ForestDryRich
175110,Silene vulgaris,ForestDryRich
175111,Silene vulgaris,ForestDryRich
175112,Silene vulgaris,ForestDryRich
175113,Silene vulgaris,ForestDryRich
175114,Silene vulgaris,ForestDryRich
175115,Silene vulgaris,ForestDryRich
175116,Silene vulgaris,ForestDryRich
175623,Silene vulgaris,ForestDryRich
175684,Silene vulgaris,ForestDryRich
175685,Silene vulgaris,ForestDryRich
175686,Silene vulgaris,ForestDryRich
175687,Silene vulgaris,ForestDryRich
175688,Silene vulgaris,ForestDryRich
175689,Silene vulgaris,ForestDryRich
175690,Silene vulgaris,ForestDryRich
175691,Silene vulgaris,ForestDryRich
175692,Silene vulgaris,ForestDryRich
175693,Silene vulgaris,ForestDryRich
175694,Silene vulgaris,ForestDryRich
175695,Silene vulgaris,ForestDryRich
175696,Silene vulgaris,ForestDryRich
175697,Silene vulgaris,ForestDryRich
175698,Silene vulgaris,ForestDryRich
175699,Silene vulgaris,ForestDryRich
175700,Silene vulgaris,ForestDryRich
175701,Silene vulgaris,ForestDryRich
175702,Silene vulgaris,ForestDryRich
175703,Silene vulgaris,ForestDryRich
175704,Silene vulgaris,ForestDryRich
175705,Silene vulgaris,ForestDryRich
175706,Silene vulgaris,ForestDryRich
175707,Silene vulgaris,ForestDryRich
175708,Silene vulgaris,ForestDryRich
175709,Silene vulgaris,ForestDryRich
175710,Silene vulgaris,ForestDryRich
175711,Silene vulgaris,ForestDryRich
175712,Silene vulgaris,ForestDryRich
175713,Silene vulgaris,ForestDryRich
175714,Silene vulgaris,ForestDryRich
176222,Silene vulgaris,ForestDryRich
176283,Silene vulgaris,ForestDryRich
176284,Silene vulgaris,ForestDryRich
176285,Silene vulgaris,ForestDryRich
176286,Silene vulgaris,ForestDryRich
176287,Silene vulgaris,ForestDryRich
176288,Silene vulgaris,ForestDryRich
176289,Silene vulgaris,ForestDryRich
176290,Silene vulgaris,ForestDryRich
176291,Silene vulgaris,ForestDryRich
176292,Silene vulgaris,ForestDryRich
176293,Silene vulgaris,ForestDryRich
176294,Silene vulgaris,ForestDryRich
176295,Silene vulgaris,ForestDryRich
176296,Silene vulgaris,ForestDryRich
176297,Silene vulgaris,ForestDryRich
176298,Silene vulgaris,ForestDryRich
176299,Silene vulgaris,ForestDryRich
176300,Silene vulgaris,ForestDryRich
176301,Silene vulgaris,ForestDryRich
176302,Silene vulgaris,ForestDryRich
176303,Silene vulgaris,ForestDryRich
176304,Silene vulgaris,ForestDryRich
176305,Silene vulgaris,ForestDryRich
176306,Silene vulgaris,ForestDryRich
176307,Silene vulgaris,ForestDryRich
176308,Silene vulgaris,ForestDryRich
176309,Silene vulgaris,ForestDryRich
176310,Silene vulgaris,ForestDryRich
176311,Silene vulgaris,ForestDryRich
176312,Silene vulgaris,ForestDryRich
176313,Silene vulgaris,ForestDryRich
176882,Silene vulgaris,ForestDryRich
176883,Silene vulgaris,ForestDryRich
176884,Silene vulgaris,ForestDryRich
176885,Silene vulgaris,ForestDryRich
176886,Silene vulgaris,ForestDryRich
176887,Silene vulgaris,ForestDryRich
176888,Silene vulgaris,ForestDryRich
176889,Silene vulgaris,ForestDryRich
176890,Silene vulgaris,ForestDryRich
176891,Silene vulgaris,ForestDryRich
176892,Silene vulgaris,ForestDryRich
176893,Silene vulgaris,ForestDryRich
176894,Silene vulgaris,ForestDryRich
176895,Silene vulgaris,ForestDryRich
176896,Silene vulgaris,ForestDryRich
176897,Silene vulgaris,ForestDryRich
176898,Silene vulgaris,ForestDryRich
176899,Silene vulgaris,ForestDryRich
176900,Silene vulgaris,ForestDryRich
176901,Silene vulgaris,ForestDryRich
176902,Silene vulgaris,ForestDryRich
176903,Silene vulgaris,ForestDryRich
176904,Silene vulgaris,ForestDryRich
176905,Silene vulgaris,ForestDryRich
176906,Silene vulgaris,ForestDryRich
176907,Silene vulgaris,ForestDryRich
176908,Silene vulgaris,ForestDryRich
176909,Silene vulgaris,ForestDryRich
176910,Silene vulgaris,ForestDryRich
176911,Silene vulgaris,ForestDryRich
176912,Silene vulgaris,ForestDryRich
177481,Silene vulgaris,ForestDryRich
177482,Silene vulgaris,ForestDryRich
177483,Silene vulgaris,ForestDryRich
177484,Silene vulgaris,ForestDryRich
177485,Silene vulgaris,ForestDryRich
177486,Silene vulgaris,ForestDryRich
177487,Silene vulgaris,ForestDryRich
177488,Silene vulgaris,ForestDryRich
177489,Silene vulgaris,ForestDryRich
177490,Silene vulgaris,ForestDryRich
177491,Silene vulgaris,ForestDryRich
177492,Silene vulgaris,ForestDryRich
177493,Silene vulgaris,ForestDryRich
177494,Silene vulgaris,ForestDryRich
177495,Silene vulgaris,ForestDryRich
177496,Silene vulgaris,ForestDryRich
177497,Silene vulgaris,ForestDryRich
177498,Silene vulgaris,ForestDryRich
177499,Silene vulgaris,ForestDryRich
177500,Silene vulgaris,ForestDryRich
177501,Silene vulgaris,ForestDryRich
177502,Silene vulgaris,ForestDryRich
177503,Silene vulgaris,ForestDryRich
177504,Silene vulgaris,ForestDryRich
177505,Silene vulgaris,ForestDryRich
177506,Silene vulgaris,ForestDryRich
177507,Silene vulgaris,ForestDryRich
177508,Silene vulgaris,ForestDryRich
177509,Silene vulgaris,ForestDryRich
177510,Silene vulgaris,ForestDryRich
178080,Silene vulgaris,ForestDryRich
178081,Silene vulgaris,ForestDryRich
178082,Silene vulgaris,ForestDryRich
178083,Silene vulgaris,ForestDryRich
178084,Silene vulgaris,ForestDryRich
178085,Silene vulgaris,ForestDryRich
178086,Silene vulgaris,ForestDryRich
178087,Silene vulgaris,ForestDryRich
178088,Silene vulgaris,ForestDryRich
178089,Silene vulgaris,ForestDryRich
178090,Silene vulgaris,ForestDryRich
178091,Silene vulgaris,ForestDryRich
178092,Silene vulgaris,ForestDryRich
178093,Silene vulgaris,ForestDryRich
178094,Silene vulgaris,ForestDryRich
178095,Silene vulgaris,ForestDryRich
178096,Silene vulgaris,ForestDryRich
178097,Silene vulgaris,ForestDryRich
178098,Silene vulgaris,ForestDryRich
178099,Silene vulgaris,ForestDryRich
178100,Silene vulgaris,ForestDryRich
178101,Silene vulgaris,ForestDryRich
178102,Silene vulgaris,ForestDryRich
178103,Silene vulgaris,ForestDryRich
178104,Silene vulgaris,ForestDryRich
178105,Silene vulgaris,ForestDryRich
178106,Silene vulgaris,ForestDryRich
178107,Silene vulgaris,ForestDryRich
178108,Silene vulgaris,ForestDryRich
178109,Silene vulgaris,ForestDryRich
178679,Silene vulgaris,ForestDryRich
178680,Silene vulgaris,ForestDryRich
178681,Silene vulgaris,ForestDryRich
178682,Silene vulgaris,ForestDryRich
178683,Silene vulgaris,ForestDryRich
178684,Silene vulgaris,ForestDryRich
178685,Silene vulgaris,ForestDryRich
178686,Silene vulgaris,ForestDryRich
178687,Silene vulgaris,ForestDryRich
178688,Silene vulgaris,ForestDryRich
178689,Silene vulgaris,ForestDryRich
178690,Silene vulgaris,ForestDryRich
178691,Silene vulgaris,ForestDryRich
178692,Silene vulgaris,ForestDryRich
178693,Silene vulgaris,ForestDryRich
178694,Silene vulgaris,ForestDryRich
178695,Silene vulgaris,ForestDryRich
178696,Silene vulgaris,ForestDryRich
178697,Silene vulgaris,ForestDryRich
178698,Silene vulgaris,ForestDryRich
178699,Silene vulgaris,ForestDryRich
178700,Silene vulgaris,ForestDryRich
178701,Silene vulgaris,ForestDryRich
178702,Silene vulgaris,ForestDryRich
178703,Silene vulgaris,ForestDryRich
178704,Silene vulgaris,ForestDryRich
178705,Silene vulgaris,ForestDryRich
178706,Silene vulgaris,ForestDryRich
178707,Silene vulgaris,ForestDryRich
179278,Silene vulgaris,ForestDryRich
179279,Silene vulgaris,ForestDryRich
179280,Silene vulgaris,ForestDryRich
179281,Silene vulgaris,ForestDryRich
179282,Silene vulgaris,ForestDryRich
179283,Silene vulgaris,ForestDryRich
179284,Silene vulgaris,ForestDryRich
179285,Silene vulgaris,ForestDryRich
179286,Silene vulgaris,ForestDryRich
179287,Silene vulgaris,ForestDryRich
179288,Silene vulgaris,ForestDryRich
179289,Silene vulgaris,ForestDryRich
179290,Silene vulgaris,ForestDryRich
179291,Silene vulgaris,ForestDryRich
179292,Silene vulgaris,ForestDryRich
179293,Silene vulgaris,ForestDryRich
179294,Silene vulgaris,ForestDryRich
179295,Silene vulgaris,ForestDryRich
179296,Silene vulgaris,ForestDryRich
179297,Silene vulgaris,ForestDryRich
179298,Silene vulgaris,ForestDryRich
179299,Silene vulgaris,ForestDryRich
179300,Silene vulgaris,ForestDryRich
179301,Silene vulgaris,ForestDryRich
179302,Silene vulgaris,ForestDryRich
179303,Silene vulgaris,ForestDryRich
179304,Silene vulgaris,ForestDryRich
179305,Silene vulgaris,ForestDryRich
179306,Silene vulgaris,ForestDryRich
179877,Silene vulgaris,ForestDryRich
179878,Silene vulgaris,ForestDryRich
179879,Silene vulgaris,ForestDryRich
179880,Silene vulgaris,ForestDryRich
179881,Silene vulgaris,ForestDryRich
179882,Silene vulgaris,ForestDryRich
179883,Silene vulgaris,ForestDryRich
179884,Silene vulgaris,ForestDryRich
179885,Silene vulgaris,ForestDryRich
179886,Silene vulgaris,ForestDryRich
179887,Silene vulgaris,ForestDryRich
179888,Silene vulgaris,ForestDryRich
179889,Silene vulgaris,ForestDryRich
179890,Silene vulgaris,ForestDryRich
179891,Silene vulgaris,ForestDryRich
179892,Silene vulgaris,ForestDryRich
179893,Silene vulgaris,ForestDryRich
179894,Silene vulgaris,ForestDryRich
179895,Silene vulgaris,ForestDryRich
179896,Silene vulgaris,ForestDryRich
179897,Silene vulgaris,ForestDryRich
179898,Silene vulgaris,ForestDryRich
179899,Silene vulgaris,ForestDryRich
179900,Silene vulgaris,ForestDryRich
179901,Silene vulgaris,ForestDryRich
179902,Silene vulgaris,ForestDryRich
179903,Silene vulgaris,ForestDryRich
179904,Silene vulgaris,ForestDryRich
180476,Silene vulgaris,ForestDryRich
180477,Silene vulgaris,ForestDryRich
180478,Silene vulgaris,ForestDryRich
180479,Silene vulgaris,ForestDryRich
180480,Silene vulgaris,ForestDryRich
180481,Silene vulgaris,ForestDryRich
180482,Silene vulgaris,ForestDryRich
180483,Silene vulgaris,ForestDryRich
180484,Silene vulgaris,ForestDryRich
180485,Silene vulgaris,ForestDryRich
180486,Silene vulgaris,ForestDryRich
180487,Silene vulgaris,ForestDryRich
180488,Silene vulgaris,ForestDryRich
180489,Silene vulgaris,ForestDryRich
180490,Silene vulgaris,ForestDryRich
180491,Silene vulgaris,ForestDryRich
180492,Silene vulgaris,ForestDryRich
180493,Silene vulgaris,ForestDryRich
180494,Silene vulgaris,ForestDryRich
180495,Silene vulgaris,ForestDryRich
180496,Silene vulgaris,ForestDryRich
180497,Silene vulgaris,ForestDryRich
180498,Silene vulgaris,ForestDryRich
180499,Silene vulgaris,ForestDryRich
180500,Silene vulgaris,ForestDryRich
180501,Silene vulgaris,ForestDryRich
180502,Silene vulgaris,ForestDryRich
181075,Silene vulgaris,ForestDryRich
181076,Silene vulgaris,ForestDryRich
181077,Silene vulgaris,ForestDryRich
181078,Silene vulgaris,ForestDryRich
181079,Silene vulgaris,ForestDryRich
181080,Silene vulgaris,ForestDryRich
181081,Silene vulgaris,ForestDryRich
181082,Silene vulgaris,ForestDryRich
181083,Silene vulgaris,ForestDryRich
181084,Silene vulgaris,ForestDryRich
181085,Silene vulgaris,ForestDryRich
181086,Silene vulgaris,ForestDryRich
181087,Silene vulgaris,ForestDryRich
181088,Silene vulgaris,ForestDryRich
181089,Silene vulgaris,ForestDryRich
181090,Silene vulgaris,ForestDryRich
181091,Silene vulgaris,ForestDryRich
181092,Silene vulgaris,ForestDryRich
181093,Silene vulgaris,ForestDryRich
181094,Silene vulgaris,ForestDryRich
181095,Silene vulgaris,ForestDryRich
181096,Silene vulgaris,ForestDryRich
181097,Silene vulgaris,ForestDryRich
181098,Silene vulgaris,ForestDryRich
181099,Silene vulgaris,ForestDryRich
181100,Silene vulgaris,ForestDryRich
181101,Silene vulgaris,ForestDryRich
181674,Silene vulgaris,ForestDryRich
181675,Silene vulgaris,ForestDryRich
181676,Silene vulgaris,ForestDryRich
181677,Silene vulgaris,ForestDryRich
181678,Silene vulgaris,ForestDryRich
181679,Silene vulgaris,ForestDryRich
181680,Silene vulgaris,ForestDryRich
181681,Silene vulgaris,ForestDryRich
181682,Silene vulgaris,ForestDryRich
181683,Silene vulgaris,ForestDryRich
181684,Silene vulgaris,ForestDryRich
181685,Silene vulgaris,ForestDryRich
181686,Silene vulgaris,ForestDryRich
181687,Silene vulgaris,ForestDryRich
181688,Silene vulgaris,ForestDryRich
181689,Silene vulgaris,ForestDryRich
181690,Silene vulgaris,ForestDryRich
181691,Silene vulgaris,ForestDryRich
181692,Silene vulgaris,ForestDryRich
181693,Silene vulgaris,ForestDryRich
181694,Silene vulgaris,ForestDryRich
181695,Silene vulgaris,ForestDryRich
181696,Silene vulgaris,ForestDryRich
181697,Silene vulgaris,ForestDryRich
181698,Silene vulgaris,ForestDryRich
181699,Silene vulgaris,ForestDryRich
182273,Silene vulgaris,ForestDryRich
182274,Silene vulgaris,ForestDryRich
182275,Silene vulgaris,ForestDryRich
182276,Silene vulgaris,ForestDryRich
182277,Silene vulgaris,ForestDryRich
182278,Silene vulgaris,ForestDryRich
182279,Silene vulgaris,ForestDryRich
182280,Silene vulgaris,ForestDryRich
182281,Silene vulgaris,ForestDryRich
182282,Silene vulgaris,ForestDryRich
182283,Silene vulgaris,ForestDryRich
182284,Silene vulgaris,ForestDryRich
182285,Silene vulgaris,ForestDryRich
182286,Silene vulgaris,ForestDryRich
182287,Silene vulgaris,ForestDryRich
182288,Silene vulgaris,ForestDryRich
182289,Silene vulgaris,ForestDryRich
182290,Silene vulgaris,ForestDryRich
182291,Silene vulgaris,ForestDryRich
182292,Silene vulgaris,ForestDryRich
182293,Silene vulgaris,ForestDryRich
182294,Silene vulgaris,ForestDryRich
182295,Silene vulgaris,ForestDryRich
182296,Silene vulgaris,ForestDryRich
182297,Silene vulgaris,ForestDryRich
182872,Silene vulgaris,ForestDryRich
182873,Silene vulgaris,ForestDryRich
182874,Silene vulgaris,ForestDryRich
182875,Silene vulgaris,ForestDryRich
182876,Silene vulgaris,ForestDryRich
182877,Silene vulgaris,ForestDryRich
182878,Silene vulgaris,ForestDryRich
182879,Silene vulgaris,ForestDryRich
182880,Silene vulgaris,ForestDryRich
182881,Silene vulgaris,ForestDryRich
182882,Silene vulgaris,ForestDryRich
182883,Silene vulgaris,ForestDryRich
182884,Silene vulgaris,ForestDryRich
182885,Silene vulgaris,ForestDryRich
182886,Silene vulgaris,ForestDryRich
182887,Silene vulgaris,ForestDryRich
182888,Silene vulgaris,ForestDryRich
182889,Silene vulgaris,ForestDryRich
182890,Silene vulgaris,ForestDryRich
182891,Silene vulgaris,ForestDryRich
182892,Silene vulgaris,ForestDryRich
182893,Silene vulgaris,ForestDryRich
182894,Silene vulgaris,ForestDryRich
182895,Silene vulgaris,ForestDryRich
182896,Silene vulgaris,ForestDryRich
183471,Silene vulgaris,ForestDryRich
183472,Silene vulgaris,ForestDryRich
183473,Silene vulgaris,ForestDryRich
183474,Silene vulgaris,ForestDryRich
183475,Silene vulgaris,ForestDryRich
183476,Silene vulgaris,ForestDryRich
183477,Silene vulgaris,ForestDryRich
183478,Silene vulgaris,ForestDryRich
183479,Silene vulgaris,ForestDryRich
183480,Silene vulgaris,ForestDryRich
183481,Silene vulgaris,ForestDryRich
183482,Silene vulgaris,ForestDryRich
183483,Silene vulgaris,ForestDryRich
183484,Silene vulgaris,ForestDryRich
183485,Silene vulgaris,ForestDryRich
183486,Silene vulgaris,ForestDryRich
183487,Silene vulgaris,ForestDryRich
183488,Silene vulgaris,ForestDryRich
183489,Silene vulgaris,ForestDryRich
183490,Silene vulgaris,ForestDryRich
183491,Silene vulgaris,ForestDryRich
183492,Silene vulgaris,ForestDryRich
183493,Silene vulgaris,ForestDryRich
183494,Silene vulgaris,ForestDryRich
184070,Silene vulgaris,ForestDryRich
184071,Silene vulgaris,ForestDryRich
184072,Silene vulgaris,ForestDryRich
184073,Silene vulgaris,ForestDryRich
184074,Silene vulgaris,ForestDryRich
184075,Silene vulgaris,ForestDryRich
184076,Silene vulgaris,ForestDryRich
184077,Silene vulgaris,ForestDryRich
184078,Silene vulgaris,ForestDryRich
184079,Silene vulgaris,ForestDryRich
184080,Silene vulgaris,ForestDryRich
184081,Silene vulgaris,ForestDryRich
184082,Silene vulgaris,ForestDryRich
184083,Silene vulgaris,ForestDryRich
184084,Silene vulgaris,ForestDryRich
184085,Silene vulgaris,ForestDryRich
184086,Silene vulgaris,ForestDryRich
184087,Silene vulgaris,ForestDryRich
184088,Silene vulgaris,ForestDryRich
184089,Silene vulgaris,ForestDryRich
184090,Silene vulgaris,ForestDryRich
184091,Silene vulgaris,ForestDryRich
184092,Silene vulgaris,ForestDryRich
184669,Silene vulgaris,ForestDryRich
184670,Silene vulgaris,ForestDryRich
184671,Silene vulgaris,ForestDryRich
184672,Silene vulgaris,ForestDryRich
184673,Silene vulgaris,ForestDryRich
184674,Silene vulgaris,ForestDryRich
184675,Silene vulgaris,ForestDryRich
184676,Silene vulgaris,ForestDryRich
184677,Silene vulgaris,ForestDryRich
184678,Silene vulgaris,ForestDryRich
184679,Silene vulgaris,ForestDryRich
184680,Silene vulgaris,ForestDryRich
184681,Silene vulgaris,ForestDryRich
184682,Silene vulgaris,ForestDryRich
184683,Silene vulgaris,ForestDryRich
184684,Silene vulgaris,ForestDryRich
184685,Silene vulgaris,ForestDryRich
184686,Silene vulgaris,ForestDryRich
184687,Silene vulgaris,ForestDryRich
184688,Silene vulgaris,ForestDryRich
184689,Silene vulgaris,ForestDryRich
184690,Silene vulgaris,ForestDryRich
185268,Silene vulgaris,ForestDryRich
185269,Silene vulgaris,ForestDryRich
185270,Silene vulgaris,ForestDryRich
185271,Silene vulgaris,ForestDryRich
185272,Silene vulgaris,ForestDryRich
185273,Silene vulgaris,ForestDryRich
185274,Silene vulgaris,ForestDryRich
185275,Silene vulgaris,ForestDryRich
185276,Silene vulgaris,ForestDryRich
185277,Silene vulgaris,ForestDryRich
185278,Silene vulgaris,ForestDryRich
185279,Silene vulgaris,ForestDryRich
185280,Silene vulgaris,ForestDryRich
185281,Silene vulgaris,ForestDryRich
185282,Silene vulgaris,ForestDryRich
185283,Silene vulgaris,ForestDryRich
185284,Silene vulgaris,ForestDryRich
185285,Silene vulgaris,ForestDryRich
185286,Silene vulgaris,ForestDryRich
185287,Silene vulgaris,ForestDryRich
185288,Silene vulgaris,ForestDryRich
185867,Silene vulgaris,ForestDryRich
185868,Silene vulgaris,ForestDryRich
185869,Silene vulgaris,ForestDryRich
185870,Silene vulgaris,ForestDryRich
185871,Silene vulgaris,ForestDryRich
185872,Silene vulgaris,ForestDryRich
185873,Silene vulgaris,ForestDryRich
185874,Silene vulgaris,ForestDryRich
185875,Silene vulgaris,ForestDryRich
185876,Silene vulgaris,ForestDryRich
185877,Silene vulgaris,ForestDryRich
185878,Silene vulgaris,ForestDryRich
185879,Silene vulgaris,ForestDryRich
185880,Silene vulgaris,ForestDryRich
185881,Silene vulgaris,ForestDryRich
185882,Silene vulgaris,ForestDryRich
185883,Silene vulgaris,ForestDryRich
185884,Silene vulgaris,ForestDryRich
185885,Silene vulgaris,ForestDryRich
185886,Silene vulgaris,ForestDryRich
186466,Silene vulgaris,ForestDryRich
186467,Silene vulgaris,ForestDryRich
186468,Silene vulgaris,ForestDryRich
186469,Silene vulgaris,ForestDryRich
186470,Silene vulgaris,ForestDryRich
186471,Silene vulgaris,ForestDryRich
186472,Silene vulgaris,ForestDryRich
186473,Silene vulgaris,ForestDryRich
186474,Silene vulgaris,ForestDryRich
186475,Silene vulgaris,ForestDryRich
186476,Silene vulgaris,ForestDryRich
186477,Silene vulgaris,ForestDryRich
186478,Silene vulgaris,ForestDryRich
186479,Silene vulgaris,ForestDryRich
186480,Silene vulgaris,ForestDryRich
186481,Silene vulgaris,ForestDryRich
186482,Silene vulgaris,ForestDryRich
186483,Silene vulgaris,ForestDryRich
186484,Silene vulgaris,ForestDryRich
187065,Silene vulgaris,ForestDryRich
187066,Silene vulgaris,ForestDryRich
187067,Silene vulgaris,ForestDryRich
187068,Silene vulgaris,ForestDryRich
187069,Silene vulgaris,ForestDryRich
187070,Silene vulgaris,ForestDryRich
187071,Silene vulgaris,ForestDryRich
187072,Silene vulgaris,ForestDryRich
187073,Silene vulgaris,ForestDryRich
187074,Silene vulgaris,ForestDryRich
187075,Silene vulgaris,ForestDryRich
187076,Silene vulgaris,ForestDryRich
187077,Silene vulgaris,ForestDryRich
187078,Silene vulgaris,ForestDryRich
187079,Silene vulgaris,ForestDryRich
187080,Silene vulgaris,ForestDryRich
187081,Silene vulgaris,ForestDryRich
187082,Silene vulgaris,ForestDryRich
187664,Silene vulgaris,ForestDryRich
187665,Silene vulgaris,ForestDryRich
187666,Silene vulgaris,ForestDryRich
187667,Silene vulgaris,ForestDryRich
187668,Silene vulgaris,ForestDryRich
187669,Silene vulgaris,ForestDryRich
187670,Silene vulgaris,ForestDryRich
187671,Silene vulgaris,ForestDryRich
187672,Silene vulgaris,ForestDryRich
187673,Silene vulgaris,ForestDryRich
187674,Silene vulgaris,ForestDryRich
187675,Silene vulgaris,ForestDryRich
187676,Silene vulgaris,ForestDryRich
187677,Silene vulgaris,ForestDryRich
187678,Silene vulgaris,ForestDryRich
187679,Silene vulgaris,ForestDryRich
187680,Silene vulgaris,ForestDryRich
188263,Silene vulgaris,ForestDryRich
188264,Silene vulgaris,ForestDryRich
188265,Silene vulgaris,ForestDryRich
188266,Silene vulgaris,ForestDryRich
188267,Silene vulgaris,ForestDryRich
188268,Silene vulgaris,ForestDryRich
188269,Silene vulgaris,ForestDryRich
188270,Silene vulgaris,ForestDryRich
188271,Silene vulgaris,ForestDryRich
188272,Silene vulgaris,ForestDryRich
188273,Silene vulgaris,ForestDryRich
188274,Silene vulgaris,ForestDryRich
188275,Silene vulgaris,ForestDryRich
188276,Silene vulgaris,ForestDryRich
188277,Silene vulgaris,ForestDryRich
188278,Silene vulgaris,ForestDryRich
188862,Silene vulgaris,ForestDryRich
188863,Silene vulgaris,ForestDryRich
188864,Silene vulgaris,ForestDryRich
188865,Silene vulgaris,ForestDryRich
188866,Silene vulgaris,ForestDryRich
188867,Silene vulgaris,ForestDryRich
188868,Silene vulgaris,ForestDryRich
188869,Silene vulgaris,ForestDryRich
188870,Silene vulgaris,ForestDryRich
188871,Silene vulgaris,ForestDryRich
188872,Silene vulgaris,ForestDryRich
188873,Silene vulgaris,ForestDryRich
188874,Silene vulgaris,ForestDryRich
188875,Silene vulgaris,ForestDryRich
189461,Silene vulgaris,ForestDryRich
189462,Silene vulgaris,ForestDryRich
189463,Silene vulgaris,ForestDryRich
189464,Silene vulgaris,ForestDryRich
189465,Silene vulgaris,ForestDryRich
189466,Silene vulgaris,ForestDryRich
189467,Silene vulgaris,ForestDryRich
189468,Silene vulgaris,ForestDryRich
189469,Silene vulgaris,ForestDryRich
189470,Silene vulgaris,ForestDryRich
189471,Silene vulgaris,ForestDryRich
189472,Silene vulgaris,ForestDryRich
189473,Silene vulgaris,ForestDryRich
190060,Silene vulgaris,ForestDryRich
190061,Silene vulgaris,ForestDryRich
190062,Silene vulgaris,ForestDryRich
190063,Silene vulgaris,ForestDryRich
190064,Silene vulgaris,ForestDryRich
190065,Silene vulgaris,ForestDryRich
190066,Silene vulgaris,ForestDryRich
190067,Silene vulgaris,ForestDryRich
190068,Silene vulgaris,ForestDryRich
190069,Silene vulgaris,ForestDryRich
190070,Silene vulgaris,ForestDryRich
190659,Silene vulgaris,ForestDryRich
190660,Silene vulgaris,ForestDryRich
190661,Silene vulgaris,ForestDryRich
190662,Silene vulgaris,ForestDryRich
190663,Silene vulgaris,ForestDryRich
190664,Silene vulgaris,ForestDryRich
190665,Silene vulgaris,ForestDryRich
190666,Silene vulgaris,ForestDryRich
190667,Silene vulgaris,ForestDryRich
190668,Silene vulgaris,ForestDryRich
191258,Silene vulgaris,ForestDryRich
191259,Silene vulgaris,ForestDryRich
191260,Silene vulgaris,ForestDryRich
191261,Silene vulgaris,ForestDryRich
191262,Silene vulgaris,ForestDryRich
191263,Silene vulgaris,ForestDryRich
191264,Silene vulgaris,ForestDryRich
191265,Silene vulgaris,ForestDryRich
191857,Silene vulgaris,ForestDryRich
191858,Silene vulgaris,ForestDryRich
191859,Silene vulgaris,ForestDryRich
191860,Silene vulgaris,ForestDryRich
191861,Silene vulgaris,ForestDryRich
191862,Silene vulgaris,ForestDryRich
192456,Silene vulgaris,ForestDryRich
192457,Silene vulgaris,ForestDryRich
192458,Silene vulgaris,ForestDryRich
193055,Silene vulgaris,ForestDryRich
