86613,Eupatorium cannabinum,OpenWetPoor
86614,Eupatorium cannabinum,OpenWetPoor
86615,Eupatorium cannabinum,OpenWetPoor
86616,Eupatorium cannabinum,OpenWetPoor
86617,Eupatorium cannabinum,OpenWetPoor
86618,Eupatorium cannabinum,OpenWetPoor
86619,Eupatorium cannabinum,OpenWetPoor
86620,Eupatorium cannabinum,OpenWetPoor
86621,Eupatorium cannabinum,OpenWetPoor
86622,Eupatorium cannabinum,OpenWetPoor
86623,Eupatorium cannabinum,OpenWetPoor
86624,Eupatorium cannabinum,OpenWetPoor
86625,Eupatorium cannabinum,OpenWetPoor
86626,Eupatorium cannabinum,OpenWetPoor
86627,Eupatorium cannabinum,OpenWetPoor
86628,Eupatorium cannabinum,OpenWetPoor
86629,Eupatorium cannabinum,OpenWetPoor
86630,Eupatorium cannabinum,OpenWetPoor
86631,Eupatorium cannabinum,OpenWetPoor
86632,Eupatorium cannabinum,OpenWetPoor
87212,Eupatorium cannabinum,OpenWetPoor
87213,Eupatorium cannabinum,OpenWetPoor
87214,Eupatorium cannabinum,OpenWetPoor
87215,Eupatorium cannabinum,OpenWetPoor
87216,Eupatorium cannabinum,OpenWetPoor
87217,Eupatorium cannabinum,OpenWetPoor
87218,Eupatorium cannabinum,OpenWetPoor
87219,Eupatorium cannabinum,OpenWetPoor
87220,Eupatorium cannabinum,OpenWetPoor
87221,Eupatorium cannabinum,OpenWetPoor
87222,Eupatorium cannabinum,OpenWetPoor
87223,Eupatorium cannabinum,OpenWetPoor
87224,Eupatorium cannabinum,OpenWetPoor
87225,Eupatorium cannabinum,OpenWetPoor
87226,Eupatorium cannabinum,OpenWetPoor
87227,Eupatorium cannabinum,OpenWetPoor
87228,Eupatorium cannabinum,OpenWetPoor
87229,Eupatorium cannabinum,OpenWetPoor
87230,Eupatorium cannabinum,OpenWetPoor
87231,Eupatorium cannabinum,OpenWetPoor
87811,Eupatorium cannabinum,OpenWetPoor
87812,Eupatorium cannabinum,OpenWetPoor
87813,Eupatorium cannabinum,OpenWetPoor
87814,Eupatorium cannabinum,OpenWetPoor
87815,Eupatorium cannabinum,OpenWetPoor
87816,Eupatorium cannabinum,OpenWetPoor
87817,Eupatorium cannabinum,OpenWetPoor
87818,Eupatorium cannabinum,OpenWetPoor
87819,Eupatorium cannabinum,OpenWetPoor
87820,Eupatorium cannabinum,OpenWetPoor
87821,Eupatorium cannabinum,OpenWetPoor
87822,Eupatorium cannabinum,OpenWetPoor
87823,Eupatorium cannabinum,OpenWetPoor
87824,Eupatorium cannabinum,OpenWetPoor
87825,Eupatorium cannabinum,OpenWetPoor
87826,Eupatorium cannabinum,OpenWetPoor
87827,Eupatorium cannabinum,OpenWetPoor
87828,Eupatorium cannabinum,OpenWetPoor
87829,Eupatorium cannabinum,OpenWetPoor
87830,Eupatorium cannabinum,OpenWetPoor
88410,Eupatorium cannabinum,OpenWetPoor
88411,Eupatorium cannabinum,OpenWetPoor
88412,Eupatorium cannabinum,OpenWetPoor
88413,Eupatorium cannabinum,OpenWetPoor
88414,Eupatorium cannabinum,OpenWetPoor
88415,Eupatorium cannabinum,OpenWetPoor
88416,Eupatorium cannabinum,OpenWetPoor
88417,Eupatorium cannabinum,OpenWetPoor
88418,Eupatorium cannabinum,OpenWetPoor
88419,Eupatorium cannabinum,OpenWetPoor
88420,Eupatorium cannabinum,OpenWetPoor
88421,Eupatorium cannabinum,OpenWetPoor
88422,Eupatorium cannabinum,OpenWetPoor
88423,Eupatorium cannabinum,OpenWetPoor
88424,Eupatorium cannabinum,OpenWetPoor
88425,Eupatorium cannabinum,OpenWetPoor
88426,Eupatorium cannabinum,OpenWetPoor
88427,Eupatorium cannabinum,OpenWetPoor
88428,Eupatorium cannabinum,OpenWetPoor
88429,Eupatorium cannabinum,OpenWetPoor
89009,Eupatorium cannabinum,OpenWetPoor
89010,Eupatorium cannabinum,OpenWetPoor
89011,Eupatorium cannabinum,OpenWetPoor
89012,Eupatorium cannabinum,OpenWetPoor
89013,Eupatorium cannabinum,OpenWetPoor
89014,Eupatorium cannabinum,OpenWetPoor
89015,Eupatorium cannabinum,OpenWetPoor
89016,Eupatorium cannabinum,OpenWetPoor
89017,Eupatorium cannabinum,OpenWetPoor
89018,Eupatorium cannabinum,OpenWetPoor
89019,Eupatorium cannabinum,OpenWetPoor
89020,Eupatorium cannabinum,OpenWetPoor
89021,Eupatorium cannabinum,OpenWetPoor
89022,Eupatorium cannabinum,OpenWetPoor
89023,Eupatorium cannabinum,OpenWetPoor
89024,Eupatorium cannabinum,OpenWetPoor
89025,Eupatorium cannabinum,OpenWetPoor
89026,Eupatorium cannabinum,OpenWetPoor
89027,Eupatorium cannabinum,OpenWetPoor
89028,Eupatorium cannabinum,OpenWetPoor
89608,Eupatorium cannabinum,OpenWetPoor
89609,Eupatorium cannabinum,OpenWetPoor
89610,Eupatorium cannabinum,OpenWetPoor
89611,Eupatorium cannabinum,OpenWetPoor
89612,Eupatorium cannabinum,OpenWetPoor
89613,Eupatorium cannabinum,OpenWetPoor
89614,Eupatorium cannabinum,OpenWetPoor
89615,Eupatorium cannabinum,OpenWetPoor
89616,Eupatorium cannabinum,OpenWetPoor
89617,Eupatorium cannabinum,OpenWetPoor
89618,Eupatorium cannabinum,OpenWetPoor
89619,Eupatorium cannabinum,OpenWetPoor
89620,Eupatorium cannabinum,OpenWetPoor
89621,Eupatorium cannabinum,OpenWetPoor
89622,Eupatorium cannabinum,OpenWetPoor
89623,Eupatorium cannabinum,OpenWetPoor
89624,Eupatorium cannabinum,OpenWetPoor
89625,Eupatorium cannabinum,OpenWetPoor
89626,Eupatorium cannabinum,OpenWetPoor
89627,Eupatorium cannabinum,OpenWetPoor
90207,Eupatorium cannabinum,OpenWetPoor
90208,Eupatorium cannabinum,OpenWetPoor
90209,Eupatorium cannabinum,OpenWetPoor
90210,Eupatorium cannabinum,OpenWetPoor
90211,Eupatorium cannabinum,OpenWetPoor
90212,Eupatorium cannabinum,OpenWetPoor
90213,Eupatorium cannabinum,OpenWetPoor
90214,Eupatorium cannabinum,OpenWetPoor
90215,Eupatorium cannabinum,OpenWetPoor
90216,Eupatorium cannabinum,OpenWetPoor
90217,Eupatorium cannabinum,OpenWetPoor
90218,Eupatorium cannabinum,OpenWetPoor
90219,Eupatorium cannabinum,OpenWetPoor
90220,Eupatorium cannabinum,OpenWetPoor
90221,Eupatorium cannabinum,OpenWetPoor
90222,Eupatorium cannabinum,OpenWetPoor
90223,Eupatorium cannabinum,OpenWetPoor
90224,Eupatorium cannabinum,OpenWetPoor
90225,Eupatorium cannabinum,OpenWetPoor
90226,Eupatorium cannabinum,OpenWetPoor
90806,Eupatorium cannabinum,OpenWetPoor
90807,Eupatorium cannabinum,OpenWetPoor
90808,Eupatorium cannabinum,OpenWetPoor
90809,Eupatorium cannabinum,OpenWetPoor
90810,Eupatorium cannabinum,OpenWetPoor
90811,Eupatorium cannabinum,OpenWetPoor
90812,Eupatorium cannabinum,OpenWetPoor
90813,Eupatorium cannabinum,OpenWetPoor
90814,Eupatorium cannabinum,OpenWetPoor
90815,Eupatorium cannabinum,OpenWetPoor
90816,Eupatorium cannabinum,OpenWetPoor
90817,Eupatorium cannabinum,OpenWetPoor
90818,Eupatorium cannabinum,OpenWetPoor
90819,Eupatorium cannabinum,OpenWetPoor
90820,Eupatorium cannabinum,OpenWetPoor
90821,Eupatorium cannabinum,OpenWetPoor
90822,Eupatorium cannabinum,OpenWetPoor
90823,Eupatorium cannabinum,OpenWetPoor
90824,Eupatorium cannabinum,OpenWetPoor
90825,Eupatorium cannabinum,OpenWetPoor
91405,Eupatorium cannabinum,OpenWetPoor
91406,Eupatorium cannabinum,OpenWetPoor
91407,Eupatorium cannabinum,OpenWetPoor
91408,Eupatorium cannabinum,OpenWetPoor
91409,Eupatorium cannabinum,OpenWetPoor
91410,Eupatorium cannabinum,OpenWetPoor
91411,Eupatorium cannabinum,OpenWetPoor
91412,Eupatorium cannabinum,OpenWetPoor
91413,Eupatorium cannabinum,OpenWetPoor
91414,Eupatorium cannabinum,OpenWetPoor
91415,Eupatorium cannabinum,OpenWetPoor
91416,Eupatorium cannabinum,OpenWetPoor
91417,Eupatorium cannabinum,OpenWetPoor
91418,Eupatorium cannabinum,OpenWetPoor
91419,Eupatorium cannabinum,OpenWetPoor
91420,Eupatorium cannabinum,OpenWetPoor
91421,Eupatorium cannabinum,OpenWetPoor
91422,Eupatorium cannabinum,OpenWetPoor
91423,Eupatorium cannabinum,OpenWetPoor
91424,Eupatorium cannabinum,OpenWetPoor
92004,Eupatorium cannabinum,OpenWetPoor
92005,Eupatorium cannabinum,OpenWetPoor
92006,Eupatorium cannabinum,OpenWetPoor
92007,Eupatorium cannabinum,OpenWetPoor
92008,Eupatorium cannabinum,OpenWetPoor
92009,Eupatorium cannabinum,OpenWetPoor
92010,Eupatorium cannabinum,OpenWetPoor
92011,Eupatorium cannabinum,OpenWetPoor
92012,Eupatorium cannabinum,OpenWetPoor
92013,Eupatorium cannabinum,OpenWetPoor
92014,Eupatorium cannabinum,OpenWetPoor
92015,Eupatorium cannabinum,OpenWetPoor
92016,Eupatorium cannabinum,OpenWetPoor
92017,Eupatorium cannabinum,OpenWetPoor
92018,Eupatorium cannabinum,OpenWetPoor
92019,Eupatorium cannabinum,OpenWetPoor
92020,Eupatorium cannabinum,OpenWetPoor
92021,Eupatorium cannabinum,OpenWetPoor
92022,Eupatorium cannabinum,OpenWetPoor
92023,Eupatorium cannabinum,OpenWetPoor
92603,Eupatorium cannabinum,OpenWetPoor
92604,Eupatorium cannabinum,OpenWetPoor
92605,Eupatorium cannabinum,OpenWetPoor
92606,Eupatorium cannabinum,OpenWetPoor
92607,Eupatorium cannabinum,OpenWetPoor
92608,Eupatorium cannabinum,OpenWetPoor
92609,Eupatorium cannabinum,OpenWetPoor
92610,Eupatorium cannabinum,OpenWetPoor
92611,Eupatorium cannabinum,OpenWetPoor
92612,Eupatorium cannabinum,OpenWetPoor
92613,Eupatorium cannabinum,OpenWetPoor
92614,Eupatorium cannabinum,OpenWetPoor
92615,Eupatorium cannabinum,OpenWetPoor
92616,Eupatorium cannabinum,OpenWetPoor
92617,Eupatorium cannabinum,OpenWetPoor
92618,Eupatorium cannabinum,OpenWetPoor
92619,Eupatorium cannabinum,OpenWetPoor
92620,Eupatorium cannabinum,OpenWetPoor
92621,Eupatorium cannabinum,OpenWetPoor
92622,Eupatorium cannabinum,OpenWetPoor
93202,Eupatorium cannabinum,OpenWetPoor
93203,Eupatorium cannabinum,OpenWetPoor
93204,Eupatorium cannabinum,OpenWetPoor
93205,Eupatorium cannabinum,OpenWetPoor
93206,Eupatorium cannabinum,OpenWetPoor
93207,Eupatorium cannabinum,OpenWetPoor
93208,Eupatorium cannabinum,OpenWetPoor
93209,Eupatorium cannabinum,OpenWetPoor
93210,Eupatorium cannabinum,OpenWetPoor
93211,Eupatorium cannabinum,OpenWetPoor
93212,Eupatorium cannabinum,OpenWetPoor
93213,Eupatorium cannabinum,OpenWetPoor
93214,Eupatorium cannabinum,OpenWetPoor
93215,Eupatorium cannabinum,OpenWetPoor
93216,Eupatorium cannabinum,OpenWetPoor
93217,Eupatorium cannabinum,OpenWetPoor
93218,Eupatorium cannabinum,OpenWetPoor
93219,Eupatorium cannabinum,OpenWetPoor
93220,Eupatorium cannabinum,OpenWetPoor
93221,Eupatorium cannabinum,OpenWetPoor
93801,Eupatorium cannabinum,OpenWetPoor
93802,Eupatorium cannabinum,OpenWetPoor
93803,Eupatorium cannabinum,OpenWetPoor
93804,Eupatorium cannabinum,OpenWetPoor
93805,Eupatorium cannabinum,OpenWetPoor
93806,Eupatorium cannabinum,OpenWetPoor
93807,Eupatorium cannabinum,OpenWetPoor
93808,Eupatorium cannabinum,OpenWetPoor
93809,Eupatorium cannabinum,OpenWetPoor
93810,Eupatorium cannabinum,OpenWetPoor
93811,Eupatorium cannabinum,OpenWetPoor
93812,Eupatorium cannabinum,OpenWetPoor
93813,Eupatorium cannabinum,OpenWetPoor
93814,Eupatorium cannabinum,OpenWetPoor
93815,Eupatorium cannabinum,OpenWetPoor
93816,Eupatorium cannabinum,OpenWetPoor
93817,Eupatorium cannabinum,OpenWetPoor
93818,Eupatorium cannabinum,OpenWetPoor
93819,Eupatorium cannabinum,OpenWetPoor
93820,Eupatorium cannabinum,OpenWetPoor
94400,Eupatorium cannabinum,OpenWetPoor
94401,Eupatorium cannabinum,OpenWetPoor
94402,Eupatorium cannabinum,OpenWetPoor
94403,Eupatorium cannabinum,OpenWetPoor
94404,Eupatorium cannabinum,OpenWetPoor
94405,Eupatorium cannabinum,OpenWetPoor
94406,Eupatorium cannabinum,OpenWetPoor
94407,Eupatorium cannabinum,OpenWetPoor
94408,Eupatorium cannabinum,OpenWetPoor
94409,Eupatorium cannabinum,OpenWetPoor
94410,Eupatorium cannabinum,OpenWetPoor
94411,Eupatorium cannabinum,OpenWetPoor
94412,Eupatorium cannabinum,OpenWetPoor
94413,Eupatorium cannabinum,OpenWetPoor
94414,Eupatorium cannabinum,OpenWetPoor
94415,Eupatorium cannabinum,OpenWetPoor
94416,Eupatorium cannabinum,OpenWetPoor
94417,Eupatorium cannabinum,OpenWetPoor
94418,Eupatorium cannabinum,OpenWetPoor
94419,Eupatorium cannabinum,OpenWetPoor
94999,Eupatorium cannabinum,OpenWetPoor
95000,Eupatorium cannabinum,OpenWetPoor
95001,Eupatorium cannabinum,OpenWetPoor
95002,Eupatorium cannabinum,OpenWetPoor
95003,Eupatorium cannabinum,OpenWetPoor
95004,Eupatorium cannabinum,OpenWetPoor
95005,Eupatorium cannabinum,OpenWetPoor
95006,Eupatorium cannabinum,OpenWetPoor
95007,Eupatorium cannabinum,OpenWetPoor
95008,Eupatorium cannabinum,OpenWetPoor
95009,Eupatorium cannabinum,OpenWetPoor
95010,Eupatorium cannabinum,OpenWetPoor
95011,Eupatorium cannabinum,OpenWetPoor
95012,Eupatorium cannabinum,OpenWetPoor
95013,Eupatorium cannabinum,OpenWetPoor
95014,Eupatorium cannabinum,OpenWetPoor
95015,Eupatorium cannabinum,OpenWetPoor
95016,Eupatorium cannabinum,OpenWetPoor
95017,Eupatorium cannabinum,OpenWetPoor
95018,Eupatorium cannabinum,OpenWetPoor
95598,Eupatorium cannabinum,OpenWetPoor
95599,Eupatorium cannabinum,OpenWetPoor
95600,Eupatorium cannabinum,OpenWetPoor
95601,Eupatorium cannabinum,OpenWetPoor
95602,Eupatorium cannabinum,OpenWetPoor
95603,Eupatorium cannabinum,OpenWetPoor
95604,Eupatorium cannabinum,OpenWetPoor
95605,Eupatorium cannabinum,OpenWetPoor
95606,Eupatorium cannabinum,OpenWetPoor
95607,Eupatorium cannabinum,OpenWetPoor
95608,Eupatorium cannabinum,OpenWetPoor
95609,Eupatorium cannabinum,OpenWetPoor
95610,Eupatorium cannabinum,OpenWetPoor
95611,Eupatorium cannabinum,OpenWetPoor
95612,Eupatorium cannabinum,OpenWetPoor
95613,Eupatorium cannabinum,OpenWetPoor
95614,Eupatorium cannabinum,OpenWetPoor
95615,Eupatorium cannabinum,OpenWetPoor
95616,Eupatorium cannabinum,OpenWetPoor
95617,Eupatorium cannabinum,OpenWetPoor
96198,Eupatorium cannabinum,OpenWetPoor
96199,Eupatorium cannabinum,OpenWetPoor
96200,Eupatorium cannabinum,OpenWetPoor
96201,Eupatorium cannabinum,OpenWetPoor
96202,Eupatorium cannabinum,OpenWetPoor
96203,Eupatorium cannabinum,OpenWetPoor
96204,Eupatorium cannabinum,OpenWetPoor
96205,Eupatorium cannabinum,OpenWetPoor
96206,Eupatorium cannabinum,OpenWetPoor
96207,Eupatorium cannabinum,OpenWetPoor
96208,Eupatorium cannabinum,OpenWetPoor
96209,Eupatorium cannabinum,OpenWetPoor
96210,Eupatorium cannabinum,OpenWetPoor
96211,Eupatorium cannabinum,OpenWetPoor
96212,Eupatorium cannabinum,OpenWetPoor
96213,Eupatorium cannabinum,OpenWetPoor
96214,Eupatorium cannabinum,OpenWetPoor
96215,Eupatorium cannabinum,OpenWetPoor
96216,Eupatorium cannabinum,OpenWetPoor
96797,Eupatorium cannabinum,OpenWetPoor
96798,Eupatorium cannabinum,OpenWetPoor
96799,Eupatorium cannabinum,OpenWetPoor
96800,Eupatorium cannabinum,OpenWetPoor
96801,Eupatorium cannabinum,OpenWetPoor
96802,Eupatorium cannabinum,OpenWetPoor
96803,Eupatorium cannabinum,OpenWetPoor
96804,Eupatorium cannabinum,OpenWetPoor
96805,Eupatorium cannabinum,OpenWetPoor
96806,Eupatorium cannabinum,OpenWetPoor
96807,Eupatorium cannabinum,OpenWetPoor
96808,Eupatorium cannabinum,OpenWetPoor
96809,Eupatorium cannabinum,OpenWetPoor
96810,Eupatorium cannabinum,OpenWetPoor
96811,Eupatorium cannabinum,OpenWetPoor
96812,Eupatorium cannabinum,OpenWetPoor
96813,Eupatorium cannabinum,OpenWetPoor
96814,Eupatorium cannabinum,OpenWetPoor
96815,Eupatorium cannabinum,OpenWetPoor
97396,Eupatorium cannabinum,OpenWetPoor
97397,Eupatorium cannabinum,OpenWetPoor
97398,Eupatorium cannabinum,OpenWetPoor
97399,Eupatorium cannabinum,OpenWetPoor
97400,Eupatorium cannabinum,OpenWetPoor
97401,Eupatorium cannabinum,OpenWetPoor
97402,Eupatorium cannabinum,OpenWetPoor
97403,Eupatorium cannabinum,OpenWetPoor
97404,Eupatorium cannabinum,OpenWetPoor
97405,Eupatorium cannabinum,OpenWetPoor
97406,Eupatorium cannabinum,OpenWetPoor
97407,Eupatorium cannabinum,OpenWetPoor
97408,Eupatorium cannabinum,OpenWetPoor
97409,Eupatorium cannabinum,OpenWetPoor
97410,Eupatorium cannabinum,OpenWetPoor
97411,Eupatorium cannabinum,OpenWetPoor
97412,Eupatorium cannabinum,OpenWetPoor
97413,Eupatorium cannabinum,OpenWetPoor
97414,Eupatorium cannabinum,OpenWetPoor
97995,Eupatorium cannabinum,OpenWetPoor
97996,Eupatorium cannabinum,OpenWetPoor
97997,Eupatorium cannabinum,OpenWetPoor
97998,Eupatorium cannabinum,OpenWetPoor
97999,Eupatorium cannabinum,OpenWetPoor
98000,Eupatorium cannabinum,OpenWetPoor
98001,Eupatorium cannabinum,OpenWetPoor
98002,Eupatorium cannabinum,OpenWetPoor
98003,Eupatorium cannabinum,OpenWetPoor
98004,Eupatorium cannabinum,OpenWetPoor
98005,Eupatorium cannabinum,OpenWetPoor
98006,Eupatorium cannabinum,OpenWetPoor
98007,Eupatorium cannabinum,OpenWetPoor
98008,Eupatorium cannabinum,OpenWetPoor
98009,Eupatorium cannabinum,OpenWetPoor
98010,Eupatorium cannabinum,OpenWetPoor
98011,Eupatorium cannabinum,OpenWetPoor
98012,Eupatorium cannabinum,OpenWetPoor
98013,Eupatorium cannabinum,OpenWetPoor
86601,Eupatorium cannabinum,OpenWetPoor
86602,Eupatorium cannabinum,OpenWetPoor
86603,Eupatorium cannabinum,OpenWetPoor
86604,Eupatorium cannabinum,OpenWetPoor
86605,Eupatorium cannabinum,OpenWetPoor
86606,Eupatorium cannabinum,OpenWetPoor
86607,Eupatorium cannabinum,OpenWetPoor
86608,Eupatorium cannabinum,OpenWetPoor
86609,Eupatorium cannabinum,OpenWetPoor
86610,Eupatorium cannabinum,OpenWetPoor
86611,Eupatorium cannabinum,OpenWetPoor
86612,Eupatorium cannabinum,OpenWetPoor
86613,Eupatorium cannabinum,OpenWetPoor
86614,Eupatorium cannabinum,OpenWetPoor
86615,Eupatorium cannabinum,OpenWetPoor
86616,Eupatorium cannabinum,OpenWetPoor
86617,Eupatorium cannabinum,OpenWetPoor
86618,Eupatorium cannabinum,OpenWetPoor
86619,Eupatorium cannabinum,OpenWetPoor
86620,Eupatorium cannabinum,OpenWetPoor
86621,Eupatorium cannabinum,OpenWetPoor
86622,Eupatorium cannabinum,OpenWetPoor
86623,Eupatorium cannabinum,OpenWetPoor
86624,Eupatorium cannabinum,OpenWetPoor
86625,Eupatorium cannabinum,OpenWetPoor
86626,Eupatorium cannabinum,OpenWetPoor
86627,Eupatorium cannabinum,OpenWetPoor
86628,Eupatorium cannabinum,OpenWetPoor
86629,Eupatorium cannabinum,OpenWetPoor
86630,Eupatorium cannabinum,OpenWetPoor
86631,Eupatorium cannabinum,OpenWetPoor
86632,Eupatorium cannabinum,OpenWetPoor
87200,Eupatorium cannabinum,OpenWetPoor
87201,Eupatorium cannabinum,OpenWetPoor
87202,Eupatorium cannabinum,OpenWetPoor
87203,Eupatorium cannabinum,OpenWetPoor
87204,Eupatorium cannabinum,OpenWetPoor
87205,Eupatorium cannabinum,OpenWetPoor
87206,Eupatorium cannabinum,OpenWetPoor
87207,Eupatorium cannabinum,OpenWetPoor
87208,Eupatorium cannabinum,OpenWetPoor
87209,Eupatorium cannabinum,OpenWetPoor
87210,Eupatorium cannabinum,OpenWetPoor
87211,Eupatorium cannabinum,OpenWetPoor
87212,Eupatorium cannabinum,OpenWetPoor
87213,Eupatorium cannabinum,OpenWetPoor
87214,Eupatorium cannabinum,OpenWetPoor
87215,Eupatorium cannabinum,OpenWetPoor
87216,Eupatorium cannabinum,OpenWetPoor
87217,Eupatorium cannabinum,OpenWetPoor
87218,Eupatorium cannabinum,OpenWetPoor
87219,Eupatorium cannabinum,OpenWetPoor
87220,Eupatorium cannabinum,OpenWetPoor
87221,Eupatorium cannabinum,OpenWetPoor
87222,Eupatorium cannabinum,OpenWetPoor
87223,Eupatorium cannabinum,OpenWetPoor
87224,Eupatorium cannabinum,OpenWetPoor
87225,Eupatorium cannabinum,OpenWetPoor
87226,Eupatorium cannabinum,OpenWetPoor
87227,Eupatorium cannabinum,OpenWetPoor
87228,Eupatorium cannabinum,OpenWetPoor
87229,Eupatorium cannabinum,OpenWetPoor
87230,Eupatorium cannabinum,OpenWetPoor
87231,Eupatorium cannabinum,OpenWetPoor
87799,Eupatorium cannabinum,OpenWetPoor
87800,Eupatorium cannabinum,OpenWetPoor
87801,Eupatorium cannabinum,OpenWetPoor
87802,Eupatorium cannabinum,OpenWetPoor
87803,Eupatorium cannabinum,OpenWetPoor
87804,Eupatorium cannabinum,OpenWetPoor
87805,Eupatorium cannabinum,OpenWetPoor
87806,Eupatorium cannabinum,OpenWetPoor
87807,Eupatorium cannabinum,OpenWetPoor
87808,Eupatorium cannabinum,OpenWetPoor
87809,Eupatorium cannabinum,OpenWetPoor
87810,Eupatorium cannabinum,OpenWetPoor
87811,Eupatorium cannabinum,OpenWetPoor
87812,Eupatorium cannabinum,OpenWetPoor
87813,Eupatorium cannabinum,OpenWetPoor
87814,Eupatorium cannabinum,OpenWetPoor
87815,Eupatorium cannabinum,OpenWetPoor
87816,Eupatorium cannabinum,OpenWetPoor
87817,Eupatorium cannabinum,OpenWetPoor
87818,Eupatorium cannabinum,OpenWetPoor
87819,Eupatorium cannabinum,OpenWetPoor
87820,Eupatorium cannabinum,OpenWetPoor
87821,Eupatorium cannabinum,OpenWetPoor
87822,Eupatorium cannabinum,OpenWetPoor
87823,Eupatorium cannabinum,OpenWetPoor
87824,Eupatorium cannabinum,OpenWetPoor
87825,Eupatorium cannabinum,OpenWetPoor
87826,Eupatorium cannabinum,OpenWetPoor
87827,Eupatorium cannabinum,OpenWetPoor
87828,Eupatorium cannabinum,OpenWetPoor
87829,Eupatorium cannabinum,OpenWetPoor
87830,Eupatorium cannabinum,OpenWetPoor
88398,Eupatorium cannabinum,OpenWetPoor
88399,Eupatorium cannabinum,OpenWetPoor
88400,Eupatorium cannabinum,OpenWetPoor
88401,Eupatorium cannabinum,OpenWetPoor
88402,Eupatorium cannabinum,OpenWetPoor
88403,Eupatorium cannabinum,OpenWetPoor
88404,Eupatorium cannabinum,OpenWetPoor
88405,Eupatorium cannabinum,OpenWetPoor
88406,Eupatorium cannabinum,OpenWetPoor
88407,Eupatorium cannabinum,OpenWetPoor
88408,Eupatorium cannabinum,OpenWetPoor
88409,Eupatorium cannabinum,OpenWetPoor
88410,Eupatorium cannabinum,OpenWetPoor
88411,Eupatorium cannabinum,OpenWetPoor
88412,Eupatorium cannabinum,OpenWetPoor
88413,Eupatorium cannabinum,OpenWetPoor
88414,Eupatorium cannabinum,OpenWetPoor
88415,Eupatorium cannabinum,OpenWetPoor
88416,Eupatorium cannabinum,OpenWetPoor
88417,Eupatorium cannabinum,OpenWetPoor
88418,Eupatorium cannabinum,OpenWetPoor
88419,Eupatorium cannabinum,OpenWetPoor
88420,Eupatorium cannabinum,OpenWetPoor
88421,Eupatorium cannabinum,OpenWetPoor
88422,Eupatorium cannabinum,OpenWetPoor
88423,Eupatorium cannabinum,OpenWetPoor
88424,Eupatorium cannabinum,OpenWetPoor
88425,Eupatorium cannabinum,OpenWetPoor
88426,Eupatorium cannabinum,OpenWetPoor
88427,Eupatorium cannabinum,OpenWetPoor
88428,Eupatorium cannabinum,OpenWetPoor
88429,Eupatorium cannabinum,OpenWetPoor
88997,Eupatorium cannabinum,OpenWetPoor
88998,Eupatorium cannabinum,OpenWetPoor
88999,Eupatorium cannabinum,OpenWetPoor
89000,Eupatorium cannabinum,OpenWetPoor
89001,Eupatorium cannabinum,OpenWetPoor
89002,Eupatorium cannabinum,OpenWetPoor
89003,Eupatorium cannabinum,OpenWetPoor
89004,Eupatorium cannabinum,OpenWetPoor
89005,Eupatorium cannabinum,OpenWetPoor
89006,Eupatorium cannabinum,OpenWetPoor
89007,Eupatorium cannabinum,OpenWetPoor
89008,Eupatorium cannabinum,OpenWetPoor
89009,Eupatorium cannabinum,OpenWetPoor
89010,Eupatorium cannabinum,OpenWetPoor
89011,Eupatorium cannabinum,OpenWetPoor
89012,Eupatorium cannabinum,OpenWetPoor
89013,Eupatorium cannabinum,OpenWetPoor
89014,Eupatorium cannabinum,OpenWetPoor
89015,Eupatorium cannabinum,OpenWetPoor
89016,Eupatorium cannabinum,OpenWetPoor
89017,Eupatorium cannabinum,OpenWetPoor
89018,Eupatorium cannabinum,OpenWetPoor
89019,Eupatorium cannabinum,OpenWetPoor
89020,Eupatorium cannabinum,OpenWetPoor
89021,Eupatorium cannabinum,OpenWetPoor
89022,Eupatorium cannabinum,OpenWetPoor
89023,Eupatorium cannabinum,OpenWetPoor
89024,Eupatorium cannabinum,OpenWetPoor
89025,Eupatorium cannabinum,OpenWetPoor
89026,Eupatorium cannabinum,OpenWetPoor
89027,Eupatorium cannabinum,OpenWetPoor
89028,Eupatorium cannabinum,OpenWetPoor
89595,Eupatorium cannabinum,OpenWetPoor
89596,Eupatorium cannabinum,OpenWetPoor
89597,Eupatorium cannabinum,OpenWetPoor
89598,Eupatorium cannabinum,OpenWetPoor
89599,Eupatorium cannabinum,OpenWetPoor
89600,Eupatorium cannabinum,OpenWetPoor
89601,Eupatorium cannabinum,OpenWetPoor
89602,Eupatorium cannabinum,OpenWetPoor
89603,Eupatorium cannabinum,OpenWetPoor
89604,Eupatorium cannabinum,OpenWetPoor
89605,Eupatorium cannabinum,OpenWetPoor
89606,Eupatorium cannabinum,OpenWetPoor
89607,Eupatorium cannabinum,OpenWetPoor
89608,Eupatorium cannabinum,OpenWetPoor
89609,Eupatorium cannabinum,OpenWetPoor
89610,Eupatorium cannabinum,OpenWetPoor
89611,Eupatorium cannabinum,OpenWetPoor
89612,Eupatorium cannabinum,OpenWetPoor
89613,Eupatorium cannabinum,OpenWetPoor
89614,Eupatorium cannabinum,OpenWetPoor
89615,Eupatorium cannabinum,OpenWetPoor
89616,Eupatorium cannabinum,OpenWetPoor
89617,Eupatorium cannabinum,OpenWetPoor
89618,Eupatorium cannabinum,OpenWetPoor
89619,Eupatorium cannabinum,OpenWetPoor
89620,Eupatorium cannabinum,OpenWetPoor
89621,Eupatorium cannabinum,OpenWetPoor
89622,Eupatorium cannabinum,OpenWetPoor
89623,Eupatorium cannabinum,OpenWetPoor
89624,Eupatorium cannabinum,OpenWetPoor
89625,Eupatorium cannabinum,OpenWetPoor
89626,Eupatorium cannabinum,OpenWetPoor
89627,Eupatorium cannabinum,OpenWetPoor
90194,Eupatorium cannabinum,OpenWetPoor
90195,Eupatorium cannabinum,OpenWetPoor
90196,Eupatorium cannabinum,OpenWetPoor
90197,Eupatorium cannabinum,OpenWetPoor
90198,Eupatorium cannabinum,OpenWetPoor
90199,Eupatorium cannabinum,OpenWetPoor
90200,Eupatorium cannabinum,OpenWetPoor
90201,Eupatorium cannabinum,OpenWetPoor
90202,Eupatorium cannabinum,OpenWetPoor
90203,Eupatorium cannabinum,OpenWetPoor
90204,Eupatorium cannabinum,OpenWetPoor
90205,Eupatorium cannabinum,OpenWetPoor
90206,Eupatorium cannabinum,OpenWetPoor
90207,Eupatorium cannabinum,OpenWetPoor
90208,Eupatorium cannabinum,OpenWetPoor
90209,Eupatorium cannabinum,OpenWetPoor
90210,Eupatorium cannabinum,OpenWetPoor
90211,Eupatorium cannabinum,OpenWetPoor
90212,Eupatorium cannabinum,OpenWetPoor
90213,Eupatorium cannabinum,OpenWetPoor
90214,Eupatorium cannabinum,OpenWetPoor
90215,Eupatorium cannabinum,OpenWetPoor
90216,Eupatorium cannabinum,OpenWetPoor
90217,Eupatorium cannabinum,OpenWetPoor
90218,Eupatorium cannabinum,OpenWetPoor
90219,Eupatorium cannabinum,OpenWetPoor
90220,Eupatorium cannabinum,OpenWetPoor
90221,Eupatorium cannabinum,OpenWetPoor
90222,Eupatorium cannabinum,OpenWetPoor
90223,Eupatorium cannabinum,OpenWetPoor
90224,Eupatorium cannabinum,OpenWetPoor
90225,Eupatorium cannabinum,OpenWetPoor
90226,Eupatorium cannabinum,OpenWetPoor
90793,Eupatorium cannabinum,OpenWetPoor
90794,Eupatorium cannabinum,OpenWetPoor
90795,Eupatorium cannabinum,OpenWetPoor
90796,Eupatorium cannabinum,OpenWetPoor
90797,Eupatorium cannabinum,OpenWetPoor
90798,Eupatorium cannabinum,OpenWetPoor
90799,Eupatorium cannabinum,OpenWetPoor
90800,Eupatorium cannabinum,OpenWetPoor
90801,Eupatorium cannabinum,OpenWetPoor
90802,Eupatorium cannabinum,OpenWetPoor
90803,Eupatorium cannabinum,OpenWetPoor
90804,Eupatorium cannabinum,OpenWetPoor
90805,Eupatorium cannabinum,OpenWetPoor
90806,Eupatorium cannabinum,OpenWetPoor
90807,Eupatorium cannabinum,OpenWetPoor
90808,Eupatorium cannabinum,OpenWetPoor
90809,Eupatorium cannabinum,OpenWetPoor
90810,Eupatorium cannabinum,OpenWetPoor
90811,Eupatorium cannabinum,OpenWetPoor
90812,Eupatorium cannabinum,OpenWetPoor
90813,Eupatorium cannabinum,OpenWetPoor
90814,Eupatorium cannabinum,OpenWetPoor
90815,Eupatorium cannabinum,OpenWetPoor
90816,Eupatorium cannabinum,OpenWetPoor
90817,Eupatorium cannabinum,OpenWetPoor
90818,Eupatorium cannabinum,OpenWetPoor
90819,Eupatorium cannabinum,OpenWetPoor
90820,Eupatorium cannabinum,OpenWetPoor
90821,Eupatorium cannabinum,OpenWetPoor
90822,Eupatorium cannabinum,OpenWetPoor
90823,Eupatorium cannabinum,OpenWetPoor
90824,Eupatorium cannabinum,OpenWetPoor
90825,Eupatorium cannabinum,OpenWetPoor
91393,Eupatorium cannabinum,OpenWetPoor
91394,Eupatorium cannabinum,OpenWetPoor
91395,Eupatorium cannabinum,OpenWetPoor
91396,Eupatorium cannabinum,OpenWetPoor
91397,Eupatorium cannabinum,OpenWetPoor
91398,Eupatorium cannabinum,OpenWetPoor
91399,Eupatorium cannabinum,OpenWetPoor
91400,Eupatorium cannabinum,OpenWetPoor
91401,Eupatorium cannabinum,OpenWetPoor
91402,Eupatorium cannabinum,OpenWetPoor
91403,Eupatorium cannabinum,OpenWetPoor
91404,Eupatorium cannabinum,OpenWetPoor
91405,Eupatorium cannabinum,OpenWetPoor
91406,Eupatorium cannabinum,OpenWetPoor
91407,Eupatorium cannabinum,OpenWetPoor
91408,Eupatorium cannabinum,OpenWetPoor
91409,Eupatorium cannabinum,OpenWetPoor
91410,Eupatorium cannabinum,OpenWetPoor
91411,Eupatorium cannabinum,OpenWetPoor
91412,Eupatorium cannabinum,OpenWetPoor
91413,Eupatorium cannabinum,OpenWetPoor
91414,Eupatorium cannabinum,OpenWetPoor
91415,Eupatorium cannabinum,OpenWetPoor
91416,Eupatorium cannabinum,OpenWetPoor
91417,Eupatorium cannabinum,OpenWetPoor
91418,Eupatorium cannabinum,OpenWetPoor
91419,Eupatorium cannabinum,OpenWetPoor
91420,Eupatorium cannabinum,OpenWetPoor
91421,Eupatorium cannabinum,OpenWetPoor
91422,Eupatorium cannabinum,OpenWetPoor
91423,Eupatorium cannabinum,OpenWetPoor
91424,Eupatorium cannabinum,OpenWetPoor
91992,Eupatorium cannabinum,OpenWetPoor
91993,Eupatorium cannabinum,OpenWetPoor
91994,Eupatorium cannabinum,OpenWetPoor
91995,Eupatorium cannabinum,OpenWetPoor
91996,Eupatorium cannabinum,OpenWetPoor
91997,Eupatorium cannabinum,OpenWetPoor
91998,Eupatorium cannabinum,OpenWetPoor
91999,Eupatorium cannabinum,OpenWetPoor
92000,Eupatorium cannabinum,OpenWetPoor
92001,Eupatorium cannabinum,OpenWetPoor
92002,Eupatorium cannabinum,OpenWetPoor
92003,Eupatorium cannabinum,OpenWetPoor
92004,Eupatorium cannabinum,OpenWetPoor
92005,Eupatorium cannabinum,OpenWetPoor
92006,Eupatorium cannabinum,OpenWetPoor
92007,Eupatorium cannabinum,OpenWetPoor
92008,Eupatorium cannabinum,OpenWetPoor
92009,Eupatorium cannabinum,OpenWetPoor
92010,Eupatorium cannabinum,OpenWetPoor
92011,Eupatorium cannabinum,OpenWetPoor
92012,Eupatorium cannabinum,OpenWetPoor
92013,Eupatorium cannabinum,OpenWetPoor
92014,Eupatorium cannabinum,OpenWetPoor
92015,Eupatorium cannabinum,OpenWetPoor
92016,Eupatorium cannabinum,OpenWetPoor
92017,Eupatorium cannabinum,OpenWetPoor
92018,Eupatorium cannabinum,OpenWetPoor
92019,Eupatorium cannabinum,OpenWetPoor
92020,Eupatorium cannabinum,OpenWetPoor
92021,Eupatorium cannabinum,OpenWetPoor
92022,Eupatorium cannabinum,OpenWetPoor
92023,Eupatorium cannabinum,OpenWetPoor
92591,Eupatorium cannabinum,OpenWetPoor
92592,Eupatorium cannabinum,OpenWetPoor
92593,Eupatorium cannabinum,OpenWetPoor
92594,Eupatorium cannabinum,OpenWetPoor
92595,Eupatorium cannabinum,OpenWetPoor
92596,Eupatorium cannabinum,OpenWetPoor
92597,Eupatorium cannabinum,OpenWetPoor
92598,Eupatorium cannabinum,OpenWetPoor
92599,Eupatorium cannabinum,OpenWetPoor
92600,Eupatorium cannabinum,OpenWetPoor
92601,Eupatorium cannabinum,OpenWetPoor
92602,Eupatorium cannabinum,OpenWetPoor
92603,Eupatorium cannabinum,OpenWetPoor
92604,Eupatorium cannabinum,OpenWetPoor
92605,Eupatorium cannabinum,OpenWetPoor
92606,Eupatorium cannabinum,OpenWetPoor
92607,Eupatorium cannabinum,OpenWetPoor
92608,Eupatorium cannabinum,OpenWetPoor
92609,Eupatorium cannabinum,OpenWetPoor
92610,Eupatorium cannabinum,OpenWetPoor
92611,Eupatorium cannabinum,OpenWetPoor
92612,Eupatorium cannabinum,OpenWetPoor
92613,Eupatorium cannabinum,OpenWetPoor
92614,Eupatorium cannabinum,OpenWetPoor
92615,Eupatorium cannabinum,OpenWetPoor
92616,Eupatorium cannabinum,OpenWetPoor
92617,Eupatorium cannabinum,OpenWetPoor
92618,Eupatorium cannabinum,OpenWetPoor
92619,Eupatorium cannabinum,OpenWetPoor
92620,Eupatorium cannabinum,OpenWetPoor
92621,Eupatorium cannabinum,OpenWetPoor
92622,Eupatorium cannabinum,OpenWetPoor
93190,Eupatorium cannabinum,OpenWetPoor
93191,Eupatorium cannabinum,OpenWetPoor
93192,Eupatorium cannabinum,OpenWetPoor
93193,Eupatorium cannabinum,OpenWetPoor
93194,Eupatorium cannabinum,OpenWetPoor
93195,Eupatorium cannabinum,OpenWetPoor
93196,Eupatorium cannabinum,OpenWetPoor
93197,Eupatorium cannabinum,OpenWetPoor
93198,Eupatorium cannabinum,OpenWetPoor
93199,Eupatorium cannabinum,OpenWetPoor
93200,Eupatorium cannabinum,OpenWetPoor
93201,Eupatorium cannabinum,OpenWetPoor
93202,Eupatorium cannabinum,OpenWetPoor
93203,Eupatorium cannabinum,OpenWetPoor
93204,Eupatorium cannabinum,OpenWetPoor
93205,Eupatorium cannabinum,OpenWetPoor
93206,Eupatorium cannabinum,OpenWetPoor
93207,Eupatorium cannabinum,OpenWetPoor
93208,Eupatorium cannabinum,OpenWetPoor
93209,Eupatorium cannabinum,OpenWetPoor
93210,Eupatorium cannabinum,OpenWetPoor
93211,Eupatorium cannabinum,OpenWetPoor
93212,Eupatorium cannabinum,OpenWetPoor
93213,Eupatorium cannabinum,OpenWetPoor
93214,Eupatorium cannabinum,OpenWetPoor
93215,Eupatorium cannabinum,OpenWetPoor
93216,Eupatorium cannabinum,OpenWetPoor
93217,Eupatorium cannabinum,OpenWetPoor
93218,Eupatorium cannabinum,OpenWetPoor
93219,Eupatorium cannabinum,OpenWetPoor
93220,Eupatorium cannabinum,OpenWetPoor
93221,Eupatorium cannabinum,OpenWetPoor
93789,Eupatorium cannabinum,OpenWetPoor
93790,Eupatorium cannabinum,OpenWetPoor
93791,Eupatorium cannabinum,OpenWetPoor
93792,Eupatorium cannabinum,OpenWetPoor
93793,Eupatorium cannabinum,OpenWetPoor
93794,Eupatorium cannabinum,OpenWetPoor
93795,Eupatorium cannabinum,OpenWetPoor
93796,Eupatorium cannabinum,OpenWetPoor
93797,Eupatorium cannabinum,OpenWetPoor
93798,Eupatorium cannabinum,OpenWetPoor
93799,Eupatorium cannabinum,OpenWetPoor
93800,Eupatorium cannabinum,OpenWetPoor
93801,Eupatorium cannabinum,OpenWetPoor
93802,Eupatorium cannabinum,OpenWetPoor
93803,Eupatorium cannabinum,OpenWetPoor
93804,Eupatorium cannabinum,OpenWetPoor
93805,Eupatorium cannabinum,OpenWetPoor
93806,Eupatorium cannabinum,OpenWetPoor
93807,Eupatorium cannabinum,OpenWetPoor
93808,Eupatorium cannabinum,OpenWetPoor
93809,Eupatorium cannabinum,OpenWetPoor
93810,Eupatorium cannabinum,OpenWetPoor
93811,Eupatorium cannabinum,OpenWetPoor
93812,Eupatorium cannabinum,OpenWetPoor
93813,Eupatorium cannabinum,OpenWetPoor
93814,Eupatorium cannabinum,OpenWetPoor
93815,Eupatorium cannabinum,OpenWetPoor
93816,Eupatorium cannabinum,OpenWetPoor
93817,Eupatorium cannabinum,OpenWetPoor
93818,Eupatorium cannabinum,OpenWetPoor
93819,Eupatorium cannabinum,OpenWetPoor
93820,Eupatorium cannabinum,OpenWetPoor
94388,Eupatorium cannabinum,OpenWetPoor
94389,Eupatorium cannabinum,OpenWetPoor
94390,Eupatorium cannabinum,OpenWetPoor
94391,Eupatorium cannabinum,OpenWetPoor
94392,Eupatorium cannabinum,OpenWetPoor
94393,Eupatorium cannabinum,OpenWetPoor
94394,Eupatorium cannabinum,OpenWetPoor
94395,Eupatorium cannabinum,OpenWetPoor
94396,Eupatorium cannabinum,OpenWetPoor
94397,Eupatorium cannabinum,OpenWetPoor
94398,Eupatorium cannabinum,OpenWetPoor
94399,Eupatorium cannabinum,OpenWetPoor
94400,Eupatorium cannabinum,OpenWetPoor
94401,Eupatorium cannabinum,OpenWetPoor
94402,Eupatorium cannabinum,OpenWetPoor
94403,Eupatorium cannabinum,OpenWetPoor
94404,Eupatorium cannabinum,OpenWetPoor
94405,Eupatorium cannabinum,OpenWetPoor
94406,Eupatorium cannabinum,OpenWetPoor
94407,Eupatorium cannabinum,OpenWetPoor
94408,Eupatorium cannabinum,OpenWetPoor
94409,Eupatorium cannabinum,OpenWetPoor
94410,Eupatorium cannabinum,OpenWetPoor
94411,Eupatorium cannabinum,OpenWetPoor
94412,Eupatorium cannabinum,OpenWetPoor
94413,Eupatorium cannabinum,OpenWetPoor
94414,Eupatorium cannabinum,OpenWetPoor
94415,Eupatorium cannabinum,OpenWetPoor
94416,Eupatorium cannabinum,OpenWetPoor
94417,Eupatorium cannabinum,OpenWetPoor
94418,Eupatorium cannabinum,OpenWetPoor
94419,Eupatorium cannabinum,OpenWetPoor
94987,Eupatorium cannabinum,OpenWetPoor
94988,Eupatorium cannabinum,OpenWetPoor
94989,Eupatorium cannabinum,OpenWetPoor
94990,Eupatorium cannabinum,OpenWetPoor
94991,Eupatorium cannabinum,OpenWetPoor
94992,Eupatorium cannabinum,OpenWetPoor
94993,Eupatorium cannabinum,OpenWetPoor
94994,Eupatorium cannabinum,OpenWetPoor
94995,Eupatorium cannabinum,OpenWetPoor
94996,Eupatorium cannabinum,OpenWetPoor
94997,Eupatorium cannabinum,OpenWetPoor
94998,Eupatorium cannabinum,OpenWetPoor
94999,Eupatorium cannabinum,OpenWetPoor
95000,Eupatorium cannabinum,OpenWetPoor
95001,Eupatorium cannabinum,OpenWetPoor
95002,Eupatorium cannabinum,OpenWetPoor
95003,Eupatorium cannabinum,OpenWetPoor
95004,Eupatorium cannabinum,OpenWetPoor
95005,Eupatorium cannabinum,OpenWetPoor
95006,Eupatorium cannabinum,OpenWetPoor
95007,Eupatorium cannabinum,OpenWetPoor
95008,Eupatorium cannabinum,OpenWetPoor
95009,Eupatorium cannabinum,OpenWetPoor
95010,Eupatorium cannabinum,OpenWetPoor
95011,Eupatorium cannabinum,OpenWetPoor
95012,Eupatorium cannabinum,OpenWetPoor
95013,Eupatorium cannabinum,OpenWetPoor
95014,Eupatorium cannabinum,OpenWetPoor
95015,Eupatorium cannabinum,OpenWetPoor
95016,Eupatorium cannabinum,OpenWetPoor
95017,Eupatorium cannabinum,OpenWetPoor
95018,Eupatorium cannabinum,OpenWetPoor
95586,Eupatorium cannabinum,OpenWetPoor
95587,Eupatorium cannabinum,OpenWetPoor
95588,Eupatorium cannabinum,OpenWetPoor
95589,Eupatorium cannabinum,OpenWetPoor
95590,Eupatorium cannabinum,OpenWetPoor
95591,Eupatorium cannabinum,OpenWetPoor
95592,Eupatorium cannabinum,OpenWetPoor
95593,Eupatorium cannabinum,OpenWetPoor
95594,Eupatorium cannabinum,OpenWetPoor
95595,Eupatorium cannabinum,OpenWetPoor
95596,Eupatorium cannabinum,OpenWetPoor
95597,Eupatorium cannabinum,OpenWetPoor
95598,Eupatorium cannabinum,OpenWetPoor
95599,Eupatorium cannabinum,OpenWetPoor
95600,Eupatorium cannabinum,OpenWetPoor
95601,Eupatorium cannabinum,OpenWetPoor
95602,Eupatorium cannabinum,OpenWetPoor
95603,Eupatorium cannabinum,OpenWetPoor
95604,Eupatorium cannabinum,OpenWetPoor
95605,Eupatorium cannabinum,OpenWetPoor
95606,Eupatorium cannabinum,OpenWetPoor
95607,Eupatorium cannabinum,OpenWetPoor
95608,Eupatorium cannabinum,OpenWetPoor
95609,Eupatorium cannabinum,OpenWetPoor
95610,Eupatorium cannabinum,OpenWetPoor
95611,Eupatorium cannabinum,OpenWetPoor
95612,Eupatorium cannabinum,OpenWetPoor
95613,Eupatorium cannabinum,OpenWetPoor
95614,Eupatorium cannabinum,OpenWetPoor
95615,Eupatorium cannabinum,OpenWetPoor
95616,Eupatorium cannabinum,OpenWetPoor
95617,Eupatorium cannabinum,OpenWetPoor
96186,Eupatorium cannabinum,OpenWetPoor
96187,Eupatorium cannabinum,OpenWetPoor
96188,Eupatorium cannabinum,OpenWetPoor
96189,Eupatorium cannabinum,OpenWetPoor
96190,Eupatorium cannabinum,OpenWetPoor
96191,Eupatorium cannabinum,OpenWetPoor
96192,Eupatorium cannabinum,OpenWetPoor
96193,Eupatorium cannabinum,OpenWetPoor
96194,Eupatorium cannabinum,OpenWetPoor
96195,Eupatorium cannabinum,OpenWetPoor
96196,Eupatorium cannabinum,OpenWetPoor
96197,Eupatorium cannabinum,OpenWetPoor
96198,Eupatorium cannabinum,OpenWetPoor
96199,Eupatorium cannabinum,OpenWetPoor
96200,Eupatorium cannabinum,OpenWetPoor
96201,Eupatorium cannabinum,OpenWetPoor
96202,Eupatorium cannabinum,OpenWetPoor
96203,Eupatorium cannabinum,OpenWetPoor
96204,Eupatorium cannabinum,OpenWetPoor
96205,Eupatorium cannabinum,OpenWetPoor
96206,Eupatorium cannabinum,OpenWetPoor
96207,Eupatorium cannabinum,OpenWetPoor
96208,Eupatorium cannabinum,OpenWetPoor
96209,Eupatorium cannabinum,OpenWetPoor
96210,Eupatorium cannabinum,OpenWetPoor
96211,Eupatorium cannabinum,OpenWetPoor
96212,Eupatorium cannabinum,OpenWetPoor
96213,Eupatorium cannabinum,OpenWetPoor
96214,Eupatorium cannabinum,OpenWetPoor
96215,Eupatorium cannabinum,OpenWetPoor
96216,Eupatorium cannabinum,OpenWetPoor
96785,Eupatorium cannabinum,OpenWetPoor
96786,Eupatorium cannabinum,OpenWetPoor
96787,Eupatorium cannabinum,OpenWetPoor
96788,Eupatorium cannabinum,OpenWetPoor
96789,Eupatorium cannabinum,OpenWetPoor
96790,Eupatorium cannabinum,OpenWetPoor
96791,Eupatorium cannabinum,OpenWetPoor
96792,Eupatorium cannabinum,OpenWetPoor
96793,Eupatorium cannabinum,OpenWetPoor
96794,Eupatorium cannabinum,OpenWetPoor
96795,Eupatorium cannabinum,OpenWetPoor
96796,Eupatorium cannabinum,OpenWetPoor
96797,Eupatorium cannabinum,OpenWetPoor
96798,Eupatorium cannabinum,OpenWetPoor
96799,Eupatorium cannabinum,OpenWetPoor
96800,Eupatorium cannabinum,OpenWetPoor
96801,Eupatorium cannabinum,OpenWetPoor
96802,Eupatorium cannabinum,OpenWetPoor
96803,Eupatorium cannabinum,OpenWetPoor
96804,Eupatorium cannabinum,OpenWetPoor
96805,Eupatorium cannabinum,OpenWetPoor
96806,Eupatorium cannabinum,OpenWetPoor
96807,Eupatorium cannabinum,OpenWetPoor
96808,Eupatorium cannabinum,OpenWetPoor
96809,Eupatorium cannabinum,OpenWetPoor
96810,Eupatorium cannabinum,OpenWetPoor
96811,Eupatorium cannabinum,OpenWetPoor
96812,Eupatorium cannabinum,OpenWetPoor
96813,Eupatorium cannabinum,OpenWetPoor
96814,Eupatorium cannabinum,OpenWetPoor
96815,Eupatorium cannabinum,OpenWetPoor
97384,Eupatorium cannabinum,OpenWetPoor
97385,Eupatorium cannabinum,OpenWetPoor
97386,Eupatorium cannabinum,OpenWetPoor
97387,Eupatorium cannabinum,OpenWetPoor
97388,Eupatorium cannabinum,OpenWetPoor
97389,Eupatorium cannabinum,OpenWetPoor
97390,Eupatorium cannabinum,OpenWetPoor
97391,Eupatorium cannabinum,OpenWetPoor
97392,Eupatorium cannabinum,OpenWetPoor
97393,Eupatorium cannabinum,OpenWetPoor
97394,Eupatorium cannabinum,OpenWetPoor
97395,Eupatorium cannabinum,OpenWetPoor
97396,Eupatorium cannabinum,OpenWetPoor
97397,Eupatorium cannabinum,OpenWetPoor
97398,Eupatorium cannabinum,OpenWetPoor
97399,Eupatorium cannabinum,OpenWetPoor
97400,Eupatorium cannabinum,OpenWetPoor
97401,Eupatorium cannabinum,OpenWetPoor
97402,Eupatorium cannabinum,OpenWetPoor
97403,Eupatorium cannabinum,OpenWetPoor
97404,Eupatorium cannabinum,OpenWetPoor
97405,Eupatorium cannabinum,OpenWetPoor
97406,Eupatorium cannabinum,OpenWetPoor
97407,Eupatorium cannabinum,OpenWetPoor
97408,Eupatorium cannabinum,OpenWetPoor
97409,Eupatorium cannabinum,OpenWetPoor
97410,Eupatorium cannabinum,OpenWetPoor
97411,Eupatorium cannabinum,OpenWetPoor
97412,Eupatorium cannabinum,OpenWetPoor
97413,Eupatorium cannabinum,OpenWetPoor
97414,Eupatorium cannabinum,OpenWetPoor
97983,Eupatorium cannabinum,OpenWetPoor
97984,Eupatorium cannabinum,OpenWetPoor
97985,Eupatorium cannabinum,OpenWetPoor
97986,Eupatorium cannabinum,OpenWetPoor
97987,Eupatorium cannabinum,OpenWetPoor
97988,Eupatorium cannabinum,OpenWetPoor
97989,Eupatorium cannabinum,OpenWetPoor
97990,Eupatorium cannabinum,OpenWetPoor
97991,Eupatorium cannabinum,OpenWetPoor
97992,Eupatorium cannabinum,OpenWetPoor
97993,Eupatorium cannabinum,OpenWetPoor
97994,Eupatorium cannabinum,OpenWetPoor
97995,Eupatorium cannabinum,OpenWetPoor
97996,Eupatorium cannabinum,OpenWetPoor
97997,Eupatorium cannabinum,OpenWetPoor
97998,Eupatorium cannabinum,OpenWetPoor
97999,Eupatorium cannabinum,OpenWetPoor
98000,Eupatorium cannabinum,OpenWetPoor
98001,Eupatorium cannabinum,OpenWetPoor
98002,Eupatorium cannabinum,OpenWetPoor
98003,Eupatorium cannabinum,OpenWetPoor
98004,Eupatorium cannabinum,OpenWetPoor
98005,Eupatorium cannabinum,OpenWetPoor
98006,Eupatorium cannabinum,OpenWetPoor
98007,Eupatorium cannabinum,OpenWetPoor
98008,Eupatorium cannabinum,OpenWetPoor
98009,Eupatorium cannabinum,OpenWetPoor
98010,Eupatorium cannabinum,OpenWetPoor
98011,Eupatorium cannabinum,OpenWetPoor
98012,Eupatorium cannabinum,OpenWetPoor
98013,Eupatorium cannabinum,OpenWetPoor
