146613,Hedera helix,OpenWetPoor
146614,Hedera helix,OpenWetPoor
146615,Hedera helix,OpenWetPoor
146616,Hedera helix,OpenWetPoor
147212,Hedera helix,OpenWetPoor
147213,Hedera helix,OpenWetPoor
147214,Hedera helix,OpenWetPoor
147215,Hedera helix,OpenWetPoor
147216,Hedera helix,OpenWetPoor
147811,Hedera helix,OpenWetPoor
147812,Hedera helix,OpenWetPoor
147813,Hedera helix,OpenWetPoor
147814,Hedera helix,OpenWetPoor
147815,Hedera helix,OpenWetPoor
147816,Hedera helix,OpenWetPoor
148410,Hedera helix,OpenWetPoor
148411,Hedera helix,OpenWetPoor
148412,Hedera helix,OpenWetPoor
148413,Hedera helix,OpenWetPoor
148414,Hedera helix,OpenWetPoor
148415,Hedera helix,OpenWetPoor
148416,Hedera helix,OpenWetPoor
149009,Hedera helix,OpenWetPoor
149010,Hedera helix,OpenWetPoor
149011,Hedera helix,OpenWetPoor
149012,Hedera helix,OpenWetPoor
149013,Hedera helix,OpenWetPoor
149014,Hedera helix,OpenWetPoor
149015,Hedera helix,OpenWetPoor
149608,Hedera helix,OpenWetPoor
149609,Hedera helix,OpenWetPoor
149610,Hedera helix,OpenWetPoor
149611,Hedera helix,OpenWetPoor
149612,Hedera helix,OpenWetPoor
149613,Hedera helix,OpenWetPoor
149614,Hedera helix,OpenWetPoor
149615,Hedera helix,OpenWetPoor
150207,Hedera helix,OpenWetPoor
150208,Hedera helix,OpenWetPoor
150209,Hedera helix,OpenWetPoor
150210,Hedera helix,OpenWetPoor
150211,Hedera helix,OpenWetPoor
150212,Hedera helix,OpenWetPoor
150213,Hedera helix,OpenWetPoor
150214,Hedera helix,OpenWetPoor
150215,Hedera helix,OpenWetPoor
150806,Hedera helix,OpenWetPoor
150807,Hedera helix,OpenWetPoor
150808,Hedera helix,OpenWetPoor
150809,Hedera helix,OpenWetPoor
150810,Hedera helix,OpenWetPoor
150811,Hedera helix,OpenWetPoor
150812,Hedera helix,OpenWetPoor
150813,Hedera helix,OpenWetPoor
150814,Hedera helix,OpenWetPoor
150815,Hedera helix,OpenWetPoor
151405,Hedera helix,OpenWetPoor
151406,Hedera helix,OpenWetPoor
151407,Hedera helix,OpenWetPoor
151408,Hedera helix,OpenWetPoor
151409,Hedera helix,OpenWetPoor
151410,Hedera helix,OpenWetPoor
151411,Hedera helix,OpenWetPoor
151412,Hedera helix,OpenWetPoor
151413,Hedera helix,OpenWetPoor
151414,Hedera helix,OpenWetPoor
151415,Hedera helix,OpenWetPoor
152004,Hedera helix,OpenWetPoor
152005,Hedera helix,OpenWetPoor
152006,Hedera helix,OpenWetPoor
152007,Hedera helix,OpenWetPoor
152008,Hedera helix,OpenWetPoor
152009,Hedera helix,OpenWetPoor
152010,Hedera helix,OpenWetPoor
152011,Hedera helix,OpenWetPoor
152012,Hedera helix,OpenWetPoor
152013,Hedera helix,OpenWetPoor
152014,Hedera helix,OpenWetPoor
152603,Hedera helix,OpenWetPoor
152604,Hedera helix,OpenWetPoor
152605,Hedera helix,OpenWetPoor
152606,Hedera helix,OpenWetPoor
152607,Hedera helix,OpenWetPoor
152608,Hedera helix,OpenWetPoor
152609,Hedera helix,OpenWetPoor
152610,Hedera helix,OpenWetPoor
152611,Hedera helix,OpenWetPoor
152612,Hedera helix,OpenWetPoor
152613,Hedera helix,OpenWetPoor
152614,Hedera helix,OpenWetPoor
153202,Hedera helix,OpenWetPoor
153203,Hedera helix,OpenWetPoor
153204,Hedera helix,OpenWetPoor
153205,Hedera helix,OpenWetPoor
153206,Hedera helix,OpenWetPoor
153207,Hedera helix,OpenWetPoor
153208,Hedera helix,OpenWetPoor
153209,Hedera helix,OpenWetPoor
153210,Hedera helix,OpenWetPoor
153211,Hedera helix,OpenWetPoor
153212,Hedera helix,OpenWetPoor
153213,Hedera helix,OpenWetPoor
153214,Hedera helix,OpenWetPoor
153801,Hedera helix,OpenWetPoor
153802,Hedera helix,OpenWetPoor
153803,Hedera helix,OpenWetPoor
153804,Hedera helix,OpenWetPoor
153805,Hedera helix,OpenWetPoor
153806,Hedera helix,OpenWetPoor
153807,Hedera helix,OpenWetPoor
153808,Hedera helix,OpenWetPoor
153809,Hedera helix,OpenWetPoor
153810,Hedera helix,OpenWetPoor
153811,Hedera helix,OpenWetPoor
153812,Hedera helix,OpenWetPoor
153813,Hedera helix,OpenWetPoor
154400,Hedera helix,OpenWetPoor
154401,Hedera helix,OpenWetPoor
154402,Hedera helix,OpenWetPoor
154403,Hedera helix,OpenWetPoor
154404,Hedera helix,OpenWetPoor
154405,Hedera helix,OpenWetPoor
154406,Hedera helix,OpenWetPoor
154407,Hedera helix,OpenWetPoor
154408,Hedera helix,OpenWetPoor
154409,Hedera helix,OpenWetPoor
154410,Hedera helix,OpenWetPoor
154411,Hedera helix,OpenWetPoor
154412,Hedera helix,OpenWetPoor
154413,Hedera helix,OpenWetPoor
154999,Hedera helix,OpenWetPoor
155000,Hedera helix,OpenWetPoor
155001,Hedera helix,OpenWetPoor
155002,Hedera helix,OpenWetPoor
155003,Hedera helix,OpenWetPoor
155004,Hedera helix,OpenWetPoor
155005,Hedera helix,OpenWetPoor
155006,Hedera helix,OpenWetPoor
155007,Hedera helix,OpenWetPoor
155008,Hedera helix,OpenWetPoor
155009,Hedera helix,OpenWetPoor
155010,Hedera helix,OpenWetPoor
155011,Hedera helix,OpenWetPoor
155012,Hedera helix,OpenWetPoor
155598,Hedera helix,OpenWetPoor
155599,Hedera helix,OpenWetPoor
155600,Hedera helix,OpenWetPoor
155601,Hedera helix,OpenWetPoor
155602,Hedera helix,OpenWetPoor
155603,Hedera helix,OpenWetPoor
155604,Hedera helix,OpenWetPoor
155605,Hedera helix,OpenWetPoor
155606,Hedera helix,OpenWetPoor
155607,Hedera helix,OpenWetPoor
155608,Hedera helix,OpenWetPoor
155609,Hedera helix,OpenWetPoor
155610,Hedera helix,OpenWetPoor
155611,Hedera helix,OpenWetPoor
155612,Hedera helix,OpenWetPoor
156197,Hedera helix,OpenWetPoor
156198,Hedera helix,OpenWetPoor
156199,Hedera helix,OpenWetPoor
156200,Hedera helix,OpenWetPoor
156201,Hedera helix,OpenWetPoor
156202,Hedera helix,OpenWetPoor
156203,Hedera helix,OpenWetPoor
156204,Hedera helix,OpenWetPoor
156205,Hedera helix,OpenWetPoor
156206,Hedera helix,OpenWetPoor
156207,Hedera helix,OpenWetPoor
156208,Hedera helix,OpenWetPoor
156209,Hedera helix,OpenWetPoor
156210,Hedera helix,OpenWetPoor
156211,Hedera helix,OpenWetPoor
156796,Hedera helix,OpenWetPoor
156797,Hedera helix,OpenWetPoor
156798,Hedera helix,OpenWetPoor
156799,Hedera helix,OpenWetPoor
156800,Hedera helix,OpenWetPoor
156801,Hedera helix,OpenWetPoor
156802,Hedera helix,OpenWetPoor
156803,Hedera helix,OpenWetPoor
156804,Hedera helix,OpenWetPoor
156805,Hedera helix,OpenWetPoor
156806,Hedera helix,OpenWetPoor
156807,Hedera helix,OpenWetPoor
156808,Hedera helix,OpenWetPoor
156809,Hedera helix,OpenWetPoor
156810,Hedera helix,OpenWetPoor
156811,Hedera helix,OpenWetPoor
157395,Hedera helix,OpenWetPoor
157396,Hedera helix,OpenWetPoor
157397,Hedera helix,OpenWetPoor
157398,Hedera helix,OpenWetPoor
157399,Hedera helix,OpenWetPoor
157400,Hedera helix,OpenWetPoor
157401,Hedera helix,OpenWetPoor
157402,Hedera helix,OpenWetPoor
157403,Hedera helix,OpenWetPoor
157404,Hedera helix,OpenWetPoor
157405,Hedera helix,OpenWetPoor
157406,Hedera helix,OpenWetPoor
157407,Hedera helix,OpenWetPoor
157408,Hedera helix,OpenWetPoor
157409,Hedera helix,OpenWetPoor
157410,Hedera helix,OpenWetPoor
157994,Hedera helix,OpenWetPoor
157995,Hedera helix,OpenWetPoor
157996,Hedera helix,OpenWetPoor
157997,Hedera helix,OpenWetPoor
157998,Hedera helix,OpenWetPoor
157999,Hedera helix,OpenWetPoor
158000,Hedera helix,OpenWetPoor
158001,Hedera helix,OpenWetPoor
158002,Hedera helix,OpenWetPoor
158003,Hedera helix,OpenWetPoor
158004,Hedera helix,OpenWetPoor
158005,Hedera helix,OpenWetPoor
158006,Hedera helix,OpenWetPoor
158007,Hedera helix,OpenWetPoor
158008,Hedera helix,OpenWetPoor
158009,Hedera helix,OpenWetPoor
