154400,Luzula pilosa,OpenWetPoor
154999,Luzula pilosa,OpenWetPoor
155000,Luzula pilosa,OpenWetPoor
155598,Luzula pilosa,OpenWetPoor
155599,Luzula pilosa,OpenWetPoor
155600,Luzula pilosa,OpenWetPoor
156197,Luzula pilosa,OpenWetPoor
156198,Luzula pilosa,OpenWetPoor
156199,Luzula pilosa,OpenWetPoor
156200,Luzula pilosa,OpenWetPoor
156796,Luzula pilosa,OpenWetPoor
156797,Luzula pilosa,OpenWetPoor
156798,Luzula pilosa,OpenWetPoor
156799,Luzula pilosa,OpenWetPoor
156800,Luzula pilosa,OpenWetPoor
157395,Luzula pilosa,OpenWetPoor
157396,Luzula pilosa,OpenWetPoor
157397,Luzula pilosa,OpenWetPoor
157398,Luzula pilosa,OpenWetPoor
157399,Luzula pilosa,OpenWetPoor
157400,Luzula pilosa,OpenWetPoor
157994,Luzula pilosa,OpenWetPoor
157995,Luzula pilosa,OpenWetPoor
157996,Luzula pilosa,OpenWetPoor
157997,Luzula pilosa,OpenWetPoor
157998,Luzula pilosa,OpenWetPoor
157999,Luzula pilosa,OpenWetPoor
