74553,Solidago virgaurea,OpenWetPoor
74554,Solidago virgaurea,OpenWetPoor
74555,Solidago virgaurea,OpenWetPoor
74556,Solidago virgaurea,OpenWetPoor
74557,Solidago virgaurea,OpenWetPoor
74558,Solidago virgaurea,OpenWetPoor
74559,Solidago virgaurea,OpenWetPoor
74560,Solidago virgaurea,OpenWetPoor
74561,Solidago virgaurea,OpenWetPoor
74562,Solidago virgaurea,OpenWetPoor
74563,Solidago virgaurea,OpenWetPoor
74564,Solidago virgaurea,OpenWetPoor
74565,Solidago virgaurea,OpenWetPoor
74566,Solidago virgaurea,OpenWetPoor
74567,Solidago virgaurea,OpenWetPoor
74568,Solidago virgaurea,OpenWetPoor
74569,Solidago virgaurea,OpenWetPoor
75152,Solidago virgaurea,OpenWetPoor
75153,Solidago virgaurea,OpenWetPoor
75154,Solidago virgaurea,OpenWetPoor
75155,Solidago virgaurea,OpenWetPoor
75156,Solidago virgaurea,OpenWetPoor
75157,Solidago virgaurea,OpenWetPoor
75158,Solidago virgaurea,OpenWetPoor
75159,Solidago virgaurea,OpenWetPoor
75160,Solidago virgaurea,OpenWetPoor
75161,Solidago virgaurea,OpenWetPoor
75162,Solidago virgaurea,OpenWetPoor
75163,Solidago virgaurea,OpenWetPoor
75164,Solidago virgaurea,OpenWetPoor
75165,Solidago virgaurea,OpenWetPoor
75166,Solidago virgaurea,OpenWetPoor
75167,Solidago virgaurea,OpenWetPoor
75168,Solidago virgaurea,OpenWetPoor
75169,Solidago virgaurea,OpenWetPoor
75751,Solidago virgaurea,OpenWetPoor
75752,Solidago virgaurea,OpenWetPoor
75753,Solidago virgaurea,OpenWetPoor
75754,Solidago virgaurea,OpenWetPoor
75755,Solidago virgaurea,OpenWetPoor
75756,Solidago virgaurea,OpenWetPoor
75757,Solidago virgaurea,OpenWetPoor
75758,Solidago virgaurea,OpenWetPoor
75759,Solidago virgaurea,OpenWetPoor
75760,Solidago virgaurea,OpenWetPoor
75761,Solidago virgaurea,OpenWetPoor
75762,Solidago virgaurea,OpenWetPoor
75763,Solidago virgaurea,OpenWetPoor
75764,Solidago virgaurea,OpenWetPoor
75765,Solidago virgaurea,OpenWetPoor
75766,Solidago virgaurea,OpenWetPoor
75767,Solidago virgaurea,OpenWetPoor
75768,Solidago virgaurea,OpenWetPoor
75769,Solidago virgaurea,OpenWetPoor
76350,Solidago virgaurea,OpenWetPoor
76351,Solidago virgaurea,OpenWetPoor
76352,Solidago virgaurea,OpenWetPoor
76353,Solidago virgaurea,OpenWetPoor
76354,Solidago virgaurea,OpenWetPoor
76355,Solidago virgaurea,OpenWetPoor
76356,Solidago virgaurea,OpenWetPoor
76357,Solidago virgaurea,OpenWetPoor
76358,Solidago virgaurea,OpenWetPoor
76359,Solidago virgaurea,OpenWetPoor
76360,Solidago virgaurea,OpenWetPoor
76361,Solidago virgaurea,OpenWetPoor
76362,Solidago virgaurea,OpenWetPoor
76363,Solidago virgaurea,OpenWetPoor
76364,Solidago virgaurea,OpenWetPoor
76365,Solidago virgaurea,OpenWetPoor
76366,Solidago virgaurea,OpenWetPoor
76367,Solidago virgaurea,OpenWetPoor
76368,Solidago virgaurea,OpenWetPoor
76369,Solidago virgaurea,OpenWetPoor
76949,Solidago virgaurea,OpenWetPoor
76950,Solidago virgaurea,OpenWetPoor
76951,Solidago virgaurea,OpenWetPoor
76952,Solidago virgaurea,OpenWetPoor
76953,Solidago virgaurea,OpenWetPoor
76954,Solidago virgaurea,OpenWetPoor
76955,Solidago virgaurea,OpenWetPoor
76956,Solidago virgaurea,OpenWetPoor
76957,Solidago virgaurea,OpenWetPoor
76958,Solidago virgaurea,OpenWetPoor
76959,Solidago virgaurea,OpenWetPoor
76960,Solidago virgaurea,OpenWetPoor
76961,Solidago virgaurea,OpenWetPoor
76962,Solidago virgaurea,OpenWetPoor
76963,Solidago virgaurea,OpenWetPoor
76964,Solidago virgaurea,OpenWetPoor
76965,Solidago virgaurea,OpenWetPoor
76966,Solidago virgaurea,OpenWetPoor
76967,Solidago virgaurea,OpenWetPoor
76968,Solidago virgaurea,OpenWetPoor
76969,Solidago virgaurea,OpenWetPoor
77548,Solidago virgaurea,OpenWetPoor
77549,Solidago virgaurea,OpenWetPoor
77550,Solidago virgaurea,OpenWetPoor
77551,Solidago virgaurea,OpenWetPoor
77552,Solidago virgaurea,OpenWetPoor
77553,Solidago virgaurea,OpenWetPoor
77554,Solidago virgaurea,OpenWetPoor
77555,Solidago virgaurea,OpenWetPoor
77556,Solidago virgaurea,OpenWetPoor
77557,Solidago virgaurea,OpenWetPoor
77558,Solidago virgaurea,OpenWetPoor
77559,Solidago virgaurea,OpenWetPoor
77560,Solidago virgaurea,OpenWetPoor
77561,Solidago virgaurea,OpenWetPoor
77562,Solidago virgaurea,OpenWetPoor
77563,Solidago virgaurea,OpenWetPoor
77564,Solidago virgaurea,OpenWetPoor
77565,Solidago virgaurea,OpenWetPoor
77566,Solidago virgaurea,OpenWetPoor
77567,Solidago virgaurea,OpenWetPoor
77568,Solidago virgaurea,OpenWetPoor
77569,Solidago virgaurea,OpenWetPoor
78147,Solidago virgaurea,OpenWetPoor
78148,Solidago virgaurea,OpenWetPoor
78149,Solidago virgaurea,OpenWetPoor
78150,Solidago virgaurea,OpenWetPoor
78151,Solidago virgaurea,OpenWetPoor
78152,Solidago virgaurea,OpenWetPoor
78153,Solidago virgaurea,OpenWetPoor
78154,Solidago virgaurea,OpenWetPoor
78155,Solidago virgaurea,OpenWetPoor
78156,Solidago virgaurea,OpenWetPoor
78157,Solidago virgaurea,OpenWetPoor
78158,Solidago virgaurea,OpenWetPoor
78159,Solidago virgaurea,OpenWetPoor
78160,Solidago virgaurea,OpenWetPoor
78161,Solidago virgaurea,OpenWetPoor
78162,Solidago virgaurea,OpenWetPoor
78163,Solidago virgaurea,OpenWetPoor
78164,Solidago virgaurea,OpenWetPoor
78165,Solidago virgaurea,OpenWetPoor
78166,Solidago virgaurea,OpenWetPoor
78167,Solidago virgaurea,OpenWetPoor
78168,Solidago virgaurea,OpenWetPoor
78169,Solidago virgaurea,OpenWetPoor
78746,Solidago virgaurea,OpenWetPoor
78747,Solidago virgaurea,OpenWetPoor
78748,Solidago virgaurea,OpenWetPoor
78749,Solidago virgaurea,OpenWetPoor
78750,Solidago virgaurea,OpenWetPoor
78751,Solidago virgaurea,OpenWetPoor
78752,Solidago virgaurea,OpenWetPoor
78753,Solidago virgaurea,OpenWetPoor
78754,Solidago virgaurea,OpenWetPoor
78755,Solidago virgaurea,OpenWetPoor
78756,Solidago virgaurea,OpenWetPoor
78757,Solidago virgaurea,OpenWetPoor
78758,Solidago virgaurea,OpenWetPoor
78759,Solidago virgaurea,OpenWetPoor
78760,Solidago virgaurea,OpenWetPoor
78761,Solidago virgaurea,OpenWetPoor
78762,Solidago virgaurea,OpenWetPoor
78763,Solidago virgaurea,OpenWetPoor
78764,Solidago virgaurea,OpenWetPoor
78765,Solidago virgaurea,OpenWetPoor
78766,Solidago virgaurea,OpenWetPoor
78767,Solidago virgaurea,OpenWetPoor
78768,Solidago virgaurea,OpenWetPoor
78769,Solidago virgaurea,OpenWetPoor
79345,Solidago virgaurea,OpenWetPoor
79346,Solidago virgaurea,OpenWetPoor
79347,Solidago virgaurea,OpenWetPoor
79348,Solidago virgaurea,OpenWetPoor
79349,Solidago virgaurea,OpenWetPoor
79350,Solidago virgaurea,OpenWetPoor
79351,Solidago virgaurea,OpenWetPoor
79352,Solidago virgaurea,OpenWetPoor
79353,Solidago virgaurea,OpenWetPoor
79354,Solidago virgaurea,OpenWetPoor
79355,Solidago virgaurea,OpenWetPoor
79356,Solidago virgaurea,OpenWetPoor
79357,Solidago virgaurea,OpenWetPoor
79358,Solidago virgaurea,OpenWetPoor
79359,Solidago virgaurea,OpenWetPoor
79360,Solidago virgaurea,OpenWetPoor
79361,Solidago virgaurea,OpenWetPoor
79362,Solidago virgaurea,OpenWetPoor
79363,Solidago virgaurea,OpenWetPoor
79364,Solidago virgaurea,OpenWetPoor
79365,Solidago virgaurea,OpenWetPoor
79366,Solidago virgaurea,OpenWetPoor
79367,Solidago virgaurea,OpenWetPoor
79368,Solidago virgaurea,OpenWetPoor
79369,Solidago virgaurea,OpenWetPoor
79944,Solidago virgaurea,OpenWetPoor
79945,Solidago virgaurea,OpenWetPoor
79946,Solidago virgaurea,OpenWetPoor
79947,Solidago virgaurea,OpenWetPoor
79948,Solidago virgaurea,OpenWetPoor
79949,Solidago virgaurea,OpenWetPoor
79950,Solidago virgaurea,OpenWetPoor
79951,Solidago virgaurea,OpenWetPoor
79952,Solidago virgaurea,OpenWetPoor
79953,Solidago virgaurea,OpenWetPoor
79954,Solidago virgaurea,OpenWetPoor
79955,Solidago virgaurea,OpenWetPoor
79956,Solidago virgaurea,OpenWetPoor
79957,Solidago virgaurea,OpenWetPoor
79958,Solidago virgaurea,OpenWetPoor
79959,Solidago virgaurea,OpenWetPoor
79960,Solidago virgaurea,OpenWetPoor
79961,Solidago virgaurea,OpenWetPoor
79962,Solidago virgaurea,OpenWetPoor
79963,Solidago virgaurea,OpenWetPoor
79964,Solidago virgaurea,OpenWetPoor
79965,Solidago virgaurea,OpenWetPoor
79966,Solidago virgaurea,OpenWetPoor
79967,Solidago virgaurea,OpenWetPoor
79968,Solidago virgaurea,OpenWetPoor
80543,Solidago virgaurea,OpenWetPoor
80544,Solidago virgaurea,OpenWetPoor
80545,Solidago virgaurea,OpenWetPoor
80546,Solidago virgaurea,OpenWetPoor
80547,Solidago virgaurea,OpenWetPoor
80548,Solidago virgaurea,OpenWetPoor
80549,Solidago virgaurea,OpenWetPoor
80550,Solidago virgaurea,OpenWetPoor
80551,Solidago virgaurea,OpenWetPoor
80552,Solidago virgaurea,OpenWetPoor
80553,Solidago virgaurea,OpenWetPoor
80554,Solidago virgaurea,OpenWetPoor
80555,Solidago virgaurea,OpenWetPoor
80556,Solidago virgaurea,OpenWetPoor
80557,Solidago virgaurea,OpenWetPoor
80558,Solidago virgaurea,OpenWetPoor
80559,Solidago virgaurea,OpenWetPoor
80560,Solidago virgaurea,OpenWetPoor
80561,Solidago virgaurea,OpenWetPoor
80562,Solidago virgaurea,OpenWetPoor
80563,Solidago virgaurea,OpenWetPoor
80564,Solidago virgaurea,OpenWetPoor
80565,Solidago virgaurea,OpenWetPoor
80566,Solidago virgaurea,OpenWetPoor
80567,Solidago virgaurea,OpenWetPoor
80568,Solidago virgaurea,OpenWetPoor
81142,Solidago virgaurea,OpenWetPoor
81143,Solidago virgaurea,OpenWetPoor
81144,Solidago virgaurea,OpenWetPoor
81145,Solidago virgaurea,OpenWetPoor
81146,Solidago virgaurea,OpenWetPoor
81147,Solidago virgaurea,OpenWetPoor
81148,Solidago virgaurea,OpenWetPoor
81149,Solidago virgaurea,OpenWetPoor
81150,Solidago virgaurea,OpenWetPoor
81151,Solidago virgaurea,OpenWetPoor
81152,Solidago virgaurea,OpenWetPoor
81153,Solidago virgaurea,OpenWetPoor
81154,Solidago virgaurea,OpenWetPoor
81155,Solidago virgaurea,OpenWetPoor
81156,Solidago virgaurea,OpenWetPoor
81157,Solidago virgaurea,OpenWetPoor
81158,Solidago virgaurea,OpenWetPoor
81159,Solidago virgaurea,OpenWetPoor
81160,Solidago virgaurea,OpenWetPoor
81161,Solidago virgaurea,OpenWetPoor
81162,Solidago virgaurea,OpenWetPoor
81163,Solidago virgaurea,OpenWetPoor
81164,Solidago virgaurea,OpenWetPoor
81165,Solidago virgaurea,OpenWetPoor
81166,Solidago virgaurea,OpenWetPoor
81167,Solidago virgaurea,OpenWetPoor
81741,Solidago virgaurea,OpenWetPoor
81742,Solidago virgaurea,OpenWetPoor
81743,Solidago virgaurea,OpenWetPoor
81744,Solidago virgaurea,OpenWetPoor
81745,Solidago virgaurea,OpenWetPoor
81746,Solidago virgaurea,OpenWetPoor
81747,Solidago virgaurea,OpenWetPoor
81748,Solidago virgaurea,OpenWetPoor
81749,Solidago virgaurea,OpenWetPoor
81750,Solidago virgaurea,OpenWetPoor
81751,Solidago virgaurea,OpenWetPoor
81752,Solidago virgaurea,OpenWetPoor
81753,Solidago virgaurea,OpenWetPoor
81754,Solidago virgaurea,OpenWetPoor
81755,Solidago virgaurea,OpenWetPoor
81756,Solidago virgaurea,OpenWetPoor
81757,Solidago virgaurea,OpenWetPoor
81758,Solidago virgaurea,OpenWetPoor
81759,Solidago virgaurea,OpenWetPoor
81760,Solidago virgaurea,OpenWetPoor
81761,Solidago virgaurea,OpenWetPoor
81762,Solidago virgaurea,OpenWetPoor
81763,Solidago virgaurea,OpenWetPoor
81764,Solidago virgaurea,OpenWetPoor
81765,Solidago virgaurea,OpenWetPoor
81766,Solidago virgaurea,OpenWetPoor
81767,Solidago virgaurea,OpenWetPoor
82340,Solidago virgaurea,OpenWetPoor
82341,Solidago virgaurea,OpenWetPoor
82342,Solidago virgaurea,OpenWetPoor
82343,Solidago virgaurea,OpenWetPoor
82344,Solidago virgaurea,OpenWetPoor
82345,Solidago virgaurea,OpenWetPoor
82346,Solidago virgaurea,OpenWetPoor
82347,Solidago virgaurea,OpenWetPoor
82348,Solidago virgaurea,OpenWetPoor
82349,Solidago virgaurea,OpenWetPoor
82350,Solidago virgaurea,OpenWetPoor
82351,Solidago virgaurea,OpenWetPoor
82352,Solidago virgaurea,OpenWetPoor
82353,Solidago virgaurea,OpenWetPoor
82354,Solidago virgaurea,OpenWetPoor
82355,Solidago virgaurea,OpenWetPoor
82356,Solidago virgaurea,OpenWetPoor
82357,Solidago virgaurea,OpenWetPoor
82358,Solidago virgaurea,OpenWetPoor
82359,Solidago virgaurea,OpenWetPoor
82360,Solidago virgaurea,OpenWetPoor
82361,Solidago virgaurea,OpenWetPoor
82362,Solidago virgaurea,OpenWetPoor
82363,Solidago virgaurea,OpenWetPoor
82364,Solidago virgaurea,OpenWetPoor
82365,Solidago virgaurea,OpenWetPoor
82366,Solidago virgaurea,OpenWetPoor
82367,Solidago virgaurea,OpenWetPoor
82939,Solidago virgaurea,OpenWetPoor
82940,Solidago virgaurea,OpenWetPoor
82941,Solidago virgaurea,OpenWetPoor
82942,Solidago virgaurea,OpenWetPoor
82943,Solidago virgaurea,OpenWetPoor
82944,Solidago virgaurea,OpenWetPoor
82945,Solidago virgaurea,OpenWetPoor
82946,Solidago virgaurea,OpenWetPoor
82947,Solidago virgaurea,OpenWetPoor
82948,Solidago virgaurea,OpenWetPoor
82949,Solidago virgaurea,OpenWetPoor
82950,Solidago virgaurea,OpenWetPoor
82951,Solidago virgaurea,OpenWetPoor
82952,Solidago virgaurea,OpenWetPoor
82953,Solidago virgaurea,OpenWetPoor
82954,Solidago virgaurea,OpenWetPoor
82955,Solidago virgaurea,OpenWetPoor
82956,Solidago virgaurea,OpenWetPoor
82957,Solidago virgaurea,OpenWetPoor
82958,Solidago virgaurea,OpenWetPoor
82959,Solidago virgaurea,OpenWetPoor
82960,Solidago virgaurea,OpenWetPoor
82961,Solidago virgaurea,OpenWetPoor
82962,Solidago virgaurea,OpenWetPoor
82963,Solidago virgaurea,OpenWetPoor
82964,Solidago virgaurea,OpenWetPoor
82965,Solidago virgaurea,OpenWetPoor
82966,Solidago virgaurea,OpenWetPoor
83538,Solidago virgaurea,OpenWetPoor
83539,Solidago virgaurea,OpenWetPoor
83540,Solidago virgaurea,OpenWetPoor
83541,Solidago virgaurea,OpenWetPoor
83542,Solidago virgaurea,OpenWetPoor
83543,Solidago virgaurea,OpenWetPoor
83544,Solidago virgaurea,OpenWetPoor
83545,Solidago virgaurea,OpenWetPoor
83546,Solidago virgaurea,OpenWetPoor
83547,Solidago virgaurea,OpenWetPoor
83548,Solidago virgaurea,OpenWetPoor
83549,Solidago virgaurea,OpenWetPoor
83550,Solidago virgaurea,OpenWetPoor
83551,Solidago virgaurea,OpenWetPoor
83552,Solidago virgaurea,OpenWetPoor
83553,Solidago virgaurea,OpenWetPoor
83554,Solidago virgaurea,OpenWetPoor
83555,Solidago virgaurea,OpenWetPoor
83556,Solidago virgaurea,OpenWetPoor
83557,Solidago virgaurea,OpenWetPoor
83558,Solidago virgaurea,OpenWetPoor
83559,Solidago virgaurea,OpenWetPoor
83560,Solidago virgaurea,OpenWetPoor
83561,Solidago virgaurea,OpenWetPoor
83562,Solidago virgaurea,OpenWetPoor
83563,Solidago virgaurea,OpenWetPoor
83564,Solidago virgaurea,OpenWetPoor
83565,Solidago virgaurea,OpenWetPoor
83566,Solidago virgaurea,OpenWetPoor
84137,Solidago virgaurea,OpenWetPoor
84138,Solidago virgaurea,OpenWetPoor
84139,Solidago virgaurea,OpenWetPoor
84140,Solidago virgaurea,OpenWetPoor
84141,Solidago virgaurea,OpenWetPoor
84142,Solidago virgaurea,OpenWetPoor
84143,Solidago virgaurea,OpenWetPoor
84144,Solidago virgaurea,OpenWetPoor
84145,Solidago virgaurea,OpenWetPoor
84146,Solidago virgaurea,OpenWetPoor
84147,Solidago virgaurea,OpenWetPoor
84148,Solidago virgaurea,OpenWetPoor
84149,Solidago virgaurea,OpenWetPoor
84150,Solidago virgaurea,OpenWetPoor
84151,Solidago virgaurea,OpenWetPoor
84152,Solidago virgaurea,OpenWetPoor
84153,Solidago virgaurea,OpenWetPoor
84154,Solidago virgaurea,OpenWetPoor
84155,Solidago virgaurea,OpenWetPoor
84156,Solidago virgaurea,OpenWetPoor
84157,Solidago virgaurea,OpenWetPoor
84158,Solidago virgaurea,OpenWetPoor
84159,Solidago virgaurea,OpenWetPoor
84160,Solidago virgaurea,OpenWetPoor
84161,Solidago virgaurea,OpenWetPoor
84162,Solidago virgaurea,OpenWetPoor
84163,Solidago virgaurea,OpenWetPoor
84164,Solidago virgaurea,OpenWetPoor
84165,Solidago virgaurea,OpenWetPoor
84736,Solidago virgaurea,OpenWetPoor
84737,Solidago virgaurea,OpenWetPoor
84738,Solidago virgaurea,OpenWetPoor
84739,Solidago virgaurea,OpenWetPoor
84740,Solidago virgaurea,OpenWetPoor
84741,Solidago virgaurea,OpenWetPoor
84742,Solidago virgaurea,OpenWetPoor
84743,Solidago virgaurea,OpenWetPoor
84744,Solidago virgaurea,OpenWetPoor
84745,Solidago virgaurea,OpenWetPoor
84746,Solidago virgaurea,OpenWetPoor
84747,Solidago virgaurea,OpenWetPoor
84748,Solidago virgaurea,OpenWetPoor
84749,Solidago virgaurea,OpenWetPoor
84750,Solidago virgaurea,OpenWetPoor
84751,Solidago virgaurea,OpenWetPoor
84752,Solidago virgaurea,OpenWetPoor
84753,Solidago virgaurea,OpenWetPoor
84754,Solidago virgaurea,OpenWetPoor
84755,Solidago virgaurea,OpenWetPoor
84756,Solidago virgaurea,OpenWetPoor
84757,Solidago virgaurea,OpenWetPoor
84758,Solidago virgaurea,OpenWetPoor
84759,Solidago virgaurea,OpenWetPoor
84760,Solidago virgaurea,OpenWetPoor
84761,Solidago virgaurea,OpenWetPoor
84762,Solidago virgaurea,OpenWetPoor
84763,Solidago virgaurea,OpenWetPoor
84764,Solidago virgaurea,OpenWetPoor
84765,Solidago virgaurea,OpenWetPoor
85335,Solidago virgaurea,OpenWetPoor
85336,Solidago virgaurea,OpenWetPoor
85337,Solidago virgaurea,OpenWetPoor
85338,Solidago virgaurea,OpenWetPoor
85339,Solidago virgaurea,OpenWetPoor
85340,Solidago virgaurea,OpenWetPoor
85341,Solidago virgaurea,OpenWetPoor
85342,Solidago virgaurea,OpenWetPoor
85343,Solidago virgaurea,OpenWetPoor
85344,Solidago virgaurea,OpenWetPoor
85345,Solidago virgaurea,OpenWetPoor
85346,Solidago virgaurea,OpenWetPoor
85347,Solidago virgaurea,OpenWetPoor
85348,Solidago virgaurea,OpenWetPoor
85349,Solidago virgaurea,OpenWetPoor
85350,Solidago virgaurea,OpenWetPoor
85351,Solidago virgaurea,OpenWetPoor
85352,Solidago virgaurea,OpenWetPoor
85353,Solidago virgaurea,OpenWetPoor
85354,Solidago virgaurea,OpenWetPoor
85355,Solidago virgaurea,OpenWetPoor
85356,Solidago virgaurea,OpenWetPoor
85357,Solidago virgaurea,OpenWetPoor
85358,Solidago virgaurea,OpenWetPoor
85359,Solidago virgaurea,OpenWetPoor
85360,Solidago virgaurea,OpenWetPoor
85361,Solidago virgaurea,OpenWetPoor
85362,Solidago virgaurea,OpenWetPoor
85363,Solidago virgaurea,OpenWetPoor
85364,Solidago virgaurea,OpenWetPoor
85934,Solidago virgaurea,OpenWetPoor
85935,Solidago virgaurea,OpenWetPoor
85936,Solidago virgaurea,OpenWetPoor
85937,Solidago virgaurea,OpenWetPoor
85938,Solidago virgaurea,OpenWetPoor
85939,Solidago virgaurea,OpenWetPoor
85940,Solidago virgaurea,OpenWetPoor
85941,Solidago virgaurea,OpenWetPoor
85942,Solidago virgaurea,OpenWetPoor
85943,Solidago virgaurea,OpenWetPoor
85944,Solidago virgaurea,OpenWetPoor
85945,Solidago virgaurea,OpenWetPoor
85946,Solidago virgaurea,OpenWetPoor
85947,Solidago virgaurea,OpenWetPoor
85948,Solidago virgaurea,OpenWetPoor
85949,Solidago virgaurea,OpenWetPoor
85950,Solidago virgaurea,OpenWetPoor
85951,Solidago virgaurea,OpenWetPoor
85952,Solidago virgaurea,OpenWetPoor
85953,Solidago virgaurea,OpenWetPoor
85954,Solidago virgaurea,OpenWetPoor
85955,Solidago virgaurea,OpenWetPoor
85956,Solidago virgaurea,OpenWetPoor
85957,Solidago virgaurea,OpenWetPoor
85958,Solidago virgaurea,OpenWetPoor
85959,Solidago virgaurea,OpenWetPoor
85960,Solidago virgaurea,OpenWetPoor
85961,Solidago virgaurea,OpenWetPoor
85962,Solidago virgaurea,OpenWetPoor
85963,Solidago virgaurea,OpenWetPoor
86533,Solidago virgaurea,OpenWetPoor
86534,Solidago virgaurea,OpenWetPoor
86535,Solidago virgaurea,OpenWetPoor
86536,Solidago virgaurea,OpenWetPoor
86537,Solidago virgaurea,OpenWetPoor
86538,Solidago virgaurea,OpenWetPoor
86539,Solidago virgaurea,OpenWetPoor
86540,Solidago virgaurea,OpenWetPoor
86541,Solidago virgaurea,OpenWetPoor
86542,Solidago virgaurea,OpenWetPoor
86543,Solidago virgaurea,OpenWetPoor
86544,Solidago virgaurea,OpenWetPoor
86545,Solidago virgaurea,OpenWetPoor
86546,Solidago virgaurea,OpenWetPoor
86547,Solidago virgaurea,OpenWetPoor
86548,Solidago virgaurea,OpenWetPoor
86549,Solidago virgaurea,OpenWetPoor
86550,Solidago virgaurea,OpenWetPoor
86551,Solidago virgaurea,OpenWetPoor
86552,Solidago virgaurea,OpenWetPoor
86553,Solidago virgaurea,OpenWetPoor
86554,Solidago virgaurea,OpenWetPoor
86555,Solidago virgaurea,OpenWetPoor
86556,Solidago virgaurea,OpenWetPoor
86557,Solidago virgaurea,OpenWetPoor
86558,Solidago virgaurea,OpenWetPoor
86559,Solidago virgaurea,OpenWetPoor
86560,Solidago virgaurea,OpenWetPoor
86561,Solidago virgaurea,OpenWetPoor
86562,Solidago virgaurea,OpenWetPoor
86563,Solidago virgaurea,OpenWetPoor
87132,Solidago virgaurea,OpenWetPoor
87133,Solidago virgaurea,OpenWetPoor
87134,Solidago virgaurea,OpenWetPoor
87135,Solidago virgaurea,OpenWetPoor
87136,Solidago virgaurea,OpenWetPoor
87137,Solidago virgaurea,OpenWetPoor
87138,Solidago virgaurea,OpenWetPoor
87139,Solidago virgaurea,OpenWetPoor
87140,Solidago virgaurea,OpenWetPoor
87141,Solidago virgaurea,OpenWetPoor
87142,Solidago virgaurea,OpenWetPoor
87143,Solidago virgaurea,OpenWetPoor
87144,Solidago virgaurea,OpenWetPoor
87145,Solidago virgaurea,OpenWetPoor
87146,Solidago virgaurea,OpenWetPoor
87147,Solidago virgaurea,OpenWetPoor
87148,Solidago virgaurea,OpenWetPoor
87149,Solidago virgaurea,OpenWetPoor
87150,Solidago virgaurea,OpenWetPoor
87151,Solidago virgaurea,OpenWetPoor
87152,Solidago virgaurea,OpenWetPoor
87153,Solidago virgaurea,OpenWetPoor
87154,Solidago virgaurea,OpenWetPoor
87155,Solidago virgaurea,OpenWetPoor
87156,Solidago virgaurea,OpenWetPoor
87157,Solidago virgaurea,OpenWetPoor
87158,Solidago virgaurea,OpenWetPoor
87159,Solidago virgaurea,OpenWetPoor
87160,Solidago virgaurea,OpenWetPoor
87161,Solidago virgaurea,OpenWetPoor
87162,Solidago virgaurea,OpenWetPoor
87731,Solidago virgaurea,OpenWetPoor
87732,Solidago virgaurea,OpenWetPoor
87733,Solidago virgaurea,OpenWetPoor
87734,Solidago virgaurea,OpenWetPoor
87735,Solidago virgaurea,OpenWetPoor
87736,Solidago virgaurea,OpenWetPoor
87737,Solidago virgaurea,OpenWetPoor
87738,Solidago virgaurea,OpenWetPoor
87739,Solidago virgaurea,OpenWetPoor
87740,Solidago virgaurea,OpenWetPoor
87741,Solidago virgaurea,OpenWetPoor
87742,Solidago virgaurea,OpenWetPoor
87743,Solidago virgaurea,OpenWetPoor
87744,Solidago virgaurea,OpenWetPoor
87745,Solidago virgaurea,OpenWetPoor
87746,Solidago virgaurea,OpenWetPoor
87747,Solidago virgaurea,OpenWetPoor
87748,Solidago virgaurea,OpenWetPoor
87749,Solidago virgaurea,OpenWetPoor
87750,Solidago virgaurea,OpenWetPoor
87751,Solidago virgaurea,OpenWetPoor
87752,Solidago virgaurea,OpenWetPoor
87753,Solidago virgaurea,OpenWetPoor
87754,Solidago virgaurea,OpenWetPoor
87755,Solidago virgaurea,OpenWetPoor
87756,Solidago virgaurea,OpenWetPoor
87757,Solidago virgaurea,OpenWetPoor
87758,Solidago virgaurea,OpenWetPoor
87759,Solidago virgaurea,OpenWetPoor
87760,Solidago virgaurea,OpenWetPoor
87761,Solidago virgaurea,OpenWetPoor
87762,Solidago virgaurea,OpenWetPoor
88330,Solidago virgaurea,OpenWetPoor
88331,Solidago virgaurea,OpenWetPoor
88332,Solidago virgaurea,OpenWetPoor
88333,Solidago virgaurea,OpenWetPoor
88334,Solidago virgaurea,OpenWetPoor
88335,Solidago virgaurea,OpenWetPoor
88336,Solidago virgaurea,OpenWetPoor
88337,Solidago virgaurea,OpenWetPoor
88338,Solidago virgaurea,OpenWetPoor
88339,Solidago virgaurea,OpenWetPoor
88340,Solidago virgaurea,OpenWetPoor
88341,Solidago virgaurea,OpenWetPoor
88342,Solidago virgaurea,OpenWetPoor
88343,Solidago virgaurea,OpenWetPoor
88344,Solidago virgaurea,OpenWetPoor
88345,Solidago virgaurea,OpenWetPoor
88346,Solidago virgaurea,OpenWetPoor
88347,Solidago virgaurea,OpenWetPoor
88348,Solidago virgaurea,OpenWetPoor
88349,Solidago virgaurea,OpenWetPoor
88350,Solidago virgaurea,OpenWetPoor
88351,Solidago virgaurea,OpenWetPoor
88352,Solidago virgaurea,OpenWetPoor
88353,Solidago virgaurea,OpenWetPoor
88354,Solidago virgaurea,OpenWetPoor
88355,Solidago virgaurea,OpenWetPoor
88356,Solidago virgaurea,OpenWetPoor
88357,Solidago virgaurea,OpenWetPoor
88358,Solidago virgaurea,OpenWetPoor
88359,Solidago virgaurea,OpenWetPoor
88360,Solidago virgaurea,OpenWetPoor
88361,Solidago virgaurea,OpenWetPoor
88929,Solidago virgaurea,OpenWetPoor
88930,Solidago virgaurea,OpenWetPoor
88931,Solidago virgaurea,OpenWetPoor
88932,Solidago virgaurea,OpenWetPoor
88933,Solidago virgaurea,OpenWetPoor
88934,Solidago virgaurea,OpenWetPoor
88935,Solidago virgaurea,OpenWetPoor
88936,Solidago virgaurea,OpenWetPoor
88937,Solidago virgaurea,OpenWetPoor
88938,Solidago virgaurea,OpenWetPoor
88939,Solidago virgaurea,OpenWetPoor
88940,Solidago virgaurea,OpenWetPoor
88941,Solidago virgaurea,OpenWetPoor
88942,Solidago virgaurea,OpenWetPoor
88943,Solidago virgaurea,OpenWetPoor
88944,Solidago virgaurea,OpenWetPoor
88945,Solidago virgaurea,OpenWetPoor
88946,Solidago virgaurea,OpenWetPoor
88947,Solidago virgaurea,OpenWetPoor
88948,Solidago virgaurea,OpenWetPoor
88949,Solidago virgaurea,OpenWetPoor
88950,Solidago virgaurea,OpenWetPoor
88951,Solidago virgaurea,OpenWetPoor
88952,Solidago virgaurea,OpenWetPoor
88953,Solidago virgaurea,OpenWetPoor
88954,Solidago virgaurea,OpenWetPoor
88955,Solidago virgaurea,OpenWetPoor
88956,Solidago virgaurea,OpenWetPoor
88957,Solidago virgaurea,OpenWetPoor
88958,Solidago virgaurea,OpenWetPoor
88959,Solidago virgaurea,OpenWetPoor
88960,Solidago virgaurea,OpenWetPoor
89528,Solidago virgaurea,OpenWetPoor
89529,Solidago virgaurea,OpenWetPoor
89530,Solidago virgaurea,OpenWetPoor
89531,Solidago virgaurea,OpenWetPoor
89532,Solidago virgaurea,OpenWetPoor
89533,Solidago virgaurea,OpenWetPoor
89534,Solidago virgaurea,OpenWetPoor
89535,Solidago virgaurea,OpenWetPoor
89536,Solidago virgaurea,OpenWetPoor
89537,Solidago virgaurea,OpenWetPoor
89538,Solidago virgaurea,OpenWetPoor
89539,Solidago virgaurea,OpenWetPoor
89540,Solidago virgaurea,OpenWetPoor
89541,Solidago virgaurea,OpenWetPoor
89542,Solidago virgaurea,OpenWetPoor
89543,Solidago virgaurea,OpenWetPoor
89544,Solidago virgaurea,OpenWetPoor
89545,Solidago virgaurea,OpenWetPoor
89546,Solidago virgaurea,OpenWetPoor
89547,Solidago virgaurea,OpenWetPoor
89548,Solidago virgaurea,OpenWetPoor
89549,Solidago virgaurea,OpenWetPoor
89550,Solidago virgaurea,OpenWetPoor
89551,Solidago virgaurea,OpenWetPoor
89552,Solidago virgaurea,OpenWetPoor
89553,Solidago virgaurea,OpenWetPoor
89554,Solidago virgaurea,OpenWetPoor
89555,Solidago virgaurea,OpenWetPoor
89556,Solidago virgaurea,OpenWetPoor
89557,Solidago virgaurea,OpenWetPoor
89558,Solidago virgaurea,OpenWetPoor
89559,Solidago virgaurea,OpenWetPoor
90127,Solidago virgaurea,OpenWetPoor
90128,Solidago virgaurea,OpenWetPoor
90129,Solidago virgaurea,OpenWetPoor
90130,Solidago virgaurea,OpenWetPoor
90131,Solidago virgaurea,OpenWetPoor
90132,Solidago virgaurea,OpenWetPoor
90133,Solidago virgaurea,OpenWetPoor
90134,Solidago virgaurea,OpenWetPoor
90135,Solidago virgaurea,OpenWetPoor
90136,Solidago virgaurea,OpenWetPoor
90137,Solidago virgaurea,OpenWetPoor
90138,Solidago virgaurea,OpenWetPoor
90139,Solidago virgaurea,OpenWetPoor
90140,Solidago virgaurea,OpenWetPoor
90141,Solidago virgaurea,OpenWetPoor
90142,Solidago virgaurea,OpenWetPoor
90143,Solidago virgaurea,OpenWetPoor
90144,Solidago virgaurea,OpenWetPoor
90145,Solidago virgaurea,OpenWetPoor
90146,Solidago virgaurea,OpenWetPoor
90147,Solidago virgaurea,OpenWetPoor
90148,Solidago virgaurea,OpenWetPoor
90149,Solidago virgaurea,OpenWetPoor
90150,Solidago virgaurea,OpenWetPoor
90151,Solidago virgaurea,OpenWetPoor
90152,Solidago virgaurea,OpenWetPoor
90153,Solidago virgaurea,OpenWetPoor
90154,Solidago virgaurea,OpenWetPoor
90155,Solidago virgaurea,OpenWetPoor
90156,Solidago virgaurea,OpenWetPoor
90157,Solidago virgaurea,OpenWetPoor
90158,Solidago virgaurea,OpenWetPoor
90159,Solidago virgaurea,OpenWetPoor
90726,Solidago virgaurea,OpenWetPoor
90727,Solidago virgaurea,OpenWetPoor
90728,Solidago virgaurea,OpenWetPoor
90729,Solidago virgaurea,OpenWetPoor
90730,Solidago virgaurea,OpenWetPoor
90731,Solidago virgaurea,OpenWetPoor
90732,Solidago virgaurea,OpenWetPoor
90733,Solidago virgaurea,OpenWetPoor
90734,Solidago virgaurea,OpenWetPoor
90735,Solidago virgaurea,OpenWetPoor
90736,Solidago virgaurea,OpenWetPoor
90737,Solidago virgaurea,OpenWetPoor
90738,Solidago virgaurea,OpenWetPoor
90739,Solidago virgaurea,OpenWetPoor
90740,Solidago virgaurea,OpenWetPoor
90741,Solidago virgaurea,OpenWetPoor
90742,Solidago virgaurea,OpenWetPoor
90743,Solidago virgaurea,OpenWetPoor
90744,Solidago virgaurea,OpenWetPoor
90745,Solidago virgaurea,OpenWetPoor
90746,Solidago virgaurea,OpenWetPoor
90747,Solidago virgaurea,OpenWetPoor
90748,Solidago virgaurea,OpenWetPoor
90749,Solidago virgaurea,OpenWetPoor
90750,Solidago virgaurea,OpenWetPoor
90751,Solidago virgaurea,OpenWetPoor
90752,Solidago virgaurea,OpenWetPoor
90753,Solidago virgaurea,OpenWetPoor
90754,Solidago virgaurea,OpenWetPoor
90755,Solidago virgaurea,OpenWetPoor
90756,Solidago virgaurea,OpenWetPoor
90757,Solidago virgaurea,OpenWetPoor
90758,Solidago virgaurea,OpenWetPoor
91325,Solidago virgaurea,OpenWetPoor
91326,Solidago virgaurea,OpenWetPoor
91327,Solidago virgaurea,OpenWetPoor
91328,Solidago virgaurea,OpenWetPoor
91329,Solidago virgaurea,OpenWetPoor
91330,Solidago virgaurea,OpenWetPoor
91331,Solidago virgaurea,OpenWetPoor
91332,Solidago virgaurea,OpenWetPoor
91333,Solidago virgaurea,OpenWetPoor
91334,Solidago virgaurea,OpenWetPoor
91335,Solidago virgaurea,OpenWetPoor
91336,Solidago virgaurea,OpenWetPoor
91337,Solidago virgaurea,OpenWetPoor
91338,Solidago virgaurea,OpenWetPoor
91339,Solidago virgaurea,OpenWetPoor
91340,Solidago virgaurea,OpenWetPoor
91341,Solidago virgaurea,OpenWetPoor
91342,Solidago virgaurea,OpenWetPoor
91343,Solidago virgaurea,OpenWetPoor
91344,Solidago virgaurea,OpenWetPoor
91345,Solidago virgaurea,OpenWetPoor
91346,Solidago virgaurea,OpenWetPoor
91347,Solidago virgaurea,OpenWetPoor
91348,Solidago virgaurea,OpenWetPoor
91349,Solidago virgaurea,OpenWetPoor
91350,Solidago virgaurea,OpenWetPoor
91351,Solidago virgaurea,OpenWetPoor
91352,Solidago virgaurea,OpenWetPoor
91353,Solidago virgaurea,OpenWetPoor
91354,Solidago virgaurea,OpenWetPoor
91355,Solidago virgaurea,OpenWetPoor
91356,Solidago virgaurea,OpenWetPoor
91357,Solidago virgaurea,OpenWetPoor
91924,Solidago virgaurea,OpenWetPoor
91925,Solidago virgaurea,OpenWetPoor
91926,Solidago virgaurea,OpenWetPoor
91927,Solidago virgaurea,OpenWetPoor
91928,Solidago virgaurea,OpenWetPoor
91929,Solidago virgaurea,OpenWetPoor
91930,Solidago virgaurea,OpenWetPoor
91931,Solidago virgaurea,OpenWetPoor
91932,Solidago virgaurea,OpenWetPoor
91933,Solidago virgaurea,OpenWetPoor
91934,Solidago virgaurea,OpenWetPoor
91935,Solidago virgaurea,OpenWetPoor
91936,Solidago virgaurea,OpenWetPoor
91937,Solidago virgaurea,OpenWetPoor
91938,Solidago virgaurea,OpenWetPoor
91939,Solidago virgaurea,OpenWetPoor
91940,Solidago virgaurea,OpenWetPoor
91941,Solidago virgaurea,OpenWetPoor
91942,Solidago virgaurea,OpenWetPoor
91943,Solidago virgaurea,OpenWetPoor
91944,Solidago virgaurea,OpenWetPoor
91945,Solidago virgaurea,OpenWetPoor
91946,Solidago virgaurea,OpenWetPoor
91947,Solidago virgaurea,OpenWetPoor
91948,Solidago virgaurea,OpenWetPoor
91949,Solidago virgaurea,OpenWetPoor
91950,Solidago virgaurea,OpenWetPoor
91951,Solidago virgaurea,OpenWetPoor
91952,Solidago virgaurea,OpenWetPoor
91953,Solidago virgaurea,OpenWetPoor
91954,Solidago virgaurea,OpenWetPoor
91955,Solidago virgaurea,OpenWetPoor
91956,Solidago virgaurea,OpenWetPoor
92523,Solidago virgaurea,OpenWetPoor
92524,Solidago virgaurea,OpenWetPoor
92525,Solidago virgaurea,OpenWetPoor
92526,Solidago virgaurea,OpenWetPoor
92527,Solidago virgaurea,OpenWetPoor
92528,Solidago virgaurea,OpenWetPoor
92529,Solidago virgaurea,OpenWetPoor
92530,Solidago virgaurea,OpenWetPoor
92531,Solidago virgaurea,OpenWetPoor
92532,Solidago virgaurea,OpenWetPoor
92533,Solidago virgaurea,OpenWetPoor
92534,Solidago virgaurea,OpenWetPoor
92535,Solidago virgaurea,OpenWetPoor
92536,Solidago virgaurea,OpenWetPoor
92537,Solidago virgaurea,OpenWetPoor
92538,Solidago virgaurea,OpenWetPoor
92539,Solidago virgaurea,OpenWetPoor
92540,Solidago virgaurea,OpenWetPoor
92541,Solidago virgaurea,OpenWetPoor
92542,Solidago virgaurea,OpenWetPoor
92543,Solidago virgaurea,OpenWetPoor
92544,Solidago virgaurea,OpenWetPoor
92545,Solidago virgaurea,OpenWetPoor
92546,Solidago virgaurea,OpenWetPoor
92547,Solidago virgaurea,OpenWetPoor
92548,Solidago virgaurea,OpenWetPoor
92549,Solidago virgaurea,OpenWetPoor
92550,Solidago virgaurea,OpenWetPoor
92551,Solidago virgaurea,OpenWetPoor
92552,Solidago virgaurea,OpenWetPoor
92553,Solidago virgaurea,OpenWetPoor
92554,Solidago virgaurea,OpenWetPoor
92555,Solidago virgaurea,OpenWetPoor
93122,Solidago virgaurea,OpenWetPoor
93123,Solidago virgaurea,OpenWetPoor
93124,Solidago virgaurea,OpenWetPoor
93125,Solidago virgaurea,OpenWetPoor
93126,Solidago virgaurea,OpenWetPoor
93127,Solidago virgaurea,OpenWetPoor
93128,Solidago virgaurea,OpenWetPoor
93129,Solidago virgaurea,OpenWetPoor
93130,Solidago virgaurea,OpenWetPoor
93131,Solidago virgaurea,OpenWetPoor
93132,Solidago virgaurea,OpenWetPoor
93133,Solidago virgaurea,OpenWetPoor
93134,Solidago virgaurea,OpenWetPoor
93135,Solidago virgaurea,OpenWetPoor
93136,Solidago virgaurea,OpenWetPoor
93137,Solidago virgaurea,OpenWetPoor
93138,Solidago virgaurea,OpenWetPoor
93139,Solidago virgaurea,OpenWetPoor
93140,Solidago virgaurea,OpenWetPoor
93141,Solidago virgaurea,OpenWetPoor
93142,Solidago virgaurea,OpenWetPoor
93143,Solidago virgaurea,OpenWetPoor
93144,Solidago virgaurea,OpenWetPoor
93145,Solidago virgaurea,OpenWetPoor
93146,Solidago virgaurea,OpenWetPoor
93147,Solidago virgaurea,OpenWetPoor
93148,Solidago virgaurea,OpenWetPoor
93149,Solidago virgaurea,OpenWetPoor
93150,Solidago virgaurea,OpenWetPoor
93151,Solidago virgaurea,OpenWetPoor
93152,Solidago virgaurea,OpenWetPoor
93153,Solidago virgaurea,OpenWetPoor
93154,Solidago virgaurea,OpenWetPoor
93155,Solidago virgaurea,OpenWetPoor
93721,Solidago virgaurea,OpenWetPoor
93722,Solidago virgaurea,OpenWetPoor
93723,Solidago virgaurea,OpenWetPoor
93724,Solidago virgaurea,OpenWetPoor
93725,Solidago virgaurea,OpenWetPoor
93726,Solidago virgaurea,OpenWetPoor
93727,Solidago virgaurea,OpenWetPoor
93728,Solidago virgaurea,OpenWetPoor
93729,Solidago virgaurea,OpenWetPoor
93730,Solidago virgaurea,OpenWetPoor
93731,Solidago virgaurea,OpenWetPoor
93732,Solidago virgaurea,OpenWetPoor
93733,Solidago virgaurea,OpenWetPoor
93734,Solidago virgaurea,OpenWetPoor
93735,Solidago virgaurea,OpenWetPoor
93736,Solidago virgaurea,OpenWetPoor
93737,Solidago virgaurea,OpenWetPoor
93738,Solidago virgaurea,OpenWetPoor
93739,Solidago virgaurea,OpenWetPoor
93740,Solidago virgaurea,OpenWetPoor
93741,Solidago virgaurea,OpenWetPoor
93742,Solidago virgaurea,OpenWetPoor
93743,Solidago virgaurea,OpenWetPoor
93744,Solidago virgaurea,OpenWetPoor
93745,Solidago virgaurea,OpenWetPoor
93746,Solidago virgaurea,OpenWetPoor
93747,Solidago virgaurea,OpenWetPoor
93748,Solidago virgaurea,OpenWetPoor
93749,Solidago virgaurea,OpenWetPoor
93750,Solidago virgaurea,OpenWetPoor
93751,Solidago virgaurea,OpenWetPoor
93752,Solidago virgaurea,OpenWetPoor
93753,Solidago virgaurea,OpenWetPoor
93754,Solidago virgaurea,OpenWetPoor
94320,Solidago virgaurea,OpenWetPoor
94321,Solidago virgaurea,OpenWetPoor
94322,Solidago virgaurea,OpenWetPoor
94323,Solidago virgaurea,OpenWetPoor
94324,Solidago virgaurea,OpenWetPoor
94325,Solidago virgaurea,OpenWetPoor
94326,Solidago virgaurea,OpenWetPoor
94327,Solidago virgaurea,OpenWetPoor
94328,Solidago virgaurea,OpenWetPoor
94329,Solidago virgaurea,OpenWetPoor
94330,Solidago virgaurea,OpenWetPoor
94331,Solidago virgaurea,OpenWetPoor
94332,Solidago virgaurea,OpenWetPoor
94333,Solidago virgaurea,OpenWetPoor
94334,Solidago virgaurea,OpenWetPoor
94335,Solidago virgaurea,OpenWetPoor
94336,Solidago virgaurea,OpenWetPoor
94337,Solidago virgaurea,OpenWetPoor
94338,Solidago virgaurea,OpenWetPoor
94339,Solidago virgaurea,OpenWetPoor
94340,Solidago virgaurea,OpenWetPoor
94341,Solidago virgaurea,OpenWetPoor
94342,Solidago virgaurea,OpenWetPoor
94343,Solidago virgaurea,OpenWetPoor
94344,Solidago virgaurea,OpenWetPoor
94345,Solidago virgaurea,OpenWetPoor
94346,Solidago virgaurea,OpenWetPoor
94347,Solidago virgaurea,OpenWetPoor
94348,Solidago virgaurea,OpenWetPoor
94349,Solidago virgaurea,OpenWetPoor
94350,Solidago virgaurea,OpenWetPoor
94351,Solidago virgaurea,OpenWetPoor
94352,Solidago virgaurea,OpenWetPoor
94353,Solidago virgaurea,OpenWetPoor
94919,Solidago virgaurea,OpenWetPoor
94920,Solidago virgaurea,OpenWetPoor
94921,Solidago virgaurea,OpenWetPoor
94922,Solidago virgaurea,OpenWetPoor
94923,Solidago virgaurea,OpenWetPoor
94924,Solidago virgaurea,OpenWetPoor
94925,Solidago virgaurea,OpenWetPoor
94926,Solidago virgaurea,OpenWetPoor
94927,Solidago virgaurea,OpenWetPoor
94928,Solidago virgaurea,OpenWetPoor
94929,Solidago virgaurea,OpenWetPoor
94930,Solidago virgaurea,OpenWetPoor
94931,Solidago virgaurea,OpenWetPoor
94932,Solidago virgaurea,OpenWetPoor
94933,Solidago virgaurea,OpenWetPoor
94934,Solidago virgaurea,OpenWetPoor
94935,Solidago virgaurea,OpenWetPoor
94936,Solidago virgaurea,OpenWetPoor
94937,Solidago virgaurea,OpenWetPoor
94938,Solidago virgaurea,OpenWetPoor
94939,Solidago virgaurea,OpenWetPoor
94940,Solidago virgaurea,OpenWetPoor
94941,Solidago virgaurea,OpenWetPoor
94942,Solidago virgaurea,OpenWetPoor
94943,Solidago virgaurea,OpenWetPoor
94944,Solidago virgaurea,OpenWetPoor
94945,Solidago virgaurea,OpenWetPoor
94946,Solidago virgaurea,OpenWetPoor
94947,Solidago virgaurea,OpenWetPoor
94948,Solidago virgaurea,OpenWetPoor
94949,Solidago virgaurea,OpenWetPoor
94950,Solidago virgaurea,OpenWetPoor
94951,Solidago virgaurea,OpenWetPoor
94952,Solidago virgaurea,OpenWetPoor
95518,Solidago virgaurea,OpenWetPoor
95519,Solidago virgaurea,OpenWetPoor
95520,Solidago virgaurea,OpenWetPoor
95521,Solidago virgaurea,OpenWetPoor
95522,Solidago virgaurea,OpenWetPoor
95523,Solidago virgaurea,OpenWetPoor
95524,Solidago virgaurea,OpenWetPoor
95525,Solidago virgaurea,OpenWetPoor
95526,Solidago virgaurea,OpenWetPoor
95527,Solidago virgaurea,OpenWetPoor
95528,Solidago virgaurea,OpenWetPoor
95529,Solidago virgaurea,OpenWetPoor
95530,Solidago virgaurea,OpenWetPoor
95531,Solidago virgaurea,OpenWetPoor
95532,Solidago virgaurea,OpenWetPoor
95533,Solidago virgaurea,OpenWetPoor
95534,Solidago virgaurea,OpenWetPoor
95535,Solidago virgaurea,OpenWetPoor
95536,Solidago virgaurea,OpenWetPoor
95537,Solidago virgaurea,OpenWetPoor
95538,Solidago virgaurea,OpenWetPoor
95539,Solidago virgaurea,OpenWetPoor
95540,Solidago virgaurea,OpenWetPoor
95541,Solidago virgaurea,OpenWetPoor
95542,Solidago virgaurea,OpenWetPoor
95543,Solidago virgaurea,OpenWetPoor
95544,Solidago virgaurea,OpenWetPoor
95545,Solidago virgaurea,OpenWetPoor
95546,Solidago virgaurea,OpenWetPoor
95547,Solidago virgaurea,OpenWetPoor
95548,Solidago virgaurea,OpenWetPoor
95549,Solidago virgaurea,OpenWetPoor
95550,Solidago virgaurea,OpenWetPoor
95551,Solidago virgaurea,OpenWetPoor
96117,Solidago virgaurea,OpenWetPoor
96118,Solidago virgaurea,OpenWetPoor
96119,Solidago virgaurea,OpenWetPoor
96120,Solidago virgaurea,OpenWetPoor
96121,Solidago virgaurea,OpenWetPoor
96122,Solidago virgaurea,OpenWetPoor
96123,Solidago virgaurea,OpenWetPoor
96124,Solidago virgaurea,OpenWetPoor
96125,Solidago virgaurea,OpenWetPoor
96126,Solidago virgaurea,OpenWetPoor
96127,Solidago virgaurea,OpenWetPoor
96128,Solidago virgaurea,OpenWetPoor
96129,Solidago virgaurea,OpenWetPoor
96130,Solidago virgaurea,OpenWetPoor
96131,Solidago virgaurea,OpenWetPoor
96132,Solidago virgaurea,OpenWetPoor
96133,Solidago virgaurea,OpenWetPoor
96134,Solidago virgaurea,OpenWetPoor
96135,Solidago virgaurea,OpenWetPoor
96136,Solidago virgaurea,OpenWetPoor
96137,Solidago virgaurea,OpenWetPoor
96138,Solidago virgaurea,OpenWetPoor
96139,Solidago virgaurea,OpenWetPoor
96140,Solidago virgaurea,OpenWetPoor
96141,Solidago virgaurea,OpenWetPoor
96142,Solidago virgaurea,OpenWetPoor
96143,Solidago virgaurea,OpenWetPoor
96144,Solidago virgaurea,OpenWetPoor
96145,Solidago virgaurea,OpenWetPoor
96146,Solidago virgaurea,OpenWetPoor
96147,Solidago virgaurea,OpenWetPoor
96148,Solidago virgaurea,OpenWetPoor
96149,Solidago virgaurea,OpenWetPoor
96150,Solidago virgaurea,OpenWetPoor
96716,Solidago virgaurea,OpenWetPoor
96717,Solidago virgaurea,OpenWetPoor
96718,Solidago virgaurea,OpenWetPoor
96719,Solidago virgaurea,OpenWetPoor
96720,Solidago virgaurea,OpenWetPoor
96721,Solidago virgaurea,OpenWetPoor
96722,Solidago virgaurea,OpenWetPoor
96723,Solidago virgaurea,OpenWetPoor
96724,Solidago virgaurea,OpenWetPoor
96725,Solidago virgaurea,OpenWetPoor
96726,Solidago virgaurea,OpenWetPoor
96727,Solidago virgaurea,OpenWetPoor
96728,Solidago virgaurea,OpenWetPoor
96729,Solidago virgaurea,OpenWetPoor
96730,Solidago virgaurea,OpenWetPoor
96731,Solidago virgaurea,OpenWetPoor
96732,Solidago virgaurea,OpenWetPoor
96733,Solidago virgaurea,OpenWetPoor
96734,Solidago virgaurea,OpenWetPoor
96735,Solidago virgaurea,OpenWetPoor
96736,Solidago virgaurea,OpenWetPoor
96737,Solidago virgaurea,OpenWetPoor
96738,Solidago virgaurea,OpenWetPoor
96739,Solidago virgaurea,OpenWetPoor
96740,Solidago virgaurea,OpenWetPoor
96741,Solidago virgaurea,OpenWetPoor
96742,Solidago virgaurea,OpenWetPoor
96743,Solidago virgaurea,OpenWetPoor
96744,Solidago virgaurea,OpenWetPoor
96745,Solidago virgaurea,OpenWetPoor
96746,Solidago virgaurea,OpenWetPoor
96747,Solidago virgaurea,OpenWetPoor
96748,Solidago virgaurea,OpenWetPoor
96749,Solidago virgaurea,OpenWetPoor
97315,Solidago virgaurea,OpenWetPoor
97316,Solidago virgaurea,OpenWetPoor
97317,Solidago virgaurea,OpenWetPoor
97318,Solidago virgaurea,OpenWetPoor
97319,Solidago virgaurea,OpenWetPoor
97320,Solidago virgaurea,OpenWetPoor
97321,Solidago virgaurea,OpenWetPoor
97322,Solidago virgaurea,OpenWetPoor
97323,Solidago virgaurea,OpenWetPoor
97324,Solidago virgaurea,OpenWetPoor
97325,Solidago virgaurea,OpenWetPoor
97326,Solidago virgaurea,OpenWetPoor
97327,Solidago virgaurea,OpenWetPoor
97328,Solidago virgaurea,OpenWetPoor
97329,Solidago virgaurea,OpenWetPoor
97330,Solidago virgaurea,OpenWetPoor
97331,Solidago virgaurea,OpenWetPoor
97332,Solidago virgaurea,OpenWetPoor
97333,Solidago virgaurea,OpenWetPoor
97334,Solidago virgaurea,OpenWetPoor
97335,Solidago virgaurea,OpenWetPoor
97336,Solidago virgaurea,OpenWetPoor
97337,Solidago virgaurea,OpenWetPoor
97338,Solidago virgaurea,OpenWetPoor
97339,Solidago virgaurea,OpenWetPoor
97340,Solidago virgaurea,OpenWetPoor
97341,Solidago virgaurea,OpenWetPoor
97342,Solidago virgaurea,OpenWetPoor
97343,Solidago virgaurea,OpenWetPoor
97344,Solidago virgaurea,OpenWetPoor
97345,Solidago virgaurea,OpenWetPoor
97346,Solidago virgaurea,OpenWetPoor
97347,Solidago virgaurea,OpenWetPoor
97348,Solidago virgaurea,OpenWetPoor
97914,Solidago virgaurea,OpenWetPoor
97915,Solidago virgaurea,OpenWetPoor
97916,Solidago virgaurea,OpenWetPoor
97917,Solidago virgaurea,OpenWetPoor
97918,Solidago virgaurea,OpenWetPoor
97919,Solidago virgaurea,OpenWetPoor
97920,Solidago virgaurea,OpenWetPoor
97921,Solidago virgaurea,OpenWetPoor
97922,Solidago virgaurea,OpenWetPoor
97923,Solidago virgaurea,OpenWetPoor
97924,Solidago virgaurea,OpenWetPoor
97925,Solidago virgaurea,OpenWetPoor
97926,Solidago virgaurea,OpenWetPoor
97927,Solidago virgaurea,OpenWetPoor
97928,Solidago virgaurea,OpenWetPoor
97929,Solidago virgaurea,OpenWetPoor
97930,Solidago virgaurea,OpenWetPoor
97931,Solidago virgaurea,OpenWetPoor
97932,Solidago virgaurea,OpenWetPoor
97933,Solidago virgaurea,OpenWetPoor
97934,Solidago virgaurea,OpenWetPoor
97935,Solidago virgaurea,OpenWetPoor
97936,Solidago virgaurea,OpenWetPoor
97937,Solidago virgaurea,OpenWetPoor
97938,Solidago virgaurea,OpenWetPoor
97939,Solidago virgaurea,OpenWetPoor
97940,Solidago virgaurea,OpenWetPoor
97941,Solidago virgaurea,OpenWetPoor
97942,Solidago virgaurea,OpenWetPoor
97943,Solidago virgaurea,OpenWetPoor
97944,Solidago virgaurea,OpenWetPoor
97945,Solidago virgaurea,OpenWetPoor
97946,Solidago virgaurea,OpenWetPoor
97947,Solidago virgaurea,OpenWetPoor
98513,Solidago virgaurea,OpenWetPoor
98514,Solidago virgaurea,OpenWetPoor
98515,Solidago virgaurea,OpenWetPoor
98516,Solidago virgaurea,OpenWetPoor
98517,Solidago virgaurea,OpenWetPoor
98518,Solidago virgaurea,OpenWetPoor
98519,Solidago virgaurea,OpenWetPoor
98520,Solidago virgaurea,OpenWetPoor
98521,Solidago virgaurea,OpenWetPoor
98522,Solidago virgaurea,OpenWetPoor
98523,Solidago virgaurea,OpenWetPoor
98524,Solidago virgaurea,OpenWetPoor
98525,Solidago virgaurea,OpenWetPoor
98526,Solidago virgaurea,OpenWetPoor
98527,Solidago virgaurea,OpenWetPoor
98528,Solidago virgaurea,OpenWetPoor
98529,Solidago virgaurea,OpenWetPoor
98530,Solidago virgaurea,OpenWetPoor
98531,Solidago virgaurea,OpenWetPoor
98532,Solidago virgaurea,OpenWetPoor
99112,Solidago virgaurea,OpenWetPoor
99113,Solidago virgaurea,OpenWetPoor
99114,Solidago virgaurea,OpenWetPoor
99115,Solidago virgaurea,OpenWetPoor
99116,Solidago virgaurea,OpenWetPoor
99117,Solidago virgaurea,OpenWetPoor
99118,Solidago virgaurea,OpenWetPoor
99119,Solidago virgaurea,OpenWetPoor
99120,Solidago virgaurea,OpenWetPoor
99121,Solidago virgaurea,OpenWetPoor
99122,Solidago virgaurea,OpenWetPoor
99123,Solidago virgaurea,OpenWetPoor
99124,Solidago virgaurea,OpenWetPoor
99125,Solidago virgaurea,OpenWetPoor
99126,Solidago virgaurea,OpenWetPoor
99127,Solidago virgaurea,OpenWetPoor
99128,Solidago virgaurea,OpenWetPoor
99129,Solidago virgaurea,OpenWetPoor
99130,Solidago virgaurea,OpenWetPoor
99131,Solidago virgaurea,OpenWetPoor
99711,Solidago virgaurea,OpenWetPoor
99712,Solidago virgaurea,OpenWetPoor
99713,Solidago virgaurea,OpenWetPoor
99714,Solidago virgaurea,OpenWetPoor
99715,Solidago virgaurea,OpenWetPoor
99716,Solidago virgaurea,OpenWetPoor
99717,Solidago virgaurea,OpenWetPoor
99718,Solidago virgaurea,OpenWetPoor
99719,Solidago virgaurea,OpenWetPoor
99720,Solidago virgaurea,OpenWetPoor
99721,Solidago virgaurea,OpenWetPoor
99722,Solidago virgaurea,OpenWetPoor
99723,Solidago virgaurea,OpenWetPoor
99724,Solidago virgaurea,OpenWetPoor
99725,Solidago virgaurea,OpenWetPoor
99726,Solidago virgaurea,OpenWetPoor
99727,Solidago virgaurea,OpenWetPoor
99728,Solidago virgaurea,OpenWetPoor
99729,Solidago virgaurea,OpenWetPoor
99730,Solidago virgaurea,OpenWetPoor
100310,Solidago virgaurea,OpenWetPoor
100311,Solidago virgaurea,OpenWetPoor
100312,Solidago virgaurea,OpenWetPoor
100313,Solidago virgaurea,OpenWetPoor
100314,Solidago virgaurea,OpenWetPoor
100315,Solidago virgaurea,OpenWetPoor
100316,Solidago virgaurea,OpenWetPoor
100317,Solidago virgaurea,OpenWetPoor
100318,Solidago virgaurea,OpenWetPoor
100319,Solidago virgaurea,OpenWetPoor
100320,Solidago virgaurea,OpenWetPoor
100321,Solidago virgaurea,OpenWetPoor
100322,Solidago virgaurea,OpenWetPoor
100323,Solidago virgaurea,OpenWetPoor
100324,Solidago virgaurea,OpenWetPoor
100325,Solidago virgaurea,OpenWetPoor
100326,Solidago virgaurea,OpenWetPoor
100327,Solidago virgaurea,OpenWetPoor
100328,Solidago virgaurea,OpenWetPoor
100329,Solidago virgaurea,OpenWetPoor
100909,Solidago virgaurea,OpenWetPoor
100910,Solidago virgaurea,OpenWetPoor
100911,Solidago virgaurea,OpenWetPoor
100912,Solidago virgaurea,OpenWetPoor
100913,Solidago virgaurea,OpenWetPoor
100914,Solidago virgaurea,OpenWetPoor
100915,Solidago virgaurea,OpenWetPoor
100916,Solidago virgaurea,OpenWetPoor
100917,Solidago virgaurea,OpenWetPoor
100918,Solidago virgaurea,OpenWetPoor
100919,Solidago virgaurea,OpenWetPoor
100920,Solidago virgaurea,OpenWetPoor
100921,Solidago virgaurea,OpenWetPoor
100922,Solidago virgaurea,OpenWetPoor
100923,Solidago virgaurea,OpenWetPoor
100924,Solidago virgaurea,OpenWetPoor
100925,Solidago virgaurea,OpenWetPoor
100926,Solidago virgaurea,OpenWetPoor
100927,Solidago virgaurea,OpenWetPoor
100928,Solidago virgaurea,OpenWetPoor
101508,Solidago virgaurea,OpenWetPoor
101509,Solidago virgaurea,OpenWetPoor
101510,Solidago virgaurea,OpenWetPoor
101511,Solidago virgaurea,OpenWetPoor
101512,Solidago virgaurea,OpenWetPoor
101513,Solidago virgaurea,OpenWetPoor
101514,Solidago virgaurea,OpenWetPoor
101515,Solidago virgaurea,OpenWetPoor
101516,Solidago virgaurea,OpenWetPoor
101517,Solidago virgaurea,OpenWetPoor
101518,Solidago virgaurea,OpenWetPoor
101519,Solidago virgaurea,OpenWetPoor
101520,Solidago virgaurea,OpenWetPoor
101521,Solidago virgaurea,OpenWetPoor
101522,Solidago virgaurea,OpenWetPoor
101523,Solidago virgaurea,OpenWetPoor
101524,Solidago virgaurea,OpenWetPoor
101525,Solidago virgaurea,OpenWetPoor
101526,Solidago virgaurea,OpenWetPoor
101527,Solidago virgaurea,OpenWetPoor
102107,Solidago virgaurea,OpenWetPoor
102108,Solidago virgaurea,OpenWetPoor
102109,Solidago virgaurea,OpenWetPoor
102110,Solidago virgaurea,OpenWetPoor
102111,Solidago virgaurea,OpenWetPoor
102112,Solidago virgaurea,OpenWetPoor
102113,Solidago virgaurea,OpenWetPoor
102114,Solidago virgaurea,OpenWetPoor
102115,Solidago virgaurea,OpenWetPoor
102116,Solidago virgaurea,OpenWetPoor
102117,Solidago virgaurea,OpenWetPoor
102118,Solidago virgaurea,OpenWetPoor
102119,Solidago virgaurea,OpenWetPoor
102120,Solidago virgaurea,OpenWetPoor
102121,Solidago virgaurea,OpenWetPoor
102122,Solidago virgaurea,OpenWetPoor
102123,Solidago virgaurea,OpenWetPoor
102124,Solidago virgaurea,OpenWetPoor
102125,Solidago virgaurea,OpenWetPoor
102126,Solidago virgaurea,OpenWetPoor
102706,Solidago virgaurea,OpenWetPoor
102707,Solidago virgaurea,OpenWetPoor
102708,Solidago virgaurea,OpenWetPoor
102709,Solidago virgaurea,OpenWetPoor
102710,Solidago virgaurea,OpenWetPoor
102711,Solidago virgaurea,OpenWetPoor
102712,Solidago virgaurea,OpenWetPoor
102713,Solidago virgaurea,OpenWetPoor
102714,Solidago virgaurea,OpenWetPoor
102715,Solidago virgaurea,OpenWetPoor
102716,Solidago virgaurea,OpenWetPoor
102717,Solidago virgaurea,OpenWetPoor
102718,Solidago virgaurea,OpenWetPoor
102719,Solidago virgaurea,OpenWetPoor
102720,Solidago virgaurea,OpenWetPoor
102721,Solidago virgaurea,OpenWetPoor
102722,Solidago virgaurea,OpenWetPoor
102723,Solidago virgaurea,OpenWetPoor
102724,Solidago virgaurea,OpenWetPoor
102725,Solidago virgaurea,OpenWetPoor
103305,Solidago virgaurea,OpenWetPoor
103306,Solidago virgaurea,OpenWetPoor
103307,Solidago virgaurea,OpenWetPoor
103308,Solidago virgaurea,OpenWetPoor
103309,Solidago virgaurea,OpenWetPoor
103310,Solidago virgaurea,OpenWetPoor
103311,Solidago virgaurea,OpenWetPoor
103312,Solidago virgaurea,OpenWetPoor
103313,Solidago virgaurea,OpenWetPoor
103314,Solidago virgaurea,OpenWetPoor
103315,Solidago virgaurea,OpenWetPoor
103316,Solidago virgaurea,OpenWetPoor
103317,Solidago virgaurea,OpenWetPoor
103318,Solidago virgaurea,OpenWetPoor
103319,Solidago virgaurea,OpenWetPoor
103320,Solidago virgaurea,OpenWetPoor
103321,Solidago virgaurea,OpenWetPoor
103322,Solidago virgaurea,OpenWetPoor
103323,Solidago virgaurea,OpenWetPoor
103324,Solidago virgaurea,OpenWetPoor
103904,Solidago virgaurea,OpenWetPoor
103905,Solidago virgaurea,OpenWetPoor
103906,Solidago virgaurea,OpenWetPoor
103907,Solidago virgaurea,OpenWetPoor
103908,Solidago virgaurea,OpenWetPoor
103909,Solidago virgaurea,OpenWetPoor
103910,Solidago virgaurea,OpenWetPoor
103911,Solidago virgaurea,OpenWetPoor
103912,Solidago virgaurea,OpenWetPoor
103913,Solidago virgaurea,OpenWetPoor
103914,Solidago virgaurea,OpenWetPoor
103915,Solidago virgaurea,OpenWetPoor
103916,Solidago virgaurea,OpenWetPoor
103917,Solidago virgaurea,OpenWetPoor
103918,Solidago virgaurea,OpenWetPoor
103919,Solidago virgaurea,OpenWetPoor
103920,Solidago virgaurea,OpenWetPoor
103921,Solidago virgaurea,OpenWetPoor
103922,Solidago virgaurea,OpenWetPoor
103923,Solidago virgaurea,OpenWetPoor
104503,Solidago virgaurea,OpenWetPoor
104504,Solidago virgaurea,OpenWetPoor
104505,Solidago virgaurea,OpenWetPoor
104506,Solidago virgaurea,OpenWetPoor
104507,Solidago virgaurea,OpenWetPoor
104508,Solidago virgaurea,OpenWetPoor
104509,Solidago virgaurea,OpenWetPoor
104510,Solidago virgaurea,OpenWetPoor
104511,Solidago virgaurea,OpenWetPoor
104512,Solidago virgaurea,OpenWetPoor
104513,Solidago virgaurea,OpenWetPoor
104514,Solidago virgaurea,OpenWetPoor
104515,Solidago virgaurea,OpenWetPoor
104516,Solidago virgaurea,OpenWetPoor
104517,Solidago virgaurea,OpenWetPoor
104518,Solidago virgaurea,OpenWetPoor
104519,Solidago virgaurea,OpenWetPoor
104520,Solidago virgaurea,OpenWetPoor
104521,Solidago virgaurea,OpenWetPoor
104522,Solidago virgaurea,OpenWetPoor
105102,Solidago virgaurea,OpenWetPoor
105103,Solidago virgaurea,OpenWetPoor
105104,Solidago virgaurea,OpenWetPoor
105105,Solidago virgaurea,OpenWetPoor
105106,Solidago virgaurea,OpenWetPoor
105107,Solidago virgaurea,OpenWetPoor
105108,Solidago virgaurea,OpenWetPoor
105109,Solidago virgaurea,OpenWetPoor
105110,Solidago virgaurea,OpenWetPoor
105111,Solidago virgaurea,OpenWetPoor
105112,Solidago virgaurea,OpenWetPoor
105113,Solidago virgaurea,OpenWetPoor
105114,Solidago virgaurea,OpenWetPoor
105115,Solidago virgaurea,OpenWetPoor
105116,Solidago virgaurea,OpenWetPoor
105117,Solidago virgaurea,OpenWetPoor
105118,Solidago virgaurea,OpenWetPoor
105119,Solidago virgaurea,OpenWetPoor
105120,Solidago virgaurea,OpenWetPoor
105121,Solidago virgaurea,OpenWetPoor
105701,Solidago virgaurea,OpenWetPoor
105702,Solidago virgaurea,OpenWetPoor
105703,Solidago virgaurea,OpenWetPoor
105704,Solidago virgaurea,OpenWetPoor
105705,Solidago virgaurea,OpenWetPoor
105706,Solidago virgaurea,OpenWetPoor
105707,Solidago virgaurea,OpenWetPoor
105708,Solidago virgaurea,OpenWetPoor
105709,Solidago virgaurea,OpenWetPoor
105710,Solidago virgaurea,OpenWetPoor
105711,Solidago virgaurea,OpenWetPoor
105712,Solidago virgaurea,OpenWetPoor
105713,Solidago virgaurea,OpenWetPoor
105714,Solidago virgaurea,OpenWetPoor
105715,Solidago virgaurea,OpenWetPoor
105716,Solidago virgaurea,OpenWetPoor
105717,Solidago virgaurea,OpenWetPoor
105718,Solidago virgaurea,OpenWetPoor
105719,Solidago virgaurea,OpenWetPoor
105720,Solidago virgaurea,OpenWetPoor
106300,Solidago virgaurea,OpenWetPoor
106301,Solidago virgaurea,OpenWetPoor
106302,Solidago virgaurea,OpenWetPoor
106303,Solidago virgaurea,OpenWetPoor
106304,Solidago virgaurea,OpenWetPoor
106305,Solidago virgaurea,OpenWetPoor
106306,Solidago virgaurea,OpenWetPoor
106307,Solidago virgaurea,OpenWetPoor
106308,Solidago virgaurea,OpenWetPoor
106309,Solidago virgaurea,OpenWetPoor
106310,Solidago virgaurea,OpenWetPoor
106311,Solidago virgaurea,OpenWetPoor
106312,Solidago virgaurea,OpenWetPoor
106313,Solidago virgaurea,OpenWetPoor
106314,Solidago virgaurea,OpenWetPoor
106315,Solidago virgaurea,OpenWetPoor
106316,Solidago virgaurea,OpenWetPoor
106317,Solidago virgaurea,OpenWetPoor
106318,Solidago virgaurea,OpenWetPoor
106319,Solidago virgaurea,OpenWetPoor
106899,Solidago virgaurea,OpenWetPoor
106900,Solidago virgaurea,OpenWetPoor
106901,Solidago virgaurea,OpenWetPoor
106902,Solidago virgaurea,OpenWetPoor
106903,Solidago virgaurea,OpenWetPoor
106904,Solidago virgaurea,OpenWetPoor
106905,Solidago virgaurea,OpenWetPoor
106906,Solidago virgaurea,OpenWetPoor
106907,Solidago virgaurea,OpenWetPoor
106908,Solidago virgaurea,OpenWetPoor
106909,Solidago virgaurea,OpenWetPoor
106910,Solidago virgaurea,OpenWetPoor
106911,Solidago virgaurea,OpenWetPoor
106912,Solidago virgaurea,OpenWetPoor
106913,Solidago virgaurea,OpenWetPoor
106914,Solidago virgaurea,OpenWetPoor
106915,Solidago virgaurea,OpenWetPoor
106916,Solidago virgaurea,OpenWetPoor
106917,Solidago virgaurea,OpenWetPoor
106918,Solidago virgaurea,OpenWetPoor
107498,Solidago virgaurea,OpenWetPoor
107499,Solidago virgaurea,OpenWetPoor
107500,Solidago virgaurea,OpenWetPoor
107501,Solidago virgaurea,OpenWetPoor
107502,Solidago virgaurea,OpenWetPoor
107503,Solidago virgaurea,OpenWetPoor
107504,Solidago virgaurea,OpenWetPoor
107505,Solidago virgaurea,OpenWetPoor
107506,Solidago virgaurea,OpenWetPoor
107507,Solidago virgaurea,OpenWetPoor
107508,Solidago virgaurea,OpenWetPoor
107509,Solidago virgaurea,OpenWetPoor
107510,Solidago virgaurea,OpenWetPoor
107511,Solidago virgaurea,OpenWetPoor
107512,Solidago virgaurea,OpenWetPoor
107513,Solidago virgaurea,OpenWetPoor
107514,Solidago virgaurea,OpenWetPoor
107515,Solidago virgaurea,OpenWetPoor
107516,Solidago virgaurea,OpenWetPoor
107517,Solidago virgaurea,OpenWetPoor
108097,Solidago virgaurea,OpenWetPoor
108098,Solidago virgaurea,OpenWetPoor
108099,Solidago virgaurea,OpenWetPoor
108100,Solidago virgaurea,OpenWetPoor
108101,Solidago virgaurea,OpenWetPoor
108102,Solidago virgaurea,OpenWetPoor
108103,Solidago virgaurea,OpenWetPoor
108104,Solidago virgaurea,OpenWetPoor
108105,Solidago virgaurea,OpenWetPoor
108106,Solidago virgaurea,OpenWetPoor
108107,Solidago virgaurea,OpenWetPoor
108108,Solidago virgaurea,OpenWetPoor
108109,Solidago virgaurea,OpenWetPoor
108110,Solidago virgaurea,OpenWetPoor
108111,Solidago virgaurea,OpenWetPoor
108112,Solidago virgaurea,OpenWetPoor
108113,Solidago virgaurea,OpenWetPoor
108114,Solidago virgaurea,OpenWetPoor
108115,Solidago virgaurea,OpenWetPoor
108116,Solidago virgaurea,OpenWetPoor
108696,Solidago virgaurea,OpenWetPoor
108697,Solidago virgaurea,OpenWetPoor
108698,Solidago virgaurea,OpenWetPoor
108699,Solidago virgaurea,OpenWetPoor
108700,Solidago virgaurea,OpenWetPoor
108701,Solidago virgaurea,OpenWetPoor
108702,Solidago virgaurea,OpenWetPoor
108703,Solidago virgaurea,OpenWetPoor
108704,Solidago virgaurea,OpenWetPoor
108705,Solidago virgaurea,OpenWetPoor
108706,Solidago virgaurea,OpenWetPoor
108707,Solidago virgaurea,OpenWetPoor
108708,Solidago virgaurea,OpenWetPoor
108709,Solidago virgaurea,OpenWetPoor
108710,Solidago virgaurea,OpenWetPoor
108711,Solidago virgaurea,OpenWetPoor
108712,Solidago virgaurea,OpenWetPoor
108713,Solidago virgaurea,OpenWetPoor
108714,Solidago virgaurea,OpenWetPoor
108715,Solidago virgaurea,OpenWetPoor
109295,Solidago virgaurea,OpenWetPoor
109296,Solidago virgaurea,OpenWetPoor
109297,Solidago virgaurea,OpenWetPoor
109298,Solidago virgaurea,OpenWetPoor
109299,Solidago virgaurea,OpenWetPoor
109300,Solidago virgaurea,OpenWetPoor
109301,Solidago virgaurea,OpenWetPoor
109302,Solidago virgaurea,OpenWetPoor
109303,Solidago virgaurea,OpenWetPoor
109304,Solidago virgaurea,OpenWetPoor
109305,Solidago virgaurea,OpenWetPoor
109306,Solidago virgaurea,OpenWetPoor
109307,Solidago virgaurea,OpenWetPoor
109308,Solidago virgaurea,OpenWetPoor
109309,Solidago virgaurea,OpenWetPoor
109310,Solidago virgaurea,OpenWetPoor
109311,Solidago virgaurea,OpenWetPoor
109312,Solidago virgaurea,OpenWetPoor
109313,Solidago virgaurea,OpenWetPoor
109314,Solidago virgaurea,OpenWetPoor
109894,Solidago virgaurea,OpenWetPoor
109895,Solidago virgaurea,OpenWetPoor
109896,Solidago virgaurea,OpenWetPoor
109897,Solidago virgaurea,OpenWetPoor
109898,Solidago virgaurea,OpenWetPoor
109899,Solidago virgaurea,OpenWetPoor
109900,Solidago virgaurea,OpenWetPoor
109901,Solidago virgaurea,OpenWetPoor
109902,Solidago virgaurea,OpenWetPoor
109903,Solidago virgaurea,OpenWetPoor
109904,Solidago virgaurea,OpenWetPoor
109905,Solidago virgaurea,OpenWetPoor
109906,Solidago virgaurea,OpenWetPoor
109907,Solidago virgaurea,OpenWetPoor
109908,Solidago virgaurea,OpenWetPoor
109909,Solidago virgaurea,OpenWetPoor
109910,Solidago virgaurea,OpenWetPoor
109911,Solidago virgaurea,OpenWetPoor
109912,Solidago virgaurea,OpenWetPoor
109913,Solidago virgaurea,OpenWetPoor
