167559,Arctium lappa,OpenDryRich
167560,Arctium lappa,OpenDryRich
167561,Arctium lappa,OpenDryRich
167562,Arctium lappa,OpenDryRich
167563,Arctium lappa,OpenDryRich
167564,Arctium lappa,OpenDryRich
167565,Arctium lappa,OpenDryRich
167566,Arctium lappa,OpenDryRich
167567,Arctium lappa,OpenDryRich
167568,Arctium lappa,OpenDryRich
167569,Arctium lappa,OpenDryRich
167570,Arctium lappa,OpenDryRich
167571,Arctium lappa,OpenDryRich
167572,Arctium lappa,OpenDryRich
167573,Arctium lappa,OpenDryRich
167574,Arctium lappa,OpenDryRich
167575,Arctium lappa,OpenDryRich
167576,Arctium lappa,OpenDryRich
168157,Arctium lappa,OpenDryRich
168158,Arctium lappa,OpenDryRich
168159,Arctium lappa,OpenDryRich
168160,Arctium lappa,OpenDryRich
168161,Arctium lappa,OpenDryRich
168162,Arctium lappa,OpenDryRich
168163,Arctium lappa,OpenDryRich
168164,Arctium lappa,OpenDryRich
168165,Arctium lappa,OpenDryRich
168166,Arctium lappa,OpenDryRich
168167,Arctium lappa,OpenDryRich
168168,Arctium lappa,OpenDryRich
168169,Arctium lappa,OpenDryRich
168170,Arctium lappa,OpenDryRich
168171,Arctium lappa,OpenDryRich
168172,Arctium lappa,OpenDryRich
168173,Arctium lappa,OpenDryRich
168174,Arctium lappa,OpenDryRich
168175,Arctium lappa,OpenDryRich
168176,Arctium lappa,OpenDryRich
168177,Arctium lappa,OpenDryRich
168178,Arctium lappa,OpenDryRich
168179,Arctium lappa,OpenDryRich
168756,Arctium lappa,OpenDryRich
168757,Arctium lappa,OpenDryRich
168758,Arctium lappa,OpenDryRich
168759,Arctium lappa,OpenDryRich
168760,Arctium lappa,OpenDryRich
168761,Arctium lappa,OpenDryRich
168762,Arctium lappa,OpenDryRich
168763,Arctium lappa,OpenDryRich
168764,Arctium lappa,OpenDryRich
168765,Arctium lappa,OpenDryRich
168766,Arctium lappa,OpenDryRich
168767,Arctium lappa,OpenDryRich
168768,Arctium lappa,OpenDryRich
168769,Arctium lappa,OpenDryRich
168770,Arctium lappa,OpenDryRich
168771,Arctium lappa,OpenDryRich
168772,Arctium lappa,OpenDryRich
168773,Arctium lappa,OpenDryRich
168774,Arctium lappa,OpenDryRich
168775,Arctium lappa,OpenDryRich
168776,Arctium lappa,OpenDryRich
168777,Arctium lappa,OpenDryRich
168778,Arctium lappa,OpenDryRich
168779,Arctium lappa,OpenDryRich
168780,Arctium lappa,OpenDryRich
168781,Arctium lappa,OpenDryRich
169355,Arctium lappa,OpenDryRich
169356,Arctium lappa,OpenDryRich
169357,Arctium lappa,OpenDryRich
169358,Arctium lappa,OpenDryRich
169359,Arctium lappa,OpenDryRich
169360,Arctium lappa,OpenDryRich
169361,Arctium lappa,OpenDryRich
169362,Arctium lappa,OpenDryRich
169363,Arctium lappa,OpenDryRich
169364,Arctium lappa,OpenDryRich
169365,Arctium lappa,OpenDryRich
169366,Arctium lappa,OpenDryRich
169367,Arctium lappa,OpenDryRich
169368,Arctium lappa,OpenDryRich
169369,Arctium lappa,OpenDryRich
169370,Arctium lappa,OpenDryRich
169371,Arctium lappa,OpenDryRich
169372,Arctium lappa,OpenDryRich
169373,Arctium lappa,OpenDryRich
169374,Arctium lappa,OpenDryRich
169375,Arctium lappa,OpenDryRich
169376,Arctium lappa,OpenDryRich
169377,Arctium lappa,OpenDryRich
169378,Arctium lappa,OpenDryRich
169379,Arctium lappa,OpenDryRich
169380,Arctium lappa,OpenDryRich
169381,Arctium lappa,OpenDryRich
169382,Arctium lappa,OpenDryRich
169383,Arctium lappa,OpenDryRich
169954,Arctium lappa,OpenDryRich
169955,Arctium lappa,OpenDryRich
169956,Arctium lappa,OpenDryRich
169957,Arctium lappa,OpenDryRich
169958,Arctium lappa,OpenDryRich
169959,Arctium lappa,OpenDryRich
169960,Arctium lappa,OpenDryRich
169961,Arctium lappa,OpenDryRich
169962,Arctium lappa,OpenDryRich
169963,Arctium lappa,OpenDryRich
169964,Arctium lappa,OpenDryRich
169965,Arctium lappa,OpenDryRich
169966,Arctium lappa,OpenDryRich
169967,Arctium lappa,OpenDryRich
169968,Arctium lappa,OpenDryRich
169969,Arctium lappa,OpenDryRich
169970,Arctium lappa,OpenDryRich
169971,Arctium lappa,OpenDryRich
169972,Arctium lappa,OpenDryRich
169973,Arctium lappa,OpenDryRich
169974,Arctium lappa,OpenDryRich
169975,Arctium lappa,OpenDryRich
169976,Arctium lappa,OpenDryRich
169977,Arctium lappa,OpenDryRich
169978,Arctium lappa,OpenDryRich
169979,Arctium lappa,OpenDryRich
169980,Arctium lappa,OpenDryRich
169981,Arctium lappa,OpenDryRich
169982,Arctium lappa,OpenDryRich
169983,Arctium lappa,OpenDryRich
169984,Arctium lappa,OpenDryRich
173588,Arctium lappa,OpenDryRich
174187,Arctium lappa,OpenDryRich
174188,Arctium lappa,OpenDryRich
174786,Arctium lappa,OpenDryRich
174787,Arctium lappa,OpenDryRich
174788,Arctium lappa,OpenDryRich
175385,Arctium lappa,OpenDryRich
175386,Arctium lappa,OpenDryRich
175387,Arctium lappa,OpenDryRich
175388,Arctium lappa,OpenDryRich
175984,Arctium lappa,OpenDryRich
175985,Arctium lappa,OpenDryRich
175986,Arctium lappa,OpenDryRich
175987,Arctium lappa,OpenDryRich
175988,Arctium lappa,OpenDryRich
175989,Arctium lappa,OpenDryRich
176583,Arctium lappa,OpenDryRich
176584,Arctium lappa,OpenDryRich
176585,Arctium lappa,OpenDryRich
176586,Arctium lappa,OpenDryRich
176587,Arctium lappa,OpenDryRich
176588,Arctium lappa,OpenDryRich
177182,Arctium lappa,OpenDryRich
177183,Arctium lappa,OpenDryRich
177184,Arctium lappa,OpenDryRich
177185,Arctium lappa,OpenDryRich
177186,Arctium lappa,OpenDryRich
177187,Arctium lappa,OpenDryRich
177188,Arctium lappa,OpenDryRich
177781,Arctium lappa,OpenDryRich
177782,Arctium lappa,OpenDryRich
177783,Arctium lappa,OpenDryRich
177784,Arctium lappa,OpenDryRich
177785,Arctium lappa,OpenDryRich
177786,Arctium lappa,OpenDryRich
177787,Arctium lappa,OpenDryRich
177788,Arctium lappa,OpenDryRich
178380,Arctium lappa,OpenDryRich
178381,Arctium lappa,OpenDryRich
178382,Arctium lappa,OpenDryRich
178383,Arctium lappa,OpenDryRich
178384,Arctium lappa,OpenDryRich
178385,Arctium lappa,OpenDryRich
178386,Arctium lappa,OpenDryRich
178387,Arctium lappa,OpenDryRich
178388,Arctium lappa,OpenDryRich
178979,Arctium lappa,OpenDryRich
178980,Arctium lappa,OpenDryRich
178981,Arctium lappa,OpenDryRich
178982,Arctium lappa,OpenDryRich
178983,Arctium lappa,OpenDryRich
178984,Arctium lappa,OpenDryRich
178985,Arctium lappa,OpenDryRich
178986,Arctium lappa,OpenDryRich
178987,Arctium lappa,OpenDryRich
178988,Arctium lappa,OpenDryRich
179578,Arctium lappa,OpenDryRich
179579,Arctium lappa,OpenDryRich
179580,Arctium lappa,OpenDryRich
179581,Arctium lappa,OpenDryRich
179582,Arctium lappa,OpenDryRich
179583,Arctium lappa,OpenDryRich
179584,Arctium lappa,OpenDryRich
179585,Arctium lappa,OpenDryRich
179586,Arctium lappa,OpenDryRich
179587,Arctium lappa,OpenDryRich
179588,Arctium lappa,OpenDryRich
180177,Arctium lappa,OpenDryRich
180178,Arctium lappa,OpenDryRich
180179,Arctium lappa,OpenDryRich
180180,Arctium lappa,OpenDryRich
180181,Arctium lappa,OpenDryRich
180182,Arctium lappa,OpenDryRich
180183,Arctium lappa,OpenDryRich
180184,Arctium lappa,OpenDryRich
180185,Arctium lappa,OpenDryRich
180186,Arctium lappa,OpenDryRich
180187,Arctium lappa,OpenDryRich
180776,Arctium lappa,OpenDryRich
180777,Arctium lappa,OpenDryRich
180778,Arctium lappa,OpenDryRich
180779,Arctium lappa,OpenDryRich
180780,Arctium lappa,OpenDryRich
180781,Arctium lappa,OpenDryRich
180782,Arctium lappa,OpenDryRich
180783,Arctium lappa,OpenDryRich
180784,Arctium lappa,OpenDryRich
180785,Arctium lappa,OpenDryRich
180786,Arctium lappa,OpenDryRich
180787,Arctium lappa,OpenDryRich
181375,Arctium lappa,OpenDryRich
181376,Arctium lappa,OpenDryRich
181377,Arctium lappa,OpenDryRich
181378,Arctium lappa,OpenDryRich
181379,Arctium lappa,OpenDryRich
181380,Arctium lappa,OpenDryRich
181381,Arctium lappa,OpenDryRich
181382,Arctium lappa,OpenDryRich
181383,Arctium lappa,OpenDryRich
181384,Arctium lappa,OpenDryRich
181385,Arctium lappa,OpenDryRich
181386,Arctium lappa,OpenDryRich
181974,Arctium lappa,OpenDryRich
181975,Arctium lappa,OpenDryRich
181976,Arctium lappa,OpenDryRich
181977,Arctium lappa,OpenDryRich
181978,Arctium lappa,OpenDryRich
181979,Arctium lappa,OpenDryRich
181980,Arctium lappa,OpenDryRich
181981,Arctium lappa,OpenDryRich
181982,Arctium lappa,OpenDryRich
181983,Arctium lappa,OpenDryRich
181984,Arctium lappa,OpenDryRich
181985,Arctium lappa,OpenDryRich
181986,Arctium lappa,OpenDryRich
