74513,Brachythecium rutabulum,OpenDryPoor
74514,Brachythecium rutabulum,OpenDryPoor
74515,Brachythecium rutabulum,OpenDryPoor
74516,Brachythecium rutabulum,OpenDryPoor
74517,Brachythecium rutabulum,OpenDryPoor
74518,Brachythecium rutabulum,OpenDryPoor
74519,Brachythecium rutabulum,OpenDryPoor
74520,Brachythecium rutabulum,OpenDryPoor
74521,Brachythecium rutabulum,OpenDryPoor
74522,Brachythecium rutabulum,OpenDryPoor
74523,Brachythecium rutabulum,OpenDryPoor
74524,Brachythecium rutabulum,OpenDryPoor
74525,Brachythecium rutabulum,OpenDryPoor
74526,Brachythecium rutabulum,OpenDryPoor
74527,Brachythecium rutabulum,OpenDryPoor
74528,Brachythecium rutabulum,OpenDryPoor
74529,Brachythecium rutabulum,OpenDryPoor
74530,Brachythecium rutabulum,OpenDryPoor
74531,Brachythecium rutabulum,OpenDryPoor
74532,Brachythecium rutabulum,OpenDryPoor
75112,Brachythecium rutabulum,OpenDryPoor
75113,Brachythecium rutabulum,OpenDryPoor
75114,Brachythecium rutabulum,OpenDryPoor
75115,Brachythecium rutabulum,OpenDryPoor
75116,Brachythecium rutabulum,OpenDryPoor
75117,Brachythecium rutabulum,OpenDryPoor
75118,Brachythecium rutabulum,OpenDryPoor
75119,Brachythecium rutabulum,OpenDryPoor
75120,Brachythecium rutabulum,OpenDryPoor
75121,Brachythecium rutabulum,OpenDryPoor
75122,Brachythecium rutabulum,OpenDryPoor
75123,Brachythecium rutabulum,OpenDryPoor
75124,Brachythecium rutabulum,OpenDryPoor
75125,Brachythecium rutabulum,OpenDryPoor
75126,Brachythecium rutabulum,OpenDryPoor
75127,Brachythecium rutabulum,OpenDryPoor
75128,Brachythecium rutabulum,OpenDryPoor
75129,Brachythecium rutabulum,OpenDryPoor
75130,Brachythecium rutabulum,OpenDryPoor
75131,Brachythecium rutabulum,OpenDryPoor
75711,Brachythecium rutabulum,OpenDryPoor
75712,Brachythecium rutabulum,OpenDryPoor
75713,Brachythecium rutabulum,OpenDryPoor
75714,Brachythecium rutabulum,OpenDryPoor
75715,Brachythecium rutabulum,OpenDryPoor
75716,Brachythecium rutabulum,OpenDryPoor
75717,Brachythecium rutabulum,OpenDryPoor
75718,Brachythecium rutabulum,OpenDryPoor
75719,Brachythecium rutabulum,OpenDryPoor
75720,Brachythecium rutabulum,OpenDryPoor
75721,Brachythecium rutabulum,OpenDryPoor
75722,Brachythecium rutabulum,OpenDryPoor
75723,Brachythecium rutabulum,OpenDryPoor
75724,Brachythecium rutabulum,OpenDryPoor
75725,Brachythecium rutabulum,OpenDryPoor
75726,Brachythecium rutabulum,OpenDryPoor
75727,Brachythecium rutabulum,OpenDryPoor
75728,Brachythecium rutabulum,OpenDryPoor
75729,Brachythecium rutabulum,OpenDryPoor
75730,Brachythecium rutabulum,OpenDryPoor
76310,Brachythecium rutabulum,OpenDryPoor
76311,Brachythecium rutabulum,OpenDryPoor
76312,Brachythecium rutabulum,OpenDryPoor
76313,Brachythecium rutabulum,OpenDryPoor
76314,Brachythecium rutabulum,OpenDryPoor
76315,Brachythecium rutabulum,OpenDryPoor
76316,Brachythecium rutabulum,OpenDryPoor
76317,Brachythecium rutabulum,OpenDryPoor
76318,Brachythecium rutabulum,OpenDryPoor
76319,Brachythecium rutabulum,OpenDryPoor
76320,Brachythecium rutabulum,OpenDryPoor
76321,Brachythecium rutabulum,OpenDryPoor
76322,Brachythecium rutabulum,OpenDryPoor
76323,Brachythecium rutabulum,OpenDryPoor
76324,Brachythecium rutabulum,OpenDryPoor
76325,Brachythecium rutabulum,OpenDryPoor
76326,Brachythecium rutabulum,OpenDryPoor
76327,Brachythecium rutabulum,OpenDryPoor
76328,Brachythecium rutabulum,OpenDryPoor
76329,Brachythecium rutabulum,OpenDryPoor
76909,Brachythecium rutabulum,OpenDryPoor
76910,Brachythecium rutabulum,OpenDryPoor
76911,Brachythecium rutabulum,OpenDryPoor
76912,Brachythecium rutabulum,OpenDryPoor
76913,Brachythecium rutabulum,OpenDryPoor
76914,Brachythecium rutabulum,OpenDryPoor
76915,Brachythecium rutabulum,OpenDryPoor
76916,Brachythecium rutabulum,OpenDryPoor
76917,Brachythecium rutabulum,OpenDryPoor
76918,Brachythecium rutabulum,OpenDryPoor
76919,Brachythecium rutabulum,OpenDryPoor
76920,Brachythecium rutabulum,OpenDryPoor
76921,Brachythecium rutabulum,OpenDryPoor
76922,Brachythecium rutabulum,OpenDryPoor
76923,Brachythecium rutabulum,OpenDryPoor
76924,Brachythecium rutabulum,OpenDryPoor
76925,Brachythecium rutabulum,OpenDryPoor
76926,Brachythecium rutabulum,OpenDryPoor
76927,Brachythecium rutabulum,OpenDryPoor
76928,Brachythecium rutabulum,OpenDryPoor
77508,Brachythecium rutabulum,OpenDryPoor
77509,Brachythecium rutabulum,OpenDryPoor
77510,Brachythecium rutabulum,OpenDryPoor
77511,Brachythecium rutabulum,OpenDryPoor
77512,Brachythecium rutabulum,OpenDryPoor
77513,Brachythecium rutabulum,OpenDryPoor
77514,Brachythecium rutabulum,OpenDryPoor
77515,Brachythecium rutabulum,OpenDryPoor
77516,Brachythecium rutabulum,OpenDryPoor
77517,Brachythecium rutabulum,OpenDryPoor
77518,Brachythecium rutabulum,OpenDryPoor
77519,Brachythecium rutabulum,OpenDryPoor
77520,Brachythecium rutabulum,OpenDryPoor
77521,Brachythecium rutabulum,OpenDryPoor
77522,Brachythecium rutabulum,OpenDryPoor
77523,Brachythecium rutabulum,OpenDryPoor
77524,Brachythecium rutabulum,OpenDryPoor
77525,Brachythecium rutabulum,OpenDryPoor
77526,Brachythecium rutabulum,OpenDryPoor
77527,Brachythecium rutabulum,OpenDryPoor
78107,Brachythecium rutabulum,OpenDryPoor
78108,Brachythecium rutabulum,OpenDryPoor
78109,Brachythecium rutabulum,OpenDryPoor
78110,Brachythecium rutabulum,OpenDryPoor
78111,Brachythecium rutabulum,OpenDryPoor
78112,Brachythecium rutabulum,OpenDryPoor
78113,Brachythecium rutabulum,OpenDryPoor
78114,Brachythecium rutabulum,OpenDryPoor
78115,Brachythecium rutabulum,OpenDryPoor
78116,Brachythecium rutabulum,OpenDryPoor
78117,Brachythecium rutabulum,OpenDryPoor
78118,Brachythecium rutabulum,OpenDryPoor
78119,Brachythecium rutabulum,OpenDryPoor
78120,Brachythecium rutabulum,OpenDryPoor
78121,Brachythecium rutabulum,OpenDryPoor
78122,Brachythecium rutabulum,OpenDryPoor
78123,Brachythecium rutabulum,OpenDryPoor
78124,Brachythecium rutabulum,OpenDryPoor
78125,Brachythecium rutabulum,OpenDryPoor
78126,Brachythecium rutabulum,OpenDryPoor
78706,Brachythecium rutabulum,OpenDryPoor
78707,Brachythecium rutabulum,OpenDryPoor
78708,Brachythecium rutabulum,OpenDryPoor
78709,Brachythecium rutabulum,OpenDryPoor
78710,Brachythecium rutabulum,OpenDryPoor
78711,Brachythecium rutabulum,OpenDryPoor
78712,Brachythecium rutabulum,OpenDryPoor
78713,Brachythecium rutabulum,OpenDryPoor
78714,Brachythecium rutabulum,OpenDryPoor
78715,Brachythecium rutabulum,OpenDryPoor
78716,Brachythecium rutabulum,OpenDryPoor
78717,Brachythecium rutabulum,OpenDryPoor
78718,Brachythecium rutabulum,OpenDryPoor
78719,Brachythecium rutabulum,OpenDryPoor
78720,Brachythecium rutabulum,OpenDryPoor
78721,Brachythecium rutabulum,OpenDryPoor
78722,Brachythecium rutabulum,OpenDryPoor
78723,Brachythecium rutabulum,OpenDryPoor
78724,Brachythecium rutabulum,OpenDryPoor
78725,Brachythecium rutabulum,OpenDryPoor
79305,Brachythecium rutabulum,OpenDryPoor
79306,Brachythecium rutabulum,OpenDryPoor
79307,Brachythecium rutabulum,OpenDryPoor
79308,Brachythecium rutabulum,OpenDryPoor
79309,Brachythecium rutabulum,OpenDryPoor
79310,Brachythecium rutabulum,OpenDryPoor
79311,Brachythecium rutabulum,OpenDryPoor
79312,Brachythecium rutabulum,OpenDryPoor
79313,Brachythecium rutabulum,OpenDryPoor
79314,Brachythecium rutabulum,OpenDryPoor
79315,Brachythecium rutabulum,OpenDryPoor
79316,Brachythecium rutabulum,OpenDryPoor
79317,Brachythecium rutabulum,OpenDryPoor
79318,Brachythecium rutabulum,OpenDryPoor
79319,Brachythecium rutabulum,OpenDryPoor
79320,Brachythecium rutabulum,OpenDryPoor
79321,Brachythecium rutabulum,OpenDryPoor
79322,Brachythecium rutabulum,OpenDryPoor
79323,Brachythecium rutabulum,OpenDryPoor
79324,Brachythecium rutabulum,OpenDryPoor
79904,Brachythecium rutabulum,OpenDryPoor
79905,Brachythecium rutabulum,OpenDryPoor
79906,Brachythecium rutabulum,OpenDryPoor
79907,Brachythecium rutabulum,OpenDryPoor
79908,Brachythecium rutabulum,OpenDryPoor
79909,Brachythecium rutabulum,OpenDryPoor
79910,Brachythecium rutabulum,OpenDryPoor
79911,Brachythecium rutabulum,OpenDryPoor
79912,Brachythecium rutabulum,OpenDryPoor
79913,Brachythecium rutabulum,OpenDryPoor
79914,Brachythecium rutabulum,OpenDryPoor
79915,Brachythecium rutabulum,OpenDryPoor
79916,Brachythecium rutabulum,OpenDryPoor
79917,Brachythecium rutabulum,OpenDryPoor
79918,Brachythecium rutabulum,OpenDryPoor
79919,Brachythecium rutabulum,OpenDryPoor
79920,Brachythecium rutabulum,OpenDryPoor
79921,Brachythecium rutabulum,OpenDryPoor
79922,Brachythecium rutabulum,OpenDryPoor
79923,Brachythecium rutabulum,OpenDryPoor
80503,Brachythecium rutabulum,OpenDryPoor
80504,Brachythecium rutabulum,OpenDryPoor
80505,Brachythecium rutabulum,OpenDryPoor
80506,Brachythecium rutabulum,OpenDryPoor
80507,Brachythecium rutabulum,OpenDryPoor
80508,Brachythecium rutabulum,OpenDryPoor
80509,Brachythecium rutabulum,OpenDryPoor
80510,Brachythecium rutabulum,OpenDryPoor
80511,Brachythecium rutabulum,OpenDryPoor
80512,Brachythecium rutabulum,OpenDryPoor
80513,Brachythecium rutabulum,OpenDryPoor
80514,Brachythecium rutabulum,OpenDryPoor
80515,Brachythecium rutabulum,OpenDryPoor
80516,Brachythecium rutabulum,OpenDryPoor
80517,Brachythecium rutabulum,OpenDryPoor
80518,Brachythecium rutabulum,OpenDryPoor
80519,Brachythecium rutabulum,OpenDryPoor
80520,Brachythecium rutabulum,OpenDryPoor
80521,Brachythecium rutabulum,OpenDryPoor
80522,Brachythecium rutabulum,OpenDryPoor
81102,Brachythecium rutabulum,OpenDryPoor
81103,Brachythecium rutabulum,OpenDryPoor
81104,Brachythecium rutabulum,OpenDryPoor
81105,Brachythecium rutabulum,OpenDryPoor
81106,Brachythecium rutabulum,OpenDryPoor
81107,Brachythecium rutabulum,OpenDryPoor
81108,Brachythecium rutabulum,OpenDryPoor
81109,Brachythecium rutabulum,OpenDryPoor
81110,Brachythecium rutabulum,OpenDryPoor
81111,Brachythecium rutabulum,OpenDryPoor
81112,Brachythecium rutabulum,OpenDryPoor
81113,Brachythecium rutabulum,OpenDryPoor
81114,Brachythecium rutabulum,OpenDryPoor
81115,Brachythecium rutabulum,OpenDryPoor
81116,Brachythecium rutabulum,OpenDryPoor
81117,Brachythecium rutabulum,OpenDryPoor
81118,Brachythecium rutabulum,OpenDryPoor
81119,Brachythecium rutabulum,OpenDryPoor
81120,Brachythecium rutabulum,OpenDryPoor
81121,Brachythecium rutabulum,OpenDryPoor
81701,Brachythecium rutabulum,OpenDryPoor
81702,Brachythecium rutabulum,OpenDryPoor
81703,Brachythecium rutabulum,OpenDryPoor
81704,Brachythecium rutabulum,OpenDryPoor
81705,Brachythecium rutabulum,OpenDryPoor
81706,Brachythecium rutabulum,OpenDryPoor
81707,Brachythecium rutabulum,OpenDryPoor
81708,Brachythecium rutabulum,OpenDryPoor
81709,Brachythecium rutabulum,OpenDryPoor
81710,Brachythecium rutabulum,OpenDryPoor
81711,Brachythecium rutabulum,OpenDryPoor
81712,Brachythecium rutabulum,OpenDryPoor
81713,Brachythecium rutabulum,OpenDryPoor
81714,Brachythecium rutabulum,OpenDryPoor
81715,Brachythecium rutabulum,OpenDryPoor
81716,Brachythecium rutabulum,OpenDryPoor
81717,Brachythecium rutabulum,OpenDryPoor
81718,Brachythecium rutabulum,OpenDryPoor
81719,Brachythecium rutabulum,OpenDryPoor
81720,Brachythecium rutabulum,OpenDryPoor
82300,Brachythecium rutabulum,OpenDryPoor
82301,Brachythecium rutabulum,OpenDryPoor
82302,Brachythecium rutabulum,OpenDryPoor
82303,Brachythecium rutabulum,OpenDryPoor
82304,Brachythecium rutabulum,OpenDryPoor
82305,Brachythecium rutabulum,OpenDryPoor
82306,Brachythecium rutabulum,OpenDryPoor
82307,Brachythecium rutabulum,OpenDryPoor
82308,Brachythecium rutabulum,OpenDryPoor
82309,Brachythecium rutabulum,OpenDryPoor
82310,Brachythecium rutabulum,OpenDryPoor
82311,Brachythecium rutabulum,OpenDryPoor
82312,Brachythecium rutabulum,OpenDryPoor
82313,Brachythecium rutabulum,OpenDryPoor
82314,Brachythecium rutabulum,OpenDryPoor
82315,Brachythecium rutabulum,OpenDryPoor
82316,Brachythecium rutabulum,OpenDryPoor
82317,Brachythecium rutabulum,OpenDryPoor
82318,Brachythecium rutabulum,OpenDryPoor
82319,Brachythecium rutabulum,OpenDryPoor
82899,Brachythecium rutabulum,OpenDryPoor
82900,Brachythecium rutabulum,OpenDryPoor
82901,Brachythecium rutabulum,OpenDryPoor
82902,Brachythecium rutabulum,OpenDryPoor
82903,Brachythecium rutabulum,OpenDryPoor
82904,Brachythecium rutabulum,OpenDryPoor
82905,Brachythecium rutabulum,OpenDryPoor
82906,Brachythecium rutabulum,OpenDryPoor
82907,Brachythecium rutabulum,OpenDryPoor
82908,Brachythecium rutabulum,OpenDryPoor
82909,Brachythecium rutabulum,OpenDryPoor
82910,Brachythecium rutabulum,OpenDryPoor
82911,Brachythecium rutabulum,OpenDryPoor
82912,Brachythecium rutabulum,OpenDryPoor
82913,Brachythecium rutabulum,OpenDryPoor
82914,Brachythecium rutabulum,OpenDryPoor
82915,Brachythecium rutabulum,OpenDryPoor
82916,Brachythecium rutabulum,OpenDryPoor
82917,Brachythecium rutabulum,OpenDryPoor
82918,Brachythecium rutabulum,OpenDryPoor
83498,Brachythecium rutabulum,OpenDryPoor
83499,Brachythecium rutabulum,OpenDryPoor
83500,Brachythecium rutabulum,OpenDryPoor
83501,Brachythecium rutabulum,OpenDryPoor
83502,Brachythecium rutabulum,OpenDryPoor
83503,Brachythecium rutabulum,OpenDryPoor
83504,Brachythecium rutabulum,OpenDryPoor
83505,Brachythecium rutabulum,OpenDryPoor
83506,Brachythecium rutabulum,OpenDryPoor
83507,Brachythecium rutabulum,OpenDryPoor
83508,Brachythecium rutabulum,OpenDryPoor
83509,Brachythecium rutabulum,OpenDryPoor
83510,Brachythecium rutabulum,OpenDryPoor
83511,Brachythecium rutabulum,OpenDryPoor
83512,Brachythecium rutabulum,OpenDryPoor
83513,Brachythecium rutabulum,OpenDryPoor
83514,Brachythecium rutabulum,OpenDryPoor
83515,Brachythecium rutabulum,OpenDryPoor
83516,Brachythecium rutabulum,OpenDryPoor
83517,Brachythecium rutabulum,OpenDryPoor
84097,Brachythecium rutabulum,OpenDryPoor
84098,Brachythecium rutabulum,OpenDryPoor
84099,Brachythecium rutabulum,OpenDryPoor
84100,Brachythecium rutabulum,OpenDryPoor
84101,Brachythecium rutabulum,OpenDryPoor
84102,Brachythecium rutabulum,OpenDryPoor
84103,Brachythecium rutabulum,OpenDryPoor
84104,Brachythecium rutabulum,OpenDryPoor
84105,Brachythecium rutabulum,OpenDryPoor
84106,Brachythecium rutabulum,OpenDryPoor
84107,Brachythecium rutabulum,OpenDryPoor
84108,Brachythecium rutabulum,OpenDryPoor
84109,Brachythecium rutabulum,OpenDryPoor
84110,Brachythecium rutabulum,OpenDryPoor
84111,Brachythecium rutabulum,OpenDryPoor
84112,Brachythecium rutabulum,OpenDryPoor
84113,Brachythecium rutabulum,OpenDryPoor
84114,Brachythecium rutabulum,OpenDryPoor
84115,Brachythecium rutabulum,OpenDryPoor
84116,Brachythecium rutabulum,OpenDryPoor
84696,Brachythecium rutabulum,OpenDryPoor
84697,Brachythecium rutabulum,OpenDryPoor
84698,Brachythecium rutabulum,OpenDryPoor
84699,Brachythecium rutabulum,OpenDryPoor
84700,Brachythecium rutabulum,OpenDryPoor
84701,Brachythecium rutabulum,OpenDryPoor
84702,Brachythecium rutabulum,OpenDryPoor
84703,Brachythecium rutabulum,OpenDryPoor
84704,Brachythecium rutabulum,OpenDryPoor
84705,Brachythecium rutabulum,OpenDryPoor
84706,Brachythecium rutabulum,OpenDryPoor
84707,Brachythecium rutabulum,OpenDryPoor
84708,Brachythecium rutabulum,OpenDryPoor
84709,Brachythecium rutabulum,OpenDryPoor
84710,Brachythecium rutabulum,OpenDryPoor
84711,Brachythecium rutabulum,OpenDryPoor
84712,Brachythecium rutabulum,OpenDryPoor
84713,Brachythecium rutabulum,OpenDryPoor
84714,Brachythecium rutabulum,OpenDryPoor
84715,Brachythecium rutabulum,OpenDryPoor
85295,Brachythecium rutabulum,OpenDryPoor
85296,Brachythecium rutabulum,OpenDryPoor
85297,Brachythecium rutabulum,OpenDryPoor
85298,Brachythecium rutabulum,OpenDryPoor
85299,Brachythecium rutabulum,OpenDryPoor
85300,Brachythecium rutabulum,OpenDryPoor
85301,Brachythecium rutabulum,OpenDryPoor
85302,Brachythecium rutabulum,OpenDryPoor
85303,Brachythecium rutabulum,OpenDryPoor
85304,Brachythecium rutabulum,OpenDryPoor
85305,Brachythecium rutabulum,OpenDryPoor
85306,Brachythecium rutabulum,OpenDryPoor
85307,Brachythecium rutabulum,OpenDryPoor
85308,Brachythecium rutabulum,OpenDryPoor
85309,Brachythecium rutabulum,OpenDryPoor
85310,Brachythecium rutabulum,OpenDryPoor
85311,Brachythecium rutabulum,OpenDryPoor
85312,Brachythecium rutabulum,OpenDryPoor
85313,Brachythecium rutabulum,OpenDryPoor
85314,Brachythecium rutabulum,OpenDryPoor
85894,Brachythecium rutabulum,OpenDryPoor
85895,Brachythecium rutabulum,OpenDryPoor
85896,Brachythecium rutabulum,OpenDryPoor
85897,Brachythecium rutabulum,OpenDryPoor
85898,Brachythecium rutabulum,OpenDryPoor
85899,Brachythecium rutabulum,OpenDryPoor
85900,Brachythecium rutabulum,OpenDryPoor
85901,Brachythecium rutabulum,OpenDryPoor
85902,Brachythecium rutabulum,OpenDryPoor
85903,Brachythecium rutabulum,OpenDryPoor
85904,Brachythecium rutabulum,OpenDryPoor
85905,Brachythecium rutabulum,OpenDryPoor
85906,Brachythecium rutabulum,OpenDryPoor
85907,Brachythecium rutabulum,OpenDryPoor
85908,Brachythecium rutabulum,OpenDryPoor
85909,Brachythecium rutabulum,OpenDryPoor
85910,Brachythecium rutabulum,OpenDryPoor
85911,Brachythecium rutabulum,OpenDryPoor
85912,Brachythecium rutabulum,OpenDryPoor
85913,Brachythecium rutabulum,OpenDryPoor
86493,Brachythecium rutabulum,OpenDryPoor
86494,Brachythecium rutabulum,OpenDryPoor
86495,Brachythecium rutabulum,OpenDryPoor
86496,Brachythecium rutabulum,OpenDryPoor
86497,Brachythecium rutabulum,OpenDryPoor
86498,Brachythecium rutabulum,OpenDryPoor
86499,Brachythecium rutabulum,OpenDryPoor
86500,Brachythecium rutabulum,OpenDryPoor
86501,Brachythecium rutabulum,OpenDryPoor
86502,Brachythecium rutabulum,OpenDryPoor
86503,Brachythecium rutabulum,OpenDryPoor
86504,Brachythecium rutabulum,OpenDryPoor
86505,Brachythecium rutabulum,OpenDryPoor
86506,Brachythecium rutabulum,OpenDryPoor
86507,Brachythecium rutabulum,OpenDryPoor
86508,Brachythecium rutabulum,OpenDryPoor
86509,Brachythecium rutabulum,OpenDryPoor
86510,Brachythecium rutabulum,OpenDryPoor
86511,Brachythecium rutabulum,OpenDryPoor
86512,Brachythecium rutabulum,OpenDryPoor
86553,Brachythecium rutabulum,OpenDryPoor
86554,Brachythecium rutabulum,OpenDryPoor
86555,Brachythecium rutabulum,OpenDryPoor
86556,Brachythecium rutabulum,OpenDryPoor
86557,Brachythecium rutabulum,OpenDryPoor
86558,Brachythecium rutabulum,OpenDryPoor
86559,Brachythecium rutabulum,OpenDryPoor
86560,Brachythecium rutabulum,OpenDryPoor
86561,Brachythecium rutabulum,OpenDryPoor
86562,Brachythecium rutabulum,OpenDryPoor
86563,Brachythecium rutabulum,OpenDryPoor
87092,Brachythecium rutabulum,OpenDryPoor
87093,Brachythecium rutabulum,OpenDryPoor
87094,Brachythecium rutabulum,OpenDryPoor
87095,Brachythecium rutabulum,OpenDryPoor
87096,Brachythecium rutabulum,OpenDryPoor
87097,Brachythecium rutabulum,OpenDryPoor
87098,Brachythecium rutabulum,OpenDryPoor
87099,Brachythecium rutabulum,OpenDryPoor
87100,Brachythecium rutabulum,OpenDryPoor
87101,Brachythecium rutabulum,OpenDryPoor
87102,Brachythecium rutabulum,OpenDryPoor
87103,Brachythecium rutabulum,OpenDryPoor
87104,Brachythecium rutabulum,OpenDryPoor
87105,Brachythecium rutabulum,OpenDryPoor
87106,Brachythecium rutabulum,OpenDryPoor
87107,Brachythecium rutabulum,OpenDryPoor
87108,Brachythecium rutabulum,OpenDryPoor
87109,Brachythecium rutabulum,OpenDryPoor
87110,Brachythecium rutabulum,OpenDryPoor
87111,Brachythecium rutabulum,OpenDryPoor
87152,Brachythecium rutabulum,OpenDryPoor
87153,Brachythecium rutabulum,OpenDryPoor
87154,Brachythecium rutabulum,OpenDryPoor
87155,Brachythecium rutabulum,OpenDryPoor
87156,Brachythecium rutabulum,OpenDryPoor
87157,Brachythecium rutabulum,OpenDryPoor
87158,Brachythecium rutabulum,OpenDryPoor
87159,Brachythecium rutabulum,OpenDryPoor
87160,Brachythecium rutabulum,OpenDryPoor
87161,Brachythecium rutabulum,OpenDryPoor
87162,Brachythecium rutabulum,OpenDryPoor
87691,Brachythecium rutabulum,OpenDryPoor
87692,Brachythecium rutabulum,OpenDryPoor
87693,Brachythecium rutabulum,OpenDryPoor
87694,Brachythecium rutabulum,OpenDryPoor
87695,Brachythecium rutabulum,OpenDryPoor
87696,Brachythecium rutabulum,OpenDryPoor
87697,Brachythecium rutabulum,OpenDryPoor
87698,Brachythecium rutabulum,OpenDryPoor
87699,Brachythecium rutabulum,OpenDryPoor
87700,Brachythecium rutabulum,OpenDryPoor
87701,Brachythecium rutabulum,OpenDryPoor
87702,Brachythecium rutabulum,OpenDryPoor
87703,Brachythecium rutabulum,OpenDryPoor
87704,Brachythecium rutabulum,OpenDryPoor
87705,Brachythecium rutabulum,OpenDryPoor
87706,Brachythecium rutabulum,OpenDryPoor
87707,Brachythecium rutabulum,OpenDryPoor
87708,Brachythecium rutabulum,OpenDryPoor
87709,Brachythecium rutabulum,OpenDryPoor
87710,Brachythecium rutabulum,OpenDryPoor
87751,Brachythecium rutabulum,OpenDryPoor
87752,Brachythecium rutabulum,OpenDryPoor
87753,Brachythecium rutabulum,OpenDryPoor
87754,Brachythecium rutabulum,OpenDryPoor
87755,Brachythecium rutabulum,OpenDryPoor
87756,Brachythecium rutabulum,OpenDryPoor
87757,Brachythecium rutabulum,OpenDryPoor
87758,Brachythecium rutabulum,OpenDryPoor
87759,Brachythecium rutabulum,OpenDryPoor
87760,Brachythecium rutabulum,OpenDryPoor
87761,Brachythecium rutabulum,OpenDryPoor
87762,Brachythecium rutabulum,OpenDryPoor
88290,Brachythecium rutabulum,OpenDryPoor
88291,Brachythecium rutabulum,OpenDryPoor
88292,Brachythecium rutabulum,OpenDryPoor
88293,Brachythecium rutabulum,OpenDryPoor
88294,Brachythecium rutabulum,OpenDryPoor
88295,Brachythecium rutabulum,OpenDryPoor
88296,Brachythecium rutabulum,OpenDryPoor
88297,Brachythecium rutabulum,OpenDryPoor
88298,Brachythecium rutabulum,OpenDryPoor
88299,Brachythecium rutabulum,OpenDryPoor
88300,Brachythecium rutabulum,OpenDryPoor
88301,Brachythecium rutabulum,OpenDryPoor
88302,Brachythecium rutabulum,OpenDryPoor
88303,Brachythecium rutabulum,OpenDryPoor
88304,Brachythecium rutabulum,OpenDryPoor
88305,Brachythecium rutabulum,OpenDryPoor
88306,Brachythecium rutabulum,OpenDryPoor
88307,Brachythecium rutabulum,OpenDryPoor
88308,Brachythecium rutabulum,OpenDryPoor
88309,Brachythecium rutabulum,OpenDryPoor
88350,Brachythecium rutabulum,OpenDryPoor
88351,Brachythecium rutabulum,OpenDryPoor
88352,Brachythecium rutabulum,OpenDryPoor
88353,Brachythecium rutabulum,OpenDryPoor
88354,Brachythecium rutabulum,OpenDryPoor
88355,Brachythecium rutabulum,OpenDryPoor
88356,Brachythecium rutabulum,OpenDryPoor
88357,Brachythecium rutabulum,OpenDryPoor
88358,Brachythecium rutabulum,OpenDryPoor
88359,Brachythecium rutabulum,OpenDryPoor
88360,Brachythecium rutabulum,OpenDryPoor
88361,Brachythecium rutabulum,OpenDryPoor
88889,Brachythecium rutabulum,OpenDryPoor
88890,Brachythecium rutabulum,OpenDryPoor
88891,Brachythecium rutabulum,OpenDryPoor
88892,Brachythecium rutabulum,OpenDryPoor
88893,Brachythecium rutabulum,OpenDryPoor
88894,Brachythecium rutabulum,OpenDryPoor
88895,Brachythecium rutabulum,OpenDryPoor
88896,Brachythecium rutabulum,OpenDryPoor
88897,Brachythecium rutabulum,OpenDryPoor
88898,Brachythecium rutabulum,OpenDryPoor
88899,Brachythecium rutabulum,OpenDryPoor
88900,Brachythecium rutabulum,OpenDryPoor
88901,Brachythecium rutabulum,OpenDryPoor
88902,Brachythecium rutabulum,OpenDryPoor
88903,Brachythecium rutabulum,OpenDryPoor
88904,Brachythecium rutabulum,OpenDryPoor
88905,Brachythecium rutabulum,OpenDryPoor
88906,Brachythecium rutabulum,OpenDryPoor
88907,Brachythecium rutabulum,OpenDryPoor
88908,Brachythecium rutabulum,OpenDryPoor
88949,Brachythecium rutabulum,OpenDryPoor
88950,Brachythecium rutabulum,OpenDryPoor
88951,Brachythecium rutabulum,OpenDryPoor
88952,Brachythecium rutabulum,OpenDryPoor
88953,Brachythecium rutabulum,OpenDryPoor
88954,Brachythecium rutabulum,OpenDryPoor
88955,Brachythecium rutabulum,OpenDryPoor
88956,Brachythecium rutabulum,OpenDryPoor
88957,Brachythecium rutabulum,OpenDryPoor
88958,Brachythecium rutabulum,OpenDryPoor
88959,Brachythecium rutabulum,OpenDryPoor
88960,Brachythecium rutabulum,OpenDryPoor
89488,Brachythecium rutabulum,OpenDryPoor
89489,Brachythecium rutabulum,OpenDryPoor
89490,Brachythecium rutabulum,OpenDryPoor
89491,Brachythecium rutabulum,OpenDryPoor
89492,Brachythecium rutabulum,OpenDryPoor
89493,Brachythecium rutabulum,OpenDryPoor
89494,Brachythecium rutabulum,OpenDryPoor
89495,Brachythecium rutabulum,OpenDryPoor
89496,Brachythecium rutabulum,OpenDryPoor
89497,Brachythecium rutabulum,OpenDryPoor
89498,Brachythecium rutabulum,OpenDryPoor
89499,Brachythecium rutabulum,OpenDryPoor
89500,Brachythecium rutabulum,OpenDryPoor
89501,Brachythecium rutabulum,OpenDryPoor
89502,Brachythecium rutabulum,OpenDryPoor
89503,Brachythecium rutabulum,OpenDryPoor
89504,Brachythecium rutabulum,OpenDryPoor
89505,Brachythecium rutabulum,OpenDryPoor
89506,Brachythecium rutabulum,OpenDryPoor
89507,Brachythecium rutabulum,OpenDryPoor
89548,Brachythecium rutabulum,OpenDryPoor
89549,Brachythecium rutabulum,OpenDryPoor
89550,Brachythecium rutabulum,OpenDryPoor
89551,Brachythecium rutabulum,OpenDryPoor
89552,Brachythecium rutabulum,OpenDryPoor
89553,Brachythecium rutabulum,OpenDryPoor
89554,Brachythecium rutabulum,OpenDryPoor
89555,Brachythecium rutabulum,OpenDryPoor
89556,Brachythecium rutabulum,OpenDryPoor
89557,Brachythecium rutabulum,OpenDryPoor
89558,Brachythecium rutabulum,OpenDryPoor
89559,Brachythecium rutabulum,OpenDryPoor
90087,Brachythecium rutabulum,OpenDryPoor
90088,Brachythecium rutabulum,OpenDryPoor
90089,Brachythecium rutabulum,OpenDryPoor
90090,Brachythecium rutabulum,OpenDryPoor
90091,Brachythecium rutabulum,OpenDryPoor
90092,Brachythecium rutabulum,OpenDryPoor
90093,Brachythecium rutabulum,OpenDryPoor
90094,Brachythecium rutabulum,OpenDryPoor
90095,Brachythecium rutabulum,OpenDryPoor
90096,Brachythecium rutabulum,OpenDryPoor
90097,Brachythecium rutabulum,OpenDryPoor
90098,Brachythecium rutabulum,OpenDryPoor
90099,Brachythecium rutabulum,OpenDryPoor
90100,Brachythecium rutabulum,OpenDryPoor
90101,Brachythecium rutabulum,OpenDryPoor
90102,Brachythecium rutabulum,OpenDryPoor
90103,Brachythecium rutabulum,OpenDryPoor
90104,Brachythecium rutabulum,OpenDryPoor
90105,Brachythecium rutabulum,OpenDryPoor
90106,Brachythecium rutabulum,OpenDryPoor
90147,Brachythecium rutabulum,OpenDryPoor
90148,Brachythecium rutabulum,OpenDryPoor
90149,Brachythecium rutabulum,OpenDryPoor
90150,Brachythecium rutabulum,OpenDryPoor
90151,Brachythecium rutabulum,OpenDryPoor
90152,Brachythecium rutabulum,OpenDryPoor
90153,Brachythecium rutabulum,OpenDryPoor
90154,Brachythecium rutabulum,OpenDryPoor
90155,Brachythecium rutabulum,OpenDryPoor
90156,Brachythecium rutabulum,OpenDryPoor
90157,Brachythecium rutabulum,OpenDryPoor
90158,Brachythecium rutabulum,OpenDryPoor
90159,Brachythecium rutabulum,OpenDryPoor
90686,Brachythecium rutabulum,OpenDryPoor
90687,Brachythecium rutabulum,OpenDryPoor
90688,Brachythecium rutabulum,OpenDryPoor
90689,Brachythecium rutabulum,OpenDryPoor
90690,Brachythecium rutabulum,OpenDryPoor
90691,Brachythecium rutabulum,OpenDryPoor
90692,Brachythecium rutabulum,OpenDryPoor
90693,Brachythecium rutabulum,OpenDryPoor
90694,Brachythecium rutabulum,OpenDryPoor
90695,Brachythecium rutabulum,OpenDryPoor
90696,Brachythecium rutabulum,OpenDryPoor
90697,Brachythecium rutabulum,OpenDryPoor
90698,Brachythecium rutabulum,OpenDryPoor
90699,Brachythecium rutabulum,OpenDryPoor
90700,Brachythecium rutabulum,OpenDryPoor
90701,Brachythecium rutabulum,OpenDryPoor
90702,Brachythecium rutabulum,OpenDryPoor
90703,Brachythecium rutabulum,OpenDryPoor
90704,Brachythecium rutabulum,OpenDryPoor
90705,Brachythecium rutabulum,OpenDryPoor
90746,Brachythecium rutabulum,OpenDryPoor
90747,Brachythecium rutabulum,OpenDryPoor
90748,Brachythecium rutabulum,OpenDryPoor
90749,Brachythecium rutabulum,OpenDryPoor
90750,Brachythecium rutabulum,OpenDryPoor
90751,Brachythecium rutabulum,OpenDryPoor
90752,Brachythecium rutabulum,OpenDryPoor
90753,Brachythecium rutabulum,OpenDryPoor
90754,Brachythecium rutabulum,OpenDryPoor
90755,Brachythecium rutabulum,OpenDryPoor
90756,Brachythecium rutabulum,OpenDryPoor
90757,Brachythecium rutabulum,OpenDryPoor
90758,Brachythecium rutabulum,OpenDryPoor
91285,Brachythecium rutabulum,OpenDryPoor
91286,Brachythecium rutabulum,OpenDryPoor
91287,Brachythecium rutabulum,OpenDryPoor
91288,Brachythecium rutabulum,OpenDryPoor
91289,Brachythecium rutabulum,OpenDryPoor
91290,Brachythecium rutabulum,OpenDryPoor
91291,Brachythecium rutabulum,OpenDryPoor
91292,Brachythecium rutabulum,OpenDryPoor
91293,Brachythecium rutabulum,OpenDryPoor
91294,Brachythecium rutabulum,OpenDryPoor
91295,Brachythecium rutabulum,OpenDryPoor
91296,Brachythecium rutabulum,OpenDryPoor
91297,Brachythecium rutabulum,OpenDryPoor
91298,Brachythecium rutabulum,OpenDryPoor
91299,Brachythecium rutabulum,OpenDryPoor
91300,Brachythecium rutabulum,OpenDryPoor
91301,Brachythecium rutabulum,OpenDryPoor
91302,Brachythecium rutabulum,OpenDryPoor
91303,Brachythecium rutabulum,OpenDryPoor
91304,Brachythecium rutabulum,OpenDryPoor
91345,Brachythecium rutabulum,OpenDryPoor
91346,Brachythecium rutabulum,OpenDryPoor
91347,Brachythecium rutabulum,OpenDryPoor
91348,Brachythecium rutabulum,OpenDryPoor
91349,Brachythecium rutabulum,OpenDryPoor
91350,Brachythecium rutabulum,OpenDryPoor
91351,Brachythecium rutabulum,OpenDryPoor
91352,Brachythecium rutabulum,OpenDryPoor
91353,Brachythecium rutabulum,OpenDryPoor
91354,Brachythecium rutabulum,OpenDryPoor
91355,Brachythecium rutabulum,OpenDryPoor
91356,Brachythecium rutabulum,OpenDryPoor
91357,Brachythecium rutabulum,OpenDryPoor
91884,Brachythecium rutabulum,OpenDryPoor
91885,Brachythecium rutabulum,OpenDryPoor
91886,Brachythecium rutabulum,OpenDryPoor
91887,Brachythecium rutabulum,OpenDryPoor
91888,Brachythecium rutabulum,OpenDryPoor
91889,Brachythecium rutabulum,OpenDryPoor
91890,Brachythecium rutabulum,OpenDryPoor
91891,Brachythecium rutabulum,OpenDryPoor
91892,Brachythecium rutabulum,OpenDryPoor
91893,Brachythecium rutabulum,OpenDryPoor
91894,Brachythecium rutabulum,OpenDryPoor
91895,Brachythecium rutabulum,OpenDryPoor
91896,Brachythecium rutabulum,OpenDryPoor
91897,Brachythecium rutabulum,OpenDryPoor
91898,Brachythecium rutabulum,OpenDryPoor
91899,Brachythecium rutabulum,OpenDryPoor
91900,Brachythecium rutabulum,OpenDryPoor
91901,Brachythecium rutabulum,OpenDryPoor
91902,Brachythecium rutabulum,OpenDryPoor
91903,Brachythecium rutabulum,OpenDryPoor
91944,Brachythecium rutabulum,OpenDryPoor
91945,Brachythecium rutabulum,OpenDryPoor
91946,Brachythecium rutabulum,OpenDryPoor
91947,Brachythecium rutabulum,OpenDryPoor
91948,Brachythecium rutabulum,OpenDryPoor
91949,Brachythecium rutabulum,OpenDryPoor
91950,Brachythecium rutabulum,OpenDryPoor
91951,Brachythecium rutabulum,OpenDryPoor
91952,Brachythecium rutabulum,OpenDryPoor
91953,Brachythecium rutabulum,OpenDryPoor
91954,Brachythecium rutabulum,OpenDryPoor
91955,Brachythecium rutabulum,OpenDryPoor
91956,Brachythecium rutabulum,OpenDryPoor
92483,Brachythecium rutabulum,OpenDryPoor
92484,Brachythecium rutabulum,OpenDryPoor
92485,Brachythecium rutabulum,OpenDryPoor
92486,Brachythecium rutabulum,OpenDryPoor
92487,Brachythecium rutabulum,OpenDryPoor
92488,Brachythecium rutabulum,OpenDryPoor
92489,Brachythecium rutabulum,OpenDryPoor
92490,Brachythecium rutabulum,OpenDryPoor
92491,Brachythecium rutabulum,OpenDryPoor
92492,Brachythecium rutabulum,OpenDryPoor
92493,Brachythecium rutabulum,OpenDryPoor
92494,Brachythecium rutabulum,OpenDryPoor
92495,Brachythecium rutabulum,OpenDryPoor
92496,Brachythecium rutabulum,OpenDryPoor
92497,Brachythecium rutabulum,OpenDryPoor
92498,Brachythecium rutabulum,OpenDryPoor
92499,Brachythecium rutabulum,OpenDryPoor
92500,Brachythecium rutabulum,OpenDryPoor
92501,Brachythecium rutabulum,OpenDryPoor
92502,Brachythecium rutabulum,OpenDryPoor
92543,Brachythecium rutabulum,OpenDryPoor
92544,Brachythecium rutabulum,OpenDryPoor
92545,Brachythecium rutabulum,OpenDryPoor
92546,Brachythecium rutabulum,OpenDryPoor
92547,Brachythecium rutabulum,OpenDryPoor
92548,Brachythecium rutabulum,OpenDryPoor
92549,Brachythecium rutabulum,OpenDryPoor
92550,Brachythecium rutabulum,OpenDryPoor
92551,Brachythecium rutabulum,OpenDryPoor
92552,Brachythecium rutabulum,OpenDryPoor
92553,Brachythecium rutabulum,OpenDryPoor
92554,Brachythecium rutabulum,OpenDryPoor
92555,Brachythecium rutabulum,OpenDryPoor
93082,Brachythecium rutabulum,OpenDryPoor
93083,Brachythecium rutabulum,OpenDryPoor
93084,Brachythecium rutabulum,OpenDryPoor
93085,Brachythecium rutabulum,OpenDryPoor
93086,Brachythecium rutabulum,OpenDryPoor
93087,Brachythecium rutabulum,OpenDryPoor
93088,Brachythecium rutabulum,OpenDryPoor
93089,Brachythecium rutabulum,OpenDryPoor
93090,Brachythecium rutabulum,OpenDryPoor
93091,Brachythecium rutabulum,OpenDryPoor
93092,Brachythecium rutabulum,OpenDryPoor
93093,Brachythecium rutabulum,OpenDryPoor
93094,Brachythecium rutabulum,OpenDryPoor
93095,Brachythecium rutabulum,OpenDryPoor
93096,Brachythecium rutabulum,OpenDryPoor
93097,Brachythecium rutabulum,OpenDryPoor
93098,Brachythecium rutabulum,OpenDryPoor
93099,Brachythecium rutabulum,OpenDryPoor
93100,Brachythecium rutabulum,OpenDryPoor
93101,Brachythecium rutabulum,OpenDryPoor
93142,Brachythecium rutabulum,OpenDryPoor
93143,Brachythecium rutabulum,OpenDryPoor
93144,Brachythecium rutabulum,OpenDryPoor
93145,Brachythecium rutabulum,OpenDryPoor
93146,Brachythecium rutabulum,OpenDryPoor
93147,Brachythecium rutabulum,OpenDryPoor
93148,Brachythecium rutabulum,OpenDryPoor
93149,Brachythecium rutabulum,OpenDryPoor
93150,Brachythecium rutabulum,OpenDryPoor
93151,Brachythecium rutabulum,OpenDryPoor
93152,Brachythecium rutabulum,OpenDryPoor
93153,Brachythecium rutabulum,OpenDryPoor
93154,Brachythecium rutabulum,OpenDryPoor
93155,Brachythecium rutabulum,OpenDryPoor
93681,Brachythecium rutabulum,OpenDryPoor
93682,Brachythecium rutabulum,OpenDryPoor
93683,Brachythecium rutabulum,OpenDryPoor
93684,Brachythecium rutabulum,OpenDryPoor
93685,Brachythecium rutabulum,OpenDryPoor
93686,Brachythecium rutabulum,OpenDryPoor
93687,Brachythecium rutabulum,OpenDryPoor
93688,Brachythecium rutabulum,OpenDryPoor
93689,Brachythecium rutabulum,OpenDryPoor
93690,Brachythecium rutabulum,OpenDryPoor
93691,Brachythecium rutabulum,OpenDryPoor
93692,Brachythecium rutabulum,OpenDryPoor
93693,Brachythecium rutabulum,OpenDryPoor
93694,Brachythecium rutabulum,OpenDryPoor
93695,Brachythecium rutabulum,OpenDryPoor
93696,Brachythecium rutabulum,OpenDryPoor
93697,Brachythecium rutabulum,OpenDryPoor
93698,Brachythecium rutabulum,OpenDryPoor
93699,Brachythecium rutabulum,OpenDryPoor
93700,Brachythecium rutabulum,OpenDryPoor
93741,Brachythecium rutabulum,OpenDryPoor
93742,Brachythecium rutabulum,OpenDryPoor
93743,Brachythecium rutabulum,OpenDryPoor
93744,Brachythecium rutabulum,OpenDryPoor
93745,Brachythecium rutabulum,OpenDryPoor
93746,Brachythecium rutabulum,OpenDryPoor
93747,Brachythecium rutabulum,OpenDryPoor
93748,Brachythecium rutabulum,OpenDryPoor
93749,Brachythecium rutabulum,OpenDryPoor
93750,Brachythecium rutabulum,OpenDryPoor
93751,Brachythecium rutabulum,OpenDryPoor
93752,Brachythecium rutabulum,OpenDryPoor
93753,Brachythecium rutabulum,OpenDryPoor
93754,Brachythecium rutabulum,OpenDryPoor
94280,Brachythecium rutabulum,OpenDryPoor
94281,Brachythecium rutabulum,OpenDryPoor
94282,Brachythecium rutabulum,OpenDryPoor
94283,Brachythecium rutabulum,OpenDryPoor
94284,Brachythecium rutabulum,OpenDryPoor
94285,Brachythecium rutabulum,OpenDryPoor
94286,Brachythecium rutabulum,OpenDryPoor
94287,Brachythecium rutabulum,OpenDryPoor
94288,Brachythecium rutabulum,OpenDryPoor
94289,Brachythecium rutabulum,OpenDryPoor
94290,Brachythecium rutabulum,OpenDryPoor
94291,Brachythecium rutabulum,OpenDryPoor
94292,Brachythecium rutabulum,OpenDryPoor
94293,Brachythecium rutabulum,OpenDryPoor
94294,Brachythecium rutabulum,OpenDryPoor
94295,Brachythecium rutabulum,OpenDryPoor
94296,Brachythecium rutabulum,OpenDryPoor
94297,Brachythecium rutabulum,OpenDryPoor
94298,Brachythecium rutabulum,OpenDryPoor
94299,Brachythecium rutabulum,OpenDryPoor
94340,Brachythecium rutabulum,OpenDryPoor
94341,Brachythecium rutabulum,OpenDryPoor
94342,Brachythecium rutabulum,OpenDryPoor
94343,Brachythecium rutabulum,OpenDryPoor
94344,Brachythecium rutabulum,OpenDryPoor
94345,Brachythecium rutabulum,OpenDryPoor
94346,Brachythecium rutabulum,OpenDryPoor
94347,Brachythecium rutabulum,OpenDryPoor
94348,Brachythecium rutabulum,OpenDryPoor
94349,Brachythecium rutabulum,OpenDryPoor
94350,Brachythecium rutabulum,OpenDryPoor
94351,Brachythecium rutabulum,OpenDryPoor
94352,Brachythecium rutabulum,OpenDryPoor
94353,Brachythecium rutabulum,OpenDryPoor
94879,Brachythecium rutabulum,OpenDryPoor
94880,Brachythecium rutabulum,OpenDryPoor
94881,Brachythecium rutabulum,OpenDryPoor
94882,Brachythecium rutabulum,OpenDryPoor
94883,Brachythecium rutabulum,OpenDryPoor
94884,Brachythecium rutabulum,OpenDryPoor
94885,Brachythecium rutabulum,OpenDryPoor
94886,Brachythecium rutabulum,OpenDryPoor
94887,Brachythecium rutabulum,OpenDryPoor
94888,Brachythecium rutabulum,OpenDryPoor
94889,Brachythecium rutabulum,OpenDryPoor
94890,Brachythecium rutabulum,OpenDryPoor
94891,Brachythecium rutabulum,OpenDryPoor
94892,Brachythecium rutabulum,OpenDryPoor
94893,Brachythecium rutabulum,OpenDryPoor
94894,Brachythecium rutabulum,OpenDryPoor
94895,Brachythecium rutabulum,OpenDryPoor
94896,Brachythecium rutabulum,OpenDryPoor
94897,Brachythecium rutabulum,OpenDryPoor
94898,Brachythecium rutabulum,OpenDryPoor
94939,Brachythecium rutabulum,OpenDryPoor
94940,Brachythecium rutabulum,OpenDryPoor
94941,Brachythecium rutabulum,OpenDryPoor
94942,Brachythecium rutabulum,OpenDryPoor
94943,Brachythecium rutabulum,OpenDryPoor
94944,Brachythecium rutabulum,OpenDryPoor
94945,Brachythecium rutabulum,OpenDryPoor
94946,Brachythecium rutabulum,OpenDryPoor
94947,Brachythecium rutabulum,OpenDryPoor
94948,Brachythecium rutabulum,OpenDryPoor
94949,Brachythecium rutabulum,OpenDryPoor
94950,Brachythecium rutabulum,OpenDryPoor
94951,Brachythecium rutabulum,OpenDryPoor
94952,Brachythecium rutabulum,OpenDryPoor
95478,Brachythecium rutabulum,OpenDryPoor
95479,Brachythecium rutabulum,OpenDryPoor
95480,Brachythecium rutabulum,OpenDryPoor
95481,Brachythecium rutabulum,OpenDryPoor
95482,Brachythecium rutabulum,OpenDryPoor
95483,Brachythecium rutabulum,OpenDryPoor
95484,Brachythecium rutabulum,OpenDryPoor
95485,Brachythecium rutabulum,OpenDryPoor
95486,Brachythecium rutabulum,OpenDryPoor
95487,Brachythecium rutabulum,OpenDryPoor
95488,Brachythecium rutabulum,OpenDryPoor
95489,Brachythecium rutabulum,OpenDryPoor
95490,Brachythecium rutabulum,OpenDryPoor
95491,Brachythecium rutabulum,OpenDryPoor
95492,Brachythecium rutabulum,OpenDryPoor
95493,Brachythecium rutabulum,OpenDryPoor
95494,Brachythecium rutabulum,OpenDryPoor
95495,Brachythecium rutabulum,OpenDryPoor
95496,Brachythecium rutabulum,OpenDryPoor
95497,Brachythecium rutabulum,OpenDryPoor
95538,Brachythecium rutabulum,OpenDryPoor
95539,Brachythecium rutabulum,OpenDryPoor
95540,Brachythecium rutabulum,OpenDryPoor
95541,Brachythecium rutabulum,OpenDryPoor
95542,Brachythecium rutabulum,OpenDryPoor
95543,Brachythecium rutabulum,OpenDryPoor
95544,Brachythecium rutabulum,OpenDryPoor
95545,Brachythecium rutabulum,OpenDryPoor
95546,Brachythecium rutabulum,OpenDryPoor
95547,Brachythecium rutabulum,OpenDryPoor
95548,Brachythecium rutabulum,OpenDryPoor
95549,Brachythecium rutabulum,OpenDryPoor
95550,Brachythecium rutabulum,OpenDryPoor
95551,Brachythecium rutabulum,OpenDryPoor
96077,Brachythecium rutabulum,OpenDryPoor
96078,Brachythecium rutabulum,OpenDryPoor
96079,Brachythecium rutabulum,OpenDryPoor
96080,Brachythecium rutabulum,OpenDryPoor
96081,Brachythecium rutabulum,OpenDryPoor
96082,Brachythecium rutabulum,OpenDryPoor
96083,Brachythecium rutabulum,OpenDryPoor
96084,Brachythecium rutabulum,OpenDryPoor
96085,Brachythecium rutabulum,OpenDryPoor
96086,Brachythecium rutabulum,OpenDryPoor
96087,Brachythecium rutabulum,OpenDryPoor
96088,Brachythecium rutabulum,OpenDryPoor
96089,Brachythecium rutabulum,OpenDryPoor
96090,Brachythecium rutabulum,OpenDryPoor
96091,Brachythecium rutabulum,OpenDryPoor
96092,Brachythecium rutabulum,OpenDryPoor
96093,Brachythecium rutabulum,OpenDryPoor
96094,Brachythecium rutabulum,OpenDryPoor
96095,Brachythecium rutabulum,OpenDryPoor
96096,Brachythecium rutabulum,OpenDryPoor
96137,Brachythecium rutabulum,OpenDryPoor
96138,Brachythecium rutabulum,OpenDryPoor
96139,Brachythecium rutabulum,OpenDryPoor
96140,Brachythecium rutabulum,OpenDryPoor
96141,Brachythecium rutabulum,OpenDryPoor
96142,Brachythecium rutabulum,OpenDryPoor
96143,Brachythecium rutabulum,OpenDryPoor
96144,Brachythecium rutabulum,OpenDryPoor
96145,Brachythecium rutabulum,OpenDryPoor
96146,Brachythecium rutabulum,OpenDryPoor
96147,Brachythecium rutabulum,OpenDryPoor
96148,Brachythecium rutabulum,OpenDryPoor
96149,Brachythecium rutabulum,OpenDryPoor
96150,Brachythecium rutabulum,OpenDryPoor
96676,Brachythecium rutabulum,OpenDryPoor
96677,Brachythecium rutabulum,OpenDryPoor
96678,Brachythecium rutabulum,OpenDryPoor
96679,Brachythecium rutabulum,OpenDryPoor
96680,Brachythecium rutabulum,OpenDryPoor
96681,Brachythecium rutabulum,OpenDryPoor
96682,Brachythecium rutabulum,OpenDryPoor
96683,Brachythecium rutabulum,OpenDryPoor
96684,Brachythecium rutabulum,OpenDryPoor
96685,Brachythecium rutabulum,OpenDryPoor
96686,Brachythecium rutabulum,OpenDryPoor
96687,Brachythecium rutabulum,OpenDryPoor
96688,Brachythecium rutabulum,OpenDryPoor
96689,Brachythecium rutabulum,OpenDryPoor
96690,Brachythecium rutabulum,OpenDryPoor
96691,Brachythecium rutabulum,OpenDryPoor
96692,Brachythecium rutabulum,OpenDryPoor
96693,Brachythecium rutabulum,OpenDryPoor
96694,Brachythecium rutabulum,OpenDryPoor
96695,Brachythecium rutabulum,OpenDryPoor
96736,Brachythecium rutabulum,OpenDryPoor
96737,Brachythecium rutabulum,OpenDryPoor
96738,Brachythecium rutabulum,OpenDryPoor
96739,Brachythecium rutabulum,OpenDryPoor
96740,Brachythecium rutabulum,OpenDryPoor
96741,Brachythecium rutabulum,OpenDryPoor
96742,Brachythecium rutabulum,OpenDryPoor
96743,Brachythecium rutabulum,OpenDryPoor
96744,Brachythecium rutabulum,OpenDryPoor
96745,Brachythecium rutabulum,OpenDryPoor
96746,Brachythecium rutabulum,OpenDryPoor
96747,Brachythecium rutabulum,OpenDryPoor
96748,Brachythecium rutabulum,OpenDryPoor
96749,Brachythecium rutabulum,OpenDryPoor
97275,Brachythecium rutabulum,OpenDryPoor
97276,Brachythecium rutabulum,OpenDryPoor
97277,Brachythecium rutabulum,OpenDryPoor
97278,Brachythecium rutabulum,OpenDryPoor
97279,Brachythecium rutabulum,OpenDryPoor
97280,Brachythecium rutabulum,OpenDryPoor
97281,Brachythecium rutabulum,OpenDryPoor
97282,Brachythecium rutabulum,OpenDryPoor
97283,Brachythecium rutabulum,OpenDryPoor
97284,Brachythecium rutabulum,OpenDryPoor
97285,Brachythecium rutabulum,OpenDryPoor
97286,Brachythecium rutabulum,OpenDryPoor
97287,Brachythecium rutabulum,OpenDryPoor
97288,Brachythecium rutabulum,OpenDryPoor
97289,Brachythecium rutabulum,OpenDryPoor
97290,Brachythecium rutabulum,OpenDryPoor
97291,Brachythecium rutabulum,OpenDryPoor
97292,Brachythecium rutabulum,OpenDryPoor
97293,Brachythecium rutabulum,OpenDryPoor
97294,Brachythecium rutabulum,OpenDryPoor
97335,Brachythecium rutabulum,OpenDryPoor
97336,Brachythecium rutabulum,OpenDryPoor
97337,Brachythecium rutabulum,OpenDryPoor
97338,Brachythecium rutabulum,OpenDryPoor
97339,Brachythecium rutabulum,OpenDryPoor
97340,Brachythecium rutabulum,OpenDryPoor
97341,Brachythecium rutabulum,OpenDryPoor
97342,Brachythecium rutabulum,OpenDryPoor
97343,Brachythecium rutabulum,OpenDryPoor
97344,Brachythecium rutabulum,OpenDryPoor
97345,Brachythecium rutabulum,OpenDryPoor
97346,Brachythecium rutabulum,OpenDryPoor
97347,Brachythecium rutabulum,OpenDryPoor
97348,Brachythecium rutabulum,OpenDryPoor
97874,Brachythecium rutabulum,OpenDryPoor
97875,Brachythecium rutabulum,OpenDryPoor
97876,Brachythecium rutabulum,OpenDryPoor
97877,Brachythecium rutabulum,OpenDryPoor
97878,Brachythecium rutabulum,OpenDryPoor
97879,Brachythecium rutabulum,OpenDryPoor
97880,Brachythecium rutabulum,OpenDryPoor
97881,Brachythecium rutabulum,OpenDryPoor
97882,Brachythecium rutabulum,OpenDryPoor
97883,Brachythecium rutabulum,OpenDryPoor
97884,Brachythecium rutabulum,OpenDryPoor
97885,Brachythecium rutabulum,OpenDryPoor
97886,Brachythecium rutabulum,OpenDryPoor
97887,Brachythecium rutabulum,OpenDryPoor
97888,Brachythecium rutabulum,OpenDryPoor
97889,Brachythecium rutabulum,OpenDryPoor
97890,Brachythecium rutabulum,OpenDryPoor
97891,Brachythecium rutabulum,OpenDryPoor
97892,Brachythecium rutabulum,OpenDryPoor
97893,Brachythecium rutabulum,OpenDryPoor
97934,Brachythecium rutabulum,OpenDryPoor
97935,Brachythecium rutabulum,OpenDryPoor
97936,Brachythecium rutabulum,OpenDryPoor
97937,Brachythecium rutabulum,OpenDryPoor
97938,Brachythecium rutabulum,OpenDryPoor
97939,Brachythecium rutabulum,OpenDryPoor
97940,Brachythecium rutabulum,OpenDryPoor
97941,Brachythecium rutabulum,OpenDryPoor
97942,Brachythecium rutabulum,OpenDryPoor
97943,Brachythecium rutabulum,OpenDryPoor
97944,Brachythecium rutabulum,OpenDryPoor
97945,Brachythecium rutabulum,OpenDryPoor
97946,Brachythecium rutabulum,OpenDryPoor
97947,Brachythecium rutabulum,OpenDryPoor
98473,Brachythecium rutabulum,OpenDryPoor
98474,Brachythecium rutabulum,OpenDryPoor
98475,Brachythecium rutabulum,OpenDryPoor
98476,Brachythecium rutabulum,OpenDryPoor
98477,Brachythecium rutabulum,OpenDryPoor
98478,Brachythecium rutabulum,OpenDryPoor
98479,Brachythecium rutabulum,OpenDryPoor
98480,Brachythecium rutabulum,OpenDryPoor
98481,Brachythecium rutabulum,OpenDryPoor
98482,Brachythecium rutabulum,OpenDryPoor
98483,Brachythecium rutabulum,OpenDryPoor
98484,Brachythecium rutabulum,OpenDryPoor
98485,Brachythecium rutabulum,OpenDryPoor
98486,Brachythecium rutabulum,OpenDryPoor
98487,Brachythecium rutabulum,OpenDryPoor
98488,Brachythecium rutabulum,OpenDryPoor
98489,Brachythecium rutabulum,OpenDryPoor
98490,Brachythecium rutabulum,OpenDryPoor
98491,Brachythecium rutabulum,OpenDryPoor
98492,Brachythecium rutabulum,OpenDryPoor
98513,Brachythecium rutabulum,OpenDryPoor
98514,Brachythecium rutabulum,OpenDryPoor
98515,Brachythecium rutabulum,OpenDryPoor
98516,Brachythecium rutabulum,OpenDryPoor
98517,Brachythecium rutabulum,OpenDryPoor
98518,Brachythecium rutabulum,OpenDryPoor
98519,Brachythecium rutabulum,OpenDryPoor
98520,Brachythecium rutabulum,OpenDryPoor
98521,Brachythecium rutabulum,OpenDryPoor
98522,Brachythecium rutabulum,OpenDryPoor
98523,Brachythecium rutabulum,OpenDryPoor
98524,Brachythecium rutabulum,OpenDryPoor
98525,Brachythecium rutabulum,OpenDryPoor
98526,Brachythecium rutabulum,OpenDryPoor
98527,Brachythecium rutabulum,OpenDryPoor
98528,Brachythecium rutabulum,OpenDryPoor
98529,Brachythecium rutabulum,OpenDryPoor
98530,Brachythecium rutabulum,OpenDryPoor
98531,Brachythecium rutabulum,OpenDryPoor
98532,Brachythecium rutabulum,OpenDryPoor
99072,Brachythecium rutabulum,OpenDryPoor
99073,Brachythecium rutabulum,OpenDryPoor
99074,Brachythecium rutabulum,OpenDryPoor
99075,Brachythecium rutabulum,OpenDryPoor
99076,Brachythecium rutabulum,OpenDryPoor
99077,Brachythecium rutabulum,OpenDryPoor
99078,Brachythecium rutabulum,OpenDryPoor
99079,Brachythecium rutabulum,OpenDryPoor
99080,Brachythecium rutabulum,OpenDryPoor
99081,Brachythecium rutabulum,OpenDryPoor
99082,Brachythecium rutabulum,OpenDryPoor
99083,Brachythecium rutabulum,OpenDryPoor
99084,Brachythecium rutabulum,OpenDryPoor
99085,Brachythecium rutabulum,OpenDryPoor
99086,Brachythecium rutabulum,OpenDryPoor
99087,Brachythecium rutabulum,OpenDryPoor
99088,Brachythecium rutabulum,OpenDryPoor
99089,Brachythecium rutabulum,OpenDryPoor
99090,Brachythecium rutabulum,OpenDryPoor
99091,Brachythecium rutabulum,OpenDryPoor
99112,Brachythecium rutabulum,OpenDryPoor
99113,Brachythecium rutabulum,OpenDryPoor
99114,Brachythecium rutabulum,OpenDryPoor
99115,Brachythecium rutabulum,OpenDryPoor
99116,Brachythecium rutabulum,OpenDryPoor
99117,Brachythecium rutabulum,OpenDryPoor
99118,Brachythecium rutabulum,OpenDryPoor
99119,Brachythecium rutabulum,OpenDryPoor
99120,Brachythecium rutabulum,OpenDryPoor
99121,Brachythecium rutabulum,OpenDryPoor
99122,Brachythecium rutabulum,OpenDryPoor
99123,Brachythecium rutabulum,OpenDryPoor
99124,Brachythecium rutabulum,OpenDryPoor
99125,Brachythecium rutabulum,OpenDryPoor
99126,Brachythecium rutabulum,OpenDryPoor
99127,Brachythecium rutabulum,OpenDryPoor
99128,Brachythecium rutabulum,OpenDryPoor
99129,Brachythecium rutabulum,OpenDryPoor
99130,Brachythecium rutabulum,OpenDryPoor
99131,Brachythecium rutabulum,OpenDryPoor
99671,Brachythecium rutabulum,OpenDryPoor
99672,Brachythecium rutabulum,OpenDryPoor
99673,Brachythecium rutabulum,OpenDryPoor
99674,Brachythecium rutabulum,OpenDryPoor
99675,Brachythecium rutabulum,OpenDryPoor
99676,Brachythecium rutabulum,OpenDryPoor
99677,Brachythecium rutabulum,OpenDryPoor
99678,Brachythecium rutabulum,OpenDryPoor
99679,Brachythecium rutabulum,OpenDryPoor
99680,Brachythecium rutabulum,OpenDryPoor
99681,Brachythecium rutabulum,OpenDryPoor
99682,Brachythecium rutabulum,OpenDryPoor
99683,Brachythecium rutabulum,OpenDryPoor
99684,Brachythecium rutabulum,OpenDryPoor
99685,Brachythecium rutabulum,OpenDryPoor
99686,Brachythecium rutabulum,OpenDryPoor
99687,Brachythecium rutabulum,OpenDryPoor
99688,Brachythecium rutabulum,OpenDryPoor
99689,Brachythecium rutabulum,OpenDryPoor
99690,Brachythecium rutabulum,OpenDryPoor
99711,Brachythecium rutabulum,OpenDryPoor
99712,Brachythecium rutabulum,OpenDryPoor
99713,Brachythecium rutabulum,OpenDryPoor
99714,Brachythecium rutabulum,OpenDryPoor
99715,Brachythecium rutabulum,OpenDryPoor
99716,Brachythecium rutabulum,OpenDryPoor
99717,Brachythecium rutabulum,OpenDryPoor
99718,Brachythecium rutabulum,OpenDryPoor
99719,Brachythecium rutabulum,OpenDryPoor
99720,Brachythecium rutabulum,OpenDryPoor
99721,Brachythecium rutabulum,OpenDryPoor
99722,Brachythecium rutabulum,OpenDryPoor
99723,Brachythecium rutabulum,OpenDryPoor
99724,Brachythecium rutabulum,OpenDryPoor
99725,Brachythecium rutabulum,OpenDryPoor
99726,Brachythecium rutabulum,OpenDryPoor
99727,Brachythecium rutabulum,OpenDryPoor
99728,Brachythecium rutabulum,OpenDryPoor
99729,Brachythecium rutabulum,OpenDryPoor
99730,Brachythecium rutabulum,OpenDryPoor
100270,Brachythecium rutabulum,OpenDryPoor
100271,Brachythecium rutabulum,OpenDryPoor
100272,Brachythecium rutabulum,OpenDryPoor
100273,Brachythecium rutabulum,OpenDryPoor
100274,Brachythecium rutabulum,OpenDryPoor
100275,Brachythecium rutabulum,OpenDryPoor
100276,Brachythecium rutabulum,OpenDryPoor
100277,Brachythecium rutabulum,OpenDryPoor
100278,Brachythecium rutabulum,OpenDryPoor
100279,Brachythecium rutabulum,OpenDryPoor
100280,Brachythecium rutabulum,OpenDryPoor
100281,Brachythecium rutabulum,OpenDryPoor
100282,Brachythecium rutabulum,OpenDryPoor
100283,Brachythecium rutabulum,OpenDryPoor
100284,Brachythecium rutabulum,OpenDryPoor
100285,Brachythecium rutabulum,OpenDryPoor
100286,Brachythecium rutabulum,OpenDryPoor
100287,Brachythecium rutabulum,OpenDryPoor
100288,Brachythecium rutabulum,OpenDryPoor
100289,Brachythecium rutabulum,OpenDryPoor
100310,Brachythecium rutabulum,OpenDryPoor
100311,Brachythecium rutabulum,OpenDryPoor
100312,Brachythecium rutabulum,OpenDryPoor
100313,Brachythecium rutabulum,OpenDryPoor
100314,Brachythecium rutabulum,OpenDryPoor
100315,Brachythecium rutabulum,OpenDryPoor
100316,Brachythecium rutabulum,OpenDryPoor
100317,Brachythecium rutabulum,OpenDryPoor
100318,Brachythecium rutabulum,OpenDryPoor
100319,Brachythecium rutabulum,OpenDryPoor
100320,Brachythecium rutabulum,OpenDryPoor
100321,Brachythecium rutabulum,OpenDryPoor
100322,Brachythecium rutabulum,OpenDryPoor
100323,Brachythecium rutabulum,OpenDryPoor
100324,Brachythecium rutabulum,OpenDryPoor
100325,Brachythecium rutabulum,OpenDryPoor
100326,Brachythecium rutabulum,OpenDryPoor
100327,Brachythecium rutabulum,OpenDryPoor
100328,Brachythecium rutabulum,OpenDryPoor
100329,Brachythecium rutabulum,OpenDryPoor
100869,Brachythecium rutabulum,OpenDryPoor
100870,Brachythecium rutabulum,OpenDryPoor
100871,Brachythecium rutabulum,OpenDryPoor
100872,Brachythecium rutabulum,OpenDryPoor
100873,Brachythecium rutabulum,OpenDryPoor
100874,Brachythecium rutabulum,OpenDryPoor
100875,Brachythecium rutabulum,OpenDryPoor
100876,Brachythecium rutabulum,OpenDryPoor
100877,Brachythecium rutabulum,OpenDryPoor
100878,Brachythecium rutabulum,OpenDryPoor
100879,Brachythecium rutabulum,OpenDryPoor
100880,Brachythecium rutabulum,OpenDryPoor
100881,Brachythecium rutabulum,OpenDryPoor
100882,Brachythecium rutabulum,OpenDryPoor
100883,Brachythecium rutabulum,OpenDryPoor
100884,Brachythecium rutabulum,OpenDryPoor
100885,Brachythecium rutabulum,OpenDryPoor
100886,Brachythecium rutabulum,OpenDryPoor
100887,Brachythecium rutabulum,OpenDryPoor
100888,Brachythecium rutabulum,OpenDryPoor
100909,Brachythecium rutabulum,OpenDryPoor
100910,Brachythecium rutabulum,OpenDryPoor
100911,Brachythecium rutabulum,OpenDryPoor
100912,Brachythecium rutabulum,OpenDryPoor
100913,Brachythecium rutabulum,OpenDryPoor
100914,Brachythecium rutabulum,OpenDryPoor
100915,Brachythecium rutabulum,OpenDryPoor
100916,Brachythecium rutabulum,OpenDryPoor
100917,Brachythecium rutabulum,OpenDryPoor
100918,Brachythecium rutabulum,OpenDryPoor
100919,Brachythecium rutabulum,OpenDryPoor
100920,Brachythecium rutabulum,OpenDryPoor
100921,Brachythecium rutabulum,OpenDryPoor
100922,Brachythecium rutabulum,OpenDryPoor
100923,Brachythecium rutabulum,OpenDryPoor
100924,Brachythecium rutabulum,OpenDryPoor
100925,Brachythecium rutabulum,OpenDryPoor
100926,Brachythecium rutabulum,OpenDryPoor
100927,Brachythecium rutabulum,OpenDryPoor
100928,Brachythecium rutabulum,OpenDryPoor
101468,Brachythecium rutabulum,OpenDryPoor
101469,Brachythecium rutabulum,OpenDryPoor
101470,Brachythecium rutabulum,OpenDryPoor
101471,Brachythecium rutabulum,OpenDryPoor
101472,Brachythecium rutabulum,OpenDryPoor
101473,Brachythecium rutabulum,OpenDryPoor
101474,Brachythecium rutabulum,OpenDryPoor
101475,Brachythecium rutabulum,OpenDryPoor
101476,Brachythecium rutabulum,OpenDryPoor
101477,Brachythecium rutabulum,OpenDryPoor
101478,Brachythecium rutabulum,OpenDryPoor
101479,Brachythecium rutabulum,OpenDryPoor
101480,Brachythecium rutabulum,OpenDryPoor
101481,Brachythecium rutabulum,OpenDryPoor
101482,Brachythecium rutabulum,OpenDryPoor
101483,Brachythecium rutabulum,OpenDryPoor
101484,Brachythecium rutabulum,OpenDryPoor
101485,Brachythecium rutabulum,OpenDryPoor
101486,Brachythecium rutabulum,OpenDryPoor
101487,Brachythecium rutabulum,OpenDryPoor
101508,Brachythecium rutabulum,OpenDryPoor
101509,Brachythecium rutabulum,OpenDryPoor
101510,Brachythecium rutabulum,OpenDryPoor
101511,Brachythecium rutabulum,OpenDryPoor
101512,Brachythecium rutabulum,OpenDryPoor
101513,Brachythecium rutabulum,OpenDryPoor
101514,Brachythecium rutabulum,OpenDryPoor
101515,Brachythecium rutabulum,OpenDryPoor
101516,Brachythecium rutabulum,OpenDryPoor
101517,Brachythecium rutabulum,OpenDryPoor
101518,Brachythecium rutabulum,OpenDryPoor
101519,Brachythecium rutabulum,OpenDryPoor
101520,Brachythecium rutabulum,OpenDryPoor
101521,Brachythecium rutabulum,OpenDryPoor
101522,Brachythecium rutabulum,OpenDryPoor
101523,Brachythecium rutabulum,OpenDryPoor
101524,Brachythecium rutabulum,OpenDryPoor
101525,Brachythecium rutabulum,OpenDryPoor
101526,Brachythecium rutabulum,OpenDryPoor
101527,Brachythecium rutabulum,OpenDryPoor
102067,Brachythecium rutabulum,OpenDryPoor
102068,Brachythecium rutabulum,OpenDryPoor
102069,Brachythecium rutabulum,OpenDryPoor
102070,Brachythecium rutabulum,OpenDryPoor
102071,Brachythecium rutabulum,OpenDryPoor
102072,Brachythecium rutabulum,OpenDryPoor
102073,Brachythecium rutabulum,OpenDryPoor
102074,Brachythecium rutabulum,OpenDryPoor
102075,Brachythecium rutabulum,OpenDryPoor
102076,Brachythecium rutabulum,OpenDryPoor
102077,Brachythecium rutabulum,OpenDryPoor
102078,Brachythecium rutabulum,OpenDryPoor
102079,Brachythecium rutabulum,OpenDryPoor
102080,Brachythecium rutabulum,OpenDryPoor
102081,Brachythecium rutabulum,OpenDryPoor
102082,Brachythecium rutabulum,OpenDryPoor
102083,Brachythecium rutabulum,OpenDryPoor
102084,Brachythecium rutabulum,OpenDryPoor
102085,Brachythecium rutabulum,OpenDryPoor
102086,Brachythecium rutabulum,OpenDryPoor
102107,Brachythecium rutabulum,OpenDryPoor
102108,Brachythecium rutabulum,OpenDryPoor
102109,Brachythecium rutabulum,OpenDryPoor
102110,Brachythecium rutabulum,OpenDryPoor
102111,Brachythecium rutabulum,OpenDryPoor
102112,Brachythecium rutabulum,OpenDryPoor
102113,Brachythecium rutabulum,OpenDryPoor
102114,Brachythecium rutabulum,OpenDryPoor
102115,Brachythecium rutabulum,OpenDryPoor
102116,Brachythecium rutabulum,OpenDryPoor
102117,Brachythecium rutabulum,OpenDryPoor
102118,Brachythecium rutabulum,OpenDryPoor
102119,Brachythecium rutabulum,OpenDryPoor
102120,Brachythecium rutabulum,OpenDryPoor
102121,Brachythecium rutabulum,OpenDryPoor
102122,Brachythecium rutabulum,OpenDryPoor
102123,Brachythecium rutabulum,OpenDryPoor
102124,Brachythecium rutabulum,OpenDryPoor
102125,Brachythecium rutabulum,OpenDryPoor
102126,Brachythecium rutabulum,OpenDryPoor
102666,Brachythecium rutabulum,OpenDryPoor
102667,Brachythecium rutabulum,OpenDryPoor
102668,Brachythecium rutabulum,OpenDryPoor
102669,Brachythecium rutabulum,OpenDryPoor
102670,Brachythecium rutabulum,OpenDryPoor
102671,Brachythecium rutabulum,OpenDryPoor
102672,Brachythecium rutabulum,OpenDryPoor
102673,Brachythecium rutabulum,OpenDryPoor
102674,Brachythecium rutabulum,OpenDryPoor
102675,Brachythecium rutabulum,OpenDryPoor
102676,Brachythecium rutabulum,OpenDryPoor
102677,Brachythecium rutabulum,OpenDryPoor
102678,Brachythecium rutabulum,OpenDryPoor
102679,Brachythecium rutabulum,OpenDryPoor
102680,Brachythecium rutabulum,OpenDryPoor
102681,Brachythecium rutabulum,OpenDryPoor
102682,Brachythecium rutabulum,OpenDryPoor
102683,Brachythecium rutabulum,OpenDryPoor
102684,Brachythecium rutabulum,OpenDryPoor
102685,Brachythecium rutabulum,OpenDryPoor
102706,Brachythecium rutabulum,OpenDryPoor
102707,Brachythecium rutabulum,OpenDryPoor
102708,Brachythecium rutabulum,OpenDryPoor
102709,Brachythecium rutabulum,OpenDryPoor
102710,Brachythecium rutabulum,OpenDryPoor
102711,Brachythecium rutabulum,OpenDryPoor
102712,Brachythecium rutabulum,OpenDryPoor
102713,Brachythecium rutabulum,OpenDryPoor
102714,Brachythecium rutabulum,OpenDryPoor
102715,Brachythecium rutabulum,OpenDryPoor
102716,Brachythecium rutabulum,OpenDryPoor
102717,Brachythecium rutabulum,OpenDryPoor
102718,Brachythecium rutabulum,OpenDryPoor
102719,Brachythecium rutabulum,OpenDryPoor
102720,Brachythecium rutabulum,OpenDryPoor
102721,Brachythecium rutabulum,OpenDryPoor
102722,Brachythecium rutabulum,OpenDryPoor
102723,Brachythecium rutabulum,OpenDryPoor
102724,Brachythecium rutabulum,OpenDryPoor
102725,Brachythecium rutabulum,OpenDryPoor
103265,Brachythecium rutabulum,OpenDryPoor
103266,Brachythecium rutabulum,OpenDryPoor
103267,Brachythecium rutabulum,OpenDryPoor
103268,Brachythecium rutabulum,OpenDryPoor
103269,Brachythecium rutabulum,OpenDryPoor
103270,Brachythecium rutabulum,OpenDryPoor
103271,Brachythecium rutabulum,OpenDryPoor
103272,Brachythecium rutabulum,OpenDryPoor
103273,Brachythecium rutabulum,OpenDryPoor
103274,Brachythecium rutabulum,OpenDryPoor
103275,Brachythecium rutabulum,OpenDryPoor
103276,Brachythecium rutabulum,OpenDryPoor
103277,Brachythecium rutabulum,OpenDryPoor
103278,Brachythecium rutabulum,OpenDryPoor
103279,Brachythecium rutabulum,OpenDryPoor
103280,Brachythecium rutabulum,OpenDryPoor
103281,Brachythecium rutabulum,OpenDryPoor
103282,Brachythecium rutabulum,OpenDryPoor
103283,Brachythecium rutabulum,OpenDryPoor
103284,Brachythecium rutabulum,OpenDryPoor
103305,Brachythecium rutabulum,OpenDryPoor
103306,Brachythecium rutabulum,OpenDryPoor
103307,Brachythecium rutabulum,OpenDryPoor
103308,Brachythecium rutabulum,OpenDryPoor
103309,Brachythecium rutabulum,OpenDryPoor
103310,Brachythecium rutabulum,OpenDryPoor
103311,Brachythecium rutabulum,OpenDryPoor
103312,Brachythecium rutabulum,OpenDryPoor
103313,Brachythecium rutabulum,OpenDryPoor
103314,Brachythecium rutabulum,OpenDryPoor
103315,Brachythecium rutabulum,OpenDryPoor
103316,Brachythecium rutabulum,OpenDryPoor
103317,Brachythecium rutabulum,OpenDryPoor
103318,Brachythecium rutabulum,OpenDryPoor
103319,Brachythecium rutabulum,OpenDryPoor
103320,Brachythecium rutabulum,OpenDryPoor
103321,Brachythecium rutabulum,OpenDryPoor
103322,Brachythecium rutabulum,OpenDryPoor
103323,Brachythecium rutabulum,OpenDryPoor
103324,Brachythecium rutabulum,OpenDryPoor
103864,Brachythecium rutabulum,OpenDryPoor
103865,Brachythecium rutabulum,OpenDryPoor
103866,Brachythecium rutabulum,OpenDryPoor
103867,Brachythecium rutabulum,OpenDryPoor
103868,Brachythecium rutabulum,OpenDryPoor
103869,Brachythecium rutabulum,OpenDryPoor
103870,Brachythecium rutabulum,OpenDryPoor
103871,Brachythecium rutabulum,OpenDryPoor
103872,Brachythecium rutabulum,OpenDryPoor
103873,Brachythecium rutabulum,OpenDryPoor
103874,Brachythecium rutabulum,OpenDryPoor
103875,Brachythecium rutabulum,OpenDryPoor
103876,Brachythecium rutabulum,OpenDryPoor
103877,Brachythecium rutabulum,OpenDryPoor
103878,Brachythecium rutabulum,OpenDryPoor
103879,Brachythecium rutabulum,OpenDryPoor
103880,Brachythecium rutabulum,OpenDryPoor
103881,Brachythecium rutabulum,OpenDryPoor
103882,Brachythecium rutabulum,OpenDryPoor
103883,Brachythecium rutabulum,OpenDryPoor
103904,Brachythecium rutabulum,OpenDryPoor
103905,Brachythecium rutabulum,OpenDryPoor
103906,Brachythecium rutabulum,OpenDryPoor
103907,Brachythecium rutabulum,OpenDryPoor
103908,Brachythecium rutabulum,OpenDryPoor
103909,Brachythecium rutabulum,OpenDryPoor
103910,Brachythecium rutabulum,OpenDryPoor
103911,Brachythecium rutabulum,OpenDryPoor
103912,Brachythecium rutabulum,OpenDryPoor
103913,Brachythecium rutabulum,OpenDryPoor
103914,Brachythecium rutabulum,OpenDryPoor
103915,Brachythecium rutabulum,OpenDryPoor
103916,Brachythecium rutabulum,OpenDryPoor
103917,Brachythecium rutabulum,OpenDryPoor
103918,Brachythecium rutabulum,OpenDryPoor
103919,Brachythecium rutabulum,OpenDryPoor
103920,Brachythecium rutabulum,OpenDryPoor
103921,Brachythecium rutabulum,OpenDryPoor
103922,Brachythecium rutabulum,OpenDryPoor
103923,Brachythecium rutabulum,OpenDryPoor
104463,Brachythecium rutabulum,OpenDryPoor
104464,Brachythecium rutabulum,OpenDryPoor
104465,Brachythecium rutabulum,OpenDryPoor
104466,Brachythecium rutabulum,OpenDryPoor
104467,Brachythecium rutabulum,OpenDryPoor
104468,Brachythecium rutabulum,OpenDryPoor
104469,Brachythecium rutabulum,OpenDryPoor
104470,Brachythecium rutabulum,OpenDryPoor
104471,Brachythecium rutabulum,OpenDryPoor
104472,Brachythecium rutabulum,OpenDryPoor
104473,Brachythecium rutabulum,OpenDryPoor
104474,Brachythecium rutabulum,OpenDryPoor
104475,Brachythecium rutabulum,OpenDryPoor
104476,Brachythecium rutabulum,OpenDryPoor
104477,Brachythecium rutabulum,OpenDryPoor
104478,Brachythecium rutabulum,OpenDryPoor
104479,Brachythecium rutabulum,OpenDryPoor
104480,Brachythecium rutabulum,OpenDryPoor
104481,Brachythecium rutabulum,OpenDryPoor
104482,Brachythecium rutabulum,OpenDryPoor
104503,Brachythecium rutabulum,OpenDryPoor
104504,Brachythecium rutabulum,OpenDryPoor
104505,Brachythecium rutabulum,OpenDryPoor
104506,Brachythecium rutabulum,OpenDryPoor
104507,Brachythecium rutabulum,OpenDryPoor
104508,Brachythecium rutabulum,OpenDryPoor
104509,Brachythecium rutabulum,OpenDryPoor
104510,Brachythecium rutabulum,OpenDryPoor
104511,Brachythecium rutabulum,OpenDryPoor
104512,Brachythecium rutabulum,OpenDryPoor
104513,Brachythecium rutabulum,OpenDryPoor
104514,Brachythecium rutabulum,OpenDryPoor
104515,Brachythecium rutabulum,OpenDryPoor
104516,Brachythecium rutabulum,OpenDryPoor
104517,Brachythecium rutabulum,OpenDryPoor
104518,Brachythecium rutabulum,OpenDryPoor
104519,Brachythecium rutabulum,OpenDryPoor
104520,Brachythecium rutabulum,OpenDryPoor
104521,Brachythecium rutabulum,OpenDryPoor
104522,Brachythecium rutabulum,OpenDryPoor
105062,Brachythecium rutabulum,OpenDryPoor
105063,Brachythecium rutabulum,OpenDryPoor
105064,Brachythecium rutabulum,OpenDryPoor
105065,Brachythecium rutabulum,OpenDryPoor
105066,Brachythecium rutabulum,OpenDryPoor
105067,Brachythecium rutabulum,OpenDryPoor
105068,Brachythecium rutabulum,OpenDryPoor
105069,Brachythecium rutabulum,OpenDryPoor
105070,Brachythecium rutabulum,OpenDryPoor
105071,Brachythecium rutabulum,OpenDryPoor
105072,Brachythecium rutabulum,OpenDryPoor
105073,Brachythecium rutabulum,OpenDryPoor
105074,Brachythecium rutabulum,OpenDryPoor
105075,Brachythecium rutabulum,OpenDryPoor
105076,Brachythecium rutabulum,OpenDryPoor
105077,Brachythecium rutabulum,OpenDryPoor
105078,Brachythecium rutabulum,OpenDryPoor
105079,Brachythecium rutabulum,OpenDryPoor
105080,Brachythecium rutabulum,OpenDryPoor
105081,Brachythecium rutabulum,OpenDryPoor
105102,Brachythecium rutabulum,OpenDryPoor
105103,Brachythecium rutabulum,OpenDryPoor
105104,Brachythecium rutabulum,OpenDryPoor
105105,Brachythecium rutabulum,OpenDryPoor
105106,Brachythecium rutabulum,OpenDryPoor
105107,Brachythecium rutabulum,OpenDryPoor
105108,Brachythecium rutabulum,OpenDryPoor
105109,Brachythecium rutabulum,OpenDryPoor
105110,Brachythecium rutabulum,OpenDryPoor
105111,Brachythecium rutabulum,OpenDryPoor
105112,Brachythecium rutabulum,OpenDryPoor
105113,Brachythecium rutabulum,OpenDryPoor
105114,Brachythecium rutabulum,OpenDryPoor
105115,Brachythecium rutabulum,OpenDryPoor
105116,Brachythecium rutabulum,OpenDryPoor
105117,Brachythecium rutabulum,OpenDryPoor
105118,Brachythecium rutabulum,OpenDryPoor
105119,Brachythecium rutabulum,OpenDryPoor
105120,Brachythecium rutabulum,OpenDryPoor
105121,Brachythecium rutabulum,OpenDryPoor
105661,Brachythecium rutabulum,OpenDryPoor
105662,Brachythecium rutabulum,OpenDryPoor
105663,Brachythecium rutabulum,OpenDryPoor
105664,Brachythecium rutabulum,OpenDryPoor
105665,Brachythecium rutabulum,OpenDryPoor
105666,Brachythecium rutabulum,OpenDryPoor
105667,Brachythecium rutabulum,OpenDryPoor
105668,Brachythecium rutabulum,OpenDryPoor
105669,Brachythecium rutabulum,OpenDryPoor
105670,Brachythecium rutabulum,OpenDryPoor
105671,Brachythecium rutabulum,OpenDryPoor
105672,Brachythecium rutabulum,OpenDryPoor
105673,Brachythecium rutabulum,OpenDryPoor
105674,Brachythecium rutabulum,OpenDryPoor
105675,Brachythecium rutabulum,OpenDryPoor
105676,Brachythecium rutabulum,OpenDryPoor
105677,Brachythecium rutabulum,OpenDryPoor
105678,Brachythecium rutabulum,OpenDryPoor
105679,Brachythecium rutabulum,OpenDryPoor
105680,Brachythecium rutabulum,OpenDryPoor
105701,Brachythecium rutabulum,OpenDryPoor
105702,Brachythecium rutabulum,OpenDryPoor
105703,Brachythecium rutabulum,OpenDryPoor
105704,Brachythecium rutabulum,OpenDryPoor
105705,Brachythecium rutabulum,OpenDryPoor
105706,Brachythecium rutabulum,OpenDryPoor
105707,Brachythecium rutabulum,OpenDryPoor
105708,Brachythecium rutabulum,OpenDryPoor
105709,Brachythecium rutabulum,OpenDryPoor
105710,Brachythecium rutabulum,OpenDryPoor
105711,Brachythecium rutabulum,OpenDryPoor
105712,Brachythecium rutabulum,OpenDryPoor
105713,Brachythecium rutabulum,OpenDryPoor
105714,Brachythecium rutabulum,OpenDryPoor
105715,Brachythecium rutabulum,OpenDryPoor
105716,Brachythecium rutabulum,OpenDryPoor
105717,Brachythecium rutabulum,OpenDryPoor
105718,Brachythecium rutabulum,OpenDryPoor
105719,Brachythecium rutabulum,OpenDryPoor
105720,Brachythecium rutabulum,OpenDryPoor
106260,Brachythecium rutabulum,OpenDryPoor
106261,Brachythecium rutabulum,OpenDryPoor
106262,Brachythecium rutabulum,OpenDryPoor
106263,Brachythecium rutabulum,OpenDryPoor
106264,Brachythecium rutabulum,OpenDryPoor
106265,Brachythecium rutabulum,OpenDryPoor
106266,Brachythecium rutabulum,OpenDryPoor
106267,Brachythecium rutabulum,OpenDryPoor
106268,Brachythecium rutabulum,OpenDryPoor
106269,Brachythecium rutabulum,OpenDryPoor
106270,Brachythecium rutabulum,OpenDryPoor
106271,Brachythecium rutabulum,OpenDryPoor
106272,Brachythecium rutabulum,OpenDryPoor
106273,Brachythecium rutabulum,OpenDryPoor
106274,Brachythecium rutabulum,OpenDryPoor
106275,Brachythecium rutabulum,OpenDryPoor
106276,Brachythecium rutabulum,OpenDryPoor
106277,Brachythecium rutabulum,OpenDryPoor
106278,Brachythecium rutabulum,OpenDryPoor
106279,Brachythecium rutabulum,OpenDryPoor
106300,Brachythecium rutabulum,OpenDryPoor
106301,Brachythecium rutabulum,OpenDryPoor
106302,Brachythecium rutabulum,OpenDryPoor
106303,Brachythecium rutabulum,OpenDryPoor
106304,Brachythecium rutabulum,OpenDryPoor
106305,Brachythecium rutabulum,OpenDryPoor
106306,Brachythecium rutabulum,OpenDryPoor
106307,Brachythecium rutabulum,OpenDryPoor
106308,Brachythecium rutabulum,OpenDryPoor
106309,Brachythecium rutabulum,OpenDryPoor
106310,Brachythecium rutabulum,OpenDryPoor
106311,Brachythecium rutabulum,OpenDryPoor
106312,Brachythecium rutabulum,OpenDryPoor
106313,Brachythecium rutabulum,OpenDryPoor
106314,Brachythecium rutabulum,OpenDryPoor
106315,Brachythecium rutabulum,OpenDryPoor
106316,Brachythecium rutabulum,OpenDryPoor
106317,Brachythecium rutabulum,OpenDryPoor
106318,Brachythecium rutabulum,OpenDryPoor
106319,Brachythecium rutabulum,OpenDryPoor
106859,Brachythecium rutabulum,OpenDryPoor
106860,Brachythecium rutabulum,OpenDryPoor
106861,Brachythecium rutabulum,OpenDryPoor
106862,Brachythecium rutabulum,OpenDryPoor
106863,Brachythecium rutabulum,OpenDryPoor
106864,Brachythecium rutabulum,OpenDryPoor
106865,Brachythecium rutabulum,OpenDryPoor
106866,Brachythecium rutabulum,OpenDryPoor
106867,Brachythecium rutabulum,OpenDryPoor
106868,Brachythecium rutabulum,OpenDryPoor
106869,Brachythecium rutabulum,OpenDryPoor
106870,Brachythecium rutabulum,OpenDryPoor
106871,Brachythecium rutabulum,OpenDryPoor
106872,Brachythecium rutabulum,OpenDryPoor
106873,Brachythecium rutabulum,OpenDryPoor
106874,Brachythecium rutabulum,OpenDryPoor
106875,Brachythecium rutabulum,OpenDryPoor
106876,Brachythecium rutabulum,OpenDryPoor
106877,Brachythecium rutabulum,OpenDryPoor
106878,Brachythecium rutabulum,OpenDryPoor
106899,Brachythecium rutabulum,OpenDryPoor
106900,Brachythecium rutabulum,OpenDryPoor
106901,Brachythecium rutabulum,OpenDryPoor
106902,Brachythecium rutabulum,OpenDryPoor
106903,Brachythecium rutabulum,OpenDryPoor
106904,Brachythecium rutabulum,OpenDryPoor
106905,Brachythecium rutabulum,OpenDryPoor
106906,Brachythecium rutabulum,OpenDryPoor
106907,Brachythecium rutabulum,OpenDryPoor
106908,Brachythecium rutabulum,OpenDryPoor
106909,Brachythecium rutabulum,OpenDryPoor
106910,Brachythecium rutabulum,OpenDryPoor
106911,Brachythecium rutabulum,OpenDryPoor
106912,Brachythecium rutabulum,OpenDryPoor
106913,Brachythecium rutabulum,OpenDryPoor
106914,Brachythecium rutabulum,OpenDryPoor
106915,Brachythecium rutabulum,OpenDryPoor
106916,Brachythecium rutabulum,OpenDryPoor
106917,Brachythecium rutabulum,OpenDryPoor
106918,Brachythecium rutabulum,OpenDryPoor
107458,Brachythecium rutabulum,OpenDryPoor
107459,Brachythecium rutabulum,OpenDryPoor
107460,Brachythecium rutabulum,OpenDryPoor
107461,Brachythecium rutabulum,OpenDryPoor
107462,Brachythecium rutabulum,OpenDryPoor
107463,Brachythecium rutabulum,OpenDryPoor
107464,Brachythecium rutabulum,OpenDryPoor
107465,Brachythecium rutabulum,OpenDryPoor
107466,Brachythecium rutabulum,OpenDryPoor
107467,Brachythecium rutabulum,OpenDryPoor
107468,Brachythecium rutabulum,OpenDryPoor
107469,Brachythecium rutabulum,OpenDryPoor
107470,Brachythecium rutabulum,OpenDryPoor
107471,Brachythecium rutabulum,OpenDryPoor
107472,Brachythecium rutabulum,OpenDryPoor
107473,Brachythecium rutabulum,OpenDryPoor
107474,Brachythecium rutabulum,OpenDryPoor
107475,Brachythecium rutabulum,OpenDryPoor
107476,Brachythecium rutabulum,OpenDryPoor
107477,Brachythecium rutabulum,OpenDryPoor
107498,Brachythecium rutabulum,OpenDryPoor
107499,Brachythecium rutabulum,OpenDryPoor
107500,Brachythecium rutabulum,OpenDryPoor
107501,Brachythecium rutabulum,OpenDryPoor
107502,Brachythecium rutabulum,OpenDryPoor
107503,Brachythecium rutabulum,OpenDryPoor
107504,Brachythecium rutabulum,OpenDryPoor
107505,Brachythecium rutabulum,OpenDryPoor
107506,Brachythecium rutabulum,OpenDryPoor
107507,Brachythecium rutabulum,OpenDryPoor
107508,Brachythecium rutabulum,OpenDryPoor
107509,Brachythecium rutabulum,OpenDryPoor
107510,Brachythecium rutabulum,OpenDryPoor
107511,Brachythecium rutabulum,OpenDryPoor
107512,Brachythecium rutabulum,OpenDryPoor
107513,Brachythecium rutabulum,OpenDryPoor
107514,Brachythecium rutabulum,OpenDryPoor
107515,Brachythecium rutabulum,OpenDryPoor
107516,Brachythecium rutabulum,OpenDryPoor
107517,Brachythecium rutabulum,OpenDryPoor
108057,Brachythecium rutabulum,OpenDryPoor
108058,Brachythecium rutabulum,OpenDryPoor
108059,Brachythecium rutabulum,OpenDryPoor
108060,Brachythecium rutabulum,OpenDryPoor
108061,Brachythecium rutabulum,OpenDryPoor
108062,Brachythecium rutabulum,OpenDryPoor
108063,Brachythecium rutabulum,OpenDryPoor
108064,Brachythecium rutabulum,OpenDryPoor
108065,Brachythecium rutabulum,OpenDryPoor
108066,Brachythecium rutabulum,OpenDryPoor
108067,Brachythecium rutabulum,OpenDryPoor
108068,Brachythecium rutabulum,OpenDryPoor
108069,Brachythecium rutabulum,OpenDryPoor
108070,Brachythecium rutabulum,OpenDryPoor
108071,Brachythecium rutabulum,OpenDryPoor
108072,Brachythecium rutabulum,OpenDryPoor
108073,Brachythecium rutabulum,OpenDryPoor
108074,Brachythecium rutabulum,OpenDryPoor
108075,Brachythecium rutabulum,OpenDryPoor
108076,Brachythecium rutabulum,OpenDryPoor
108097,Brachythecium rutabulum,OpenDryPoor
108098,Brachythecium rutabulum,OpenDryPoor
108099,Brachythecium rutabulum,OpenDryPoor
108100,Brachythecium rutabulum,OpenDryPoor
108101,Brachythecium rutabulum,OpenDryPoor
108102,Brachythecium rutabulum,OpenDryPoor
108103,Brachythecium rutabulum,OpenDryPoor
108104,Brachythecium rutabulum,OpenDryPoor
108105,Brachythecium rutabulum,OpenDryPoor
108106,Brachythecium rutabulum,OpenDryPoor
108107,Brachythecium rutabulum,OpenDryPoor
108108,Brachythecium rutabulum,OpenDryPoor
108109,Brachythecium rutabulum,OpenDryPoor
108110,Brachythecium rutabulum,OpenDryPoor
108111,Brachythecium rutabulum,OpenDryPoor
108112,Brachythecium rutabulum,OpenDryPoor
108113,Brachythecium rutabulum,OpenDryPoor
108114,Brachythecium rutabulum,OpenDryPoor
108115,Brachythecium rutabulum,OpenDryPoor
108116,Brachythecium rutabulum,OpenDryPoor
108656,Brachythecium rutabulum,OpenDryPoor
108657,Brachythecium rutabulum,OpenDryPoor
108658,Brachythecium rutabulum,OpenDryPoor
108659,Brachythecium rutabulum,OpenDryPoor
108660,Brachythecium rutabulum,OpenDryPoor
108661,Brachythecium rutabulum,OpenDryPoor
108662,Brachythecium rutabulum,OpenDryPoor
108663,Brachythecium rutabulum,OpenDryPoor
108664,Brachythecium rutabulum,OpenDryPoor
108665,Brachythecium rutabulum,OpenDryPoor
108666,Brachythecium rutabulum,OpenDryPoor
108667,Brachythecium rutabulum,OpenDryPoor
108668,Brachythecium rutabulum,OpenDryPoor
108669,Brachythecium rutabulum,OpenDryPoor
108670,Brachythecium rutabulum,OpenDryPoor
108671,Brachythecium rutabulum,OpenDryPoor
108672,Brachythecium rutabulum,OpenDryPoor
108673,Brachythecium rutabulum,OpenDryPoor
108674,Brachythecium rutabulum,OpenDryPoor
108675,Brachythecium rutabulum,OpenDryPoor
108696,Brachythecium rutabulum,OpenDryPoor
108697,Brachythecium rutabulum,OpenDryPoor
108698,Brachythecium rutabulum,OpenDryPoor
108699,Brachythecium rutabulum,OpenDryPoor
108700,Brachythecium rutabulum,OpenDryPoor
108701,Brachythecium rutabulum,OpenDryPoor
108702,Brachythecium rutabulum,OpenDryPoor
108703,Brachythecium rutabulum,OpenDryPoor
108704,Brachythecium rutabulum,OpenDryPoor
108705,Brachythecium rutabulum,OpenDryPoor
108706,Brachythecium rutabulum,OpenDryPoor
108707,Brachythecium rutabulum,OpenDryPoor
108708,Brachythecium rutabulum,OpenDryPoor
108709,Brachythecium rutabulum,OpenDryPoor
108710,Brachythecium rutabulum,OpenDryPoor
108711,Brachythecium rutabulum,OpenDryPoor
108712,Brachythecium rutabulum,OpenDryPoor
108713,Brachythecium rutabulum,OpenDryPoor
108714,Brachythecium rutabulum,OpenDryPoor
108715,Brachythecium rutabulum,OpenDryPoor
109255,Brachythecium rutabulum,OpenDryPoor
109256,Brachythecium rutabulum,OpenDryPoor
109257,Brachythecium rutabulum,OpenDryPoor
109258,Brachythecium rutabulum,OpenDryPoor
109259,Brachythecium rutabulum,OpenDryPoor
109260,Brachythecium rutabulum,OpenDryPoor
109261,Brachythecium rutabulum,OpenDryPoor
109262,Brachythecium rutabulum,OpenDryPoor
109263,Brachythecium rutabulum,OpenDryPoor
109264,Brachythecium rutabulum,OpenDryPoor
109265,Brachythecium rutabulum,OpenDryPoor
109266,Brachythecium rutabulum,OpenDryPoor
109267,Brachythecium rutabulum,OpenDryPoor
109268,Brachythecium rutabulum,OpenDryPoor
109269,Brachythecium rutabulum,OpenDryPoor
109270,Brachythecium rutabulum,OpenDryPoor
109271,Brachythecium rutabulum,OpenDryPoor
109272,Brachythecium rutabulum,OpenDryPoor
109273,Brachythecium rutabulum,OpenDryPoor
109274,Brachythecium rutabulum,OpenDryPoor
109295,Brachythecium rutabulum,OpenDryPoor
109296,Brachythecium rutabulum,OpenDryPoor
109297,Brachythecium rutabulum,OpenDryPoor
109298,Brachythecium rutabulum,OpenDryPoor
109299,Brachythecium rutabulum,OpenDryPoor
109300,Brachythecium rutabulum,OpenDryPoor
109301,Brachythecium rutabulum,OpenDryPoor
109302,Brachythecium rutabulum,OpenDryPoor
109303,Brachythecium rutabulum,OpenDryPoor
109304,Brachythecium rutabulum,OpenDryPoor
109305,Brachythecium rutabulum,OpenDryPoor
109306,Brachythecium rutabulum,OpenDryPoor
109307,Brachythecium rutabulum,OpenDryPoor
109308,Brachythecium rutabulum,OpenDryPoor
109309,Brachythecium rutabulum,OpenDryPoor
109310,Brachythecium rutabulum,OpenDryPoor
109311,Brachythecium rutabulum,OpenDryPoor
109312,Brachythecium rutabulum,OpenDryPoor
109313,Brachythecium rutabulum,OpenDryPoor
109314,Brachythecium rutabulum,OpenDryPoor
109854,Brachythecium rutabulum,OpenDryPoor
109855,Brachythecium rutabulum,OpenDryPoor
109856,Brachythecium rutabulum,OpenDryPoor
109857,Brachythecium rutabulum,OpenDryPoor
109858,Brachythecium rutabulum,OpenDryPoor
109859,Brachythecium rutabulum,OpenDryPoor
109860,Brachythecium rutabulum,OpenDryPoor
109861,Brachythecium rutabulum,OpenDryPoor
109862,Brachythecium rutabulum,OpenDryPoor
109863,Brachythecium rutabulum,OpenDryPoor
109864,Brachythecium rutabulum,OpenDryPoor
109865,Brachythecium rutabulum,OpenDryPoor
109866,Brachythecium rutabulum,OpenDryPoor
109867,Brachythecium rutabulum,OpenDryPoor
109868,Brachythecium rutabulum,OpenDryPoor
109869,Brachythecium rutabulum,OpenDryPoor
109870,Brachythecium rutabulum,OpenDryPoor
109871,Brachythecium rutabulum,OpenDryPoor
109872,Brachythecium rutabulum,OpenDryPoor
109873,Brachythecium rutabulum,OpenDryPoor
109894,Brachythecium rutabulum,OpenDryPoor
109895,Brachythecium rutabulum,OpenDryPoor
109896,Brachythecium rutabulum,OpenDryPoor
109897,Brachythecium rutabulum,OpenDryPoor
109898,Brachythecium rutabulum,OpenDryPoor
109899,Brachythecium rutabulum,OpenDryPoor
109900,Brachythecium rutabulum,OpenDryPoor
109901,Brachythecium rutabulum,OpenDryPoor
109902,Brachythecium rutabulum,OpenDryPoor
109903,Brachythecium rutabulum,OpenDryPoor
109904,Brachythecium rutabulum,OpenDryPoor
109905,Brachythecium rutabulum,OpenDryPoor
109906,Brachythecium rutabulum,OpenDryPoor
109907,Brachythecium rutabulum,OpenDryPoor
109908,Brachythecium rutabulum,OpenDryPoor
109909,Brachythecium rutabulum,OpenDryPoor
109910,Brachythecium rutabulum,OpenDryPoor
109911,Brachythecium rutabulum,OpenDryPoor
109912,Brachythecium rutabulum,OpenDryPoor
109913,Brachythecium rutabulum,OpenDryPoor
