139980,Hedera helix,OpenDryPoor
139981,Hedera helix,OpenDryPoor
139982,Hedera helix,OpenDryPoor
139983,Hedera helix,OpenDryPoor
140576,Hedera helix,OpenDryPoor
140577,Hedera helix,OpenDryPoor
140578,Hedera helix,OpenDryPoor
140579,Hedera helix,OpenDryPoor
140580,Hedera helix,OpenDryPoor
140581,Hedera helix,OpenDryPoor
140582,Hedera helix,OpenDryPoor
141172,Hedera helix,OpenDryPoor
141173,Hedera helix,OpenDryPoor
141174,Hedera helix,OpenDryPoor
141175,Hedera helix,OpenDryPoor
141176,Hedera helix,OpenDryPoor
141177,Hedera helix,OpenDryPoor
141178,Hedera helix,OpenDryPoor
141179,Hedera helix,OpenDryPoor
141180,Hedera helix,OpenDryPoor
141181,Hedera helix,OpenDryPoor
141769,Hedera helix,OpenDryPoor
141770,Hedera helix,OpenDryPoor
141771,Hedera helix,OpenDryPoor
141772,Hedera helix,OpenDryPoor
141773,Hedera helix,OpenDryPoor
141774,Hedera helix,OpenDryPoor
141775,Hedera helix,OpenDryPoor
141776,Hedera helix,OpenDryPoor
141777,Hedera helix,OpenDryPoor
141778,Hedera helix,OpenDryPoor
141779,Hedera helix,OpenDryPoor
141780,Hedera helix,OpenDryPoor
142366,Hedera helix,OpenDryPoor
142367,Hedera helix,OpenDryPoor
142368,Hedera helix,OpenDryPoor
142369,Hedera helix,OpenDryPoor
142370,Hedera helix,OpenDryPoor
142371,Hedera helix,OpenDryPoor
142372,Hedera helix,OpenDryPoor
142373,Hedera helix,OpenDryPoor
142374,Hedera helix,OpenDryPoor
142375,Hedera helix,OpenDryPoor
142376,Hedera helix,OpenDryPoor
142377,Hedera helix,OpenDryPoor
142378,Hedera helix,OpenDryPoor
142379,Hedera helix,OpenDryPoor
142963,Hedera helix,OpenDryPoor
142964,Hedera helix,OpenDryPoor
142965,Hedera helix,OpenDryPoor
142966,Hedera helix,OpenDryPoor
142967,Hedera helix,OpenDryPoor
142968,Hedera helix,OpenDryPoor
142969,Hedera helix,OpenDryPoor
142970,Hedera helix,OpenDryPoor
142971,Hedera helix,OpenDryPoor
142972,Hedera helix,OpenDryPoor
142973,Hedera helix,OpenDryPoor
142974,Hedera helix,OpenDryPoor
142975,Hedera helix,OpenDryPoor
142976,Hedera helix,OpenDryPoor
142977,Hedera helix,OpenDryPoor
142978,Hedera helix,OpenDryPoor
143561,Hedera helix,OpenDryPoor
143562,Hedera helix,OpenDryPoor
143563,Hedera helix,OpenDryPoor
143564,Hedera helix,OpenDryPoor
143565,Hedera helix,OpenDryPoor
143566,Hedera helix,OpenDryPoor
143567,Hedera helix,OpenDryPoor
143568,Hedera helix,OpenDryPoor
143569,Hedera helix,OpenDryPoor
143570,Hedera helix,OpenDryPoor
143571,Hedera helix,OpenDryPoor
143572,Hedera helix,OpenDryPoor
143573,Hedera helix,OpenDryPoor
143574,Hedera helix,OpenDryPoor
143575,Hedera helix,OpenDryPoor
143576,Hedera helix,OpenDryPoor
143577,Hedera helix,OpenDryPoor
144158,Hedera helix,OpenDryPoor
144159,Hedera helix,OpenDryPoor
144160,Hedera helix,OpenDryPoor
144161,Hedera helix,OpenDryPoor
144162,Hedera helix,OpenDryPoor
144163,Hedera helix,OpenDryPoor
144164,Hedera helix,OpenDryPoor
144165,Hedera helix,OpenDryPoor
144166,Hedera helix,OpenDryPoor
144167,Hedera helix,OpenDryPoor
144168,Hedera helix,OpenDryPoor
144169,Hedera helix,OpenDryPoor
144170,Hedera helix,OpenDryPoor
144171,Hedera helix,OpenDryPoor
144172,Hedera helix,OpenDryPoor
144173,Hedera helix,OpenDryPoor
144174,Hedera helix,OpenDryPoor
144175,Hedera helix,OpenDryPoor
144176,Hedera helix,OpenDryPoor
144756,Hedera helix,OpenDryPoor
144757,Hedera helix,OpenDryPoor
144758,Hedera helix,OpenDryPoor
144759,Hedera helix,OpenDryPoor
144760,Hedera helix,OpenDryPoor
144761,Hedera helix,OpenDryPoor
144762,Hedera helix,OpenDryPoor
144763,Hedera helix,OpenDryPoor
144764,Hedera helix,OpenDryPoor
144765,Hedera helix,OpenDryPoor
144766,Hedera helix,OpenDryPoor
144767,Hedera helix,OpenDryPoor
144768,Hedera helix,OpenDryPoor
144769,Hedera helix,OpenDryPoor
144770,Hedera helix,OpenDryPoor
144771,Hedera helix,OpenDryPoor
144772,Hedera helix,OpenDryPoor
144773,Hedera helix,OpenDryPoor
144774,Hedera helix,OpenDryPoor
144775,Hedera helix,OpenDryPoor
145355,Hedera helix,OpenDryPoor
145356,Hedera helix,OpenDryPoor
145357,Hedera helix,OpenDryPoor
145358,Hedera helix,OpenDryPoor
145359,Hedera helix,OpenDryPoor
145360,Hedera helix,OpenDryPoor
145361,Hedera helix,OpenDryPoor
145362,Hedera helix,OpenDryPoor
145363,Hedera helix,OpenDryPoor
145364,Hedera helix,OpenDryPoor
145365,Hedera helix,OpenDryPoor
145366,Hedera helix,OpenDryPoor
145367,Hedera helix,OpenDryPoor
145368,Hedera helix,OpenDryPoor
145369,Hedera helix,OpenDryPoor
145370,Hedera helix,OpenDryPoor
145371,Hedera helix,OpenDryPoor
145372,Hedera helix,OpenDryPoor
145373,Hedera helix,OpenDryPoor
145374,Hedera helix,OpenDryPoor
145954,Hedera helix,OpenDryPoor
145955,Hedera helix,OpenDryPoor
145956,Hedera helix,OpenDryPoor
145957,Hedera helix,OpenDryPoor
145958,Hedera helix,OpenDryPoor
145959,Hedera helix,OpenDryPoor
145960,Hedera helix,OpenDryPoor
145961,Hedera helix,OpenDryPoor
145962,Hedera helix,OpenDryPoor
145963,Hedera helix,OpenDryPoor
145964,Hedera helix,OpenDryPoor
145965,Hedera helix,OpenDryPoor
145966,Hedera helix,OpenDryPoor
145967,Hedera helix,OpenDryPoor
145968,Hedera helix,OpenDryPoor
145969,Hedera helix,OpenDryPoor
145970,Hedera helix,OpenDryPoor
145971,Hedera helix,OpenDryPoor
145972,Hedera helix,OpenDryPoor
145973,Hedera helix,OpenDryPoor
146613,Hedera helix,OpenDryPoor
146614,Hedera helix,OpenDryPoor
146615,Hedera helix,OpenDryPoor
146616,Hedera helix,OpenDryPoor
147212,Hedera helix,OpenDryPoor
147213,Hedera helix,OpenDryPoor
147214,Hedera helix,OpenDryPoor
147215,Hedera helix,OpenDryPoor
147216,Hedera helix,OpenDryPoor
147811,Hedera helix,OpenDryPoor
147812,Hedera helix,OpenDryPoor
147813,Hedera helix,OpenDryPoor
147814,Hedera helix,OpenDryPoor
147815,Hedera helix,OpenDryPoor
147816,Hedera helix,OpenDryPoor
148410,Hedera helix,OpenDryPoor
148411,Hedera helix,OpenDryPoor
148412,Hedera helix,OpenDryPoor
148413,Hedera helix,OpenDryPoor
148414,Hedera helix,OpenDryPoor
148415,Hedera helix,OpenDryPoor
148416,Hedera helix,OpenDryPoor
149009,Hedera helix,OpenDryPoor
149010,Hedera helix,OpenDryPoor
149011,Hedera helix,OpenDryPoor
149012,Hedera helix,OpenDryPoor
149013,Hedera helix,OpenDryPoor
149014,Hedera helix,OpenDryPoor
149015,Hedera helix,OpenDryPoor
149608,Hedera helix,OpenDryPoor
149609,Hedera helix,OpenDryPoor
149610,Hedera helix,OpenDryPoor
149611,Hedera helix,OpenDryPoor
149612,Hedera helix,OpenDryPoor
149613,Hedera helix,OpenDryPoor
149614,Hedera helix,OpenDryPoor
149615,Hedera helix,OpenDryPoor
150207,Hedera helix,OpenDryPoor
150208,Hedera helix,OpenDryPoor
150209,Hedera helix,OpenDryPoor
150210,Hedera helix,OpenDryPoor
150211,Hedera helix,OpenDryPoor
150212,Hedera helix,OpenDryPoor
150213,Hedera helix,OpenDryPoor
150214,Hedera helix,OpenDryPoor
150215,Hedera helix,OpenDryPoor
150806,Hedera helix,OpenDryPoor
150807,Hedera helix,OpenDryPoor
150808,Hedera helix,OpenDryPoor
150809,Hedera helix,OpenDryPoor
150810,Hedera helix,OpenDryPoor
150811,Hedera helix,OpenDryPoor
150812,Hedera helix,OpenDryPoor
150813,Hedera helix,OpenDryPoor
150814,Hedera helix,OpenDryPoor
150815,Hedera helix,OpenDryPoor
151405,Hedera helix,OpenDryPoor
151406,Hedera helix,OpenDryPoor
151407,Hedera helix,OpenDryPoor
151408,Hedera helix,OpenDryPoor
151409,Hedera helix,OpenDryPoor
151410,Hedera helix,OpenDryPoor
151411,Hedera helix,OpenDryPoor
151412,Hedera helix,OpenDryPoor
151413,Hedera helix,OpenDryPoor
151414,Hedera helix,OpenDryPoor
151415,Hedera helix,OpenDryPoor
152004,Hedera helix,OpenDryPoor
152005,Hedera helix,OpenDryPoor
152006,Hedera helix,OpenDryPoor
152007,Hedera helix,OpenDryPoor
152008,Hedera helix,OpenDryPoor
152009,Hedera helix,OpenDryPoor
152010,Hedera helix,OpenDryPoor
152011,Hedera helix,OpenDryPoor
152012,Hedera helix,OpenDryPoor
152013,Hedera helix,OpenDryPoor
152014,Hedera helix,OpenDryPoor
152603,Hedera helix,OpenDryPoor
152604,Hedera helix,OpenDryPoor
152605,Hedera helix,OpenDryPoor
152606,Hedera helix,OpenDryPoor
152607,Hedera helix,OpenDryPoor
152608,Hedera helix,OpenDryPoor
152609,Hedera helix,OpenDryPoor
152610,Hedera helix,OpenDryPoor
152611,Hedera helix,OpenDryPoor
152612,Hedera helix,OpenDryPoor
152613,Hedera helix,OpenDryPoor
152614,Hedera helix,OpenDryPoor
153202,Hedera helix,OpenDryPoor
153203,Hedera helix,OpenDryPoor
153204,Hedera helix,OpenDryPoor
153205,Hedera helix,OpenDryPoor
153206,Hedera helix,OpenDryPoor
153207,Hedera helix,OpenDryPoor
153208,Hedera helix,OpenDryPoor
153209,Hedera helix,OpenDryPoor
153210,Hedera helix,OpenDryPoor
153211,Hedera helix,OpenDryPoor
153212,Hedera helix,OpenDryPoor
153213,Hedera helix,OpenDryPoor
153214,Hedera helix,OpenDryPoor
153801,Hedera helix,OpenDryPoor
153802,Hedera helix,OpenDryPoor
153803,Hedera helix,OpenDryPoor
153804,Hedera helix,OpenDryPoor
153805,Hedera helix,OpenDryPoor
153806,Hedera helix,OpenDryPoor
153807,Hedera helix,OpenDryPoor
153808,Hedera helix,OpenDryPoor
153809,Hedera helix,OpenDryPoor
153810,Hedera helix,OpenDryPoor
153811,Hedera helix,OpenDryPoor
153812,Hedera helix,OpenDryPoor
153813,Hedera helix,OpenDryPoor
154400,Hedera helix,OpenDryPoor
154401,Hedera helix,OpenDryPoor
154402,Hedera helix,OpenDryPoor
154403,Hedera helix,OpenDryPoor
154404,Hedera helix,OpenDryPoor
154405,Hedera helix,OpenDryPoor
154406,Hedera helix,OpenDryPoor
154407,Hedera helix,OpenDryPoor
154408,Hedera helix,OpenDryPoor
154409,Hedera helix,OpenDryPoor
154410,Hedera helix,OpenDryPoor
154411,Hedera helix,OpenDryPoor
154412,Hedera helix,OpenDryPoor
154413,Hedera helix,OpenDryPoor
154999,Hedera helix,OpenDryPoor
155000,Hedera helix,OpenDryPoor
155001,Hedera helix,OpenDryPoor
155002,Hedera helix,OpenDryPoor
155003,Hedera helix,OpenDryPoor
155004,Hedera helix,OpenDryPoor
155005,Hedera helix,OpenDryPoor
155006,Hedera helix,OpenDryPoor
155007,Hedera helix,OpenDryPoor
155008,Hedera helix,OpenDryPoor
155009,Hedera helix,OpenDryPoor
155010,Hedera helix,OpenDryPoor
155011,Hedera helix,OpenDryPoor
155012,Hedera helix,OpenDryPoor
155598,Hedera helix,OpenDryPoor
155599,Hedera helix,OpenDryPoor
155600,Hedera helix,OpenDryPoor
155601,Hedera helix,OpenDryPoor
155602,Hedera helix,OpenDryPoor
155603,Hedera helix,OpenDryPoor
155604,Hedera helix,OpenDryPoor
155605,Hedera helix,OpenDryPoor
155606,Hedera helix,OpenDryPoor
155607,Hedera helix,OpenDryPoor
155608,Hedera helix,OpenDryPoor
155609,Hedera helix,OpenDryPoor
155610,Hedera helix,OpenDryPoor
155611,Hedera helix,OpenDryPoor
155612,Hedera helix,OpenDryPoor
156197,Hedera helix,OpenDryPoor
156198,Hedera helix,OpenDryPoor
156199,Hedera helix,OpenDryPoor
156200,Hedera helix,OpenDryPoor
156201,Hedera helix,OpenDryPoor
156202,Hedera helix,OpenDryPoor
156203,Hedera helix,OpenDryPoor
156204,Hedera helix,OpenDryPoor
156205,Hedera helix,OpenDryPoor
156206,Hedera helix,OpenDryPoor
156207,Hedera helix,OpenDryPoor
156208,Hedera helix,OpenDryPoor
156209,Hedera helix,OpenDryPoor
156210,Hedera helix,OpenDryPoor
156211,Hedera helix,OpenDryPoor
156796,Hedera helix,OpenDryPoor
156797,Hedera helix,OpenDryPoor
156798,Hedera helix,OpenDryPoor
156799,Hedera helix,OpenDryPoor
156800,Hedera helix,OpenDryPoor
156801,Hedera helix,OpenDryPoor
156802,Hedera helix,OpenDryPoor
156803,Hedera helix,OpenDryPoor
156804,Hedera helix,OpenDryPoor
156805,Hedera helix,OpenDryPoor
156806,Hedera helix,OpenDryPoor
156807,Hedera helix,OpenDryPoor
156808,Hedera helix,OpenDryPoor
156809,Hedera helix,OpenDryPoor
156810,Hedera helix,OpenDryPoor
156811,Hedera helix,OpenDryPoor
157395,Hedera helix,OpenDryPoor
157396,Hedera helix,OpenDryPoor
157397,Hedera helix,OpenDryPoor
157398,Hedera helix,OpenDryPoor
157399,Hedera helix,OpenDryPoor
157400,Hedera helix,OpenDryPoor
157401,Hedera helix,OpenDryPoor
157402,Hedera helix,OpenDryPoor
157403,Hedera helix,OpenDryPoor
157404,Hedera helix,OpenDryPoor
157405,Hedera helix,OpenDryPoor
157406,Hedera helix,OpenDryPoor
157407,Hedera helix,OpenDryPoor
157408,Hedera helix,OpenDryPoor
157409,Hedera helix,OpenDryPoor
157410,Hedera helix,OpenDryPoor
157994,Hedera helix,OpenDryPoor
157995,Hedera helix,OpenDryPoor
157996,Hedera helix,OpenDryPoor
157997,Hedera helix,OpenDryPoor
157998,Hedera helix,OpenDryPoor
157999,Hedera helix,OpenDryPoor
158000,Hedera helix,OpenDryPoor
158001,Hedera helix,OpenDryPoor
158002,Hedera helix,OpenDryPoor
158003,Hedera helix,OpenDryPoor
158004,Hedera helix,OpenDryPoor
158005,Hedera helix,OpenDryPoor
158006,Hedera helix,OpenDryPoor
158007,Hedera helix,OpenDryPoor
158008,Hedera helix,OpenDryPoor
158009,Hedera helix,OpenDryPoor
158573,Hedera helix,OpenDryPoor
158574,Hedera helix,OpenDryPoor
158575,Hedera helix,OpenDryPoor
158576,Hedera helix,OpenDryPoor
158577,Hedera helix,OpenDryPoor
158578,Hedera helix,OpenDryPoor
158579,Hedera helix,OpenDryPoor
158580,Hedera helix,OpenDryPoor
158581,Hedera helix,OpenDryPoor
158582,Hedera helix,OpenDryPoor
158583,Hedera helix,OpenDryPoor
158584,Hedera helix,OpenDryPoor
158585,Hedera helix,OpenDryPoor
158586,Hedera helix,OpenDryPoor
158587,Hedera helix,OpenDryPoor
158588,Hedera helix,OpenDryPoor
158589,Hedera helix,OpenDryPoor
158590,Hedera helix,OpenDryPoor
158591,Hedera helix,OpenDryPoor
158592,Hedera helix,OpenDryPoor
158593,Hedera helix,OpenDryPoor
158594,Hedera helix,OpenDryPoor
158595,Hedera helix,OpenDryPoor
158596,Hedera helix,OpenDryPoor
158597,Hedera helix,OpenDryPoor
158598,Hedera helix,OpenDryPoor
158599,Hedera helix,OpenDryPoor
158600,Hedera helix,OpenDryPoor
158601,Hedera helix,OpenDryPoor
158602,Hedera helix,OpenDryPoor
158603,Hedera helix,OpenDryPoor
158604,Hedera helix,OpenDryPoor
158605,Hedera helix,OpenDryPoor
158606,Hedera helix,OpenDryPoor
158607,Hedera helix,OpenDryPoor
158608,Hedera helix,OpenDryPoor
158609,Hedera helix,OpenDryPoor
159172,Hedera helix,OpenDryPoor
159173,Hedera helix,OpenDryPoor
159174,Hedera helix,OpenDryPoor
159175,Hedera helix,OpenDryPoor
159176,Hedera helix,OpenDryPoor
159177,Hedera helix,OpenDryPoor
159178,Hedera helix,OpenDryPoor
159179,Hedera helix,OpenDryPoor
159180,Hedera helix,OpenDryPoor
159181,Hedera helix,OpenDryPoor
159182,Hedera helix,OpenDryPoor
159183,Hedera helix,OpenDryPoor
159184,Hedera helix,OpenDryPoor
159185,Hedera helix,OpenDryPoor
159186,Hedera helix,OpenDryPoor
159187,Hedera helix,OpenDryPoor
159188,Hedera helix,OpenDryPoor
159189,Hedera helix,OpenDryPoor
159190,Hedera helix,OpenDryPoor
159191,Hedera helix,OpenDryPoor
159192,Hedera helix,OpenDryPoor
159193,Hedera helix,OpenDryPoor
159194,Hedera helix,OpenDryPoor
159195,Hedera helix,OpenDryPoor
159196,Hedera helix,OpenDryPoor
159197,Hedera helix,OpenDryPoor
159198,Hedera helix,OpenDryPoor
159199,Hedera helix,OpenDryPoor
159200,Hedera helix,OpenDryPoor
159201,Hedera helix,OpenDryPoor
159202,Hedera helix,OpenDryPoor
159203,Hedera helix,OpenDryPoor
159204,Hedera helix,OpenDryPoor
159205,Hedera helix,OpenDryPoor
159206,Hedera helix,OpenDryPoor
159207,Hedera helix,OpenDryPoor
159208,Hedera helix,OpenDryPoor
159771,Hedera helix,OpenDryPoor
159772,Hedera helix,OpenDryPoor
159773,Hedera helix,OpenDryPoor
159774,Hedera helix,OpenDryPoor
159775,Hedera helix,OpenDryPoor
159776,Hedera helix,OpenDryPoor
159777,Hedera helix,OpenDryPoor
159778,Hedera helix,OpenDryPoor
159779,Hedera helix,OpenDryPoor
159780,Hedera helix,OpenDryPoor
159781,Hedera helix,OpenDryPoor
159782,Hedera helix,OpenDryPoor
159783,Hedera helix,OpenDryPoor
159784,Hedera helix,OpenDryPoor
159785,Hedera helix,OpenDryPoor
159786,Hedera helix,OpenDryPoor
159787,Hedera helix,OpenDryPoor
159788,Hedera helix,OpenDryPoor
159789,Hedera helix,OpenDryPoor
159790,Hedera helix,OpenDryPoor
159791,Hedera helix,OpenDryPoor
159792,Hedera helix,OpenDryPoor
159793,Hedera helix,OpenDryPoor
159794,Hedera helix,OpenDryPoor
159795,Hedera helix,OpenDryPoor
159796,Hedera helix,OpenDryPoor
159797,Hedera helix,OpenDryPoor
159798,Hedera helix,OpenDryPoor
159799,Hedera helix,OpenDryPoor
159800,Hedera helix,OpenDryPoor
159801,Hedera helix,OpenDryPoor
159802,Hedera helix,OpenDryPoor
159803,Hedera helix,OpenDryPoor
159804,Hedera helix,OpenDryPoor
159805,Hedera helix,OpenDryPoor
159806,Hedera helix,OpenDryPoor
159807,Hedera helix,OpenDryPoor
159808,Hedera helix,OpenDryPoor
160370,Hedera helix,OpenDryPoor
160371,Hedera helix,OpenDryPoor
160372,Hedera helix,OpenDryPoor
160373,Hedera helix,OpenDryPoor
160374,Hedera helix,OpenDryPoor
160375,Hedera helix,OpenDryPoor
160376,Hedera helix,OpenDryPoor
160377,Hedera helix,OpenDryPoor
160378,Hedera helix,OpenDryPoor
160379,Hedera helix,OpenDryPoor
160380,Hedera helix,OpenDryPoor
160381,Hedera helix,OpenDryPoor
160382,Hedera helix,OpenDryPoor
160383,Hedera helix,OpenDryPoor
160384,Hedera helix,OpenDryPoor
160385,Hedera helix,OpenDryPoor
160386,Hedera helix,OpenDryPoor
160387,Hedera helix,OpenDryPoor
160388,Hedera helix,OpenDryPoor
160389,Hedera helix,OpenDryPoor
160390,Hedera helix,OpenDryPoor
160391,Hedera helix,OpenDryPoor
160392,Hedera helix,OpenDryPoor
160393,Hedera helix,OpenDryPoor
160394,Hedera helix,OpenDryPoor
160395,Hedera helix,OpenDryPoor
160396,Hedera helix,OpenDryPoor
160397,Hedera helix,OpenDryPoor
160398,Hedera helix,OpenDryPoor
160399,Hedera helix,OpenDryPoor
160400,Hedera helix,OpenDryPoor
160401,Hedera helix,OpenDryPoor
160402,Hedera helix,OpenDryPoor
160403,Hedera helix,OpenDryPoor
160404,Hedera helix,OpenDryPoor
160405,Hedera helix,OpenDryPoor
160406,Hedera helix,OpenDryPoor
160407,Hedera helix,OpenDryPoor
160969,Hedera helix,OpenDryPoor
160970,Hedera helix,OpenDryPoor
160971,Hedera helix,OpenDryPoor
160972,Hedera helix,OpenDryPoor
160973,Hedera helix,OpenDryPoor
160974,Hedera helix,OpenDryPoor
160975,Hedera helix,OpenDryPoor
160976,Hedera helix,OpenDryPoor
160977,Hedera helix,OpenDryPoor
160978,Hedera helix,OpenDryPoor
160979,Hedera helix,OpenDryPoor
160980,Hedera helix,OpenDryPoor
160981,Hedera helix,OpenDryPoor
160982,Hedera helix,OpenDryPoor
160983,Hedera helix,OpenDryPoor
160984,Hedera helix,OpenDryPoor
160985,Hedera helix,OpenDryPoor
160986,Hedera helix,OpenDryPoor
160987,Hedera helix,OpenDryPoor
160988,Hedera helix,OpenDryPoor
160989,Hedera helix,OpenDryPoor
160990,Hedera helix,OpenDryPoor
160991,Hedera helix,OpenDryPoor
160992,Hedera helix,OpenDryPoor
160993,Hedera helix,OpenDryPoor
160994,Hedera helix,OpenDryPoor
160995,Hedera helix,OpenDryPoor
160996,Hedera helix,OpenDryPoor
160997,Hedera helix,OpenDryPoor
160998,Hedera helix,OpenDryPoor
160999,Hedera helix,OpenDryPoor
161000,Hedera helix,OpenDryPoor
161001,Hedera helix,OpenDryPoor
161002,Hedera helix,OpenDryPoor
161003,Hedera helix,OpenDryPoor
161004,Hedera helix,OpenDryPoor
161005,Hedera helix,OpenDryPoor
161006,Hedera helix,OpenDryPoor
161568,Hedera helix,OpenDryPoor
161569,Hedera helix,OpenDryPoor
161570,Hedera helix,OpenDryPoor
161571,Hedera helix,OpenDryPoor
161572,Hedera helix,OpenDryPoor
161573,Hedera helix,OpenDryPoor
161574,Hedera helix,OpenDryPoor
161575,Hedera helix,OpenDryPoor
161576,Hedera helix,OpenDryPoor
161577,Hedera helix,OpenDryPoor
161578,Hedera helix,OpenDryPoor
161579,Hedera helix,OpenDryPoor
161580,Hedera helix,OpenDryPoor
161581,Hedera helix,OpenDryPoor
161582,Hedera helix,OpenDryPoor
161583,Hedera helix,OpenDryPoor
161584,Hedera helix,OpenDryPoor
161585,Hedera helix,OpenDryPoor
161586,Hedera helix,OpenDryPoor
161587,Hedera helix,OpenDryPoor
161588,Hedera helix,OpenDryPoor
161589,Hedera helix,OpenDryPoor
161590,Hedera helix,OpenDryPoor
161591,Hedera helix,OpenDryPoor
161592,Hedera helix,OpenDryPoor
161593,Hedera helix,OpenDryPoor
161594,Hedera helix,OpenDryPoor
161595,Hedera helix,OpenDryPoor
161596,Hedera helix,OpenDryPoor
161597,Hedera helix,OpenDryPoor
161598,Hedera helix,OpenDryPoor
161599,Hedera helix,OpenDryPoor
161600,Hedera helix,OpenDryPoor
161601,Hedera helix,OpenDryPoor
161602,Hedera helix,OpenDryPoor
161603,Hedera helix,OpenDryPoor
161604,Hedera helix,OpenDryPoor
161605,Hedera helix,OpenDryPoor
162167,Hedera helix,OpenDryPoor
162168,Hedera helix,OpenDryPoor
162169,Hedera helix,OpenDryPoor
162170,Hedera helix,OpenDryPoor
162171,Hedera helix,OpenDryPoor
162172,Hedera helix,OpenDryPoor
162173,Hedera helix,OpenDryPoor
162174,Hedera helix,OpenDryPoor
162175,Hedera helix,OpenDryPoor
162176,Hedera helix,OpenDryPoor
162177,Hedera helix,OpenDryPoor
162178,Hedera helix,OpenDryPoor
162179,Hedera helix,OpenDryPoor
162180,Hedera helix,OpenDryPoor
162181,Hedera helix,OpenDryPoor
162182,Hedera helix,OpenDryPoor
162183,Hedera helix,OpenDryPoor
162184,Hedera helix,OpenDryPoor
162185,Hedera helix,OpenDryPoor
162186,Hedera helix,OpenDryPoor
162187,Hedera helix,OpenDryPoor
162188,Hedera helix,OpenDryPoor
162189,Hedera helix,OpenDryPoor
162190,Hedera helix,OpenDryPoor
162191,Hedera helix,OpenDryPoor
162192,Hedera helix,OpenDryPoor
162193,Hedera helix,OpenDryPoor
162194,Hedera helix,OpenDryPoor
162195,Hedera helix,OpenDryPoor
162196,Hedera helix,OpenDryPoor
162197,Hedera helix,OpenDryPoor
162198,Hedera helix,OpenDryPoor
162199,Hedera helix,OpenDryPoor
162200,Hedera helix,OpenDryPoor
162201,Hedera helix,OpenDryPoor
162202,Hedera helix,OpenDryPoor
162203,Hedera helix,OpenDryPoor
162204,Hedera helix,OpenDryPoor
162205,Hedera helix,OpenDryPoor
162766,Hedera helix,OpenDryPoor
162767,Hedera helix,OpenDryPoor
162768,Hedera helix,OpenDryPoor
162769,Hedera helix,OpenDryPoor
162770,Hedera helix,OpenDryPoor
162771,Hedera helix,OpenDryPoor
162772,Hedera helix,OpenDryPoor
162773,Hedera helix,OpenDryPoor
162774,Hedera helix,OpenDryPoor
162775,Hedera helix,OpenDryPoor
162776,Hedera helix,OpenDryPoor
162777,Hedera helix,OpenDryPoor
162778,Hedera helix,OpenDryPoor
162779,Hedera helix,OpenDryPoor
162780,Hedera helix,OpenDryPoor
162781,Hedera helix,OpenDryPoor
162782,Hedera helix,OpenDryPoor
162783,Hedera helix,OpenDryPoor
162784,Hedera helix,OpenDryPoor
162785,Hedera helix,OpenDryPoor
162786,Hedera helix,OpenDryPoor
162787,Hedera helix,OpenDryPoor
162788,Hedera helix,OpenDryPoor
162789,Hedera helix,OpenDryPoor
162790,Hedera helix,OpenDryPoor
162791,Hedera helix,OpenDryPoor
162792,Hedera helix,OpenDryPoor
162793,Hedera helix,OpenDryPoor
162794,Hedera helix,OpenDryPoor
162795,Hedera helix,OpenDryPoor
162796,Hedera helix,OpenDryPoor
162797,Hedera helix,OpenDryPoor
162798,Hedera helix,OpenDryPoor
162799,Hedera helix,OpenDryPoor
162800,Hedera helix,OpenDryPoor
162801,Hedera helix,OpenDryPoor
162802,Hedera helix,OpenDryPoor
162803,Hedera helix,OpenDryPoor
162804,Hedera helix,OpenDryPoor
163365,Hedera helix,OpenDryPoor
163366,Hedera helix,OpenDryPoor
163367,Hedera helix,OpenDryPoor
163368,Hedera helix,OpenDryPoor
163369,Hedera helix,OpenDryPoor
163370,Hedera helix,OpenDryPoor
163371,Hedera helix,OpenDryPoor
163372,Hedera helix,OpenDryPoor
163373,Hedera helix,OpenDryPoor
163374,Hedera helix,OpenDryPoor
163375,Hedera helix,OpenDryPoor
163376,Hedera helix,OpenDryPoor
163377,Hedera helix,OpenDryPoor
163378,Hedera helix,OpenDryPoor
163379,Hedera helix,OpenDryPoor
163380,Hedera helix,OpenDryPoor
163381,Hedera helix,OpenDryPoor
163382,Hedera helix,OpenDryPoor
163383,Hedera helix,OpenDryPoor
163384,Hedera helix,OpenDryPoor
163385,Hedera helix,OpenDryPoor
163386,Hedera helix,OpenDryPoor
163387,Hedera helix,OpenDryPoor
163388,Hedera helix,OpenDryPoor
163389,Hedera helix,OpenDryPoor
163390,Hedera helix,OpenDryPoor
163391,Hedera helix,OpenDryPoor
163392,Hedera helix,OpenDryPoor
163393,Hedera helix,OpenDryPoor
163394,Hedera helix,OpenDryPoor
163395,Hedera helix,OpenDryPoor
163396,Hedera helix,OpenDryPoor
163397,Hedera helix,OpenDryPoor
163398,Hedera helix,OpenDryPoor
163399,Hedera helix,OpenDryPoor
163400,Hedera helix,OpenDryPoor
163401,Hedera helix,OpenDryPoor
163402,Hedera helix,OpenDryPoor
163403,Hedera helix,OpenDryPoor
163964,Hedera helix,OpenDryPoor
163965,Hedera helix,OpenDryPoor
163966,Hedera helix,OpenDryPoor
163967,Hedera helix,OpenDryPoor
163968,Hedera helix,OpenDryPoor
163969,Hedera helix,OpenDryPoor
163970,Hedera helix,OpenDryPoor
163971,Hedera helix,OpenDryPoor
163972,Hedera helix,OpenDryPoor
163973,Hedera helix,OpenDryPoor
163974,Hedera helix,OpenDryPoor
163975,Hedera helix,OpenDryPoor
163976,Hedera helix,OpenDryPoor
163977,Hedera helix,OpenDryPoor
163978,Hedera helix,OpenDryPoor
163979,Hedera helix,OpenDryPoor
163980,Hedera helix,OpenDryPoor
163981,Hedera helix,OpenDryPoor
163982,Hedera helix,OpenDryPoor
163983,Hedera helix,OpenDryPoor
163984,Hedera helix,OpenDryPoor
163985,Hedera helix,OpenDryPoor
163986,Hedera helix,OpenDryPoor
163987,Hedera helix,OpenDryPoor
163988,Hedera helix,OpenDryPoor
163989,Hedera helix,OpenDryPoor
163990,Hedera helix,OpenDryPoor
163991,Hedera helix,OpenDryPoor
163992,Hedera helix,OpenDryPoor
163993,Hedera helix,OpenDryPoor
163994,Hedera helix,OpenDryPoor
163995,Hedera helix,OpenDryPoor
163996,Hedera helix,OpenDryPoor
163997,Hedera helix,OpenDryPoor
163998,Hedera helix,OpenDryPoor
163999,Hedera helix,OpenDryPoor
164000,Hedera helix,OpenDryPoor
164001,Hedera helix,OpenDryPoor
164002,Hedera helix,OpenDryPoor
164563,Hedera helix,OpenDryPoor
164564,Hedera helix,OpenDryPoor
164565,Hedera helix,OpenDryPoor
164566,Hedera helix,OpenDryPoor
164567,Hedera helix,OpenDryPoor
164568,Hedera helix,OpenDryPoor
164569,Hedera helix,OpenDryPoor
164570,Hedera helix,OpenDryPoor
164571,Hedera helix,OpenDryPoor
164572,Hedera helix,OpenDryPoor
164573,Hedera helix,OpenDryPoor
164574,Hedera helix,OpenDryPoor
164575,Hedera helix,OpenDryPoor
164576,Hedera helix,OpenDryPoor
164577,Hedera helix,OpenDryPoor
164578,Hedera helix,OpenDryPoor
164579,Hedera helix,OpenDryPoor
164580,Hedera helix,OpenDryPoor
164581,Hedera helix,OpenDryPoor
164582,Hedera helix,OpenDryPoor
164583,Hedera helix,OpenDryPoor
164584,Hedera helix,OpenDryPoor
164585,Hedera helix,OpenDryPoor
164586,Hedera helix,OpenDryPoor
164587,Hedera helix,OpenDryPoor
164588,Hedera helix,OpenDryPoor
164589,Hedera helix,OpenDryPoor
164590,Hedera helix,OpenDryPoor
164591,Hedera helix,OpenDryPoor
164592,Hedera helix,OpenDryPoor
164593,Hedera helix,OpenDryPoor
164594,Hedera helix,OpenDryPoor
164595,Hedera helix,OpenDryPoor
164596,Hedera helix,OpenDryPoor
164597,Hedera helix,OpenDryPoor
164598,Hedera helix,OpenDryPoor
164599,Hedera helix,OpenDryPoor
164600,Hedera helix,OpenDryPoor
164601,Hedera helix,OpenDryPoor
165162,Hedera helix,OpenDryPoor
165163,Hedera helix,OpenDryPoor
165164,Hedera helix,OpenDryPoor
165165,Hedera helix,OpenDryPoor
165166,Hedera helix,OpenDryPoor
165167,Hedera helix,OpenDryPoor
165168,Hedera helix,OpenDryPoor
165169,Hedera helix,OpenDryPoor
165170,Hedera helix,OpenDryPoor
165171,Hedera helix,OpenDryPoor
165172,Hedera helix,OpenDryPoor
165173,Hedera helix,OpenDryPoor
165174,Hedera helix,OpenDryPoor
165175,Hedera helix,OpenDryPoor
165176,Hedera helix,OpenDryPoor
165177,Hedera helix,OpenDryPoor
165178,Hedera helix,OpenDryPoor
165179,Hedera helix,OpenDryPoor
165180,Hedera helix,OpenDryPoor
165181,Hedera helix,OpenDryPoor
165182,Hedera helix,OpenDryPoor
165183,Hedera helix,OpenDryPoor
165184,Hedera helix,OpenDryPoor
165185,Hedera helix,OpenDryPoor
165186,Hedera helix,OpenDryPoor
165187,Hedera helix,OpenDryPoor
165188,Hedera helix,OpenDryPoor
165189,Hedera helix,OpenDryPoor
165190,Hedera helix,OpenDryPoor
165191,Hedera helix,OpenDryPoor
165192,Hedera helix,OpenDryPoor
165193,Hedera helix,OpenDryPoor
165194,Hedera helix,OpenDryPoor
165195,Hedera helix,OpenDryPoor
165196,Hedera helix,OpenDryPoor
165197,Hedera helix,OpenDryPoor
165198,Hedera helix,OpenDryPoor
165199,Hedera helix,OpenDryPoor
165200,Hedera helix,OpenDryPoor
165761,Hedera helix,OpenDryPoor
165762,Hedera helix,OpenDryPoor
165763,Hedera helix,OpenDryPoor
165764,Hedera helix,OpenDryPoor
165765,Hedera helix,OpenDryPoor
165766,Hedera helix,OpenDryPoor
165767,Hedera helix,OpenDryPoor
165768,Hedera helix,OpenDryPoor
165769,Hedera helix,OpenDryPoor
165770,Hedera helix,OpenDryPoor
165771,Hedera helix,OpenDryPoor
165772,Hedera helix,OpenDryPoor
165773,Hedera helix,OpenDryPoor
165774,Hedera helix,OpenDryPoor
165775,Hedera helix,OpenDryPoor
165776,Hedera helix,OpenDryPoor
165777,Hedera helix,OpenDryPoor
165778,Hedera helix,OpenDryPoor
165779,Hedera helix,OpenDryPoor
165780,Hedera helix,OpenDryPoor
165781,Hedera helix,OpenDryPoor
165782,Hedera helix,OpenDryPoor
165783,Hedera helix,OpenDryPoor
165784,Hedera helix,OpenDryPoor
165785,Hedera helix,OpenDryPoor
165786,Hedera helix,OpenDryPoor
165787,Hedera helix,OpenDryPoor
165788,Hedera helix,OpenDryPoor
165789,Hedera helix,OpenDryPoor
165790,Hedera helix,OpenDryPoor
165791,Hedera helix,OpenDryPoor
165792,Hedera helix,OpenDryPoor
165793,Hedera helix,OpenDryPoor
165794,Hedera helix,OpenDryPoor
165795,Hedera helix,OpenDryPoor
165796,Hedera helix,OpenDryPoor
165797,Hedera helix,OpenDryPoor
165798,Hedera helix,OpenDryPoor
165799,Hedera helix,OpenDryPoor
165800,Hedera helix,OpenDryPoor
166360,Hedera helix,OpenDryPoor
166361,Hedera helix,OpenDryPoor
166362,Hedera helix,OpenDryPoor
166363,Hedera helix,OpenDryPoor
166364,Hedera helix,OpenDryPoor
166365,Hedera helix,OpenDryPoor
166366,Hedera helix,OpenDryPoor
166367,Hedera helix,OpenDryPoor
166368,Hedera helix,OpenDryPoor
166369,Hedera helix,OpenDryPoor
166370,Hedera helix,OpenDryPoor
166371,Hedera helix,OpenDryPoor
166372,Hedera helix,OpenDryPoor
166373,Hedera helix,OpenDryPoor
166374,Hedera helix,OpenDryPoor
166375,Hedera helix,OpenDryPoor
166376,Hedera helix,OpenDryPoor
166377,Hedera helix,OpenDryPoor
166378,Hedera helix,OpenDryPoor
166379,Hedera helix,OpenDryPoor
166380,Hedera helix,OpenDryPoor
166381,Hedera helix,OpenDryPoor
166382,Hedera helix,OpenDryPoor
166383,Hedera helix,OpenDryPoor
166384,Hedera helix,OpenDryPoor
166385,Hedera helix,OpenDryPoor
166386,Hedera helix,OpenDryPoor
166387,Hedera helix,OpenDryPoor
166388,Hedera helix,OpenDryPoor
166389,Hedera helix,OpenDryPoor
166390,Hedera helix,OpenDryPoor
166391,Hedera helix,OpenDryPoor
166392,Hedera helix,OpenDryPoor
166393,Hedera helix,OpenDryPoor
166394,Hedera helix,OpenDryPoor
166395,Hedera helix,OpenDryPoor
166396,Hedera helix,OpenDryPoor
166397,Hedera helix,OpenDryPoor
166398,Hedera helix,OpenDryPoor
166399,Hedera helix,OpenDryPoor
166959,Hedera helix,OpenDryPoor
166960,Hedera helix,OpenDryPoor
166961,Hedera helix,OpenDryPoor
166962,Hedera helix,OpenDryPoor
166963,Hedera helix,OpenDryPoor
166964,Hedera helix,OpenDryPoor
166965,Hedera helix,OpenDryPoor
166966,Hedera helix,OpenDryPoor
166967,Hedera helix,OpenDryPoor
166968,Hedera helix,OpenDryPoor
166969,Hedera helix,OpenDryPoor
166970,Hedera helix,OpenDryPoor
166971,Hedera helix,OpenDryPoor
166972,Hedera helix,OpenDryPoor
166973,Hedera helix,OpenDryPoor
166974,Hedera helix,OpenDryPoor
166975,Hedera helix,OpenDryPoor
166976,Hedera helix,OpenDryPoor
166977,Hedera helix,OpenDryPoor
166978,Hedera helix,OpenDryPoor
166979,Hedera helix,OpenDryPoor
166980,Hedera helix,OpenDryPoor
166981,Hedera helix,OpenDryPoor
166982,Hedera helix,OpenDryPoor
166983,Hedera helix,OpenDryPoor
166984,Hedera helix,OpenDryPoor
166985,Hedera helix,OpenDryPoor
166986,Hedera helix,OpenDryPoor
166987,Hedera helix,OpenDryPoor
166988,Hedera helix,OpenDryPoor
166989,Hedera helix,OpenDryPoor
166990,Hedera helix,OpenDryPoor
166991,Hedera helix,OpenDryPoor
166992,Hedera helix,OpenDryPoor
166993,Hedera helix,OpenDryPoor
166994,Hedera helix,OpenDryPoor
166995,Hedera helix,OpenDryPoor
166996,Hedera helix,OpenDryPoor
166997,Hedera helix,OpenDryPoor
166998,Hedera helix,OpenDryPoor
167558,Hedera helix,OpenDryPoor
167559,Hedera helix,OpenDryPoor
167560,Hedera helix,OpenDryPoor
167561,Hedera helix,OpenDryPoor
167562,Hedera helix,OpenDryPoor
167563,Hedera helix,OpenDryPoor
167564,Hedera helix,OpenDryPoor
167565,Hedera helix,OpenDryPoor
167566,Hedera helix,OpenDryPoor
167567,Hedera helix,OpenDryPoor
167568,Hedera helix,OpenDryPoor
167569,Hedera helix,OpenDryPoor
167570,Hedera helix,OpenDryPoor
167571,Hedera helix,OpenDryPoor
167572,Hedera helix,OpenDryPoor
167573,Hedera helix,OpenDryPoor
167574,Hedera helix,OpenDryPoor
167575,Hedera helix,OpenDryPoor
167576,Hedera helix,OpenDryPoor
167577,Hedera helix,OpenDryPoor
167578,Hedera helix,OpenDryPoor
167579,Hedera helix,OpenDryPoor
167580,Hedera helix,OpenDryPoor
167581,Hedera helix,OpenDryPoor
167582,Hedera helix,OpenDryPoor
167583,Hedera helix,OpenDryPoor
167584,Hedera helix,OpenDryPoor
167585,Hedera helix,OpenDryPoor
167586,Hedera helix,OpenDryPoor
167587,Hedera helix,OpenDryPoor
167588,Hedera helix,OpenDryPoor
167589,Hedera helix,OpenDryPoor
167590,Hedera helix,OpenDryPoor
167591,Hedera helix,OpenDryPoor
167592,Hedera helix,OpenDryPoor
167593,Hedera helix,OpenDryPoor
167594,Hedera helix,OpenDryPoor
167595,Hedera helix,OpenDryPoor
167596,Hedera helix,OpenDryPoor
167597,Hedera helix,OpenDryPoor
168157,Hedera helix,OpenDryPoor
168158,Hedera helix,OpenDryPoor
168159,Hedera helix,OpenDryPoor
168160,Hedera helix,OpenDryPoor
168161,Hedera helix,OpenDryPoor
168162,Hedera helix,OpenDryPoor
168163,Hedera helix,OpenDryPoor
168164,Hedera helix,OpenDryPoor
168165,Hedera helix,OpenDryPoor
168166,Hedera helix,OpenDryPoor
168167,Hedera helix,OpenDryPoor
168168,Hedera helix,OpenDryPoor
168169,Hedera helix,OpenDryPoor
168170,Hedera helix,OpenDryPoor
168171,Hedera helix,OpenDryPoor
168172,Hedera helix,OpenDryPoor
168173,Hedera helix,OpenDryPoor
168174,Hedera helix,OpenDryPoor
168175,Hedera helix,OpenDryPoor
168176,Hedera helix,OpenDryPoor
168177,Hedera helix,OpenDryPoor
168178,Hedera helix,OpenDryPoor
168179,Hedera helix,OpenDryPoor
168180,Hedera helix,OpenDryPoor
168181,Hedera helix,OpenDryPoor
168182,Hedera helix,OpenDryPoor
168183,Hedera helix,OpenDryPoor
168184,Hedera helix,OpenDryPoor
168185,Hedera helix,OpenDryPoor
168186,Hedera helix,OpenDryPoor
168187,Hedera helix,OpenDryPoor
168188,Hedera helix,OpenDryPoor
168189,Hedera helix,OpenDryPoor
168190,Hedera helix,OpenDryPoor
168191,Hedera helix,OpenDryPoor
168192,Hedera helix,OpenDryPoor
168193,Hedera helix,OpenDryPoor
168194,Hedera helix,OpenDryPoor
168195,Hedera helix,OpenDryPoor
168196,Hedera helix,OpenDryPoor
168756,Hedera helix,OpenDryPoor
168757,Hedera helix,OpenDryPoor
168758,Hedera helix,OpenDryPoor
168759,Hedera helix,OpenDryPoor
168760,Hedera helix,OpenDryPoor
168761,Hedera helix,OpenDryPoor
168762,Hedera helix,OpenDryPoor
168763,Hedera helix,OpenDryPoor
168764,Hedera helix,OpenDryPoor
168765,Hedera helix,OpenDryPoor
168766,Hedera helix,OpenDryPoor
168767,Hedera helix,OpenDryPoor
168768,Hedera helix,OpenDryPoor
168769,Hedera helix,OpenDryPoor
168770,Hedera helix,OpenDryPoor
168771,Hedera helix,OpenDryPoor
168772,Hedera helix,OpenDryPoor
168773,Hedera helix,OpenDryPoor
168774,Hedera helix,OpenDryPoor
168775,Hedera helix,OpenDryPoor
168776,Hedera helix,OpenDryPoor
168777,Hedera helix,OpenDryPoor
168778,Hedera helix,OpenDryPoor
168779,Hedera helix,OpenDryPoor
168780,Hedera helix,OpenDryPoor
168781,Hedera helix,OpenDryPoor
168782,Hedera helix,OpenDryPoor
168783,Hedera helix,OpenDryPoor
168784,Hedera helix,OpenDryPoor
168785,Hedera helix,OpenDryPoor
168786,Hedera helix,OpenDryPoor
168787,Hedera helix,OpenDryPoor
168788,Hedera helix,OpenDryPoor
168789,Hedera helix,OpenDryPoor
168790,Hedera helix,OpenDryPoor
168791,Hedera helix,OpenDryPoor
168792,Hedera helix,OpenDryPoor
168793,Hedera helix,OpenDryPoor
168794,Hedera helix,OpenDryPoor
168795,Hedera helix,OpenDryPoor
169355,Hedera helix,OpenDryPoor
169356,Hedera helix,OpenDryPoor
169357,Hedera helix,OpenDryPoor
169358,Hedera helix,OpenDryPoor
169359,Hedera helix,OpenDryPoor
169360,Hedera helix,OpenDryPoor
169361,Hedera helix,OpenDryPoor
169362,Hedera helix,OpenDryPoor
169363,Hedera helix,OpenDryPoor
169364,Hedera helix,OpenDryPoor
169365,Hedera helix,OpenDryPoor
169366,Hedera helix,OpenDryPoor
169367,Hedera helix,OpenDryPoor
169368,Hedera helix,OpenDryPoor
169369,Hedera helix,OpenDryPoor
169370,Hedera helix,OpenDryPoor
169371,Hedera helix,OpenDryPoor
169372,Hedera helix,OpenDryPoor
169373,Hedera helix,OpenDryPoor
169374,Hedera helix,OpenDryPoor
169375,Hedera helix,OpenDryPoor
169376,Hedera helix,OpenDryPoor
169377,Hedera helix,OpenDryPoor
169378,Hedera helix,OpenDryPoor
169379,Hedera helix,OpenDryPoor
169380,Hedera helix,OpenDryPoor
169381,Hedera helix,OpenDryPoor
169382,Hedera helix,OpenDryPoor
169383,Hedera helix,OpenDryPoor
169384,Hedera helix,OpenDryPoor
169385,Hedera helix,OpenDryPoor
169386,Hedera helix,OpenDryPoor
169387,Hedera helix,OpenDryPoor
169388,Hedera helix,OpenDryPoor
169389,Hedera helix,OpenDryPoor
169390,Hedera helix,OpenDryPoor
169391,Hedera helix,OpenDryPoor
169392,Hedera helix,OpenDryPoor
169393,Hedera helix,OpenDryPoor
169394,Hedera helix,OpenDryPoor
169954,Hedera helix,OpenDryPoor
169955,Hedera helix,OpenDryPoor
169956,Hedera helix,OpenDryPoor
169957,Hedera helix,OpenDryPoor
169958,Hedera helix,OpenDryPoor
169959,Hedera helix,OpenDryPoor
169960,Hedera helix,OpenDryPoor
169961,Hedera helix,OpenDryPoor
169962,Hedera helix,OpenDryPoor
169963,Hedera helix,OpenDryPoor
169964,Hedera helix,OpenDryPoor
169965,Hedera helix,OpenDryPoor
169966,Hedera helix,OpenDryPoor
169967,Hedera helix,OpenDryPoor
169968,Hedera helix,OpenDryPoor
169969,Hedera helix,OpenDryPoor
169970,Hedera helix,OpenDryPoor
169971,Hedera helix,OpenDryPoor
169972,Hedera helix,OpenDryPoor
169973,Hedera helix,OpenDryPoor
169974,Hedera helix,OpenDryPoor
169975,Hedera helix,OpenDryPoor
169976,Hedera helix,OpenDryPoor
169977,Hedera helix,OpenDryPoor
169978,Hedera helix,OpenDryPoor
169979,Hedera helix,OpenDryPoor
169980,Hedera helix,OpenDryPoor
169981,Hedera helix,OpenDryPoor
169982,Hedera helix,OpenDryPoor
169983,Hedera helix,OpenDryPoor
169984,Hedera helix,OpenDryPoor
169985,Hedera helix,OpenDryPoor
169986,Hedera helix,OpenDryPoor
169987,Hedera helix,OpenDryPoor
169988,Hedera helix,OpenDryPoor
169989,Hedera helix,OpenDryPoor
169990,Hedera helix,OpenDryPoor
169991,Hedera helix,OpenDryPoor
169992,Hedera helix,OpenDryPoor
169993,Hedera helix,OpenDryPoor
182453,Hedera helix,OpenDryPoor
182454,Hedera helix,OpenDryPoor
182455,Hedera helix,OpenDryPoor
183052,Hedera helix,OpenDryPoor
183053,Hedera helix,OpenDryPoor
