146613,Spirodela polyrhiza,OpenWetRich
146614,Spirodela polyrhiza,OpenWetRich
146615,Spirodela polyrhiza,OpenWetRich
146616,Spirodela polyrhiza,OpenWetRich
146617,Spirodela polyrhiza,OpenWetRich
146618,Spirodela polyrhiza,OpenWetRich
146619,Spirodela polyrhiza,OpenWetRich
146620,Spirodela polyrhiza,OpenWetRich
146621,Spirodela polyrhiza,OpenWetRich
146622,Spirodela polyrhiza,OpenWetRich
146623,Spirodela polyrhiza,OpenWetRich
146624,Spirodela polyrhiza,OpenWetRich
146625,Spirodela polyrhiza,OpenWetRich
146626,Spirodela polyrhiza,OpenWetRich
146627,Spirodela polyrhiza,OpenWetRich
146628,Spirodela polyrhiza,OpenWetRich
146629,Spirodela polyrhiza,OpenWetRich
146630,Spirodela polyrhiza,OpenWetRich
146631,Spirodela polyrhiza,OpenWetRich
146632,Spirodela polyrhiza,OpenWetRich
147212,Spirodela polyrhiza,OpenWetRich
147213,Spirodela polyrhiza,OpenWetRich
147214,Spirodela polyrhiza,OpenWetRich
147215,Spirodela polyrhiza,OpenWetRich
147216,Spirodela polyrhiza,OpenWetRich
147217,Spirodela polyrhiza,OpenWetRich
147218,Spirodela polyrhiza,OpenWetRich
147219,Spirodela polyrhiza,OpenWetRich
147220,Spirodela polyrhiza,OpenWetRich
147221,Spirodela polyrhiza,OpenWetRich
147222,Spirodela polyrhiza,OpenWetRich
147223,Spirodela polyrhiza,OpenWetRich
147224,Spirodela polyrhiza,OpenWetRich
147225,Spirodela polyrhiza,OpenWetRich
147226,Spirodela polyrhiza,OpenWetRich
147227,Spirodela polyrhiza,OpenWetRich
147228,Spirodela polyrhiza,OpenWetRich
147229,Spirodela polyrhiza,OpenWetRich
147230,Spirodela polyrhiza,OpenWetRich
147231,Spirodela polyrhiza,OpenWetRich
147811,Spirodela polyrhiza,OpenWetRich
147812,Spirodela polyrhiza,OpenWetRich
147813,Spirodela polyrhiza,OpenWetRich
147814,Spirodela polyrhiza,OpenWetRich
147815,Spirodela polyrhiza,OpenWetRich
147816,Spirodela polyrhiza,OpenWetRich
147817,Spirodela polyrhiza,OpenWetRich
147818,Spirodela polyrhiza,OpenWetRich
147819,Spirodela polyrhiza,OpenWetRich
147820,Spirodela polyrhiza,OpenWetRich
147821,Spirodela polyrhiza,OpenWetRich
147822,Spirodela polyrhiza,OpenWetRich
147823,Spirodela polyrhiza,OpenWetRich
147824,Spirodela polyrhiza,OpenWetRich
147825,Spirodela polyrhiza,OpenWetRich
147826,Spirodela polyrhiza,OpenWetRich
147827,Spirodela polyrhiza,OpenWetRich
147828,Spirodela polyrhiza,OpenWetRich
147829,Spirodela polyrhiza,OpenWetRich
147830,Spirodela polyrhiza,OpenWetRich
148410,Spirodela polyrhiza,OpenWetRich
148411,Spirodela polyrhiza,OpenWetRich
148412,Spirodela polyrhiza,OpenWetRich
148413,Spirodela polyrhiza,OpenWetRich
148414,Spirodela polyrhiza,OpenWetRich
148415,Spirodela polyrhiza,OpenWetRich
148416,Spirodela polyrhiza,OpenWetRich
148417,Spirodela polyrhiza,OpenWetRich
148418,Spirodela polyrhiza,OpenWetRich
148419,Spirodela polyrhiza,OpenWetRich
148420,Spirodela polyrhiza,OpenWetRich
148421,Spirodela polyrhiza,OpenWetRich
148422,Spirodela polyrhiza,OpenWetRich
148423,Spirodela polyrhiza,OpenWetRich
148424,Spirodela polyrhiza,OpenWetRich
148425,Spirodela polyrhiza,OpenWetRich
148426,Spirodela polyrhiza,OpenWetRich
148427,Spirodela polyrhiza,OpenWetRich
148428,Spirodela polyrhiza,OpenWetRich
148429,Spirodela polyrhiza,OpenWetRich
149009,Spirodela polyrhiza,OpenWetRich
149010,Spirodela polyrhiza,OpenWetRich
149011,Spirodela polyrhiza,OpenWetRich
149012,Spirodela polyrhiza,OpenWetRich
149013,Spirodela polyrhiza,OpenWetRich
149014,Spirodela polyrhiza,OpenWetRich
149015,Spirodela polyrhiza,OpenWetRich
149016,Spirodela polyrhiza,OpenWetRich
149017,Spirodela polyrhiza,OpenWetRich
149018,Spirodela polyrhiza,OpenWetRich
149019,Spirodela polyrhiza,OpenWetRich
149020,Spirodela polyrhiza,OpenWetRich
149021,Spirodela polyrhiza,OpenWetRich
149022,Spirodela polyrhiza,OpenWetRich
149023,Spirodela polyrhiza,OpenWetRich
149024,Spirodela polyrhiza,OpenWetRich
149025,Spirodela polyrhiza,OpenWetRich
149026,Spirodela polyrhiza,OpenWetRich
149027,Spirodela polyrhiza,OpenWetRich
149028,Spirodela polyrhiza,OpenWetRich
149608,Spirodela polyrhiza,OpenWetRich
149609,Spirodela polyrhiza,OpenWetRich
149610,Spirodela polyrhiza,OpenWetRich
149611,Spirodela polyrhiza,OpenWetRich
149612,Spirodela polyrhiza,OpenWetRich
149613,Spirodela polyrhiza,OpenWetRich
149614,Spirodela polyrhiza,OpenWetRich
149615,Spirodela polyrhiza,OpenWetRich
149616,Spirodela polyrhiza,OpenWetRich
149617,Spirodela polyrhiza,OpenWetRich
149618,Spirodela polyrhiza,OpenWetRich
149619,Spirodela polyrhiza,OpenWetRich
149620,Spirodela polyrhiza,OpenWetRich
149621,Spirodela polyrhiza,OpenWetRich
149622,Spirodela polyrhiza,OpenWetRich
149623,Spirodela polyrhiza,OpenWetRich
149624,Spirodela polyrhiza,OpenWetRich
149625,Spirodela polyrhiza,OpenWetRich
149626,Spirodela polyrhiza,OpenWetRich
149627,Spirodela polyrhiza,OpenWetRich
150207,Spirodela polyrhiza,OpenWetRich
150208,Spirodela polyrhiza,OpenWetRich
150209,Spirodela polyrhiza,OpenWetRich
150210,Spirodela polyrhiza,OpenWetRich
150211,Spirodela polyrhiza,OpenWetRich
150212,Spirodela polyrhiza,OpenWetRich
150213,Spirodela polyrhiza,OpenWetRich
150214,Spirodela polyrhiza,OpenWetRich
150215,Spirodela polyrhiza,OpenWetRich
150216,Spirodela polyrhiza,OpenWetRich
150217,Spirodela polyrhiza,OpenWetRich
150218,Spirodela polyrhiza,OpenWetRich
150219,Spirodela polyrhiza,OpenWetRich
150220,Spirodela polyrhiza,OpenWetRich
150221,Spirodela polyrhiza,OpenWetRich
150222,Spirodela polyrhiza,OpenWetRich
150223,Spirodela polyrhiza,OpenWetRich
150224,Spirodela polyrhiza,OpenWetRich
150225,Spirodela polyrhiza,OpenWetRich
150226,Spirodela polyrhiza,OpenWetRich
150806,Spirodela polyrhiza,OpenWetRich
150807,Spirodela polyrhiza,OpenWetRich
150808,Spirodela polyrhiza,OpenWetRich
150809,Spirodela polyrhiza,OpenWetRich
150810,Spirodela polyrhiza,OpenWetRich
150811,Spirodela polyrhiza,OpenWetRich
150812,Spirodela polyrhiza,OpenWetRich
150813,Spirodela polyrhiza,OpenWetRich
150814,Spirodela polyrhiza,OpenWetRich
150815,Spirodela polyrhiza,OpenWetRich
150816,Spirodela polyrhiza,OpenWetRich
150817,Spirodela polyrhiza,OpenWetRich
150818,Spirodela polyrhiza,OpenWetRich
150819,Spirodela polyrhiza,OpenWetRich
150820,Spirodela polyrhiza,OpenWetRich
150821,Spirodela polyrhiza,OpenWetRich
150822,Spirodela polyrhiza,OpenWetRich
150823,Spirodela polyrhiza,OpenWetRich
150824,Spirodela polyrhiza,OpenWetRich
150825,Spirodela polyrhiza,OpenWetRich
150846,Spirodela polyrhiza,OpenWetRich
151405,Spirodela polyrhiza,OpenWetRich
151406,Spirodela polyrhiza,OpenWetRich
151407,Spirodela polyrhiza,OpenWetRich
151408,Spirodela polyrhiza,OpenWetRich
151409,Spirodela polyrhiza,OpenWetRich
151410,Spirodela polyrhiza,OpenWetRich
151411,Spirodela polyrhiza,OpenWetRich
151412,Spirodela polyrhiza,OpenWetRich
151413,Spirodela polyrhiza,OpenWetRich
151414,Spirodela polyrhiza,OpenWetRich
151415,Spirodela polyrhiza,OpenWetRich
151416,Spirodela polyrhiza,OpenWetRich
151417,Spirodela polyrhiza,OpenWetRich
151418,Spirodela polyrhiza,OpenWetRich
151419,Spirodela polyrhiza,OpenWetRich
151420,Spirodela polyrhiza,OpenWetRich
151421,Spirodela polyrhiza,OpenWetRich
151422,Spirodela polyrhiza,OpenWetRich
151423,Spirodela polyrhiza,OpenWetRich
151424,Spirodela polyrhiza,OpenWetRich
151445,Spirodela polyrhiza,OpenWetRich
151446,Spirodela polyrhiza,OpenWetRich
152004,Spirodela polyrhiza,OpenWetRich
152005,Spirodela polyrhiza,OpenWetRich
152006,Spirodela polyrhiza,OpenWetRich
152007,Spirodela polyrhiza,OpenWetRich
152008,Spirodela polyrhiza,OpenWetRich
152009,Spirodela polyrhiza,OpenWetRich
152010,Spirodela polyrhiza,OpenWetRich
152011,Spirodela polyrhiza,OpenWetRich
152012,Spirodela polyrhiza,OpenWetRich
152013,Spirodela polyrhiza,OpenWetRich
152014,Spirodela polyrhiza,OpenWetRich
152015,Spirodela polyrhiza,OpenWetRich
152016,Spirodela polyrhiza,OpenWetRich
152017,Spirodela polyrhiza,OpenWetRich
152018,Spirodela polyrhiza,OpenWetRich
152019,Spirodela polyrhiza,OpenWetRich
152020,Spirodela polyrhiza,OpenWetRich
152021,Spirodela polyrhiza,OpenWetRich
152022,Spirodela polyrhiza,OpenWetRich
152023,Spirodela polyrhiza,OpenWetRich
152044,Spirodela polyrhiza,OpenWetRich
152045,Spirodela polyrhiza,OpenWetRich
152603,Spirodela polyrhiza,OpenWetRich
152604,Spirodela polyrhiza,OpenWetRich
152605,Spirodela polyrhiza,OpenWetRich
152606,Spirodela polyrhiza,OpenWetRich
152607,Spirodela polyrhiza,OpenWetRich
152608,Spirodela polyrhiza,OpenWetRich
152609,Spirodela polyrhiza,OpenWetRich
152610,Spirodela polyrhiza,OpenWetRich
152611,Spirodela polyrhiza,OpenWetRich
152612,Spirodela polyrhiza,OpenWetRich
152613,Spirodela polyrhiza,OpenWetRich
152614,Spirodela polyrhiza,OpenWetRich
152615,Spirodela polyrhiza,OpenWetRich
152616,Spirodela polyrhiza,OpenWetRich
152617,Spirodela polyrhiza,OpenWetRich
152618,Spirodela polyrhiza,OpenWetRich
152619,Spirodela polyrhiza,OpenWetRich
152620,Spirodela polyrhiza,OpenWetRich
152621,Spirodela polyrhiza,OpenWetRich
152622,Spirodela polyrhiza,OpenWetRich
152643,Spirodela polyrhiza,OpenWetRich
152644,Spirodela polyrhiza,OpenWetRich
152645,Spirodela polyrhiza,OpenWetRich
153202,Spirodela polyrhiza,OpenWetRich
153203,Spirodela polyrhiza,OpenWetRich
153204,Spirodela polyrhiza,OpenWetRich
153205,Spirodela polyrhiza,OpenWetRich
153206,Spirodela polyrhiza,OpenWetRich
153207,Spirodela polyrhiza,OpenWetRich
153208,Spirodela polyrhiza,OpenWetRich
153209,Spirodela polyrhiza,OpenWetRich
153210,Spirodela polyrhiza,OpenWetRich
153211,Spirodela polyrhiza,OpenWetRich
153212,Spirodela polyrhiza,OpenWetRich
153213,Spirodela polyrhiza,OpenWetRich
153214,Spirodela polyrhiza,OpenWetRich
153215,Spirodela polyrhiza,OpenWetRich
153216,Spirodela polyrhiza,OpenWetRich
153217,Spirodela polyrhiza,OpenWetRich
153218,Spirodela polyrhiza,OpenWetRich
153219,Spirodela polyrhiza,OpenWetRich
153220,Spirodela polyrhiza,OpenWetRich
153221,Spirodela polyrhiza,OpenWetRich
153242,Spirodela polyrhiza,OpenWetRich
153243,Spirodela polyrhiza,OpenWetRich
153244,Spirodela polyrhiza,OpenWetRich
153801,Spirodela polyrhiza,OpenWetRich
153802,Spirodela polyrhiza,OpenWetRich
153803,Spirodela polyrhiza,OpenWetRich
153804,Spirodela polyrhiza,OpenWetRich
153805,Spirodela polyrhiza,OpenWetRich
153806,Spirodela polyrhiza,OpenWetRich
153807,Spirodela polyrhiza,OpenWetRich
153808,Spirodela polyrhiza,OpenWetRich
153809,Spirodela polyrhiza,OpenWetRich
153810,Spirodela polyrhiza,OpenWetRich
153811,Spirodela polyrhiza,OpenWetRich
153812,Spirodela polyrhiza,OpenWetRich
153813,Spirodela polyrhiza,OpenWetRich
153814,Spirodela polyrhiza,OpenWetRich
153815,Spirodela polyrhiza,OpenWetRich
153816,Spirodela polyrhiza,OpenWetRich
153817,Spirodela polyrhiza,OpenWetRich
153818,Spirodela polyrhiza,OpenWetRich
153819,Spirodela polyrhiza,OpenWetRich
153820,Spirodela polyrhiza,OpenWetRich
153841,Spirodela polyrhiza,OpenWetRich
153842,Spirodela polyrhiza,OpenWetRich
153843,Spirodela polyrhiza,OpenWetRich
154400,Spirodela polyrhiza,OpenWetRich
154401,Spirodela polyrhiza,OpenWetRich
154402,Spirodela polyrhiza,OpenWetRich
154403,Spirodela polyrhiza,OpenWetRich
154404,Spirodela polyrhiza,OpenWetRich
154405,Spirodela polyrhiza,OpenWetRich
154406,Spirodela polyrhiza,OpenWetRich
154407,Spirodela polyrhiza,OpenWetRich
154408,Spirodela polyrhiza,OpenWetRich
154409,Spirodela polyrhiza,OpenWetRich
154410,Spirodela polyrhiza,OpenWetRich
154411,Spirodela polyrhiza,OpenWetRich
154412,Spirodela polyrhiza,OpenWetRich
154413,Spirodela polyrhiza,OpenWetRich
154414,Spirodela polyrhiza,OpenWetRich
154415,Spirodela polyrhiza,OpenWetRich
154416,Spirodela polyrhiza,OpenWetRich
154417,Spirodela polyrhiza,OpenWetRich
154418,Spirodela polyrhiza,OpenWetRich
154419,Spirodela polyrhiza,OpenWetRich
154440,Spirodela polyrhiza,OpenWetRich
154441,Spirodela polyrhiza,OpenWetRich
154442,Spirodela polyrhiza,OpenWetRich
154443,Spirodela polyrhiza,OpenWetRich
154999,Spirodela polyrhiza,OpenWetRich
155000,Spirodela polyrhiza,OpenWetRich
155001,Spirodela polyrhiza,OpenWetRich
155002,Spirodela polyrhiza,OpenWetRich
155003,Spirodela polyrhiza,OpenWetRich
155004,Spirodela polyrhiza,OpenWetRich
155005,Spirodela polyrhiza,OpenWetRich
155006,Spirodela polyrhiza,OpenWetRich
155007,Spirodela polyrhiza,OpenWetRich
155008,Spirodela polyrhiza,OpenWetRich
155009,Spirodela polyrhiza,OpenWetRich
155010,Spirodela polyrhiza,OpenWetRich
155011,Spirodela polyrhiza,OpenWetRich
155012,Spirodela polyrhiza,OpenWetRich
155013,Spirodela polyrhiza,OpenWetRich
155014,Spirodela polyrhiza,OpenWetRich
155015,Spirodela polyrhiza,OpenWetRich
155016,Spirodela polyrhiza,OpenWetRich
155017,Spirodela polyrhiza,OpenWetRich
155018,Spirodela polyrhiza,OpenWetRich
155039,Spirodela polyrhiza,OpenWetRich
155040,Spirodela polyrhiza,OpenWetRich
155041,Spirodela polyrhiza,OpenWetRich
155042,Spirodela polyrhiza,OpenWetRich
155598,Spirodela polyrhiza,OpenWetRich
155599,Spirodela polyrhiza,OpenWetRich
155600,Spirodela polyrhiza,OpenWetRich
155601,Spirodela polyrhiza,OpenWetRich
155602,Spirodela polyrhiza,OpenWetRich
155603,Spirodela polyrhiza,OpenWetRich
155604,Spirodela polyrhiza,OpenWetRich
155605,Spirodela polyrhiza,OpenWetRich
155606,Spirodela polyrhiza,OpenWetRich
155607,Spirodela polyrhiza,OpenWetRich
155608,Spirodela polyrhiza,OpenWetRich
155609,Spirodela polyrhiza,OpenWetRich
155610,Spirodela polyrhiza,OpenWetRich
155611,Spirodela polyrhiza,OpenWetRich
155612,Spirodela polyrhiza,OpenWetRich
155613,Spirodela polyrhiza,OpenWetRich
155614,Spirodela polyrhiza,OpenWetRich
155615,Spirodela polyrhiza,OpenWetRich
155616,Spirodela polyrhiza,OpenWetRich
155617,Spirodela polyrhiza,OpenWetRich
155638,Spirodela polyrhiza,OpenWetRich
155639,Spirodela polyrhiza,OpenWetRich
155640,Spirodela polyrhiza,OpenWetRich
155641,Spirodela polyrhiza,OpenWetRich
155642,Spirodela polyrhiza,OpenWetRich
156197,Spirodela polyrhiza,OpenWetRich
156198,Spirodela polyrhiza,OpenWetRich
156199,Spirodela polyrhiza,OpenWetRich
156200,Spirodela polyrhiza,OpenWetRich
156201,Spirodela polyrhiza,OpenWetRich
156202,Spirodela polyrhiza,OpenWetRich
156203,Spirodela polyrhiza,OpenWetRich
156204,Spirodela polyrhiza,OpenWetRich
156205,Spirodela polyrhiza,OpenWetRich
156206,Spirodela polyrhiza,OpenWetRich
156207,Spirodela polyrhiza,OpenWetRich
156208,Spirodela polyrhiza,OpenWetRich
156209,Spirodela polyrhiza,OpenWetRich
156210,Spirodela polyrhiza,OpenWetRich
156211,Spirodela polyrhiza,OpenWetRich
156212,Spirodela polyrhiza,OpenWetRich
156213,Spirodela polyrhiza,OpenWetRich
156214,Spirodela polyrhiza,OpenWetRich
156215,Spirodela polyrhiza,OpenWetRich
156216,Spirodela polyrhiza,OpenWetRich
156237,Spirodela polyrhiza,OpenWetRich
156238,Spirodela polyrhiza,OpenWetRich
156239,Spirodela polyrhiza,OpenWetRich
156240,Spirodela polyrhiza,OpenWetRich
156241,Spirodela polyrhiza,OpenWetRich
156796,Spirodela polyrhiza,OpenWetRich
156797,Spirodela polyrhiza,OpenWetRich
156798,Spirodela polyrhiza,OpenWetRich
156799,Spirodela polyrhiza,OpenWetRich
156800,Spirodela polyrhiza,OpenWetRich
156801,Spirodela polyrhiza,OpenWetRich
156802,Spirodela polyrhiza,OpenWetRich
156803,Spirodela polyrhiza,OpenWetRich
156804,Spirodela polyrhiza,OpenWetRich
156805,Spirodela polyrhiza,OpenWetRich
156806,Spirodela polyrhiza,OpenWetRich
156807,Spirodela polyrhiza,OpenWetRich
156808,Spirodela polyrhiza,OpenWetRich
156809,Spirodela polyrhiza,OpenWetRich
156810,Spirodela polyrhiza,OpenWetRich
156811,Spirodela polyrhiza,OpenWetRich
156812,Spirodela polyrhiza,OpenWetRich
156813,Spirodela polyrhiza,OpenWetRich
156814,Spirodela polyrhiza,OpenWetRich
156815,Spirodela polyrhiza,OpenWetRich
156836,Spirodela polyrhiza,OpenWetRich
156837,Spirodela polyrhiza,OpenWetRich
156838,Spirodela polyrhiza,OpenWetRich
156839,Spirodela polyrhiza,OpenWetRich
156840,Spirodela polyrhiza,OpenWetRich
157395,Spirodela polyrhiza,OpenWetRich
157396,Spirodela polyrhiza,OpenWetRich
157397,Spirodela polyrhiza,OpenWetRich
157398,Spirodela polyrhiza,OpenWetRich
157399,Spirodela polyrhiza,OpenWetRich
157400,Spirodela polyrhiza,OpenWetRich
157401,Spirodela polyrhiza,OpenWetRich
157402,Spirodela polyrhiza,OpenWetRich
157403,Spirodela polyrhiza,OpenWetRich
157404,Spirodela polyrhiza,OpenWetRich
157405,Spirodela polyrhiza,OpenWetRich
157406,Spirodela polyrhiza,OpenWetRich
157407,Spirodela polyrhiza,OpenWetRich
157408,Spirodela polyrhiza,OpenWetRich
157409,Spirodela polyrhiza,OpenWetRich
157410,Spirodela polyrhiza,OpenWetRich
157411,Spirodela polyrhiza,OpenWetRich
157412,Spirodela polyrhiza,OpenWetRich
157413,Spirodela polyrhiza,OpenWetRich
157414,Spirodela polyrhiza,OpenWetRich
157435,Spirodela polyrhiza,OpenWetRich
157436,Spirodela polyrhiza,OpenWetRich
157437,Spirodela polyrhiza,OpenWetRich
157438,Spirodela polyrhiza,OpenWetRich
157439,Spirodela polyrhiza,OpenWetRich
157440,Spirodela polyrhiza,OpenWetRich
157994,Spirodela polyrhiza,OpenWetRich
157995,Spirodela polyrhiza,OpenWetRich
157996,Spirodela polyrhiza,OpenWetRich
157997,Spirodela polyrhiza,OpenWetRich
157998,Spirodela polyrhiza,OpenWetRich
157999,Spirodela polyrhiza,OpenWetRich
158000,Spirodela polyrhiza,OpenWetRich
158001,Spirodela polyrhiza,OpenWetRich
158002,Spirodela polyrhiza,OpenWetRich
158003,Spirodela polyrhiza,OpenWetRich
158004,Spirodela polyrhiza,OpenWetRich
158005,Spirodela polyrhiza,OpenWetRich
158006,Spirodela polyrhiza,OpenWetRich
158007,Spirodela polyrhiza,OpenWetRich
158008,Spirodela polyrhiza,OpenWetRich
158009,Spirodela polyrhiza,OpenWetRich
158010,Spirodela polyrhiza,OpenWetRich
158011,Spirodela polyrhiza,OpenWetRich
158012,Spirodela polyrhiza,OpenWetRich
158013,Spirodela polyrhiza,OpenWetRich
158034,Spirodela polyrhiza,OpenWetRich
158035,Spirodela polyrhiza,OpenWetRich
158036,Spirodela polyrhiza,OpenWetRich
158037,Spirodela polyrhiza,OpenWetRich
158038,Spirodela polyrhiza,OpenWetRich
158039,Spirodela polyrhiza,OpenWetRich
158573,Spirodela polyrhiza,OpenWetRich
158574,Spirodela polyrhiza,OpenWetRich
158575,Spirodela polyrhiza,OpenWetRich
158576,Spirodela polyrhiza,OpenWetRich
158577,Spirodela polyrhiza,OpenWetRich
158578,Spirodela polyrhiza,OpenWetRich
158579,Spirodela polyrhiza,OpenWetRich
158580,Spirodela polyrhiza,OpenWetRich
158581,Spirodela polyrhiza,OpenWetRich
158582,Spirodela polyrhiza,OpenWetRich
158583,Spirodela polyrhiza,OpenWetRich
158584,Spirodela polyrhiza,OpenWetRich
158585,Spirodela polyrhiza,OpenWetRich
158586,Spirodela polyrhiza,OpenWetRich
158587,Spirodela polyrhiza,OpenWetRich
158588,Spirodela polyrhiza,OpenWetRich
158589,Spirodela polyrhiza,OpenWetRich
158590,Spirodela polyrhiza,OpenWetRich
158591,Spirodela polyrhiza,OpenWetRich
158592,Spirodela polyrhiza,OpenWetRich
158593,Spirodela polyrhiza,OpenWetRich
158594,Spirodela polyrhiza,OpenWetRich
158595,Spirodela polyrhiza,OpenWetRich
158596,Spirodela polyrhiza,OpenWetRich
158597,Spirodela polyrhiza,OpenWetRich
158598,Spirodela polyrhiza,OpenWetRich
158599,Spirodela polyrhiza,OpenWetRich
158600,Spirodela polyrhiza,OpenWetRich
158601,Spirodela polyrhiza,OpenWetRich
158602,Spirodela polyrhiza,OpenWetRich
158603,Spirodela polyrhiza,OpenWetRich
158604,Spirodela polyrhiza,OpenWetRich
158605,Spirodela polyrhiza,OpenWetRich
158606,Spirodela polyrhiza,OpenWetRich
158607,Spirodela polyrhiza,OpenWetRich
158608,Spirodela polyrhiza,OpenWetRich
158609,Spirodela polyrhiza,OpenWetRich
158610,Spirodela polyrhiza,OpenWetRich
158611,Spirodela polyrhiza,OpenWetRich
158612,Spirodela polyrhiza,OpenWetRich
158613,Spirodela polyrhiza,OpenWetRich
158614,Spirodela polyrhiza,OpenWetRich
158615,Spirodela polyrhiza,OpenWetRich
158616,Spirodela polyrhiza,OpenWetRich
158617,Spirodela polyrhiza,OpenWetRich
158618,Spirodela polyrhiza,OpenWetRich
158619,Spirodela polyrhiza,OpenWetRich
158620,Spirodela polyrhiza,OpenWetRich
158621,Spirodela polyrhiza,OpenWetRich
158622,Spirodela polyrhiza,OpenWetRich
158623,Spirodela polyrhiza,OpenWetRich
158624,Spirodela polyrhiza,OpenWetRich
158625,Spirodela polyrhiza,OpenWetRich
158626,Spirodela polyrhiza,OpenWetRich
158627,Spirodela polyrhiza,OpenWetRich
158628,Spirodela polyrhiza,OpenWetRich
158629,Spirodela polyrhiza,OpenWetRich
158630,Spirodela polyrhiza,OpenWetRich
158631,Spirodela polyrhiza,OpenWetRich
158632,Spirodela polyrhiza,OpenWetRich
159172,Spirodela polyrhiza,OpenWetRich
159173,Spirodela polyrhiza,OpenWetRich
159174,Spirodela polyrhiza,OpenWetRich
159175,Spirodela polyrhiza,OpenWetRich
159176,Spirodela polyrhiza,OpenWetRich
159177,Spirodela polyrhiza,OpenWetRich
159178,Spirodela polyrhiza,OpenWetRich
159179,Spirodela polyrhiza,OpenWetRich
159180,Spirodela polyrhiza,OpenWetRich
159181,Spirodela polyrhiza,OpenWetRich
159182,Spirodela polyrhiza,OpenWetRich
159183,Spirodela polyrhiza,OpenWetRich
159184,Spirodela polyrhiza,OpenWetRich
159185,Spirodela polyrhiza,OpenWetRich
159186,Spirodela polyrhiza,OpenWetRich
159187,Spirodela polyrhiza,OpenWetRich
159188,Spirodela polyrhiza,OpenWetRich
159189,Spirodela polyrhiza,OpenWetRich
159190,Spirodela polyrhiza,OpenWetRich
159191,Spirodela polyrhiza,OpenWetRich
159192,Spirodela polyrhiza,OpenWetRich
159193,Spirodela polyrhiza,OpenWetRich
159194,Spirodela polyrhiza,OpenWetRich
159195,Spirodela polyrhiza,OpenWetRich
159196,Spirodela polyrhiza,OpenWetRich
159197,Spirodela polyrhiza,OpenWetRich
159198,Spirodela polyrhiza,OpenWetRich
159199,Spirodela polyrhiza,OpenWetRich
159200,Spirodela polyrhiza,OpenWetRich
159201,Spirodela polyrhiza,OpenWetRich
159202,Spirodela polyrhiza,OpenWetRich
159203,Spirodela polyrhiza,OpenWetRich
159204,Spirodela polyrhiza,OpenWetRich
159205,Spirodela polyrhiza,OpenWetRich
159206,Spirodela polyrhiza,OpenWetRich
159207,Spirodela polyrhiza,OpenWetRich
159208,Spirodela polyrhiza,OpenWetRich
159209,Spirodela polyrhiza,OpenWetRich
159210,Spirodela polyrhiza,OpenWetRich
159211,Spirodela polyrhiza,OpenWetRich
159212,Spirodela polyrhiza,OpenWetRich
159213,Spirodela polyrhiza,OpenWetRich
159214,Spirodela polyrhiza,OpenWetRich
159215,Spirodela polyrhiza,OpenWetRich
159216,Spirodela polyrhiza,OpenWetRich
159217,Spirodela polyrhiza,OpenWetRich
159218,Spirodela polyrhiza,OpenWetRich
159219,Spirodela polyrhiza,OpenWetRich
159220,Spirodela polyrhiza,OpenWetRich
159221,Spirodela polyrhiza,OpenWetRich
159222,Spirodela polyrhiza,OpenWetRich
159223,Spirodela polyrhiza,OpenWetRich
159224,Spirodela polyrhiza,OpenWetRich
159225,Spirodela polyrhiza,OpenWetRich
159226,Spirodela polyrhiza,OpenWetRich
159227,Spirodela polyrhiza,OpenWetRich
159228,Spirodela polyrhiza,OpenWetRich
159229,Spirodela polyrhiza,OpenWetRich
159230,Spirodela polyrhiza,OpenWetRich
159231,Spirodela polyrhiza,OpenWetRich
159771,Spirodela polyrhiza,OpenWetRich
159772,Spirodela polyrhiza,OpenWetRich
159773,Spirodela polyrhiza,OpenWetRich
159774,Spirodela polyrhiza,OpenWetRich
159775,Spirodela polyrhiza,OpenWetRich
159776,Spirodela polyrhiza,OpenWetRich
159777,Spirodela polyrhiza,OpenWetRich
159778,Spirodela polyrhiza,OpenWetRich
159779,Spirodela polyrhiza,OpenWetRich
159780,Spirodela polyrhiza,OpenWetRich
159781,Spirodela polyrhiza,OpenWetRich
159782,Spirodela polyrhiza,OpenWetRich
159783,Spirodela polyrhiza,OpenWetRich
159784,Spirodela polyrhiza,OpenWetRich
159785,Spirodela polyrhiza,OpenWetRich
159786,Spirodela polyrhiza,OpenWetRich
159787,Spirodela polyrhiza,OpenWetRich
159788,Spirodela polyrhiza,OpenWetRich
159789,Spirodela polyrhiza,OpenWetRich
159790,Spirodela polyrhiza,OpenWetRich
159791,Spirodela polyrhiza,OpenWetRich
159792,Spirodela polyrhiza,OpenWetRich
159793,Spirodela polyrhiza,OpenWetRich
159794,Spirodela polyrhiza,OpenWetRich
159795,Spirodela polyrhiza,OpenWetRich
159796,Spirodela polyrhiza,OpenWetRich
159797,Spirodela polyrhiza,OpenWetRich
159798,Spirodela polyrhiza,OpenWetRich
159799,Spirodela polyrhiza,OpenWetRich
159800,Spirodela polyrhiza,OpenWetRich
159801,Spirodela polyrhiza,OpenWetRich
159802,Spirodela polyrhiza,OpenWetRich
159803,Spirodela polyrhiza,OpenWetRich
159804,Spirodela polyrhiza,OpenWetRich
159805,Spirodela polyrhiza,OpenWetRich
159806,Spirodela polyrhiza,OpenWetRich
159807,Spirodela polyrhiza,OpenWetRich
159808,Spirodela polyrhiza,OpenWetRich
159809,Spirodela polyrhiza,OpenWetRich
159810,Spirodela polyrhiza,OpenWetRich
159811,Spirodela polyrhiza,OpenWetRich
159812,Spirodela polyrhiza,OpenWetRich
159813,Spirodela polyrhiza,OpenWetRich
159814,Spirodela polyrhiza,OpenWetRich
159815,Spirodela polyrhiza,OpenWetRich
159816,Spirodela polyrhiza,OpenWetRich
159817,Spirodela polyrhiza,OpenWetRich
159818,Spirodela polyrhiza,OpenWetRich
159819,Spirodela polyrhiza,OpenWetRich
159820,Spirodela polyrhiza,OpenWetRich
159821,Spirodela polyrhiza,OpenWetRich
159822,Spirodela polyrhiza,OpenWetRich
159823,Spirodela polyrhiza,OpenWetRich
159824,Spirodela polyrhiza,OpenWetRich
159825,Spirodela polyrhiza,OpenWetRich
159826,Spirodela polyrhiza,OpenWetRich
159827,Spirodela polyrhiza,OpenWetRich
159828,Spirodela polyrhiza,OpenWetRich
159829,Spirodela polyrhiza,OpenWetRich
159830,Spirodela polyrhiza,OpenWetRich
160370,Spirodela polyrhiza,OpenWetRich
160371,Spirodela polyrhiza,OpenWetRich
160372,Spirodela polyrhiza,OpenWetRich
160373,Spirodela polyrhiza,OpenWetRich
160374,Spirodela polyrhiza,OpenWetRich
160375,Spirodela polyrhiza,OpenWetRich
160376,Spirodela polyrhiza,OpenWetRich
160377,Spirodela polyrhiza,OpenWetRich
160378,Spirodela polyrhiza,OpenWetRich
160379,Spirodela polyrhiza,OpenWetRich
160380,Spirodela polyrhiza,OpenWetRich
160381,Spirodela polyrhiza,OpenWetRich
160382,Spirodela polyrhiza,OpenWetRich
160383,Spirodela polyrhiza,OpenWetRich
160384,Spirodela polyrhiza,OpenWetRich
160385,Spirodela polyrhiza,OpenWetRich
160386,Spirodela polyrhiza,OpenWetRich
160387,Spirodela polyrhiza,OpenWetRich
160388,Spirodela polyrhiza,OpenWetRich
160389,Spirodela polyrhiza,OpenWetRich
160390,Spirodela polyrhiza,OpenWetRich
160391,Spirodela polyrhiza,OpenWetRich
160392,Spirodela polyrhiza,OpenWetRich
160393,Spirodela polyrhiza,OpenWetRich
160394,Spirodela polyrhiza,OpenWetRich
160395,Spirodela polyrhiza,OpenWetRich
160396,Spirodela polyrhiza,OpenWetRich
160397,Spirodela polyrhiza,OpenWetRich
160398,Spirodela polyrhiza,OpenWetRich
160399,Spirodela polyrhiza,OpenWetRich
160400,Spirodela polyrhiza,OpenWetRich
160401,Spirodela polyrhiza,OpenWetRich
160402,Spirodela polyrhiza,OpenWetRich
160403,Spirodela polyrhiza,OpenWetRich
160404,Spirodela polyrhiza,OpenWetRich
160405,Spirodela polyrhiza,OpenWetRich
160406,Spirodela polyrhiza,OpenWetRich
160407,Spirodela polyrhiza,OpenWetRich
160408,Spirodela polyrhiza,OpenWetRich
160409,Spirodela polyrhiza,OpenWetRich
160410,Spirodela polyrhiza,OpenWetRich
160411,Spirodela polyrhiza,OpenWetRich
160412,Spirodela polyrhiza,OpenWetRich
160413,Spirodela polyrhiza,OpenWetRich
160414,Spirodela polyrhiza,OpenWetRich
160415,Spirodela polyrhiza,OpenWetRich
160416,Spirodela polyrhiza,OpenWetRich
160417,Spirodela polyrhiza,OpenWetRich
160418,Spirodela polyrhiza,OpenWetRich
160419,Spirodela polyrhiza,OpenWetRich
160420,Spirodela polyrhiza,OpenWetRich
160421,Spirodela polyrhiza,OpenWetRich
160422,Spirodela polyrhiza,OpenWetRich
160423,Spirodela polyrhiza,OpenWetRich
160424,Spirodela polyrhiza,OpenWetRich
160425,Spirodela polyrhiza,OpenWetRich
160426,Spirodela polyrhiza,OpenWetRich
160427,Spirodela polyrhiza,OpenWetRich
160428,Spirodela polyrhiza,OpenWetRich
160429,Spirodela polyrhiza,OpenWetRich
160969,Spirodela polyrhiza,OpenWetRich
160970,Spirodela polyrhiza,OpenWetRich
160971,Spirodela polyrhiza,OpenWetRich
160972,Spirodela polyrhiza,OpenWetRich
160973,Spirodela polyrhiza,OpenWetRich
160974,Spirodela polyrhiza,OpenWetRich
160975,Spirodela polyrhiza,OpenWetRich
160976,Spirodela polyrhiza,OpenWetRich
160977,Spirodela polyrhiza,OpenWetRich
160978,Spirodela polyrhiza,OpenWetRich
160979,Spirodela polyrhiza,OpenWetRich
160980,Spirodela polyrhiza,OpenWetRich
160981,Spirodela polyrhiza,OpenWetRich
160982,Spirodela polyrhiza,OpenWetRich
160983,Spirodela polyrhiza,OpenWetRich
160984,Spirodela polyrhiza,OpenWetRich
160985,Spirodela polyrhiza,OpenWetRich
160986,Spirodela polyrhiza,OpenWetRich
160987,Spirodela polyrhiza,OpenWetRich
160988,Spirodela polyrhiza,OpenWetRich
160989,Spirodela polyrhiza,OpenWetRich
160990,Spirodela polyrhiza,OpenWetRich
160991,Spirodela polyrhiza,OpenWetRich
160992,Spirodela polyrhiza,OpenWetRich
160993,Spirodela polyrhiza,OpenWetRich
160994,Spirodela polyrhiza,OpenWetRich
160995,Spirodela polyrhiza,OpenWetRich
160996,Spirodela polyrhiza,OpenWetRich
160997,Spirodela polyrhiza,OpenWetRich
160998,Spirodela polyrhiza,OpenWetRich
160999,Spirodela polyrhiza,OpenWetRich
161000,Spirodela polyrhiza,OpenWetRich
161001,Spirodela polyrhiza,OpenWetRich
161002,Spirodela polyrhiza,OpenWetRich
161003,Spirodela polyrhiza,OpenWetRich
161004,Spirodela polyrhiza,OpenWetRich
161005,Spirodela polyrhiza,OpenWetRich
161006,Spirodela polyrhiza,OpenWetRich
161007,Spirodela polyrhiza,OpenWetRich
161008,Spirodela polyrhiza,OpenWetRich
161009,Spirodela polyrhiza,OpenWetRich
161010,Spirodela polyrhiza,OpenWetRich
161011,Spirodela polyrhiza,OpenWetRich
161012,Spirodela polyrhiza,OpenWetRich
161013,Spirodela polyrhiza,OpenWetRich
161014,Spirodela polyrhiza,OpenWetRich
161015,Spirodela polyrhiza,OpenWetRich
161016,Spirodela polyrhiza,OpenWetRich
161017,Spirodela polyrhiza,OpenWetRich
161018,Spirodela polyrhiza,OpenWetRich
161019,Spirodela polyrhiza,OpenWetRich
161020,Spirodela polyrhiza,OpenWetRich
161021,Spirodela polyrhiza,OpenWetRich
161022,Spirodela polyrhiza,OpenWetRich
161023,Spirodela polyrhiza,OpenWetRich
161024,Spirodela polyrhiza,OpenWetRich
161025,Spirodela polyrhiza,OpenWetRich
161026,Spirodela polyrhiza,OpenWetRich
161027,Spirodela polyrhiza,OpenWetRich
161028,Spirodela polyrhiza,OpenWetRich
161568,Spirodela polyrhiza,OpenWetRich
161569,Spirodela polyrhiza,OpenWetRich
161570,Spirodela polyrhiza,OpenWetRich
161571,Spirodela polyrhiza,OpenWetRich
161572,Spirodela polyrhiza,OpenWetRich
161573,Spirodela polyrhiza,OpenWetRich
161574,Spirodela polyrhiza,OpenWetRich
161575,Spirodela polyrhiza,OpenWetRich
161576,Spirodela polyrhiza,OpenWetRich
161577,Spirodela polyrhiza,OpenWetRich
161578,Spirodela polyrhiza,OpenWetRich
161579,Spirodela polyrhiza,OpenWetRich
161580,Spirodela polyrhiza,OpenWetRich
161581,Spirodela polyrhiza,OpenWetRich
161582,Spirodela polyrhiza,OpenWetRich
161583,Spirodela polyrhiza,OpenWetRich
161584,Spirodela polyrhiza,OpenWetRich
161585,Spirodela polyrhiza,OpenWetRich
161586,Spirodela polyrhiza,OpenWetRich
161587,Spirodela polyrhiza,OpenWetRich
161588,Spirodela polyrhiza,OpenWetRich
161589,Spirodela polyrhiza,OpenWetRich
161590,Spirodela polyrhiza,OpenWetRich
161591,Spirodela polyrhiza,OpenWetRich
161592,Spirodela polyrhiza,OpenWetRich
161593,Spirodela polyrhiza,OpenWetRich
161594,Spirodela polyrhiza,OpenWetRich
161595,Spirodela polyrhiza,OpenWetRich
161596,Spirodela polyrhiza,OpenWetRich
161597,Spirodela polyrhiza,OpenWetRich
161598,Spirodela polyrhiza,OpenWetRich
161599,Spirodela polyrhiza,OpenWetRich
161600,Spirodela polyrhiza,OpenWetRich
161601,Spirodela polyrhiza,OpenWetRich
161602,Spirodela polyrhiza,OpenWetRich
161603,Spirodela polyrhiza,OpenWetRich
161604,Spirodela polyrhiza,OpenWetRich
161605,Spirodela polyrhiza,OpenWetRich
161606,Spirodela polyrhiza,OpenWetRich
161607,Spirodela polyrhiza,OpenWetRich
161608,Spirodela polyrhiza,OpenWetRich
161609,Spirodela polyrhiza,OpenWetRich
161610,Spirodela polyrhiza,OpenWetRich
161611,Spirodela polyrhiza,OpenWetRich
161612,Spirodela polyrhiza,OpenWetRich
161613,Spirodela polyrhiza,OpenWetRich
161614,Spirodela polyrhiza,OpenWetRich
161615,Spirodela polyrhiza,OpenWetRich
161616,Spirodela polyrhiza,OpenWetRich
161617,Spirodela polyrhiza,OpenWetRich
161618,Spirodela polyrhiza,OpenWetRich
161619,Spirodela polyrhiza,OpenWetRich
161620,Spirodela polyrhiza,OpenWetRich
161621,Spirodela polyrhiza,OpenWetRich
161622,Spirodela polyrhiza,OpenWetRich
161623,Spirodela polyrhiza,OpenWetRich
161624,Spirodela polyrhiza,OpenWetRich
161625,Spirodela polyrhiza,OpenWetRich
161626,Spirodela polyrhiza,OpenWetRich
161627,Spirodela polyrhiza,OpenWetRich
162167,Spirodela polyrhiza,OpenWetRich
162168,Spirodela polyrhiza,OpenWetRich
162169,Spirodela polyrhiza,OpenWetRich
162170,Spirodela polyrhiza,OpenWetRich
162171,Spirodela polyrhiza,OpenWetRich
162172,Spirodela polyrhiza,OpenWetRich
162173,Spirodela polyrhiza,OpenWetRich
162174,Spirodela polyrhiza,OpenWetRich
162175,Spirodela polyrhiza,OpenWetRich
162176,Spirodela polyrhiza,OpenWetRich
162177,Spirodela polyrhiza,OpenWetRich
162178,Spirodela polyrhiza,OpenWetRich
162179,Spirodela polyrhiza,OpenWetRich
162180,Spirodela polyrhiza,OpenWetRich
162181,Spirodela polyrhiza,OpenWetRich
162182,Spirodela polyrhiza,OpenWetRich
162183,Spirodela polyrhiza,OpenWetRich
162184,Spirodela polyrhiza,OpenWetRich
162185,Spirodela polyrhiza,OpenWetRich
162186,Spirodela polyrhiza,OpenWetRich
162187,Spirodela polyrhiza,OpenWetRich
162188,Spirodela polyrhiza,OpenWetRich
162189,Spirodela polyrhiza,OpenWetRich
162190,Spirodela polyrhiza,OpenWetRich
162191,Spirodela polyrhiza,OpenWetRich
162192,Spirodela polyrhiza,OpenWetRich
162193,Spirodela polyrhiza,OpenWetRich
162194,Spirodela polyrhiza,OpenWetRich
162195,Spirodela polyrhiza,OpenWetRich
162196,Spirodela polyrhiza,OpenWetRich
162197,Spirodela polyrhiza,OpenWetRich
162198,Spirodela polyrhiza,OpenWetRich
162199,Spirodela polyrhiza,OpenWetRich
162200,Spirodela polyrhiza,OpenWetRich
162201,Spirodela polyrhiza,OpenWetRich
162202,Spirodela polyrhiza,OpenWetRich
162203,Spirodela polyrhiza,OpenWetRich
162204,Spirodela polyrhiza,OpenWetRich
162205,Spirodela polyrhiza,OpenWetRich
162206,Spirodela polyrhiza,OpenWetRich
162207,Spirodela polyrhiza,OpenWetRich
162208,Spirodela polyrhiza,OpenWetRich
162209,Spirodela polyrhiza,OpenWetRich
162210,Spirodela polyrhiza,OpenWetRich
162211,Spirodela polyrhiza,OpenWetRich
162212,Spirodela polyrhiza,OpenWetRich
162213,Spirodela polyrhiza,OpenWetRich
162214,Spirodela polyrhiza,OpenWetRich
162215,Spirodela polyrhiza,OpenWetRich
162216,Spirodela polyrhiza,OpenWetRich
162217,Spirodela polyrhiza,OpenWetRich
162218,Spirodela polyrhiza,OpenWetRich
162219,Spirodela polyrhiza,OpenWetRich
162220,Spirodela polyrhiza,OpenWetRich
162221,Spirodela polyrhiza,OpenWetRich
162222,Spirodela polyrhiza,OpenWetRich
162223,Spirodela polyrhiza,OpenWetRich
162224,Spirodela polyrhiza,OpenWetRich
162225,Spirodela polyrhiza,OpenWetRich
162226,Spirodela polyrhiza,OpenWetRich
162766,Spirodela polyrhiza,OpenWetRich
162767,Spirodela polyrhiza,OpenWetRich
162768,Spirodela polyrhiza,OpenWetRich
162769,Spirodela polyrhiza,OpenWetRich
162770,Spirodela polyrhiza,OpenWetRich
162771,Spirodela polyrhiza,OpenWetRich
162772,Spirodela polyrhiza,OpenWetRich
162773,Spirodela polyrhiza,OpenWetRich
162774,Spirodela polyrhiza,OpenWetRich
162775,Spirodela polyrhiza,OpenWetRich
162776,Spirodela polyrhiza,OpenWetRich
162777,Spirodela polyrhiza,OpenWetRich
162778,Spirodela polyrhiza,OpenWetRich
162779,Spirodela polyrhiza,OpenWetRich
162780,Spirodela polyrhiza,OpenWetRich
162781,Spirodela polyrhiza,OpenWetRich
162782,Spirodela polyrhiza,OpenWetRich
162783,Spirodela polyrhiza,OpenWetRich
162784,Spirodela polyrhiza,OpenWetRich
162785,Spirodela polyrhiza,OpenWetRich
162786,Spirodela polyrhiza,OpenWetRich
162787,Spirodela polyrhiza,OpenWetRich
162788,Spirodela polyrhiza,OpenWetRich
162789,Spirodela polyrhiza,OpenWetRich
162790,Spirodela polyrhiza,OpenWetRich
162791,Spirodela polyrhiza,OpenWetRich
162792,Spirodela polyrhiza,OpenWetRich
162793,Spirodela polyrhiza,OpenWetRich
162794,Spirodela polyrhiza,OpenWetRich
162795,Spirodela polyrhiza,OpenWetRich
162796,Spirodela polyrhiza,OpenWetRich
162797,Spirodela polyrhiza,OpenWetRich
162798,Spirodela polyrhiza,OpenWetRich
162799,Spirodela polyrhiza,OpenWetRich
162800,Spirodela polyrhiza,OpenWetRich
162801,Spirodela polyrhiza,OpenWetRich
162802,Spirodela polyrhiza,OpenWetRich
162803,Spirodela polyrhiza,OpenWetRich
162804,Spirodela polyrhiza,OpenWetRich
162805,Spirodela polyrhiza,OpenWetRich
162806,Spirodela polyrhiza,OpenWetRich
162807,Spirodela polyrhiza,OpenWetRich
162808,Spirodela polyrhiza,OpenWetRich
162809,Spirodela polyrhiza,OpenWetRich
162810,Spirodela polyrhiza,OpenWetRich
162811,Spirodela polyrhiza,OpenWetRich
162812,Spirodela polyrhiza,OpenWetRich
162813,Spirodela polyrhiza,OpenWetRich
162814,Spirodela polyrhiza,OpenWetRich
162815,Spirodela polyrhiza,OpenWetRich
162816,Spirodela polyrhiza,OpenWetRich
162817,Spirodela polyrhiza,OpenWetRich
162818,Spirodela polyrhiza,OpenWetRich
162819,Spirodela polyrhiza,OpenWetRich
162820,Spirodela polyrhiza,OpenWetRich
162821,Spirodela polyrhiza,OpenWetRich
162822,Spirodela polyrhiza,OpenWetRich
162823,Spirodela polyrhiza,OpenWetRich
162824,Spirodela polyrhiza,OpenWetRich
162825,Spirodela polyrhiza,OpenWetRich
163365,Spirodela polyrhiza,OpenWetRich
163366,Spirodela polyrhiza,OpenWetRich
163367,Spirodela polyrhiza,OpenWetRich
163368,Spirodela polyrhiza,OpenWetRich
163369,Spirodela polyrhiza,OpenWetRich
163370,Spirodela polyrhiza,OpenWetRich
163371,Spirodela polyrhiza,OpenWetRich
163372,Spirodela polyrhiza,OpenWetRich
163373,Spirodela polyrhiza,OpenWetRich
163374,Spirodela polyrhiza,OpenWetRich
163375,Spirodela polyrhiza,OpenWetRich
163376,Spirodela polyrhiza,OpenWetRich
163377,Spirodela polyrhiza,OpenWetRich
163378,Spirodela polyrhiza,OpenWetRich
163379,Spirodela polyrhiza,OpenWetRich
163380,Spirodela polyrhiza,OpenWetRich
163381,Spirodela polyrhiza,OpenWetRich
163382,Spirodela polyrhiza,OpenWetRich
163383,Spirodela polyrhiza,OpenWetRich
163384,Spirodela polyrhiza,OpenWetRich
163385,Spirodela polyrhiza,OpenWetRich
163386,Spirodela polyrhiza,OpenWetRich
163387,Spirodela polyrhiza,OpenWetRich
163388,Spirodela polyrhiza,OpenWetRich
163389,Spirodela polyrhiza,OpenWetRich
163390,Spirodela polyrhiza,OpenWetRich
163391,Spirodela polyrhiza,OpenWetRich
163392,Spirodela polyrhiza,OpenWetRich
163393,Spirodela polyrhiza,OpenWetRich
163394,Spirodela polyrhiza,OpenWetRich
163395,Spirodela polyrhiza,OpenWetRich
163396,Spirodela polyrhiza,OpenWetRich
163397,Spirodela polyrhiza,OpenWetRich
163398,Spirodela polyrhiza,OpenWetRich
163399,Spirodela polyrhiza,OpenWetRich
163400,Spirodela polyrhiza,OpenWetRich
163401,Spirodela polyrhiza,OpenWetRich
163402,Spirodela polyrhiza,OpenWetRich
163403,Spirodela polyrhiza,OpenWetRich
163404,Spirodela polyrhiza,OpenWetRich
163405,Spirodela polyrhiza,OpenWetRich
163406,Spirodela polyrhiza,OpenWetRich
163407,Spirodela polyrhiza,OpenWetRich
163408,Spirodela polyrhiza,OpenWetRich
163409,Spirodela polyrhiza,OpenWetRich
163410,Spirodela polyrhiza,OpenWetRich
163411,Spirodela polyrhiza,OpenWetRich
163412,Spirodela polyrhiza,OpenWetRich
163413,Spirodela polyrhiza,OpenWetRich
163414,Spirodela polyrhiza,OpenWetRich
163415,Spirodela polyrhiza,OpenWetRich
163416,Spirodela polyrhiza,OpenWetRich
163417,Spirodela polyrhiza,OpenWetRich
163418,Spirodela polyrhiza,OpenWetRich
163419,Spirodela polyrhiza,OpenWetRich
163420,Spirodela polyrhiza,OpenWetRich
163421,Spirodela polyrhiza,OpenWetRich
163422,Spirodela polyrhiza,OpenWetRich
163423,Spirodela polyrhiza,OpenWetRich
163424,Spirodela polyrhiza,OpenWetRich
163964,Spirodela polyrhiza,OpenWetRich
163965,Spirodela polyrhiza,OpenWetRich
163966,Spirodela polyrhiza,OpenWetRich
163967,Spirodela polyrhiza,OpenWetRich
163968,Spirodela polyrhiza,OpenWetRich
163969,Spirodela polyrhiza,OpenWetRich
163970,Spirodela polyrhiza,OpenWetRich
163971,Spirodela polyrhiza,OpenWetRich
163972,Spirodela polyrhiza,OpenWetRich
163973,Spirodela polyrhiza,OpenWetRich
163974,Spirodela polyrhiza,OpenWetRich
163975,Spirodela polyrhiza,OpenWetRich
163976,Spirodela polyrhiza,OpenWetRich
163977,Spirodela polyrhiza,OpenWetRich
163978,Spirodela polyrhiza,OpenWetRich
163979,Spirodela polyrhiza,OpenWetRich
163980,Spirodela polyrhiza,OpenWetRich
163981,Spirodela polyrhiza,OpenWetRich
163982,Spirodela polyrhiza,OpenWetRich
163983,Spirodela polyrhiza,OpenWetRich
163984,Spirodela polyrhiza,OpenWetRich
163985,Spirodela polyrhiza,OpenWetRich
163986,Spirodela polyrhiza,OpenWetRich
163987,Spirodela polyrhiza,OpenWetRich
163988,Spirodela polyrhiza,OpenWetRich
163989,Spirodela polyrhiza,OpenWetRich
163990,Spirodela polyrhiza,OpenWetRich
163991,Spirodela polyrhiza,OpenWetRich
163992,Spirodela polyrhiza,OpenWetRich
163993,Spirodela polyrhiza,OpenWetRich
163994,Spirodela polyrhiza,OpenWetRich
163995,Spirodela polyrhiza,OpenWetRich
163996,Spirodela polyrhiza,OpenWetRich
163997,Spirodela polyrhiza,OpenWetRich
163998,Spirodela polyrhiza,OpenWetRich
163999,Spirodela polyrhiza,OpenWetRich
164000,Spirodela polyrhiza,OpenWetRich
164001,Spirodela polyrhiza,OpenWetRich
164002,Spirodela polyrhiza,OpenWetRich
164003,Spirodela polyrhiza,OpenWetRich
164004,Spirodela polyrhiza,OpenWetRich
164005,Spirodela polyrhiza,OpenWetRich
164006,Spirodela polyrhiza,OpenWetRich
164007,Spirodela polyrhiza,OpenWetRich
164008,Spirodela polyrhiza,OpenWetRich
164009,Spirodela polyrhiza,OpenWetRich
164010,Spirodela polyrhiza,OpenWetRich
164011,Spirodela polyrhiza,OpenWetRich
164012,Spirodela polyrhiza,OpenWetRich
164013,Spirodela polyrhiza,OpenWetRich
164014,Spirodela polyrhiza,OpenWetRich
164015,Spirodela polyrhiza,OpenWetRich
164016,Spirodela polyrhiza,OpenWetRich
164017,Spirodela polyrhiza,OpenWetRich
164018,Spirodela polyrhiza,OpenWetRich
164019,Spirodela polyrhiza,OpenWetRich
164020,Spirodela polyrhiza,OpenWetRich
164021,Spirodela polyrhiza,OpenWetRich
164022,Spirodela polyrhiza,OpenWetRich
164023,Spirodela polyrhiza,OpenWetRich
164563,Spirodela polyrhiza,OpenWetRich
164564,Spirodela polyrhiza,OpenWetRich
164565,Spirodela polyrhiza,OpenWetRich
164566,Spirodela polyrhiza,OpenWetRich
164567,Spirodela polyrhiza,OpenWetRich
164568,Spirodela polyrhiza,OpenWetRich
164569,Spirodela polyrhiza,OpenWetRich
164570,Spirodela polyrhiza,OpenWetRich
164571,Spirodela polyrhiza,OpenWetRich
164572,Spirodela polyrhiza,OpenWetRich
164573,Spirodela polyrhiza,OpenWetRich
164574,Spirodela polyrhiza,OpenWetRich
164575,Spirodela polyrhiza,OpenWetRich
164576,Spirodela polyrhiza,OpenWetRich
164577,Spirodela polyrhiza,OpenWetRich
164578,Spirodela polyrhiza,OpenWetRich
164579,Spirodela polyrhiza,OpenWetRich
164580,Spirodela polyrhiza,OpenWetRich
164581,Spirodela polyrhiza,OpenWetRich
164582,Spirodela polyrhiza,OpenWetRich
164583,Spirodela polyrhiza,OpenWetRich
164584,Spirodela polyrhiza,OpenWetRich
164585,Spirodela polyrhiza,OpenWetRich
164586,Spirodela polyrhiza,OpenWetRich
164587,Spirodela polyrhiza,OpenWetRich
164588,Spirodela polyrhiza,OpenWetRich
164589,Spirodela polyrhiza,OpenWetRich
164590,Spirodela polyrhiza,OpenWetRich
164591,Spirodela polyrhiza,OpenWetRich
164592,Spirodela polyrhiza,OpenWetRich
164593,Spirodela polyrhiza,OpenWetRich
164594,Spirodela polyrhiza,OpenWetRich
164595,Spirodela polyrhiza,OpenWetRich
164596,Spirodela polyrhiza,OpenWetRich
164597,Spirodela polyrhiza,OpenWetRich
164598,Spirodela polyrhiza,OpenWetRich
164599,Spirodela polyrhiza,OpenWetRich
164600,Spirodela polyrhiza,OpenWetRich
164601,Spirodela polyrhiza,OpenWetRich
164602,Spirodela polyrhiza,OpenWetRich
164603,Spirodela polyrhiza,OpenWetRich
164604,Spirodela polyrhiza,OpenWetRich
164605,Spirodela polyrhiza,OpenWetRich
164606,Spirodela polyrhiza,OpenWetRich
164607,Spirodela polyrhiza,OpenWetRich
164608,Spirodela polyrhiza,OpenWetRich
164609,Spirodela polyrhiza,OpenWetRich
164610,Spirodela polyrhiza,OpenWetRich
164611,Spirodela polyrhiza,OpenWetRich
164612,Spirodela polyrhiza,OpenWetRich
164613,Spirodela polyrhiza,OpenWetRich
164614,Spirodela polyrhiza,OpenWetRich
164615,Spirodela polyrhiza,OpenWetRich
164616,Spirodela polyrhiza,OpenWetRich
164617,Spirodela polyrhiza,OpenWetRich
164618,Spirodela polyrhiza,OpenWetRich
164619,Spirodela polyrhiza,OpenWetRich
164620,Spirodela polyrhiza,OpenWetRich
164621,Spirodela polyrhiza,OpenWetRich
164622,Spirodela polyrhiza,OpenWetRich
165162,Spirodela polyrhiza,OpenWetRich
165163,Spirodela polyrhiza,OpenWetRich
165164,Spirodela polyrhiza,OpenWetRich
165165,Spirodela polyrhiza,OpenWetRich
165166,Spirodela polyrhiza,OpenWetRich
165167,Spirodela polyrhiza,OpenWetRich
165168,Spirodela polyrhiza,OpenWetRich
165169,Spirodela polyrhiza,OpenWetRich
165170,Spirodela polyrhiza,OpenWetRich
165171,Spirodela polyrhiza,OpenWetRich
165172,Spirodela polyrhiza,OpenWetRich
165173,Spirodela polyrhiza,OpenWetRich
165174,Spirodela polyrhiza,OpenWetRich
165175,Spirodela polyrhiza,OpenWetRich
165176,Spirodela polyrhiza,OpenWetRich
165177,Spirodela polyrhiza,OpenWetRich
165178,Spirodela polyrhiza,OpenWetRich
165179,Spirodela polyrhiza,OpenWetRich
165180,Spirodela polyrhiza,OpenWetRich
165181,Spirodela polyrhiza,OpenWetRich
165182,Spirodela polyrhiza,OpenWetRich
165183,Spirodela polyrhiza,OpenWetRich
165184,Spirodela polyrhiza,OpenWetRich
165185,Spirodela polyrhiza,OpenWetRich
165186,Spirodela polyrhiza,OpenWetRich
165187,Spirodela polyrhiza,OpenWetRich
165188,Spirodela polyrhiza,OpenWetRich
165189,Spirodela polyrhiza,OpenWetRich
165190,Spirodela polyrhiza,OpenWetRich
165191,Spirodela polyrhiza,OpenWetRich
165192,Spirodela polyrhiza,OpenWetRich
165193,Spirodela polyrhiza,OpenWetRich
165194,Spirodela polyrhiza,OpenWetRich
165195,Spirodela polyrhiza,OpenWetRich
165196,Spirodela polyrhiza,OpenWetRich
165197,Spirodela polyrhiza,OpenWetRich
165198,Spirodela polyrhiza,OpenWetRich
165199,Spirodela polyrhiza,OpenWetRich
165200,Spirodela polyrhiza,OpenWetRich
165201,Spirodela polyrhiza,OpenWetRich
165202,Spirodela polyrhiza,OpenWetRich
165203,Spirodela polyrhiza,OpenWetRich
165204,Spirodela polyrhiza,OpenWetRich
165205,Spirodela polyrhiza,OpenWetRich
165206,Spirodela polyrhiza,OpenWetRich
165207,Spirodela polyrhiza,OpenWetRich
165208,Spirodela polyrhiza,OpenWetRich
165209,Spirodela polyrhiza,OpenWetRich
165210,Spirodela polyrhiza,OpenWetRich
165211,Spirodela polyrhiza,OpenWetRich
165212,Spirodela polyrhiza,OpenWetRich
165213,Spirodela polyrhiza,OpenWetRich
165214,Spirodela polyrhiza,OpenWetRich
165215,Spirodela polyrhiza,OpenWetRich
165216,Spirodela polyrhiza,OpenWetRich
165217,Spirodela polyrhiza,OpenWetRich
165218,Spirodela polyrhiza,OpenWetRich
165219,Spirodela polyrhiza,OpenWetRich
165220,Spirodela polyrhiza,OpenWetRich
165221,Spirodela polyrhiza,OpenWetRich
165761,Spirodela polyrhiza,OpenWetRich
165762,Spirodela polyrhiza,OpenWetRich
165763,Spirodela polyrhiza,OpenWetRich
165764,Spirodela polyrhiza,OpenWetRich
165765,Spirodela polyrhiza,OpenWetRich
165766,Spirodela polyrhiza,OpenWetRich
165767,Spirodela polyrhiza,OpenWetRich
165768,Spirodela polyrhiza,OpenWetRich
165769,Spirodela polyrhiza,OpenWetRich
165770,Spirodela polyrhiza,OpenWetRich
165771,Spirodela polyrhiza,OpenWetRich
165772,Spirodela polyrhiza,OpenWetRich
165773,Spirodela polyrhiza,OpenWetRich
165774,Spirodela polyrhiza,OpenWetRich
165775,Spirodela polyrhiza,OpenWetRich
165776,Spirodela polyrhiza,OpenWetRich
165777,Spirodela polyrhiza,OpenWetRich
165778,Spirodela polyrhiza,OpenWetRich
165779,Spirodela polyrhiza,OpenWetRich
165780,Spirodela polyrhiza,OpenWetRich
165781,Spirodela polyrhiza,OpenWetRich
165782,Spirodela polyrhiza,OpenWetRich
165783,Spirodela polyrhiza,OpenWetRich
165784,Spirodela polyrhiza,OpenWetRich
165785,Spirodela polyrhiza,OpenWetRich
165786,Spirodela polyrhiza,OpenWetRich
165787,Spirodela polyrhiza,OpenWetRich
165788,Spirodela polyrhiza,OpenWetRich
165789,Spirodela polyrhiza,OpenWetRich
165790,Spirodela polyrhiza,OpenWetRich
165791,Spirodela polyrhiza,OpenWetRich
165792,Spirodela polyrhiza,OpenWetRich
165793,Spirodela polyrhiza,OpenWetRich
165794,Spirodela polyrhiza,OpenWetRich
165795,Spirodela polyrhiza,OpenWetRich
165796,Spirodela polyrhiza,OpenWetRich
165797,Spirodela polyrhiza,OpenWetRich
165798,Spirodela polyrhiza,OpenWetRich
165799,Spirodela polyrhiza,OpenWetRich
165800,Spirodela polyrhiza,OpenWetRich
165801,Spirodela polyrhiza,OpenWetRich
165802,Spirodela polyrhiza,OpenWetRich
165803,Spirodela polyrhiza,OpenWetRich
165804,Spirodela polyrhiza,OpenWetRich
165805,Spirodela polyrhiza,OpenWetRich
165806,Spirodela polyrhiza,OpenWetRich
165807,Spirodela polyrhiza,OpenWetRich
165808,Spirodela polyrhiza,OpenWetRich
165809,Spirodela polyrhiza,OpenWetRich
165810,Spirodela polyrhiza,OpenWetRich
165811,Spirodela polyrhiza,OpenWetRich
165812,Spirodela polyrhiza,OpenWetRich
165813,Spirodela polyrhiza,OpenWetRich
165814,Spirodela polyrhiza,OpenWetRich
165815,Spirodela polyrhiza,OpenWetRich
165816,Spirodela polyrhiza,OpenWetRich
165817,Spirodela polyrhiza,OpenWetRich
165818,Spirodela polyrhiza,OpenWetRich
165819,Spirodela polyrhiza,OpenWetRich
165820,Spirodela polyrhiza,OpenWetRich
166360,Spirodela polyrhiza,OpenWetRich
166361,Spirodela polyrhiza,OpenWetRich
166362,Spirodela polyrhiza,OpenWetRich
166363,Spirodela polyrhiza,OpenWetRich
166364,Spirodela polyrhiza,OpenWetRich
166365,Spirodela polyrhiza,OpenWetRich
166366,Spirodela polyrhiza,OpenWetRich
166367,Spirodela polyrhiza,OpenWetRich
166368,Spirodela polyrhiza,OpenWetRich
166369,Spirodela polyrhiza,OpenWetRich
166370,Spirodela polyrhiza,OpenWetRich
166371,Spirodela polyrhiza,OpenWetRich
166372,Spirodela polyrhiza,OpenWetRich
166373,Spirodela polyrhiza,OpenWetRich
166374,Spirodela polyrhiza,OpenWetRich
166375,Spirodela polyrhiza,OpenWetRich
166376,Spirodela polyrhiza,OpenWetRich
166377,Spirodela polyrhiza,OpenWetRich
166378,Spirodela polyrhiza,OpenWetRich
166379,Spirodela polyrhiza,OpenWetRich
166380,Spirodela polyrhiza,OpenWetRich
166381,Spirodela polyrhiza,OpenWetRich
166382,Spirodela polyrhiza,OpenWetRich
166383,Spirodela polyrhiza,OpenWetRich
166384,Spirodela polyrhiza,OpenWetRich
166385,Spirodela polyrhiza,OpenWetRich
166386,Spirodela polyrhiza,OpenWetRich
166387,Spirodela polyrhiza,OpenWetRich
166388,Spirodela polyrhiza,OpenWetRich
166389,Spirodela polyrhiza,OpenWetRich
166390,Spirodela polyrhiza,OpenWetRich
166391,Spirodela polyrhiza,OpenWetRich
166392,Spirodela polyrhiza,OpenWetRich
166393,Spirodela polyrhiza,OpenWetRich
166394,Spirodela polyrhiza,OpenWetRich
166395,Spirodela polyrhiza,OpenWetRich
166396,Spirodela polyrhiza,OpenWetRich
166397,Spirodela polyrhiza,OpenWetRich
166398,Spirodela polyrhiza,OpenWetRich
166399,Spirodela polyrhiza,OpenWetRich
166400,Spirodela polyrhiza,OpenWetRich
166401,Spirodela polyrhiza,OpenWetRich
166402,Spirodela polyrhiza,OpenWetRich
166403,Spirodela polyrhiza,OpenWetRich
166404,Spirodela polyrhiza,OpenWetRich
166405,Spirodela polyrhiza,OpenWetRich
166406,Spirodela polyrhiza,OpenWetRich
166407,Spirodela polyrhiza,OpenWetRich
166408,Spirodela polyrhiza,OpenWetRich
166409,Spirodela polyrhiza,OpenWetRich
166410,Spirodela polyrhiza,OpenWetRich
166411,Spirodela polyrhiza,OpenWetRich
166412,Spirodela polyrhiza,OpenWetRich
166413,Spirodela polyrhiza,OpenWetRich
166414,Spirodela polyrhiza,OpenWetRich
166415,Spirodela polyrhiza,OpenWetRich
166416,Spirodela polyrhiza,OpenWetRich
166417,Spirodela polyrhiza,OpenWetRich
166418,Spirodela polyrhiza,OpenWetRich
166419,Spirodela polyrhiza,OpenWetRich
166959,Spirodela polyrhiza,OpenWetRich
166960,Spirodela polyrhiza,OpenWetRich
166961,Spirodela polyrhiza,OpenWetRich
166962,Spirodela polyrhiza,OpenWetRich
166963,Spirodela polyrhiza,OpenWetRich
166964,Spirodela polyrhiza,OpenWetRich
166965,Spirodela polyrhiza,OpenWetRich
166966,Spirodela polyrhiza,OpenWetRich
166967,Spirodela polyrhiza,OpenWetRich
166968,Spirodela polyrhiza,OpenWetRich
166969,Spirodela polyrhiza,OpenWetRich
166970,Spirodela polyrhiza,OpenWetRich
166971,Spirodela polyrhiza,OpenWetRich
166972,Spirodela polyrhiza,OpenWetRich
166973,Spirodela polyrhiza,OpenWetRich
166974,Spirodela polyrhiza,OpenWetRich
166975,Spirodela polyrhiza,OpenWetRich
166976,Spirodela polyrhiza,OpenWetRich
166977,Spirodela polyrhiza,OpenWetRich
166978,Spirodela polyrhiza,OpenWetRich
166979,Spirodela polyrhiza,OpenWetRich
166980,Spirodela polyrhiza,OpenWetRich
166981,Spirodela polyrhiza,OpenWetRich
166982,Spirodela polyrhiza,OpenWetRich
166983,Spirodela polyrhiza,OpenWetRich
166984,Spirodela polyrhiza,OpenWetRich
166985,Spirodela polyrhiza,OpenWetRich
166986,Spirodela polyrhiza,OpenWetRich
166987,Spirodela polyrhiza,OpenWetRich
166988,Spirodela polyrhiza,OpenWetRich
166989,Spirodela polyrhiza,OpenWetRich
166990,Spirodela polyrhiza,OpenWetRich
166991,Spirodela polyrhiza,OpenWetRich
166992,Spirodela polyrhiza,OpenWetRich
166993,Spirodela polyrhiza,OpenWetRich
166994,Spirodela polyrhiza,OpenWetRich
166995,Spirodela polyrhiza,OpenWetRich
166996,Spirodela polyrhiza,OpenWetRich
166997,Spirodela polyrhiza,OpenWetRich
166998,Spirodela polyrhiza,OpenWetRich
166999,Spirodela polyrhiza,OpenWetRich
167000,Spirodela polyrhiza,OpenWetRich
167001,Spirodela polyrhiza,OpenWetRich
167002,Spirodela polyrhiza,OpenWetRich
167003,Spirodela polyrhiza,OpenWetRich
167004,Spirodela polyrhiza,OpenWetRich
167005,Spirodela polyrhiza,OpenWetRich
167006,Spirodela polyrhiza,OpenWetRich
167007,Spirodela polyrhiza,OpenWetRich
167008,Spirodela polyrhiza,OpenWetRich
167009,Spirodela polyrhiza,OpenWetRich
167010,Spirodela polyrhiza,OpenWetRich
167011,Spirodela polyrhiza,OpenWetRich
167012,Spirodela polyrhiza,OpenWetRich
167013,Spirodela polyrhiza,OpenWetRich
167014,Spirodela polyrhiza,OpenWetRich
167015,Spirodela polyrhiza,OpenWetRich
167016,Spirodela polyrhiza,OpenWetRich
167017,Spirodela polyrhiza,OpenWetRich
167018,Spirodela polyrhiza,OpenWetRich
167558,Spirodela polyrhiza,OpenWetRich
167559,Spirodela polyrhiza,OpenWetRich
167560,Spirodela polyrhiza,OpenWetRich
167561,Spirodela polyrhiza,OpenWetRich
167562,Spirodela polyrhiza,OpenWetRich
167563,Spirodela polyrhiza,OpenWetRich
167564,Spirodela polyrhiza,OpenWetRich
167565,Spirodela polyrhiza,OpenWetRich
167566,Spirodela polyrhiza,OpenWetRich
167567,Spirodela polyrhiza,OpenWetRich
167568,Spirodela polyrhiza,OpenWetRich
167569,Spirodela polyrhiza,OpenWetRich
167570,Spirodela polyrhiza,OpenWetRich
167571,Spirodela polyrhiza,OpenWetRich
167572,Spirodela polyrhiza,OpenWetRich
167573,Spirodela polyrhiza,OpenWetRich
167574,Spirodela polyrhiza,OpenWetRich
167575,Spirodela polyrhiza,OpenWetRich
167576,Spirodela polyrhiza,OpenWetRich
167577,Spirodela polyrhiza,OpenWetRich
167578,Spirodela polyrhiza,OpenWetRich
167579,Spirodela polyrhiza,OpenWetRich
167580,Spirodela polyrhiza,OpenWetRich
167581,Spirodela polyrhiza,OpenWetRich
167582,Spirodela polyrhiza,OpenWetRich
167583,Spirodela polyrhiza,OpenWetRich
167584,Spirodela polyrhiza,OpenWetRich
167585,Spirodela polyrhiza,OpenWetRich
167586,Spirodela polyrhiza,OpenWetRich
167587,Spirodela polyrhiza,OpenWetRich
167588,Spirodela polyrhiza,OpenWetRich
167589,Spirodela polyrhiza,OpenWetRich
167590,Spirodela polyrhiza,OpenWetRich
167591,Spirodela polyrhiza,OpenWetRich
167592,Spirodela polyrhiza,OpenWetRich
167593,Spirodela polyrhiza,OpenWetRich
167594,Spirodela polyrhiza,OpenWetRich
167595,Spirodela polyrhiza,OpenWetRich
167596,Spirodela polyrhiza,OpenWetRich
167597,Spirodela polyrhiza,OpenWetRich
167598,Spirodela polyrhiza,OpenWetRich
167599,Spirodela polyrhiza,OpenWetRich
167600,Spirodela polyrhiza,OpenWetRich
167601,Spirodela polyrhiza,OpenWetRich
167602,Spirodela polyrhiza,OpenWetRich
167603,Spirodela polyrhiza,OpenWetRich
167604,Spirodela polyrhiza,OpenWetRich
167605,Spirodela polyrhiza,OpenWetRich
167606,Spirodela polyrhiza,OpenWetRich
167607,Spirodela polyrhiza,OpenWetRich
167608,Spirodela polyrhiza,OpenWetRich
167609,Spirodela polyrhiza,OpenWetRich
167610,Spirodela polyrhiza,OpenWetRich
167611,Spirodela polyrhiza,OpenWetRich
167612,Spirodela polyrhiza,OpenWetRich
167613,Spirodela polyrhiza,OpenWetRich
167614,Spirodela polyrhiza,OpenWetRich
167615,Spirodela polyrhiza,OpenWetRich
167616,Spirodela polyrhiza,OpenWetRich
167617,Spirodela polyrhiza,OpenWetRich
168157,Spirodela polyrhiza,OpenWetRich
168158,Spirodela polyrhiza,OpenWetRich
168159,Spirodela polyrhiza,OpenWetRich
168160,Spirodela polyrhiza,OpenWetRich
168161,Spirodela polyrhiza,OpenWetRich
168162,Spirodela polyrhiza,OpenWetRich
168163,Spirodela polyrhiza,OpenWetRich
168164,Spirodela polyrhiza,OpenWetRich
168165,Spirodela polyrhiza,OpenWetRich
168166,Spirodela polyrhiza,OpenWetRich
168167,Spirodela polyrhiza,OpenWetRich
168168,Spirodela polyrhiza,OpenWetRich
168169,Spirodela polyrhiza,OpenWetRich
168170,Spirodela polyrhiza,OpenWetRich
168171,Spirodela polyrhiza,OpenWetRich
168172,Spirodela polyrhiza,OpenWetRich
168173,Spirodela polyrhiza,OpenWetRich
168174,Spirodela polyrhiza,OpenWetRich
168175,Spirodela polyrhiza,OpenWetRich
168176,Spirodela polyrhiza,OpenWetRich
168177,Spirodela polyrhiza,OpenWetRich
168178,Spirodela polyrhiza,OpenWetRich
168179,Spirodela polyrhiza,OpenWetRich
168180,Spirodela polyrhiza,OpenWetRich
168181,Spirodela polyrhiza,OpenWetRich
168182,Spirodela polyrhiza,OpenWetRich
168183,Spirodela polyrhiza,OpenWetRich
168184,Spirodela polyrhiza,OpenWetRich
168185,Spirodela polyrhiza,OpenWetRich
168186,Spirodela polyrhiza,OpenWetRich
168187,Spirodela polyrhiza,OpenWetRich
168188,Spirodela polyrhiza,OpenWetRich
168189,Spirodela polyrhiza,OpenWetRich
168190,Spirodela polyrhiza,OpenWetRich
168191,Spirodela polyrhiza,OpenWetRich
168192,Spirodela polyrhiza,OpenWetRich
168193,Spirodela polyrhiza,OpenWetRich
168194,Spirodela polyrhiza,OpenWetRich
168195,Spirodela polyrhiza,OpenWetRich
168196,Spirodela polyrhiza,OpenWetRich
168197,Spirodela polyrhiza,OpenWetRich
168198,Spirodela polyrhiza,OpenWetRich
168199,Spirodela polyrhiza,OpenWetRich
168200,Spirodela polyrhiza,OpenWetRich
168201,Spirodela polyrhiza,OpenWetRich
168202,Spirodela polyrhiza,OpenWetRich
168203,Spirodela polyrhiza,OpenWetRich
168204,Spirodela polyrhiza,OpenWetRich
168205,Spirodela polyrhiza,OpenWetRich
168206,Spirodela polyrhiza,OpenWetRich
168207,Spirodela polyrhiza,OpenWetRich
168208,Spirodela polyrhiza,OpenWetRich
168209,Spirodela polyrhiza,OpenWetRich
168210,Spirodela polyrhiza,OpenWetRich
168211,Spirodela polyrhiza,OpenWetRich
168212,Spirodela polyrhiza,OpenWetRich
168213,Spirodela polyrhiza,OpenWetRich
168214,Spirodela polyrhiza,OpenWetRich
168215,Spirodela polyrhiza,OpenWetRich
168216,Spirodela polyrhiza,OpenWetRich
168756,Spirodela polyrhiza,OpenWetRich
168757,Spirodela polyrhiza,OpenWetRich
168758,Spirodela polyrhiza,OpenWetRich
168759,Spirodela polyrhiza,OpenWetRich
168760,Spirodela polyrhiza,OpenWetRich
168761,Spirodela polyrhiza,OpenWetRich
168762,Spirodela polyrhiza,OpenWetRich
168763,Spirodela polyrhiza,OpenWetRich
168764,Spirodela polyrhiza,OpenWetRich
168765,Spirodela polyrhiza,OpenWetRich
168766,Spirodela polyrhiza,OpenWetRich
168767,Spirodela polyrhiza,OpenWetRich
168768,Spirodela polyrhiza,OpenWetRich
168769,Spirodela polyrhiza,OpenWetRich
168770,Spirodela polyrhiza,OpenWetRich
168771,Spirodela polyrhiza,OpenWetRich
168772,Spirodela polyrhiza,OpenWetRich
168773,Spirodela polyrhiza,OpenWetRich
168774,Spirodela polyrhiza,OpenWetRich
168775,Spirodela polyrhiza,OpenWetRich
168776,Spirodela polyrhiza,OpenWetRich
168777,Spirodela polyrhiza,OpenWetRich
168778,Spirodela polyrhiza,OpenWetRich
168779,Spirodela polyrhiza,OpenWetRich
168780,Spirodela polyrhiza,OpenWetRich
168781,Spirodela polyrhiza,OpenWetRich
168782,Spirodela polyrhiza,OpenWetRich
168783,Spirodela polyrhiza,OpenWetRich
168784,Spirodela polyrhiza,OpenWetRich
168785,Spirodela polyrhiza,OpenWetRich
168786,Spirodela polyrhiza,OpenWetRich
168787,Spirodela polyrhiza,OpenWetRich
168788,Spirodela polyrhiza,OpenWetRich
168789,Spirodela polyrhiza,OpenWetRich
168790,Spirodela polyrhiza,OpenWetRich
168791,Spirodela polyrhiza,OpenWetRich
168792,Spirodela polyrhiza,OpenWetRich
168793,Spirodela polyrhiza,OpenWetRich
168794,Spirodela polyrhiza,OpenWetRich
168795,Spirodela polyrhiza,OpenWetRich
168796,Spirodela polyrhiza,OpenWetRich
168797,Spirodela polyrhiza,OpenWetRich
168798,Spirodela polyrhiza,OpenWetRich
168799,Spirodela polyrhiza,OpenWetRich
168800,Spirodela polyrhiza,OpenWetRich
168801,Spirodela polyrhiza,OpenWetRich
168802,Spirodela polyrhiza,OpenWetRich
168803,Spirodela polyrhiza,OpenWetRich
168804,Spirodela polyrhiza,OpenWetRich
168805,Spirodela polyrhiza,OpenWetRich
168806,Spirodela polyrhiza,OpenWetRich
168807,Spirodela polyrhiza,OpenWetRich
168808,Spirodela polyrhiza,OpenWetRich
168809,Spirodela polyrhiza,OpenWetRich
168810,Spirodela polyrhiza,OpenWetRich
168811,Spirodela polyrhiza,OpenWetRich
168812,Spirodela polyrhiza,OpenWetRich
168813,Spirodela polyrhiza,OpenWetRich
168814,Spirodela polyrhiza,OpenWetRich
168815,Spirodela polyrhiza,OpenWetRich
169355,Spirodela polyrhiza,OpenWetRich
169356,Spirodela polyrhiza,OpenWetRich
169357,Spirodela polyrhiza,OpenWetRich
169358,Spirodela polyrhiza,OpenWetRich
169359,Spirodela polyrhiza,OpenWetRich
169360,Spirodela polyrhiza,OpenWetRich
169361,Spirodela polyrhiza,OpenWetRich
169362,Spirodela polyrhiza,OpenWetRich
169363,Spirodela polyrhiza,OpenWetRich
169364,Spirodela polyrhiza,OpenWetRich
169365,Spirodela polyrhiza,OpenWetRich
169366,Spirodela polyrhiza,OpenWetRich
169367,Spirodela polyrhiza,OpenWetRich
169368,Spirodela polyrhiza,OpenWetRich
169369,Spirodela polyrhiza,OpenWetRich
169370,Spirodela polyrhiza,OpenWetRich
169371,Spirodela polyrhiza,OpenWetRich
169372,Spirodela polyrhiza,OpenWetRich
169373,Spirodela polyrhiza,OpenWetRich
169374,Spirodela polyrhiza,OpenWetRich
169375,Spirodela polyrhiza,OpenWetRich
169376,Spirodela polyrhiza,OpenWetRich
169377,Spirodela polyrhiza,OpenWetRich
169378,Spirodela polyrhiza,OpenWetRich
169379,Spirodela polyrhiza,OpenWetRich
169380,Spirodela polyrhiza,OpenWetRich
169381,Spirodela polyrhiza,OpenWetRich
169382,Spirodela polyrhiza,OpenWetRich
169383,Spirodela polyrhiza,OpenWetRich
169384,Spirodela polyrhiza,OpenWetRich
169385,Spirodela polyrhiza,OpenWetRich
169386,Spirodela polyrhiza,OpenWetRich
169387,Spirodela polyrhiza,OpenWetRich
169388,Spirodela polyrhiza,OpenWetRich
169389,Spirodela polyrhiza,OpenWetRich
169390,Spirodela polyrhiza,OpenWetRich
169391,Spirodela polyrhiza,OpenWetRich
169392,Spirodela polyrhiza,OpenWetRich
169393,Spirodela polyrhiza,OpenWetRich
169394,Spirodela polyrhiza,OpenWetRich
169395,Spirodela polyrhiza,OpenWetRich
169396,Spirodela polyrhiza,OpenWetRich
169397,Spirodela polyrhiza,OpenWetRich
169398,Spirodela polyrhiza,OpenWetRich
169399,Spirodela polyrhiza,OpenWetRich
169400,Spirodela polyrhiza,OpenWetRich
169401,Spirodela polyrhiza,OpenWetRich
169402,Spirodela polyrhiza,OpenWetRich
169403,Spirodela polyrhiza,OpenWetRich
169404,Spirodela polyrhiza,OpenWetRich
169405,Spirodela polyrhiza,OpenWetRich
169406,Spirodela polyrhiza,OpenWetRich
169407,Spirodela polyrhiza,OpenWetRich
169408,Spirodela polyrhiza,OpenWetRich
169409,Spirodela polyrhiza,OpenWetRich
169410,Spirodela polyrhiza,OpenWetRich
169411,Spirodela polyrhiza,OpenWetRich
169412,Spirodela polyrhiza,OpenWetRich
169413,Spirodela polyrhiza,OpenWetRich
169414,Spirodela polyrhiza,OpenWetRich
169954,Spirodela polyrhiza,OpenWetRich
169955,Spirodela polyrhiza,OpenWetRich
169956,Spirodela polyrhiza,OpenWetRich
169957,Spirodela polyrhiza,OpenWetRich
169958,Spirodela polyrhiza,OpenWetRich
169959,Spirodela polyrhiza,OpenWetRich
169960,Spirodela polyrhiza,OpenWetRich
169961,Spirodela polyrhiza,OpenWetRich
169962,Spirodela polyrhiza,OpenWetRich
169963,Spirodela polyrhiza,OpenWetRich
169964,Spirodela polyrhiza,OpenWetRich
169965,Spirodela polyrhiza,OpenWetRich
169966,Spirodela polyrhiza,OpenWetRich
169967,Spirodela polyrhiza,OpenWetRich
169968,Spirodela polyrhiza,OpenWetRich
169969,Spirodela polyrhiza,OpenWetRich
169970,Spirodela polyrhiza,OpenWetRich
169971,Spirodela polyrhiza,OpenWetRich
169972,Spirodela polyrhiza,OpenWetRich
169973,Spirodela polyrhiza,OpenWetRich
169974,Spirodela polyrhiza,OpenWetRich
169975,Spirodela polyrhiza,OpenWetRich
169976,Spirodela polyrhiza,OpenWetRich
169977,Spirodela polyrhiza,OpenWetRich
169978,Spirodela polyrhiza,OpenWetRich
169979,Spirodela polyrhiza,OpenWetRich
169980,Spirodela polyrhiza,OpenWetRich
169981,Spirodela polyrhiza,OpenWetRich
169982,Spirodela polyrhiza,OpenWetRich
169983,Spirodela polyrhiza,OpenWetRich
169984,Spirodela polyrhiza,OpenWetRich
169985,Spirodela polyrhiza,OpenWetRich
169986,Spirodela polyrhiza,OpenWetRich
169987,Spirodela polyrhiza,OpenWetRich
169988,Spirodela polyrhiza,OpenWetRich
169989,Spirodela polyrhiza,OpenWetRich
169990,Spirodela polyrhiza,OpenWetRich
169991,Spirodela polyrhiza,OpenWetRich
169992,Spirodela polyrhiza,OpenWetRich
169993,Spirodela polyrhiza,OpenWetRich
169994,Spirodela polyrhiza,OpenWetRich
169995,Spirodela polyrhiza,OpenWetRich
169996,Spirodela polyrhiza,OpenWetRich
169997,Spirodela polyrhiza,OpenWetRich
169998,Spirodela polyrhiza,OpenWetRich
169999,Spirodela polyrhiza,OpenWetRich
170000,Spirodela polyrhiza,OpenWetRich
170001,Spirodela polyrhiza,OpenWetRich
170002,Spirodela polyrhiza,OpenWetRich
170003,Spirodela polyrhiza,OpenWetRich
170004,Spirodela polyrhiza,OpenWetRich
170005,Spirodela polyrhiza,OpenWetRich
170006,Spirodela polyrhiza,OpenWetRich
170007,Spirodela polyrhiza,OpenWetRich
170008,Spirodela polyrhiza,OpenWetRich
170009,Spirodela polyrhiza,OpenWetRich
170010,Spirodela polyrhiza,OpenWetRich
170011,Spirodela polyrhiza,OpenWetRich
170012,Spirodela polyrhiza,OpenWetRich
170013,Spirodela polyrhiza,OpenWetRich
170593,Spirodela polyrhiza,OpenWetRich
170594,Spirodela polyrhiza,OpenWetRich
170595,Spirodela polyrhiza,OpenWetRich
170596,Spirodela polyrhiza,OpenWetRich
170597,Spirodela polyrhiza,OpenWetRich
170598,Spirodela polyrhiza,OpenWetRich
170599,Spirodela polyrhiza,OpenWetRich
170600,Spirodela polyrhiza,OpenWetRich
170601,Spirodela polyrhiza,OpenWetRich
170602,Spirodela polyrhiza,OpenWetRich
170603,Spirodela polyrhiza,OpenWetRich
170604,Spirodela polyrhiza,OpenWetRich
170605,Spirodela polyrhiza,OpenWetRich
170606,Spirodela polyrhiza,OpenWetRich
170607,Spirodela polyrhiza,OpenWetRich
170608,Spirodela polyrhiza,OpenWetRich
170609,Spirodela polyrhiza,OpenWetRich
170610,Spirodela polyrhiza,OpenWetRich
170611,Spirodela polyrhiza,OpenWetRich
170612,Spirodela polyrhiza,OpenWetRich
171192,Spirodela polyrhiza,OpenWetRich
171193,Spirodela polyrhiza,OpenWetRich
171194,Spirodela polyrhiza,OpenWetRich
171195,Spirodela polyrhiza,OpenWetRich
171196,Spirodela polyrhiza,OpenWetRich
171197,Spirodela polyrhiza,OpenWetRich
171198,Spirodela polyrhiza,OpenWetRich
171199,Spirodela polyrhiza,OpenWetRich
171200,Spirodela polyrhiza,OpenWetRich
171201,Spirodela polyrhiza,OpenWetRich
171202,Spirodela polyrhiza,OpenWetRich
171203,Spirodela polyrhiza,OpenWetRich
171204,Spirodela polyrhiza,OpenWetRich
171205,Spirodela polyrhiza,OpenWetRich
171206,Spirodela polyrhiza,OpenWetRich
171207,Spirodela polyrhiza,OpenWetRich
171208,Spirodela polyrhiza,OpenWetRich
171209,Spirodela polyrhiza,OpenWetRich
171210,Spirodela polyrhiza,OpenWetRich
171211,Spirodela polyrhiza,OpenWetRich
171791,Spirodela polyrhiza,OpenWetRich
171792,Spirodela polyrhiza,OpenWetRich
171793,Spirodela polyrhiza,OpenWetRich
171794,Spirodela polyrhiza,OpenWetRich
171795,Spirodela polyrhiza,OpenWetRich
171796,Spirodela polyrhiza,OpenWetRich
171797,Spirodela polyrhiza,OpenWetRich
171798,Spirodela polyrhiza,OpenWetRich
171799,Spirodela polyrhiza,OpenWetRich
171800,Spirodela polyrhiza,OpenWetRich
171801,Spirodela polyrhiza,OpenWetRich
171802,Spirodela polyrhiza,OpenWetRich
171803,Spirodela polyrhiza,OpenWetRich
171804,Spirodela polyrhiza,OpenWetRich
171805,Spirodela polyrhiza,OpenWetRich
171806,Spirodela polyrhiza,OpenWetRich
171807,Spirodela polyrhiza,OpenWetRich
171808,Spirodela polyrhiza,OpenWetRich
171809,Spirodela polyrhiza,OpenWetRich
171810,Spirodela polyrhiza,OpenWetRich
172390,Spirodela polyrhiza,OpenWetRich
172391,Spirodela polyrhiza,OpenWetRich
172392,Spirodela polyrhiza,OpenWetRich
172393,Spirodela polyrhiza,OpenWetRich
172394,Spirodela polyrhiza,OpenWetRich
172395,Spirodela polyrhiza,OpenWetRich
172396,Spirodela polyrhiza,OpenWetRich
172397,Spirodela polyrhiza,OpenWetRich
172398,Spirodela polyrhiza,OpenWetRich
172399,Spirodela polyrhiza,OpenWetRich
172400,Spirodela polyrhiza,OpenWetRich
172401,Spirodela polyrhiza,OpenWetRich
172402,Spirodela polyrhiza,OpenWetRich
172403,Spirodela polyrhiza,OpenWetRich
172404,Spirodela polyrhiza,OpenWetRich
172405,Spirodela polyrhiza,OpenWetRich
172406,Spirodela polyrhiza,OpenWetRich
172407,Spirodela polyrhiza,OpenWetRich
172408,Spirodela polyrhiza,OpenWetRich
172409,Spirodela polyrhiza,OpenWetRich
172989,Spirodela polyrhiza,OpenWetRich
172990,Spirodela polyrhiza,OpenWetRich
172991,Spirodela polyrhiza,OpenWetRich
172992,Spirodela polyrhiza,OpenWetRich
172993,Spirodela polyrhiza,OpenWetRich
172994,Spirodela polyrhiza,OpenWetRich
172995,Spirodela polyrhiza,OpenWetRich
172996,Spirodela polyrhiza,OpenWetRich
172997,Spirodela polyrhiza,OpenWetRich
172998,Spirodela polyrhiza,OpenWetRich
172999,Spirodela polyrhiza,OpenWetRich
173000,Spirodela polyrhiza,OpenWetRich
173001,Spirodela polyrhiza,OpenWetRich
173002,Spirodela polyrhiza,OpenWetRich
173003,Spirodela polyrhiza,OpenWetRich
173004,Spirodela polyrhiza,OpenWetRich
173005,Spirodela polyrhiza,OpenWetRich
173006,Spirodela polyrhiza,OpenWetRich
173007,Spirodela polyrhiza,OpenWetRich
173008,Spirodela polyrhiza,OpenWetRich
173588,Spirodela polyrhiza,OpenWetRich
173589,Spirodela polyrhiza,OpenWetRich
173590,Spirodela polyrhiza,OpenWetRich
173591,Spirodela polyrhiza,OpenWetRich
173592,Spirodela polyrhiza,OpenWetRich
173593,Spirodela polyrhiza,OpenWetRich
173594,Spirodela polyrhiza,OpenWetRich
173595,Spirodela polyrhiza,OpenWetRich
173596,Spirodela polyrhiza,OpenWetRich
173597,Spirodela polyrhiza,OpenWetRich
173598,Spirodela polyrhiza,OpenWetRich
173599,Spirodela polyrhiza,OpenWetRich
173600,Spirodela polyrhiza,OpenWetRich
173601,Spirodela polyrhiza,OpenWetRich
173602,Spirodela polyrhiza,OpenWetRich
173603,Spirodela polyrhiza,OpenWetRich
173604,Spirodela polyrhiza,OpenWetRich
173605,Spirodela polyrhiza,OpenWetRich
173606,Spirodela polyrhiza,OpenWetRich
173607,Spirodela polyrhiza,OpenWetRich
174187,Spirodela polyrhiza,OpenWetRich
174188,Spirodela polyrhiza,OpenWetRich
174189,Spirodela polyrhiza,OpenWetRich
174190,Spirodela polyrhiza,OpenWetRich
174191,Spirodela polyrhiza,OpenWetRich
174192,Spirodela polyrhiza,OpenWetRich
174193,Spirodela polyrhiza,OpenWetRich
174194,Spirodela polyrhiza,OpenWetRich
174195,Spirodela polyrhiza,OpenWetRich
174196,Spirodela polyrhiza,OpenWetRich
174197,Spirodela polyrhiza,OpenWetRich
174198,Spirodela polyrhiza,OpenWetRich
174199,Spirodela polyrhiza,OpenWetRich
174200,Spirodela polyrhiza,OpenWetRich
174201,Spirodela polyrhiza,OpenWetRich
174202,Spirodela polyrhiza,OpenWetRich
174203,Spirodela polyrhiza,OpenWetRich
174204,Spirodela polyrhiza,OpenWetRich
174205,Spirodela polyrhiza,OpenWetRich
174206,Spirodela polyrhiza,OpenWetRich
174786,Spirodela polyrhiza,OpenWetRich
174787,Spirodela polyrhiza,OpenWetRich
174788,Spirodela polyrhiza,OpenWetRich
174789,Spirodela polyrhiza,OpenWetRich
174790,Spirodela polyrhiza,OpenWetRich
174791,Spirodela polyrhiza,OpenWetRich
174792,Spirodela polyrhiza,OpenWetRich
174793,Spirodela polyrhiza,OpenWetRich
174794,Spirodela polyrhiza,OpenWetRich
174795,Spirodela polyrhiza,OpenWetRich
174796,Spirodela polyrhiza,OpenWetRich
174797,Spirodela polyrhiza,OpenWetRich
174798,Spirodela polyrhiza,OpenWetRich
174799,Spirodela polyrhiza,OpenWetRich
174800,Spirodela polyrhiza,OpenWetRich
174801,Spirodela polyrhiza,OpenWetRich
174802,Spirodela polyrhiza,OpenWetRich
174803,Spirodela polyrhiza,OpenWetRich
174804,Spirodela polyrhiza,OpenWetRich
174805,Spirodela polyrhiza,OpenWetRich
175385,Spirodela polyrhiza,OpenWetRich
175386,Spirodela polyrhiza,OpenWetRich
175387,Spirodela polyrhiza,OpenWetRich
175388,Spirodela polyrhiza,OpenWetRich
175389,Spirodela polyrhiza,OpenWetRich
175390,Spirodela polyrhiza,OpenWetRich
175391,Spirodela polyrhiza,OpenWetRich
175392,Spirodela polyrhiza,OpenWetRich
175393,Spirodela polyrhiza,OpenWetRich
175394,Spirodela polyrhiza,OpenWetRich
175395,Spirodela polyrhiza,OpenWetRich
175396,Spirodela polyrhiza,OpenWetRich
175397,Spirodela polyrhiza,OpenWetRich
175398,Spirodela polyrhiza,OpenWetRich
175399,Spirodela polyrhiza,OpenWetRich
175400,Spirodela polyrhiza,OpenWetRich
175401,Spirodela polyrhiza,OpenWetRich
175402,Spirodela polyrhiza,OpenWetRich
175403,Spirodela polyrhiza,OpenWetRich
175404,Spirodela polyrhiza,OpenWetRich
175984,Spirodela polyrhiza,OpenWetRich
175985,Spirodela polyrhiza,OpenWetRich
175986,Spirodela polyrhiza,OpenWetRich
175987,Spirodela polyrhiza,OpenWetRich
175988,Spirodela polyrhiza,OpenWetRich
175989,Spirodela polyrhiza,OpenWetRich
175990,Spirodela polyrhiza,OpenWetRich
175991,Spirodela polyrhiza,OpenWetRich
175992,Spirodela polyrhiza,OpenWetRich
175993,Spirodela polyrhiza,OpenWetRich
175994,Spirodela polyrhiza,OpenWetRich
175995,Spirodela polyrhiza,OpenWetRich
175996,Spirodela polyrhiza,OpenWetRich
175997,Spirodela polyrhiza,OpenWetRich
175998,Spirodela polyrhiza,OpenWetRich
175999,Spirodela polyrhiza,OpenWetRich
176000,Spirodela polyrhiza,OpenWetRich
176001,Spirodela polyrhiza,OpenWetRich
176002,Spirodela polyrhiza,OpenWetRich
176003,Spirodela polyrhiza,OpenWetRich
176583,Spirodela polyrhiza,OpenWetRich
176584,Spirodela polyrhiza,OpenWetRich
176585,Spirodela polyrhiza,OpenWetRich
176586,Spirodela polyrhiza,OpenWetRich
176587,Spirodela polyrhiza,OpenWetRich
176588,Spirodela polyrhiza,OpenWetRich
176589,Spirodela polyrhiza,OpenWetRich
176590,Spirodela polyrhiza,OpenWetRich
176591,Spirodela polyrhiza,OpenWetRich
176592,Spirodela polyrhiza,OpenWetRich
176593,Spirodela polyrhiza,OpenWetRich
176594,Spirodela polyrhiza,OpenWetRich
176595,Spirodela polyrhiza,OpenWetRich
176596,Spirodela polyrhiza,OpenWetRich
176597,Spirodela polyrhiza,OpenWetRich
176598,Spirodela polyrhiza,OpenWetRich
176599,Spirodela polyrhiza,OpenWetRich
176600,Spirodela polyrhiza,OpenWetRich
176601,Spirodela polyrhiza,OpenWetRich
176602,Spirodela polyrhiza,OpenWetRich
177182,Spirodela polyrhiza,OpenWetRich
177183,Spirodela polyrhiza,OpenWetRich
177184,Spirodela polyrhiza,OpenWetRich
177185,Spirodela polyrhiza,OpenWetRich
177186,Spirodela polyrhiza,OpenWetRich
177187,Spirodela polyrhiza,OpenWetRich
177188,Spirodela polyrhiza,OpenWetRich
177189,Spirodela polyrhiza,OpenWetRich
177190,Spirodela polyrhiza,OpenWetRich
177191,Spirodela polyrhiza,OpenWetRich
177192,Spirodela polyrhiza,OpenWetRich
177193,Spirodela polyrhiza,OpenWetRich
177194,Spirodela polyrhiza,OpenWetRich
177195,Spirodela polyrhiza,OpenWetRich
177196,Spirodela polyrhiza,OpenWetRich
177197,Spirodela polyrhiza,OpenWetRich
177198,Spirodela polyrhiza,OpenWetRich
177199,Spirodela polyrhiza,OpenWetRich
177200,Spirodela polyrhiza,OpenWetRich
177201,Spirodela polyrhiza,OpenWetRich
177781,Spirodela polyrhiza,OpenWetRich
177782,Spirodela polyrhiza,OpenWetRich
177783,Spirodela polyrhiza,OpenWetRich
177784,Spirodela polyrhiza,OpenWetRich
177785,Spirodela polyrhiza,OpenWetRich
177786,Spirodela polyrhiza,OpenWetRich
177787,Spirodela polyrhiza,OpenWetRich
177788,Spirodela polyrhiza,OpenWetRich
177789,Spirodela polyrhiza,OpenWetRich
177790,Spirodela polyrhiza,OpenWetRich
177791,Spirodela polyrhiza,OpenWetRich
177792,Spirodela polyrhiza,OpenWetRich
177793,Spirodela polyrhiza,OpenWetRich
177794,Spirodela polyrhiza,OpenWetRich
177795,Spirodela polyrhiza,OpenWetRich
177796,Spirodela polyrhiza,OpenWetRich
177797,Spirodela polyrhiza,OpenWetRich
177798,Spirodela polyrhiza,OpenWetRich
177799,Spirodela polyrhiza,OpenWetRich
177800,Spirodela polyrhiza,OpenWetRich
178380,Spirodela polyrhiza,OpenWetRich
178381,Spirodela polyrhiza,OpenWetRich
178382,Spirodela polyrhiza,OpenWetRich
178383,Spirodela polyrhiza,OpenWetRich
178384,Spirodela polyrhiza,OpenWetRich
178385,Spirodela polyrhiza,OpenWetRich
178386,Spirodela polyrhiza,OpenWetRich
178387,Spirodela polyrhiza,OpenWetRich
178388,Spirodela polyrhiza,OpenWetRich
178389,Spirodela polyrhiza,OpenWetRich
178390,Spirodela polyrhiza,OpenWetRich
178391,Spirodela polyrhiza,OpenWetRich
178392,Spirodela polyrhiza,OpenWetRich
178393,Spirodela polyrhiza,OpenWetRich
178394,Spirodela polyrhiza,OpenWetRich
178395,Spirodela polyrhiza,OpenWetRich
178396,Spirodela polyrhiza,OpenWetRich
178397,Spirodela polyrhiza,OpenWetRich
178398,Spirodela polyrhiza,OpenWetRich
178399,Spirodela polyrhiza,OpenWetRich
178979,Spirodela polyrhiza,OpenWetRich
178980,Spirodela polyrhiza,OpenWetRich
178981,Spirodela polyrhiza,OpenWetRich
178982,Spirodela polyrhiza,OpenWetRich
178983,Spirodela polyrhiza,OpenWetRich
178984,Spirodela polyrhiza,OpenWetRich
178985,Spirodela polyrhiza,OpenWetRich
178986,Spirodela polyrhiza,OpenWetRich
178987,Spirodela polyrhiza,OpenWetRich
178988,Spirodela polyrhiza,OpenWetRich
178989,Spirodela polyrhiza,OpenWetRich
178990,Spirodela polyrhiza,OpenWetRich
178991,Spirodela polyrhiza,OpenWetRich
178992,Spirodela polyrhiza,OpenWetRich
178993,Spirodela polyrhiza,OpenWetRich
178994,Spirodela polyrhiza,OpenWetRich
178995,Spirodela polyrhiza,OpenWetRich
178996,Spirodela polyrhiza,OpenWetRich
178997,Spirodela polyrhiza,OpenWetRich
178998,Spirodela polyrhiza,OpenWetRich
179578,Spirodela polyrhiza,OpenWetRich
179579,Spirodela polyrhiza,OpenWetRich
179580,Spirodela polyrhiza,OpenWetRich
179581,Spirodela polyrhiza,OpenWetRich
179582,Spirodela polyrhiza,OpenWetRich
179583,Spirodela polyrhiza,OpenWetRich
179584,Spirodela polyrhiza,OpenWetRich
179585,Spirodela polyrhiza,OpenWetRich
179586,Spirodela polyrhiza,OpenWetRich
179587,Spirodela polyrhiza,OpenWetRich
179588,Spirodela polyrhiza,OpenWetRich
179589,Spirodela polyrhiza,OpenWetRich
179590,Spirodela polyrhiza,OpenWetRich
179591,Spirodela polyrhiza,OpenWetRich
179592,Spirodela polyrhiza,OpenWetRich
179593,Spirodela polyrhiza,OpenWetRich
179594,Spirodela polyrhiza,OpenWetRich
179595,Spirodela polyrhiza,OpenWetRich
179596,Spirodela polyrhiza,OpenWetRich
179597,Spirodela polyrhiza,OpenWetRich
180177,Spirodela polyrhiza,OpenWetRich
180178,Spirodela polyrhiza,OpenWetRich
180179,Spirodela polyrhiza,OpenWetRich
180180,Spirodela polyrhiza,OpenWetRich
180181,Spirodela polyrhiza,OpenWetRich
180182,Spirodela polyrhiza,OpenWetRich
180183,Spirodela polyrhiza,OpenWetRich
180184,Spirodela polyrhiza,OpenWetRich
180185,Spirodela polyrhiza,OpenWetRich
180186,Spirodela polyrhiza,OpenWetRich
180187,Spirodela polyrhiza,OpenWetRich
180188,Spirodela polyrhiza,OpenWetRich
180189,Spirodela polyrhiza,OpenWetRich
180190,Spirodela polyrhiza,OpenWetRich
180191,Spirodela polyrhiza,OpenWetRich
180192,Spirodela polyrhiza,OpenWetRich
180193,Spirodela polyrhiza,OpenWetRich
180194,Spirodela polyrhiza,OpenWetRich
180195,Spirodela polyrhiza,OpenWetRich
180196,Spirodela polyrhiza,OpenWetRich
180776,Spirodela polyrhiza,OpenWetRich
180777,Spirodela polyrhiza,OpenWetRich
180778,Spirodela polyrhiza,OpenWetRich
180779,Spirodela polyrhiza,OpenWetRich
180780,Spirodela polyrhiza,OpenWetRich
180781,Spirodela polyrhiza,OpenWetRich
180782,Spirodela polyrhiza,OpenWetRich
180783,Spirodela polyrhiza,OpenWetRich
180784,Spirodela polyrhiza,OpenWetRich
180785,Spirodela polyrhiza,OpenWetRich
180786,Spirodela polyrhiza,OpenWetRich
180787,Spirodela polyrhiza,OpenWetRich
180788,Spirodela polyrhiza,OpenWetRich
180789,Spirodela polyrhiza,OpenWetRich
180790,Spirodela polyrhiza,OpenWetRich
180791,Spirodela polyrhiza,OpenWetRich
180792,Spirodela polyrhiza,OpenWetRich
180793,Spirodela polyrhiza,OpenWetRich
180794,Spirodela polyrhiza,OpenWetRich
180795,Spirodela polyrhiza,OpenWetRich
181375,Spirodela polyrhiza,OpenWetRich
181376,Spirodela polyrhiza,OpenWetRich
181377,Spirodela polyrhiza,OpenWetRich
181378,Spirodela polyrhiza,OpenWetRich
181379,Spirodela polyrhiza,OpenWetRich
181380,Spirodela polyrhiza,OpenWetRich
181381,Spirodela polyrhiza,OpenWetRich
181382,Spirodela polyrhiza,OpenWetRich
181383,Spirodela polyrhiza,OpenWetRich
181384,Spirodela polyrhiza,OpenWetRich
181385,Spirodela polyrhiza,OpenWetRich
181386,Spirodela polyrhiza,OpenWetRich
181387,Spirodela polyrhiza,OpenWetRich
181388,Spirodela polyrhiza,OpenWetRich
181389,Spirodela polyrhiza,OpenWetRich
181390,Spirodela polyrhiza,OpenWetRich
181391,Spirodela polyrhiza,OpenWetRich
181392,Spirodela polyrhiza,OpenWetRich
181393,Spirodela polyrhiza,OpenWetRich
181394,Spirodela polyrhiza,OpenWetRich
181974,Spirodela polyrhiza,OpenWetRich
181975,Spirodela polyrhiza,OpenWetRich
181976,Spirodela polyrhiza,OpenWetRich
181977,Spirodela polyrhiza,OpenWetRich
181978,Spirodela polyrhiza,OpenWetRich
181979,Spirodela polyrhiza,OpenWetRich
181980,Spirodela polyrhiza,OpenWetRich
181981,Spirodela polyrhiza,OpenWetRich
181982,Spirodela polyrhiza,OpenWetRich
181983,Spirodela polyrhiza,OpenWetRich
181984,Spirodela polyrhiza,OpenWetRich
181985,Spirodela polyrhiza,OpenWetRich
181986,Spirodela polyrhiza,OpenWetRich
181987,Spirodela polyrhiza,OpenWetRich
181988,Spirodela polyrhiza,OpenWetRich
181989,Spirodela polyrhiza,OpenWetRich
181990,Spirodela polyrhiza,OpenWetRich
181991,Spirodela polyrhiza,OpenWetRich
181992,Spirodela polyrhiza,OpenWetRich
