170223,Symphoricarpos albus,OpenWetRich
170224,Symphoricarpos albus,OpenWetRich
170225,Symphoricarpos albus,OpenWetRich
170226,Symphoricarpos albus,OpenWetRich
170227,Symphoricarpos albus,OpenWetRich
170228,Symphoricarpos albus,OpenWetRich
170229,Symphoricarpos albus,OpenWetRich
170230,Symphoricarpos albus,OpenWetRich
170231,Symphoricarpos albus,OpenWetRich
170232,Symphoricarpos albus,OpenWetRich
170293,Symphoricarpos albus,OpenWetRich
170294,Symphoricarpos albus,OpenWetRich
170295,Symphoricarpos albus,OpenWetRich
170296,Symphoricarpos albus,OpenWetRich
170297,Symphoricarpos albus,OpenWetRich
170298,Symphoricarpos albus,OpenWetRich
170299,Symphoricarpos albus,OpenWetRich
170300,Symphoricarpos albus,OpenWetRich
170301,Symphoricarpos albus,OpenWetRich
170302,Symphoricarpos albus,OpenWetRich
170303,Symphoricarpos albus,OpenWetRich
170304,Symphoricarpos albus,OpenWetRich
170305,Symphoricarpos albus,OpenWetRich
170306,Symphoricarpos albus,OpenWetRich
170307,Symphoricarpos albus,OpenWetRich
170308,Symphoricarpos albus,OpenWetRich
170309,Symphoricarpos albus,OpenWetRich
170310,Symphoricarpos albus,OpenWetRich
170311,Symphoricarpos albus,OpenWetRich
170312,Symphoricarpos albus,OpenWetRich
170313,Symphoricarpos albus,OpenWetRich
170314,Symphoricarpos albus,OpenWetRich
170315,Symphoricarpos albus,OpenWetRich
170821,Symphoricarpos albus,OpenWetRich
170822,Symphoricarpos albus,OpenWetRich
170823,Symphoricarpos albus,OpenWetRich
170824,Symphoricarpos albus,OpenWetRich
170825,Symphoricarpos albus,OpenWetRich
170826,Symphoricarpos albus,OpenWetRich
170827,Symphoricarpos albus,OpenWetRich
170828,Symphoricarpos albus,OpenWetRich
170829,Symphoricarpos albus,OpenWetRich
170830,Symphoricarpos albus,OpenWetRich
170831,Symphoricarpos albus,OpenWetRich
170892,Symphoricarpos albus,OpenWetRich
170893,Symphoricarpos albus,OpenWetRich
170894,Symphoricarpos albus,OpenWetRich
170895,Symphoricarpos albus,OpenWetRich
170896,Symphoricarpos albus,OpenWetRich
170897,Symphoricarpos albus,OpenWetRich
170898,Symphoricarpos albus,OpenWetRich
170899,Symphoricarpos albus,OpenWetRich
170900,Symphoricarpos albus,OpenWetRich
170901,Symphoricarpos albus,OpenWetRich
170902,Symphoricarpos albus,OpenWetRich
170903,Symphoricarpos albus,OpenWetRich
170904,Symphoricarpos albus,OpenWetRich
170905,Symphoricarpos albus,OpenWetRich
170906,Symphoricarpos albus,OpenWetRich
170907,Symphoricarpos albus,OpenWetRich
170908,Symphoricarpos albus,OpenWetRich
170909,Symphoricarpos albus,OpenWetRich
170910,Symphoricarpos albus,OpenWetRich
170911,Symphoricarpos albus,OpenWetRich
170912,Symphoricarpos albus,OpenWetRich
170913,Symphoricarpos albus,OpenWetRich
170914,Symphoricarpos albus,OpenWetRich
171420,Symphoricarpos albus,OpenWetRich
171421,Symphoricarpos albus,OpenWetRich
171422,Symphoricarpos albus,OpenWetRich
171423,Symphoricarpos albus,OpenWetRich
171424,Symphoricarpos albus,OpenWetRich
171425,Symphoricarpos albus,OpenWetRich
171426,Symphoricarpos albus,OpenWetRich
171427,Symphoricarpos albus,OpenWetRich
171428,Symphoricarpos albus,OpenWetRich
171429,Symphoricarpos albus,OpenWetRich
171430,Symphoricarpos albus,OpenWetRich
171491,Symphoricarpos albus,OpenWetRich
171492,Symphoricarpos albus,OpenWetRich
171493,Symphoricarpos albus,OpenWetRich
171494,Symphoricarpos albus,OpenWetRich
171495,Symphoricarpos albus,OpenWetRich
171496,Symphoricarpos albus,OpenWetRich
171497,Symphoricarpos albus,OpenWetRich
171498,Symphoricarpos albus,OpenWetRich
171499,Symphoricarpos albus,OpenWetRich
171500,Symphoricarpos albus,OpenWetRich
171501,Symphoricarpos albus,OpenWetRich
171502,Symphoricarpos albus,OpenWetRich
171503,Symphoricarpos albus,OpenWetRich
171504,Symphoricarpos albus,OpenWetRich
171505,Symphoricarpos albus,OpenWetRich
171506,Symphoricarpos albus,OpenWetRich
171507,Symphoricarpos albus,OpenWetRich
171508,Symphoricarpos albus,OpenWetRich
171509,Symphoricarpos albus,OpenWetRich
171510,Symphoricarpos albus,OpenWetRich
171511,Symphoricarpos albus,OpenWetRich
171512,Symphoricarpos albus,OpenWetRich
171513,Symphoricarpos albus,OpenWetRich
171514,Symphoricarpos albus,OpenWetRich
172018,Symphoricarpos albus,OpenWetRich
172019,Symphoricarpos albus,OpenWetRich
172020,Symphoricarpos albus,OpenWetRich
172021,Symphoricarpos albus,OpenWetRich
172022,Symphoricarpos albus,OpenWetRich
172023,Symphoricarpos albus,OpenWetRich
172024,Symphoricarpos albus,OpenWetRich
172025,Symphoricarpos albus,OpenWetRich
172026,Symphoricarpos albus,OpenWetRich
172027,Symphoricarpos albus,OpenWetRich
172028,Symphoricarpos albus,OpenWetRich
172029,Symphoricarpos albus,OpenWetRich
172090,Symphoricarpos albus,OpenWetRich
172091,Symphoricarpos albus,OpenWetRich
172092,Symphoricarpos albus,OpenWetRich
172093,Symphoricarpos albus,OpenWetRich
172094,Symphoricarpos albus,OpenWetRich
172095,Symphoricarpos albus,OpenWetRich
172096,Symphoricarpos albus,OpenWetRich
172097,Symphoricarpos albus,OpenWetRich
172098,Symphoricarpos albus,OpenWetRich
172099,Symphoricarpos albus,OpenWetRich
172100,Symphoricarpos albus,OpenWetRich
172101,Symphoricarpos albus,OpenWetRich
172102,Symphoricarpos albus,OpenWetRich
172103,Symphoricarpos albus,OpenWetRich
172104,Symphoricarpos albus,OpenWetRich
172105,Symphoricarpos albus,OpenWetRich
172106,Symphoricarpos albus,OpenWetRich
172107,Symphoricarpos albus,OpenWetRich
172108,Symphoricarpos albus,OpenWetRich
172109,Symphoricarpos albus,OpenWetRich
172110,Symphoricarpos albus,OpenWetRich
172111,Symphoricarpos albus,OpenWetRich
172112,Symphoricarpos albus,OpenWetRich
172113,Symphoricarpos albus,OpenWetRich
172617,Symphoricarpos albus,OpenWetRich
172618,Symphoricarpos albus,OpenWetRich
172619,Symphoricarpos albus,OpenWetRich
172620,Symphoricarpos albus,OpenWetRich
172621,Symphoricarpos albus,OpenWetRich
172622,Symphoricarpos albus,OpenWetRich
172623,Symphoricarpos albus,OpenWetRich
172624,Symphoricarpos albus,OpenWetRich
172625,Symphoricarpos albus,OpenWetRich
172626,Symphoricarpos albus,OpenWetRich
172627,Symphoricarpos albus,OpenWetRich
172628,Symphoricarpos albus,OpenWetRich
172689,Symphoricarpos albus,OpenWetRich
172690,Symphoricarpos albus,OpenWetRich
172691,Symphoricarpos albus,OpenWetRich
172692,Symphoricarpos albus,OpenWetRich
172693,Symphoricarpos albus,OpenWetRich
172694,Symphoricarpos albus,OpenWetRich
172695,Symphoricarpos albus,OpenWetRich
172696,Symphoricarpos albus,OpenWetRich
172697,Symphoricarpos albus,OpenWetRich
172698,Symphoricarpos albus,OpenWetRich
172699,Symphoricarpos albus,OpenWetRich
172700,Symphoricarpos albus,OpenWetRich
172701,Symphoricarpos albus,OpenWetRich
172702,Symphoricarpos albus,OpenWetRich
172703,Symphoricarpos albus,OpenWetRich
172704,Symphoricarpos albus,OpenWetRich
172705,Symphoricarpos albus,OpenWetRich
172706,Symphoricarpos albus,OpenWetRich
172707,Symphoricarpos albus,OpenWetRich
172708,Symphoricarpos albus,OpenWetRich
172709,Symphoricarpos albus,OpenWetRich
172710,Symphoricarpos albus,OpenWetRich
172711,Symphoricarpos albus,OpenWetRich
172712,Symphoricarpos albus,OpenWetRich
173216,Symphoricarpos albus,OpenWetRich
173217,Symphoricarpos albus,OpenWetRich
173218,Symphoricarpos albus,OpenWetRich
173219,Symphoricarpos albus,OpenWetRich
173220,Symphoricarpos albus,OpenWetRich
173221,Symphoricarpos albus,OpenWetRich
173222,Symphoricarpos albus,OpenWetRich
173223,Symphoricarpos albus,OpenWetRich
173224,Symphoricarpos albus,OpenWetRich
173225,Symphoricarpos albus,OpenWetRich
173226,Symphoricarpos albus,OpenWetRich
173227,Symphoricarpos albus,OpenWetRich
173288,Symphoricarpos albus,OpenWetRich
173289,Symphoricarpos albus,OpenWetRich
173290,Symphoricarpos albus,OpenWetRich
173291,Symphoricarpos albus,OpenWetRich
173292,Symphoricarpos albus,OpenWetRich
173293,Symphoricarpos albus,OpenWetRich
173294,Symphoricarpos albus,OpenWetRich
173295,Symphoricarpos albus,OpenWetRich
173296,Symphoricarpos albus,OpenWetRich
173297,Symphoricarpos albus,OpenWetRich
173298,Symphoricarpos albus,OpenWetRich
173299,Symphoricarpos albus,OpenWetRich
173300,Symphoricarpos albus,OpenWetRich
173301,Symphoricarpos albus,OpenWetRich
173302,Symphoricarpos albus,OpenWetRich
173303,Symphoricarpos albus,OpenWetRich
173304,Symphoricarpos albus,OpenWetRich
173305,Symphoricarpos albus,OpenWetRich
173306,Symphoricarpos albus,OpenWetRich
173307,Symphoricarpos albus,OpenWetRich
173308,Symphoricarpos albus,OpenWetRich
173309,Symphoricarpos albus,OpenWetRich
173310,Symphoricarpos albus,OpenWetRich
173311,Symphoricarpos albus,OpenWetRich
173815,Symphoricarpos albus,OpenWetRich
173816,Symphoricarpos albus,OpenWetRich
173817,Symphoricarpos albus,OpenWetRich
173818,Symphoricarpos albus,OpenWetRich
173819,Symphoricarpos albus,OpenWetRich
173820,Symphoricarpos albus,OpenWetRich
173821,Symphoricarpos albus,OpenWetRich
173822,Symphoricarpos albus,OpenWetRich
173823,Symphoricarpos albus,OpenWetRich
173824,Symphoricarpos albus,OpenWetRich
173825,Symphoricarpos albus,OpenWetRich
173826,Symphoricarpos albus,OpenWetRich
173887,Symphoricarpos albus,OpenWetRich
173888,Symphoricarpos albus,OpenWetRich
173889,Symphoricarpos albus,OpenWetRich
173890,Symphoricarpos albus,OpenWetRich
173891,Symphoricarpos albus,OpenWetRich
173892,Symphoricarpos albus,OpenWetRich
173893,Symphoricarpos albus,OpenWetRich
173894,Symphoricarpos albus,OpenWetRich
173895,Symphoricarpos albus,OpenWetRich
173896,Symphoricarpos albus,OpenWetRich
173897,Symphoricarpos albus,OpenWetRich
173898,Symphoricarpos albus,OpenWetRich
173899,Symphoricarpos albus,OpenWetRich
173900,Symphoricarpos albus,OpenWetRich
173901,Symphoricarpos albus,OpenWetRich
173902,Symphoricarpos albus,OpenWetRich
173903,Symphoricarpos albus,OpenWetRich
173904,Symphoricarpos albus,OpenWetRich
173905,Symphoricarpos albus,OpenWetRich
173906,Symphoricarpos albus,OpenWetRich
173907,Symphoricarpos albus,OpenWetRich
173908,Symphoricarpos albus,OpenWetRich
173909,Symphoricarpos albus,OpenWetRich
173910,Symphoricarpos albus,OpenWetRich
173911,Symphoricarpos albus,OpenWetRich
174414,Symphoricarpos albus,OpenWetRich
174415,Symphoricarpos albus,OpenWetRich
174416,Symphoricarpos albus,OpenWetRich
174417,Symphoricarpos albus,OpenWetRich
174418,Symphoricarpos albus,OpenWetRich
174419,Symphoricarpos albus,OpenWetRich
174420,Symphoricarpos albus,OpenWetRich
174421,Symphoricarpos albus,OpenWetRich
174422,Symphoricarpos albus,OpenWetRich
174423,Symphoricarpos albus,OpenWetRich
174424,Symphoricarpos albus,OpenWetRich
174425,Symphoricarpos albus,OpenWetRich
174486,Symphoricarpos albus,OpenWetRich
174487,Symphoricarpos albus,OpenWetRich
174488,Symphoricarpos albus,OpenWetRich
174489,Symphoricarpos albus,OpenWetRich
174490,Symphoricarpos albus,OpenWetRich
174491,Symphoricarpos albus,OpenWetRich
174492,Symphoricarpos albus,OpenWetRich
174493,Symphoricarpos albus,OpenWetRich
174494,Symphoricarpos albus,OpenWetRich
174495,Symphoricarpos albus,OpenWetRich
174496,Symphoricarpos albus,OpenWetRich
174497,Symphoricarpos albus,OpenWetRich
174498,Symphoricarpos albus,OpenWetRich
174499,Symphoricarpos albus,OpenWetRich
174500,Symphoricarpos albus,OpenWetRich
174501,Symphoricarpos albus,OpenWetRich
174502,Symphoricarpos albus,OpenWetRich
174503,Symphoricarpos albus,OpenWetRich
174504,Symphoricarpos albus,OpenWetRich
174505,Symphoricarpos albus,OpenWetRich
174506,Symphoricarpos albus,OpenWetRich
174507,Symphoricarpos albus,OpenWetRich
174508,Symphoricarpos albus,OpenWetRich
174509,Symphoricarpos albus,OpenWetRich
174510,Symphoricarpos albus,OpenWetRich
175012,Symphoricarpos albus,OpenWetRich
175013,Symphoricarpos albus,OpenWetRich
175014,Symphoricarpos albus,OpenWetRich
175015,Symphoricarpos albus,OpenWetRich
175016,Symphoricarpos albus,OpenWetRich
175017,Symphoricarpos albus,OpenWetRich
175018,Symphoricarpos albus,OpenWetRich
175019,Symphoricarpos albus,OpenWetRich
175020,Symphoricarpos albus,OpenWetRich
175021,Symphoricarpos albus,OpenWetRich
175022,Symphoricarpos albus,OpenWetRich
175023,Symphoricarpos albus,OpenWetRich
175024,Symphoricarpos albus,OpenWetRich
175085,Symphoricarpos albus,OpenWetRich
175086,Symphoricarpos albus,OpenWetRich
175087,Symphoricarpos albus,OpenWetRich
175088,Symphoricarpos albus,OpenWetRich
175089,Symphoricarpos albus,OpenWetRich
175090,Symphoricarpos albus,OpenWetRich
175091,Symphoricarpos albus,OpenWetRich
175092,Symphoricarpos albus,OpenWetRich
175093,Symphoricarpos albus,OpenWetRich
175094,Symphoricarpos albus,OpenWetRich
175095,Symphoricarpos albus,OpenWetRich
175096,Symphoricarpos albus,OpenWetRich
175097,Symphoricarpos albus,OpenWetRich
175098,Symphoricarpos albus,OpenWetRich
175099,Symphoricarpos albus,OpenWetRich
175100,Symphoricarpos albus,OpenWetRich
175101,Symphoricarpos albus,OpenWetRich
175102,Symphoricarpos albus,OpenWetRich
175103,Symphoricarpos albus,OpenWetRich
175104,Symphoricarpos albus,OpenWetRich
175105,Symphoricarpos albus,OpenWetRich
175106,Symphoricarpos albus,OpenWetRich
175107,Symphoricarpos albus,OpenWetRich
175108,Symphoricarpos albus,OpenWetRich
175109,Symphoricarpos albus,OpenWetRich
175611,Symphoricarpos albus,OpenWetRich
175612,Symphoricarpos albus,OpenWetRich
175613,Symphoricarpos albus,OpenWetRich
175614,Symphoricarpos albus,OpenWetRich
175615,Symphoricarpos albus,OpenWetRich
175616,Symphoricarpos albus,OpenWetRich
175617,Symphoricarpos albus,OpenWetRich
175618,Symphoricarpos albus,OpenWetRich
175619,Symphoricarpos albus,OpenWetRich
175620,Symphoricarpos albus,OpenWetRich
175621,Symphoricarpos albus,OpenWetRich
175622,Symphoricarpos albus,OpenWetRich
175623,Symphoricarpos albus,OpenWetRich
175684,Symphoricarpos albus,OpenWetRich
175685,Symphoricarpos albus,OpenWetRich
175686,Symphoricarpos albus,OpenWetRich
175687,Symphoricarpos albus,OpenWetRich
175688,Symphoricarpos albus,OpenWetRich
175689,Symphoricarpos albus,OpenWetRich
175690,Symphoricarpos albus,OpenWetRich
175691,Symphoricarpos albus,OpenWetRich
175692,Symphoricarpos albus,OpenWetRich
175693,Symphoricarpos albus,OpenWetRich
175694,Symphoricarpos albus,OpenWetRich
175695,Symphoricarpos albus,OpenWetRich
175696,Symphoricarpos albus,OpenWetRich
175697,Symphoricarpos albus,OpenWetRich
175698,Symphoricarpos albus,OpenWetRich
175699,Symphoricarpos albus,OpenWetRich
175700,Symphoricarpos albus,OpenWetRich
175701,Symphoricarpos albus,OpenWetRich
175702,Symphoricarpos albus,OpenWetRich
175703,Symphoricarpos albus,OpenWetRich
175704,Symphoricarpos albus,OpenWetRich
175705,Symphoricarpos albus,OpenWetRich
175706,Symphoricarpos albus,OpenWetRich
175707,Symphoricarpos albus,OpenWetRich
175708,Symphoricarpos albus,OpenWetRich
176210,Symphoricarpos albus,OpenWetRich
176211,Symphoricarpos albus,OpenWetRich
176212,Symphoricarpos albus,OpenWetRich
176213,Symphoricarpos albus,OpenWetRich
176214,Symphoricarpos albus,OpenWetRich
176215,Symphoricarpos albus,OpenWetRich
176216,Symphoricarpos albus,OpenWetRich
176217,Symphoricarpos albus,OpenWetRich
176218,Symphoricarpos albus,OpenWetRich
176219,Symphoricarpos albus,OpenWetRich
176220,Symphoricarpos albus,OpenWetRich
176221,Symphoricarpos albus,OpenWetRich
176222,Symphoricarpos albus,OpenWetRich
176283,Symphoricarpos albus,OpenWetRich
176284,Symphoricarpos albus,OpenWetRich
176285,Symphoricarpos albus,OpenWetRich
176286,Symphoricarpos albus,OpenWetRich
176287,Symphoricarpos albus,OpenWetRich
176288,Symphoricarpos albus,OpenWetRich
176289,Symphoricarpos albus,OpenWetRich
176290,Symphoricarpos albus,OpenWetRich
176291,Symphoricarpos albus,OpenWetRich
176292,Symphoricarpos albus,OpenWetRich
176293,Symphoricarpos albus,OpenWetRich
176294,Symphoricarpos albus,OpenWetRich
176295,Symphoricarpos albus,OpenWetRich
176296,Symphoricarpos albus,OpenWetRich
176297,Symphoricarpos albus,OpenWetRich
176298,Symphoricarpos albus,OpenWetRich
176299,Symphoricarpos albus,OpenWetRich
176300,Symphoricarpos albus,OpenWetRich
176301,Symphoricarpos albus,OpenWetRich
176302,Symphoricarpos albus,OpenWetRich
176303,Symphoricarpos albus,OpenWetRich
176304,Symphoricarpos albus,OpenWetRich
176305,Symphoricarpos albus,OpenWetRich
176306,Symphoricarpos albus,OpenWetRich
176307,Symphoricarpos albus,OpenWetRich
176308,Symphoricarpos albus,OpenWetRich
176809,Symphoricarpos albus,OpenWetRich
176810,Symphoricarpos albus,OpenWetRich
176811,Symphoricarpos albus,OpenWetRich
176812,Symphoricarpos albus,OpenWetRich
176813,Symphoricarpos albus,OpenWetRich
176814,Symphoricarpos albus,OpenWetRich
176815,Symphoricarpos albus,OpenWetRich
176816,Symphoricarpos albus,OpenWetRich
176817,Symphoricarpos albus,OpenWetRich
176818,Symphoricarpos albus,OpenWetRich
176819,Symphoricarpos albus,OpenWetRich
176820,Symphoricarpos albus,OpenWetRich
176821,Symphoricarpos albus,OpenWetRich
176882,Symphoricarpos albus,OpenWetRich
176883,Symphoricarpos albus,OpenWetRich
176884,Symphoricarpos albus,OpenWetRich
176885,Symphoricarpos albus,OpenWetRich
176886,Symphoricarpos albus,OpenWetRich
176887,Symphoricarpos albus,OpenWetRich
176888,Symphoricarpos albus,OpenWetRich
176889,Symphoricarpos albus,OpenWetRich
176890,Symphoricarpos albus,OpenWetRich
176891,Symphoricarpos albus,OpenWetRich
176892,Symphoricarpos albus,OpenWetRich
176893,Symphoricarpos albus,OpenWetRich
176894,Symphoricarpos albus,OpenWetRich
176895,Symphoricarpos albus,OpenWetRich
176896,Symphoricarpos albus,OpenWetRich
176897,Symphoricarpos albus,OpenWetRich
176898,Symphoricarpos albus,OpenWetRich
176899,Symphoricarpos albus,OpenWetRich
176900,Symphoricarpos albus,OpenWetRich
176901,Symphoricarpos albus,OpenWetRich
176902,Symphoricarpos albus,OpenWetRich
176903,Symphoricarpos albus,OpenWetRich
176904,Symphoricarpos albus,OpenWetRich
176905,Symphoricarpos albus,OpenWetRich
176906,Symphoricarpos albus,OpenWetRich
176907,Symphoricarpos albus,OpenWetRich
177408,Symphoricarpos albus,OpenWetRich
177409,Symphoricarpos albus,OpenWetRich
177410,Symphoricarpos albus,OpenWetRich
177411,Symphoricarpos albus,OpenWetRich
177412,Symphoricarpos albus,OpenWetRich
177413,Symphoricarpos albus,OpenWetRich
177414,Symphoricarpos albus,OpenWetRich
177415,Symphoricarpos albus,OpenWetRich
177416,Symphoricarpos albus,OpenWetRich
177417,Symphoricarpos albus,OpenWetRich
177418,Symphoricarpos albus,OpenWetRich
177419,Symphoricarpos albus,OpenWetRich
177420,Symphoricarpos albus,OpenWetRich
177481,Symphoricarpos albus,OpenWetRich
177482,Symphoricarpos albus,OpenWetRich
177483,Symphoricarpos albus,OpenWetRich
177484,Symphoricarpos albus,OpenWetRich
177485,Symphoricarpos albus,OpenWetRich
177486,Symphoricarpos albus,OpenWetRich
177487,Symphoricarpos albus,OpenWetRich
177488,Symphoricarpos albus,OpenWetRich
177489,Symphoricarpos albus,OpenWetRich
177490,Symphoricarpos albus,OpenWetRich
177491,Symphoricarpos albus,OpenWetRich
177492,Symphoricarpos albus,OpenWetRich
177493,Symphoricarpos albus,OpenWetRich
177494,Symphoricarpos albus,OpenWetRich
177495,Symphoricarpos albus,OpenWetRich
177496,Symphoricarpos albus,OpenWetRich
177497,Symphoricarpos albus,OpenWetRich
177498,Symphoricarpos albus,OpenWetRich
177499,Symphoricarpos albus,OpenWetRich
177500,Symphoricarpos albus,OpenWetRich
177501,Symphoricarpos albus,OpenWetRich
177502,Symphoricarpos albus,OpenWetRich
177503,Symphoricarpos albus,OpenWetRich
177504,Symphoricarpos albus,OpenWetRich
177505,Symphoricarpos albus,OpenWetRich
177506,Symphoricarpos albus,OpenWetRich
178007,Symphoricarpos albus,OpenWetRich
178008,Symphoricarpos albus,OpenWetRich
178009,Symphoricarpos albus,OpenWetRich
178010,Symphoricarpos albus,OpenWetRich
178011,Symphoricarpos albus,OpenWetRich
178012,Symphoricarpos albus,OpenWetRich
178013,Symphoricarpos albus,OpenWetRich
178014,Symphoricarpos albus,OpenWetRich
178015,Symphoricarpos albus,OpenWetRich
178016,Symphoricarpos albus,OpenWetRich
178017,Symphoricarpos albus,OpenWetRich
178018,Symphoricarpos albus,OpenWetRich
178019,Symphoricarpos albus,OpenWetRich
178080,Symphoricarpos albus,OpenWetRich
178081,Symphoricarpos albus,OpenWetRich
178082,Symphoricarpos albus,OpenWetRich
178083,Symphoricarpos albus,OpenWetRich
178084,Symphoricarpos albus,OpenWetRich
178085,Symphoricarpos albus,OpenWetRich
178086,Symphoricarpos albus,OpenWetRich
178087,Symphoricarpos albus,OpenWetRich
178088,Symphoricarpos albus,OpenWetRich
178089,Symphoricarpos albus,OpenWetRich
178090,Symphoricarpos albus,OpenWetRich
178091,Symphoricarpos albus,OpenWetRich
178092,Symphoricarpos albus,OpenWetRich
178093,Symphoricarpos albus,OpenWetRich
178094,Symphoricarpos albus,OpenWetRich
178095,Symphoricarpos albus,OpenWetRich
178096,Symphoricarpos albus,OpenWetRich
178097,Symphoricarpos albus,OpenWetRich
178098,Symphoricarpos albus,OpenWetRich
178099,Symphoricarpos albus,OpenWetRich
178100,Symphoricarpos albus,OpenWetRich
178101,Symphoricarpos albus,OpenWetRich
178102,Symphoricarpos albus,OpenWetRich
178103,Symphoricarpos albus,OpenWetRich
178104,Symphoricarpos albus,OpenWetRich
178105,Symphoricarpos albus,OpenWetRich
178605,Symphoricarpos albus,OpenWetRich
178606,Symphoricarpos albus,OpenWetRich
178607,Symphoricarpos albus,OpenWetRich
178608,Symphoricarpos albus,OpenWetRich
178609,Symphoricarpos albus,OpenWetRich
178610,Symphoricarpos albus,OpenWetRich
178611,Symphoricarpos albus,OpenWetRich
178612,Symphoricarpos albus,OpenWetRich
178613,Symphoricarpos albus,OpenWetRich
178614,Symphoricarpos albus,OpenWetRich
178615,Symphoricarpos albus,OpenWetRich
178616,Symphoricarpos albus,OpenWetRich
178617,Symphoricarpos albus,OpenWetRich
178618,Symphoricarpos albus,OpenWetRich
178679,Symphoricarpos albus,OpenWetRich
178680,Symphoricarpos albus,OpenWetRich
178681,Symphoricarpos albus,OpenWetRich
178682,Symphoricarpos albus,OpenWetRich
178683,Symphoricarpos albus,OpenWetRich
178684,Symphoricarpos albus,OpenWetRich
178685,Symphoricarpos albus,OpenWetRich
178686,Symphoricarpos albus,OpenWetRich
178687,Symphoricarpos albus,OpenWetRich
178688,Symphoricarpos albus,OpenWetRich
178689,Symphoricarpos albus,OpenWetRich
178690,Symphoricarpos albus,OpenWetRich
178691,Symphoricarpos albus,OpenWetRich
178692,Symphoricarpos albus,OpenWetRich
178693,Symphoricarpos albus,OpenWetRich
178694,Symphoricarpos albus,OpenWetRich
178695,Symphoricarpos albus,OpenWetRich
178696,Symphoricarpos albus,OpenWetRich
178697,Symphoricarpos albus,OpenWetRich
178698,Symphoricarpos albus,OpenWetRich
178699,Symphoricarpos albus,OpenWetRich
178700,Symphoricarpos albus,OpenWetRich
178701,Symphoricarpos albus,OpenWetRich
178702,Symphoricarpos albus,OpenWetRich
178703,Symphoricarpos albus,OpenWetRich
178704,Symphoricarpos albus,OpenWetRich
179204,Symphoricarpos albus,OpenWetRich
179205,Symphoricarpos albus,OpenWetRich
179206,Symphoricarpos albus,OpenWetRich
179207,Symphoricarpos albus,OpenWetRich
179208,Symphoricarpos albus,OpenWetRich
179209,Symphoricarpos albus,OpenWetRich
179210,Symphoricarpos albus,OpenWetRich
179211,Symphoricarpos albus,OpenWetRich
179212,Symphoricarpos albus,OpenWetRich
179213,Symphoricarpos albus,OpenWetRich
179214,Symphoricarpos albus,OpenWetRich
179215,Symphoricarpos albus,OpenWetRich
179216,Symphoricarpos albus,OpenWetRich
179217,Symphoricarpos albus,OpenWetRich
179278,Symphoricarpos albus,OpenWetRich
179279,Symphoricarpos albus,OpenWetRich
179280,Symphoricarpos albus,OpenWetRich
179281,Symphoricarpos albus,OpenWetRich
179282,Symphoricarpos albus,OpenWetRich
179283,Symphoricarpos albus,OpenWetRich
179284,Symphoricarpos albus,OpenWetRich
179285,Symphoricarpos albus,OpenWetRich
179286,Symphoricarpos albus,OpenWetRich
179287,Symphoricarpos albus,OpenWetRich
179288,Symphoricarpos albus,OpenWetRich
179289,Symphoricarpos albus,OpenWetRich
179290,Symphoricarpos albus,OpenWetRich
179291,Symphoricarpos albus,OpenWetRich
179292,Symphoricarpos albus,OpenWetRich
179293,Symphoricarpos albus,OpenWetRich
179294,Symphoricarpos albus,OpenWetRich
179295,Symphoricarpos albus,OpenWetRich
179296,Symphoricarpos albus,OpenWetRich
179297,Symphoricarpos albus,OpenWetRich
179298,Symphoricarpos albus,OpenWetRich
179299,Symphoricarpos albus,OpenWetRich
179300,Symphoricarpos albus,OpenWetRich
179301,Symphoricarpos albus,OpenWetRich
179302,Symphoricarpos albus,OpenWetRich
179303,Symphoricarpos albus,OpenWetRich
179803,Symphoricarpos albus,OpenWetRich
179804,Symphoricarpos albus,OpenWetRich
179805,Symphoricarpos albus,OpenWetRich
179806,Symphoricarpos albus,OpenWetRich
179807,Symphoricarpos albus,OpenWetRich
179808,Symphoricarpos albus,OpenWetRich
179809,Symphoricarpos albus,OpenWetRich
179810,Symphoricarpos albus,OpenWetRich
179811,Symphoricarpos albus,OpenWetRich
179812,Symphoricarpos albus,OpenWetRich
179813,Symphoricarpos albus,OpenWetRich
179814,Symphoricarpos albus,OpenWetRich
179815,Symphoricarpos albus,OpenWetRich
179816,Symphoricarpos albus,OpenWetRich
179877,Symphoricarpos albus,OpenWetRich
179878,Symphoricarpos albus,OpenWetRich
179879,Symphoricarpos albus,OpenWetRich
179880,Symphoricarpos albus,OpenWetRich
179881,Symphoricarpos albus,OpenWetRich
179882,Symphoricarpos albus,OpenWetRich
179883,Symphoricarpos albus,OpenWetRich
179884,Symphoricarpos albus,OpenWetRich
179885,Symphoricarpos albus,OpenWetRich
179886,Symphoricarpos albus,OpenWetRich
179887,Symphoricarpos albus,OpenWetRich
179888,Symphoricarpos albus,OpenWetRich
179889,Symphoricarpos albus,OpenWetRich
179890,Symphoricarpos albus,OpenWetRich
179891,Symphoricarpos albus,OpenWetRich
179892,Symphoricarpos albus,OpenWetRich
179893,Symphoricarpos albus,OpenWetRich
179894,Symphoricarpos albus,OpenWetRich
179895,Symphoricarpos albus,OpenWetRich
179896,Symphoricarpos albus,OpenWetRich
179897,Symphoricarpos albus,OpenWetRich
179898,Symphoricarpos albus,OpenWetRich
179899,Symphoricarpos albus,OpenWetRich
179900,Symphoricarpos albus,OpenWetRich
179901,Symphoricarpos albus,OpenWetRich
179902,Symphoricarpos albus,OpenWetRich
180402,Symphoricarpos albus,OpenWetRich
180403,Symphoricarpos albus,OpenWetRich
180404,Symphoricarpos albus,OpenWetRich
180405,Symphoricarpos albus,OpenWetRich
180406,Symphoricarpos albus,OpenWetRich
180407,Symphoricarpos albus,OpenWetRich
180408,Symphoricarpos albus,OpenWetRich
180409,Symphoricarpos albus,OpenWetRich
180410,Symphoricarpos albus,OpenWetRich
180411,Symphoricarpos albus,OpenWetRich
180412,Symphoricarpos albus,OpenWetRich
180413,Symphoricarpos albus,OpenWetRich
180414,Symphoricarpos albus,OpenWetRich
180415,Symphoricarpos albus,OpenWetRich
180476,Symphoricarpos albus,OpenWetRich
180477,Symphoricarpos albus,OpenWetRich
180478,Symphoricarpos albus,OpenWetRich
180479,Symphoricarpos albus,OpenWetRich
180480,Symphoricarpos albus,OpenWetRich
180481,Symphoricarpos albus,OpenWetRich
180482,Symphoricarpos albus,OpenWetRich
180483,Symphoricarpos albus,OpenWetRich
180484,Symphoricarpos albus,OpenWetRich
180485,Symphoricarpos albus,OpenWetRich
180486,Symphoricarpos albus,OpenWetRich
180487,Symphoricarpos albus,OpenWetRich
180488,Symphoricarpos albus,OpenWetRich
180489,Symphoricarpos albus,OpenWetRich
180490,Symphoricarpos albus,OpenWetRich
180491,Symphoricarpos albus,OpenWetRich
180492,Symphoricarpos albus,OpenWetRich
180493,Symphoricarpos albus,OpenWetRich
180494,Symphoricarpos albus,OpenWetRich
180495,Symphoricarpos albus,OpenWetRich
180496,Symphoricarpos albus,OpenWetRich
180497,Symphoricarpos albus,OpenWetRich
180498,Symphoricarpos albus,OpenWetRich
180499,Symphoricarpos albus,OpenWetRich
180500,Symphoricarpos albus,OpenWetRich
180501,Symphoricarpos albus,OpenWetRich
181001,Symphoricarpos albus,OpenWetRich
181002,Symphoricarpos albus,OpenWetRich
181003,Symphoricarpos albus,OpenWetRich
181004,Symphoricarpos albus,OpenWetRich
181005,Symphoricarpos albus,OpenWetRich
181006,Symphoricarpos albus,OpenWetRich
181007,Symphoricarpos albus,OpenWetRich
181008,Symphoricarpos albus,OpenWetRich
181009,Symphoricarpos albus,OpenWetRich
181010,Symphoricarpos albus,OpenWetRich
181011,Symphoricarpos albus,OpenWetRich
181012,Symphoricarpos albus,OpenWetRich
181013,Symphoricarpos albus,OpenWetRich
181014,Symphoricarpos albus,OpenWetRich
181075,Symphoricarpos albus,OpenWetRich
181076,Symphoricarpos albus,OpenWetRich
181077,Symphoricarpos albus,OpenWetRich
181078,Symphoricarpos albus,OpenWetRich
181079,Symphoricarpos albus,OpenWetRich
181080,Symphoricarpos albus,OpenWetRich
181081,Symphoricarpos albus,OpenWetRich
181082,Symphoricarpos albus,OpenWetRich
181083,Symphoricarpos albus,OpenWetRich
181084,Symphoricarpos albus,OpenWetRich
181085,Symphoricarpos albus,OpenWetRich
181086,Symphoricarpos albus,OpenWetRich
181087,Symphoricarpos albus,OpenWetRich
181088,Symphoricarpos albus,OpenWetRich
181089,Symphoricarpos albus,OpenWetRich
181090,Symphoricarpos albus,OpenWetRich
181091,Symphoricarpos albus,OpenWetRich
181092,Symphoricarpos albus,OpenWetRich
181093,Symphoricarpos albus,OpenWetRich
181094,Symphoricarpos albus,OpenWetRich
181095,Symphoricarpos albus,OpenWetRich
181096,Symphoricarpos albus,OpenWetRich
181097,Symphoricarpos albus,OpenWetRich
181098,Symphoricarpos albus,OpenWetRich
181099,Symphoricarpos albus,OpenWetRich
181100,Symphoricarpos albus,OpenWetRich
181600,Symphoricarpos albus,OpenWetRich
181601,Symphoricarpos albus,OpenWetRich
181602,Symphoricarpos albus,OpenWetRich
181603,Symphoricarpos albus,OpenWetRich
181604,Symphoricarpos albus,OpenWetRich
181605,Symphoricarpos albus,OpenWetRich
181606,Symphoricarpos albus,OpenWetRich
181607,Symphoricarpos albus,OpenWetRich
181608,Symphoricarpos albus,OpenWetRich
181609,Symphoricarpos albus,OpenWetRich
181610,Symphoricarpos albus,OpenWetRich
181611,Symphoricarpos albus,OpenWetRich
181612,Symphoricarpos albus,OpenWetRich
181613,Symphoricarpos albus,OpenWetRich
181674,Symphoricarpos albus,OpenWetRich
181675,Symphoricarpos albus,OpenWetRich
181676,Symphoricarpos albus,OpenWetRich
181677,Symphoricarpos albus,OpenWetRich
181678,Symphoricarpos albus,OpenWetRich
181679,Symphoricarpos albus,OpenWetRich
181680,Symphoricarpos albus,OpenWetRich
181681,Symphoricarpos albus,OpenWetRich
181682,Symphoricarpos albus,OpenWetRich
181683,Symphoricarpos albus,OpenWetRich
181684,Symphoricarpos albus,OpenWetRich
181685,Symphoricarpos albus,OpenWetRich
181686,Symphoricarpos albus,OpenWetRich
181687,Symphoricarpos albus,OpenWetRich
181688,Symphoricarpos albus,OpenWetRich
181689,Symphoricarpos albus,OpenWetRich
181690,Symphoricarpos albus,OpenWetRich
181691,Symphoricarpos albus,OpenWetRich
181692,Symphoricarpos albus,OpenWetRich
181693,Symphoricarpos albus,OpenWetRich
181694,Symphoricarpos albus,OpenWetRich
181695,Symphoricarpos albus,OpenWetRich
181696,Symphoricarpos albus,OpenWetRich
181697,Symphoricarpos albus,OpenWetRich
181698,Symphoricarpos albus,OpenWetRich
181699,Symphoricarpos albus,OpenWetRich
182273,Symphoricarpos albus,OpenWetRich
182274,Symphoricarpos albus,OpenWetRich
182275,Symphoricarpos albus,OpenWetRich
182276,Symphoricarpos albus,OpenWetRich
182277,Symphoricarpos albus,OpenWetRich
182278,Symphoricarpos albus,OpenWetRich
182279,Symphoricarpos albus,OpenWetRich
182280,Symphoricarpos albus,OpenWetRich
182281,Symphoricarpos albus,OpenWetRich
182282,Symphoricarpos albus,OpenWetRich
182283,Symphoricarpos albus,OpenWetRich
182284,Symphoricarpos albus,OpenWetRich
182285,Symphoricarpos albus,OpenWetRich
182286,Symphoricarpos albus,OpenWetRich
182287,Symphoricarpos albus,OpenWetRich
182288,Symphoricarpos albus,OpenWetRich
182289,Symphoricarpos albus,OpenWetRich
182290,Symphoricarpos albus,OpenWetRich
182291,Symphoricarpos albus,OpenWetRich
182292,Symphoricarpos albus,OpenWetRich
182293,Symphoricarpos albus,OpenWetRich
182294,Symphoricarpos albus,OpenWetRich
182295,Symphoricarpos albus,OpenWetRich
182296,Symphoricarpos albus,OpenWetRich
182297,Symphoricarpos albus,OpenWetRich
182298,Symphoricarpos albus,OpenWetRich
182872,Symphoricarpos albus,OpenWetRich
182873,Symphoricarpos albus,OpenWetRich
182874,Symphoricarpos albus,OpenWetRich
182875,Symphoricarpos albus,OpenWetRich
182876,Symphoricarpos albus,OpenWetRich
182877,Symphoricarpos albus,OpenWetRich
182878,Symphoricarpos albus,OpenWetRich
182879,Symphoricarpos albus,OpenWetRich
182880,Symphoricarpos albus,OpenWetRich
182881,Symphoricarpos albus,OpenWetRich
182882,Symphoricarpos albus,OpenWetRich
182883,Symphoricarpos albus,OpenWetRich
182884,Symphoricarpos albus,OpenWetRich
182885,Symphoricarpos albus,OpenWetRich
182886,Symphoricarpos albus,OpenWetRich
182887,Symphoricarpos albus,OpenWetRich
182888,Symphoricarpos albus,OpenWetRich
182889,Symphoricarpos albus,OpenWetRich
182890,Symphoricarpos albus,OpenWetRich
182891,Symphoricarpos albus,OpenWetRich
182892,Symphoricarpos albus,OpenWetRich
182893,Symphoricarpos albus,OpenWetRich
182894,Symphoricarpos albus,OpenWetRich
182895,Symphoricarpos albus,OpenWetRich
182896,Symphoricarpos albus,OpenWetRich
182897,Symphoricarpos albus,OpenWetRich
183471,Symphoricarpos albus,OpenWetRich
183472,Symphoricarpos albus,OpenWetRich
183473,Symphoricarpos albus,OpenWetRich
183474,Symphoricarpos albus,OpenWetRich
183475,Symphoricarpos albus,OpenWetRich
183476,Symphoricarpos albus,OpenWetRich
183477,Symphoricarpos albus,OpenWetRich
183478,Symphoricarpos albus,OpenWetRich
183479,Symphoricarpos albus,OpenWetRich
183480,Symphoricarpos albus,OpenWetRich
183481,Symphoricarpos albus,OpenWetRich
183482,Symphoricarpos albus,OpenWetRich
183483,Symphoricarpos albus,OpenWetRich
183484,Symphoricarpos albus,OpenWetRich
183485,Symphoricarpos albus,OpenWetRich
183486,Symphoricarpos albus,OpenWetRich
183487,Symphoricarpos albus,OpenWetRich
183488,Symphoricarpos albus,OpenWetRich
183489,Symphoricarpos albus,OpenWetRich
183490,Symphoricarpos albus,OpenWetRich
183491,Symphoricarpos albus,OpenWetRich
183492,Symphoricarpos albus,OpenWetRich
183493,Symphoricarpos albus,OpenWetRich
183494,Symphoricarpos albus,OpenWetRich
183495,Symphoricarpos albus,OpenWetRich
183496,Symphoricarpos albus,OpenWetRich
184070,Symphoricarpos albus,OpenWetRich
184071,Symphoricarpos albus,OpenWetRich
184072,Symphoricarpos albus,OpenWetRich
184073,Symphoricarpos albus,OpenWetRich
184074,Symphoricarpos albus,OpenWetRich
184075,Symphoricarpos albus,OpenWetRich
184076,Symphoricarpos albus,OpenWetRich
184077,Symphoricarpos albus,OpenWetRich
184078,Symphoricarpos albus,OpenWetRich
184079,Symphoricarpos albus,OpenWetRich
184080,Symphoricarpos albus,OpenWetRich
184081,Symphoricarpos albus,OpenWetRich
184082,Symphoricarpos albus,OpenWetRich
184083,Symphoricarpos albus,OpenWetRich
184084,Symphoricarpos albus,OpenWetRich
184085,Symphoricarpos albus,OpenWetRich
184086,Symphoricarpos albus,OpenWetRich
184087,Symphoricarpos albus,OpenWetRich
184088,Symphoricarpos albus,OpenWetRich
184089,Symphoricarpos albus,OpenWetRich
184090,Symphoricarpos albus,OpenWetRich
184091,Symphoricarpos albus,OpenWetRich
184092,Symphoricarpos albus,OpenWetRich
184093,Symphoricarpos albus,OpenWetRich
184094,Symphoricarpos albus,OpenWetRich
184095,Symphoricarpos albus,OpenWetRich
184669,Symphoricarpos albus,OpenWetRich
184670,Symphoricarpos albus,OpenWetRich
184671,Symphoricarpos albus,OpenWetRich
184672,Symphoricarpos albus,OpenWetRich
184673,Symphoricarpos albus,OpenWetRich
184674,Symphoricarpos albus,OpenWetRich
184675,Symphoricarpos albus,OpenWetRich
184676,Symphoricarpos albus,OpenWetRich
184677,Symphoricarpos albus,OpenWetRich
184678,Symphoricarpos albus,OpenWetRich
184679,Symphoricarpos albus,OpenWetRich
184680,Symphoricarpos albus,OpenWetRich
184681,Symphoricarpos albus,OpenWetRich
184682,Symphoricarpos albus,OpenWetRich
184683,Symphoricarpos albus,OpenWetRich
184684,Symphoricarpos albus,OpenWetRich
184685,Symphoricarpos albus,OpenWetRich
184686,Symphoricarpos albus,OpenWetRich
184687,Symphoricarpos albus,OpenWetRich
184688,Symphoricarpos albus,OpenWetRich
184689,Symphoricarpos albus,OpenWetRich
184690,Symphoricarpos albus,OpenWetRich
184691,Symphoricarpos albus,OpenWetRich
184692,Symphoricarpos albus,OpenWetRich
184693,Symphoricarpos albus,OpenWetRich
184694,Symphoricarpos albus,OpenWetRich
185268,Symphoricarpos albus,OpenWetRich
185269,Symphoricarpos albus,OpenWetRich
185270,Symphoricarpos albus,OpenWetRich
185271,Symphoricarpos albus,OpenWetRich
185272,Symphoricarpos albus,OpenWetRich
185273,Symphoricarpos albus,OpenWetRich
185274,Symphoricarpos albus,OpenWetRich
185275,Symphoricarpos albus,OpenWetRich
185276,Symphoricarpos albus,OpenWetRich
185277,Symphoricarpos albus,OpenWetRich
185278,Symphoricarpos albus,OpenWetRich
185279,Symphoricarpos albus,OpenWetRich
185280,Symphoricarpos albus,OpenWetRich
185281,Symphoricarpos albus,OpenWetRich
185282,Symphoricarpos albus,OpenWetRich
185283,Symphoricarpos albus,OpenWetRich
185284,Symphoricarpos albus,OpenWetRich
185285,Symphoricarpos albus,OpenWetRich
185286,Symphoricarpos albus,OpenWetRich
185287,Symphoricarpos albus,OpenWetRich
185288,Symphoricarpos albus,OpenWetRich
185289,Symphoricarpos albus,OpenWetRich
185290,Symphoricarpos albus,OpenWetRich
185291,Symphoricarpos albus,OpenWetRich
185292,Symphoricarpos albus,OpenWetRich
185293,Symphoricarpos albus,OpenWetRich
185867,Symphoricarpos albus,OpenWetRich
185868,Symphoricarpos albus,OpenWetRich
185869,Symphoricarpos albus,OpenWetRich
185870,Symphoricarpos albus,OpenWetRich
185871,Symphoricarpos albus,OpenWetRich
185872,Symphoricarpos albus,OpenWetRich
185873,Symphoricarpos albus,OpenWetRich
185874,Symphoricarpos albus,OpenWetRich
185875,Symphoricarpos albus,OpenWetRich
185876,Symphoricarpos albus,OpenWetRich
185877,Symphoricarpos albus,OpenWetRich
185878,Symphoricarpos albus,OpenWetRich
185879,Symphoricarpos albus,OpenWetRich
185880,Symphoricarpos albus,OpenWetRich
185881,Symphoricarpos albus,OpenWetRich
185882,Symphoricarpos albus,OpenWetRich
185883,Symphoricarpos albus,OpenWetRich
185884,Symphoricarpos albus,OpenWetRich
185885,Symphoricarpos albus,OpenWetRich
185886,Symphoricarpos albus,OpenWetRich
185887,Symphoricarpos albus,OpenWetRich
185888,Symphoricarpos albus,OpenWetRich
185889,Symphoricarpos albus,OpenWetRich
185890,Symphoricarpos albus,OpenWetRich
185891,Symphoricarpos albus,OpenWetRich
186466,Symphoricarpos albus,OpenWetRich
186467,Symphoricarpos albus,OpenWetRich
186468,Symphoricarpos albus,OpenWetRich
186469,Symphoricarpos albus,OpenWetRich
186470,Symphoricarpos albus,OpenWetRich
186471,Symphoricarpos albus,OpenWetRich
186472,Symphoricarpos albus,OpenWetRich
186473,Symphoricarpos albus,OpenWetRich
186474,Symphoricarpos albus,OpenWetRich
186475,Symphoricarpos albus,OpenWetRich
186476,Symphoricarpos albus,OpenWetRich
186477,Symphoricarpos albus,OpenWetRich
186478,Symphoricarpos albus,OpenWetRich
186479,Symphoricarpos albus,OpenWetRich
186480,Symphoricarpos albus,OpenWetRich
186481,Symphoricarpos albus,OpenWetRich
186482,Symphoricarpos albus,OpenWetRich
186483,Symphoricarpos albus,OpenWetRich
186484,Symphoricarpos albus,OpenWetRich
186485,Symphoricarpos albus,OpenWetRich
186486,Symphoricarpos albus,OpenWetRich
186487,Symphoricarpos albus,OpenWetRich
186488,Symphoricarpos albus,OpenWetRich
186489,Symphoricarpos albus,OpenWetRich
186490,Symphoricarpos albus,OpenWetRich
187065,Symphoricarpos albus,OpenWetRich
187066,Symphoricarpos albus,OpenWetRich
187067,Symphoricarpos albus,OpenWetRich
187068,Symphoricarpos albus,OpenWetRich
187069,Symphoricarpos albus,OpenWetRich
187070,Symphoricarpos albus,OpenWetRich
187071,Symphoricarpos albus,OpenWetRich
187072,Symphoricarpos albus,OpenWetRich
187073,Symphoricarpos albus,OpenWetRich
187074,Symphoricarpos albus,OpenWetRich
187075,Symphoricarpos albus,OpenWetRich
187076,Symphoricarpos albus,OpenWetRich
187077,Symphoricarpos albus,OpenWetRich
187078,Symphoricarpos albus,OpenWetRich
187079,Symphoricarpos albus,OpenWetRich
187080,Symphoricarpos albus,OpenWetRich
187081,Symphoricarpos albus,OpenWetRich
187082,Symphoricarpos albus,OpenWetRich
187083,Symphoricarpos albus,OpenWetRich
187084,Symphoricarpos albus,OpenWetRich
187085,Symphoricarpos albus,OpenWetRich
187086,Symphoricarpos albus,OpenWetRich
187087,Symphoricarpos albus,OpenWetRich
187088,Symphoricarpos albus,OpenWetRich
187089,Symphoricarpos albus,OpenWetRich
187664,Symphoricarpos albus,OpenWetRich
187665,Symphoricarpos albus,OpenWetRich
187666,Symphoricarpos albus,OpenWetRich
187667,Symphoricarpos albus,OpenWetRich
187668,Symphoricarpos albus,OpenWetRich
187669,Symphoricarpos albus,OpenWetRich
187670,Symphoricarpos albus,OpenWetRich
187671,Symphoricarpos albus,OpenWetRich
187672,Symphoricarpos albus,OpenWetRich
187673,Symphoricarpos albus,OpenWetRich
187674,Symphoricarpos albus,OpenWetRich
187675,Symphoricarpos albus,OpenWetRich
187676,Symphoricarpos albus,OpenWetRich
187677,Symphoricarpos albus,OpenWetRich
187678,Symphoricarpos albus,OpenWetRich
187679,Symphoricarpos albus,OpenWetRich
187680,Symphoricarpos albus,OpenWetRich
187681,Symphoricarpos albus,OpenWetRich
187682,Symphoricarpos albus,OpenWetRich
187683,Symphoricarpos albus,OpenWetRich
187684,Symphoricarpos albus,OpenWetRich
187685,Symphoricarpos albus,OpenWetRich
187686,Symphoricarpos albus,OpenWetRich
187687,Symphoricarpos albus,OpenWetRich
187688,Symphoricarpos albus,OpenWetRich
188263,Symphoricarpos albus,OpenWetRich
188264,Symphoricarpos albus,OpenWetRich
188265,Symphoricarpos albus,OpenWetRich
188266,Symphoricarpos albus,OpenWetRich
188267,Symphoricarpos albus,OpenWetRich
188268,Symphoricarpos albus,OpenWetRich
188269,Symphoricarpos albus,OpenWetRich
188270,Symphoricarpos albus,OpenWetRich
188271,Symphoricarpos albus,OpenWetRich
188272,Symphoricarpos albus,OpenWetRich
188273,Symphoricarpos albus,OpenWetRich
188274,Symphoricarpos albus,OpenWetRich
188275,Symphoricarpos albus,OpenWetRich
188276,Symphoricarpos albus,OpenWetRich
188277,Symphoricarpos albus,OpenWetRich
188278,Symphoricarpos albus,OpenWetRich
188279,Symphoricarpos albus,OpenWetRich
188280,Symphoricarpos albus,OpenWetRich
188281,Symphoricarpos albus,OpenWetRich
188282,Symphoricarpos albus,OpenWetRich
188283,Symphoricarpos albus,OpenWetRich
188284,Symphoricarpos albus,OpenWetRich
188285,Symphoricarpos albus,OpenWetRich
188286,Symphoricarpos albus,OpenWetRich
188287,Symphoricarpos albus,OpenWetRich
188862,Symphoricarpos albus,OpenWetRich
188863,Symphoricarpos albus,OpenWetRich
188864,Symphoricarpos albus,OpenWetRich
188865,Symphoricarpos albus,OpenWetRich
188866,Symphoricarpos albus,OpenWetRich
188867,Symphoricarpos albus,OpenWetRich
188868,Symphoricarpos albus,OpenWetRich
188869,Symphoricarpos albus,OpenWetRich
188870,Symphoricarpos albus,OpenWetRich
188871,Symphoricarpos albus,OpenWetRich
188872,Symphoricarpos albus,OpenWetRich
188873,Symphoricarpos albus,OpenWetRich
188874,Symphoricarpos albus,OpenWetRich
188875,Symphoricarpos albus,OpenWetRich
188876,Symphoricarpos albus,OpenWetRich
188877,Symphoricarpos albus,OpenWetRich
188878,Symphoricarpos albus,OpenWetRich
188879,Symphoricarpos albus,OpenWetRich
188880,Symphoricarpos albus,OpenWetRich
188881,Symphoricarpos albus,OpenWetRich
188882,Symphoricarpos albus,OpenWetRich
188883,Symphoricarpos albus,OpenWetRich
188884,Symphoricarpos albus,OpenWetRich
188885,Symphoricarpos albus,OpenWetRich
189461,Symphoricarpos albus,OpenWetRich
189462,Symphoricarpos albus,OpenWetRich
189463,Symphoricarpos albus,OpenWetRich
189464,Symphoricarpos albus,OpenWetRich
189465,Symphoricarpos albus,OpenWetRich
189466,Symphoricarpos albus,OpenWetRich
189467,Symphoricarpos albus,OpenWetRich
189468,Symphoricarpos albus,OpenWetRich
189469,Symphoricarpos albus,OpenWetRich
189470,Symphoricarpos albus,OpenWetRich
189471,Symphoricarpos albus,OpenWetRich
189472,Symphoricarpos albus,OpenWetRich
189473,Symphoricarpos albus,OpenWetRich
189474,Symphoricarpos albus,OpenWetRich
189475,Symphoricarpos albus,OpenWetRich
189476,Symphoricarpos albus,OpenWetRich
189477,Symphoricarpos albus,OpenWetRich
189478,Symphoricarpos albus,OpenWetRich
189479,Symphoricarpos albus,OpenWetRich
189480,Symphoricarpos albus,OpenWetRich
189481,Symphoricarpos albus,OpenWetRich
189482,Symphoricarpos albus,OpenWetRich
189483,Symphoricarpos albus,OpenWetRich
189484,Symphoricarpos albus,OpenWetRich
190060,Symphoricarpos albus,OpenWetRich
190061,Symphoricarpos albus,OpenWetRich
190062,Symphoricarpos albus,OpenWetRich
190063,Symphoricarpos albus,OpenWetRich
190064,Symphoricarpos albus,OpenWetRich
190065,Symphoricarpos albus,OpenWetRich
190066,Symphoricarpos albus,OpenWetRich
190067,Symphoricarpos albus,OpenWetRich
190068,Symphoricarpos albus,OpenWetRich
190069,Symphoricarpos albus,OpenWetRich
190070,Symphoricarpos albus,OpenWetRich
190071,Symphoricarpos albus,OpenWetRich
190072,Symphoricarpos albus,OpenWetRich
190073,Symphoricarpos albus,OpenWetRich
190074,Symphoricarpos albus,OpenWetRich
190075,Symphoricarpos albus,OpenWetRich
190076,Symphoricarpos albus,OpenWetRich
190077,Symphoricarpos albus,OpenWetRich
190078,Symphoricarpos albus,OpenWetRich
190079,Symphoricarpos albus,OpenWetRich
190080,Symphoricarpos albus,OpenWetRich
190081,Symphoricarpos albus,OpenWetRich
190082,Symphoricarpos albus,OpenWetRich
190083,Symphoricarpos albus,OpenWetRich
190659,Symphoricarpos albus,OpenWetRich
190660,Symphoricarpos albus,OpenWetRich
190661,Symphoricarpos albus,OpenWetRich
190662,Symphoricarpos albus,OpenWetRich
190663,Symphoricarpos albus,OpenWetRich
190664,Symphoricarpos albus,OpenWetRich
190665,Symphoricarpos albus,OpenWetRich
190666,Symphoricarpos albus,OpenWetRich
190667,Symphoricarpos albus,OpenWetRich
190668,Symphoricarpos albus,OpenWetRich
190669,Symphoricarpos albus,OpenWetRich
190670,Symphoricarpos albus,OpenWetRich
190671,Symphoricarpos albus,OpenWetRich
190672,Symphoricarpos albus,OpenWetRich
190673,Symphoricarpos albus,OpenWetRich
190674,Symphoricarpos albus,OpenWetRich
190675,Symphoricarpos albus,OpenWetRich
190676,Symphoricarpos albus,OpenWetRich
190677,Symphoricarpos albus,OpenWetRich
190678,Symphoricarpos albus,OpenWetRich
190679,Symphoricarpos albus,OpenWetRich
190680,Symphoricarpos albus,OpenWetRich
190681,Symphoricarpos albus,OpenWetRich
191258,Symphoricarpos albus,OpenWetRich
191259,Symphoricarpos albus,OpenWetRich
191260,Symphoricarpos albus,OpenWetRich
191261,Symphoricarpos albus,OpenWetRich
191262,Symphoricarpos albus,OpenWetRich
191263,Symphoricarpos albus,OpenWetRich
191264,Symphoricarpos albus,OpenWetRich
191265,Symphoricarpos albus,OpenWetRich
191266,Symphoricarpos albus,OpenWetRich
191267,Symphoricarpos albus,OpenWetRich
191268,Symphoricarpos albus,OpenWetRich
191269,Symphoricarpos albus,OpenWetRich
191270,Symphoricarpos albus,OpenWetRich
191271,Symphoricarpos albus,OpenWetRich
191272,Symphoricarpos albus,OpenWetRich
191273,Symphoricarpos albus,OpenWetRich
191274,Symphoricarpos albus,OpenWetRich
191275,Symphoricarpos albus,OpenWetRich
191276,Symphoricarpos albus,OpenWetRich
191277,Symphoricarpos albus,OpenWetRich
191278,Symphoricarpos albus,OpenWetRich
191279,Symphoricarpos albus,OpenWetRich
191280,Symphoricarpos albus,OpenWetRich
191857,Symphoricarpos albus,OpenWetRich
191858,Symphoricarpos albus,OpenWetRich
191859,Symphoricarpos albus,OpenWetRich
191860,Symphoricarpos albus,OpenWetRich
191861,Symphoricarpos albus,OpenWetRich
191862,Symphoricarpos albus,OpenWetRich
191863,Symphoricarpos albus,OpenWetRich
191864,Symphoricarpos albus,OpenWetRich
191865,Symphoricarpos albus,OpenWetRich
191866,Symphoricarpos albus,OpenWetRich
191867,Symphoricarpos albus,OpenWetRich
191868,Symphoricarpos albus,OpenWetRich
191869,Symphoricarpos albus,OpenWetRich
191870,Symphoricarpos albus,OpenWetRich
191871,Symphoricarpos albus,OpenWetRich
191872,Symphoricarpos albus,OpenWetRich
191873,Symphoricarpos albus,OpenWetRich
191874,Symphoricarpos albus,OpenWetRich
191875,Symphoricarpos albus,OpenWetRich
191876,Symphoricarpos albus,OpenWetRich
191877,Symphoricarpos albus,OpenWetRich
191878,Symphoricarpos albus,OpenWetRich
191879,Symphoricarpos albus,OpenWetRich
192456,Symphoricarpos albus,OpenWetRich
192457,Symphoricarpos albus,OpenWetRich
192458,Symphoricarpos albus,OpenWetRich
192459,Symphoricarpos albus,OpenWetRich
192460,Symphoricarpos albus,OpenWetRich
192461,Symphoricarpos albus,OpenWetRich
192462,Symphoricarpos albus,OpenWetRich
192463,Symphoricarpos albus,OpenWetRich
192464,Symphoricarpos albus,OpenWetRich
192465,Symphoricarpos albus,OpenWetRich
192466,Symphoricarpos albus,OpenWetRich
192467,Symphoricarpos albus,OpenWetRich
192468,Symphoricarpos albus,OpenWetRich
192469,Symphoricarpos albus,OpenWetRich
192470,Symphoricarpos albus,OpenWetRich
192471,Symphoricarpos albus,OpenWetRich
192472,Symphoricarpos albus,OpenWetRich
192473,Symphoricarpos albus,OpenWetRich
192474,Symphoricarpos albus,OpenWetRich
192475,Symphoricarpos albus,OpenWetRich
192476,Symphoricarpos albus,OpenWetRich
192477,Symphoricarpos albus,OpenWetRich
193055,Symphoricarpos albus,OpenWetRich
193056,Symphoricarpos albus,OpenWetRich
193057,Symphoricarpos albus,OpenWetRich
193058,Symphoricarpos albus,OpenWetRich
193059,Symphoricarpos albus,OpenWetRich
193060,Symphoricarpos albus,OpenWetRich
193061,Symphoricarpos albus,OpenWetRich
193062,Symphoricarpos albus,OpenWetRich
193063,Symphoricarpos albus,OpenWetRich
193064,Symphoricarpos albus,OpenWetRich
193065,Symphoricarpos albus,OpenWetRich
193066,Symphoricarpos albus,OpenWetRich
193067,Symphoricarpos albus,OpenWetRich
193068,Symphoricarpos albus,OpenWetRich
193069,Symphoricarpos albus,OpenWetRich
193070,Symphoricarpos albus,OpenWetRich
193071,Symphoricarpos albus,OpenWetRich
193072,Symphoricarpos albus,OpenWetRich
193073,Symphoricarpos albus,OpenWetRich
193074,Symphoricarpos albus,OpenWetRich
193075,Symphoricarpos albus,OpenWetRich
193076,Symphoricarpos albus,OpenWetRich
193654,Symphoricarpos albus,OpenWetRich
193655,Symphoricarpos albus,OpenWetRich
193656,Symphoricarpos albus,OpenWetRich
193657,Symphoricarpos albus,OpenWetRich
193658,Symphoricarpos albus,OpenWetRich
193659,Symphoricarpos albus,OpenWetRich
193660,Symphoricarpos albus,OpenWetRich
193661,Symphoricarpos albus,OpenWetRich
193662,Symphoricarpos albus,OpenWetRich
193663,Symphoricarpos albus,OpenWetRich
193664,Symphoricarpos albus,OpenWetRich
193665,Symphoricarpos albus,OpenWetRich
193666,Symphoricarpos albus,OpenWetRich
193667,Symphoricarpos albus,OpenWetRich
193668,Symphoricarpos albus,OpenWetRich
193669,Symphoricarpos albus,OpenWetRich
193670,Symphoricarpos albus,OpenWetRich
193671,Symphoricarpos albus,OpenWetRich
193672,Symphoricarpos albus,OpenWetRich
193673,Symphoricarpos albus,OpenWetRich
193674,Symphoricarpos albus,OpenWetRich
194253,Symphoricarpos albus,OpenWetRich
194254,Symphoricarpos albus,OpenWetRich
194255,Symphoricarpos albus,OpenWetRich
194256,Symphoricarpos albus,OpenWetRich
194257,Symphoricarpos albus,OpenWetRich
194258,Symphoricarpos albus,OpenWetRich
194259,Symphoricarpos albus,OpenWetRich
194260,Symphoricarpos albus,OpenWetRich
194261,Symphoricarpos albus,OpenWetRich
194262,Symphoricarpos albus,OpenWetRich
194263,Symphoricarpos albus,OpenWetRich
194264,Symphoricarpos albus,OpenWetRich
194265,Symphoricarpos albus,OpenWetRich
194266,Symphoricarpos albus,OpenWetRich
194267,Symphoricarpos albus,OpenWetRich
194268,Symphoricarpos albus,OpenWetRich
194269,Symphoricarpos albus,OpenWetRich
194270,Symphoricarpos albus,OpenWetRich
194271,Symphoricarpos albus,OpenWetRich
194272,Symphoricarpos albus,OpenWetRich
194273,Symphoricarpos albus,OpenWetRich
194852,Symphoricarpos albus,OpenWetRich
194853,Symphoricarpos albus,OpenWetRich
194854,Symphoricarpos albus,OpenWetRich
194855,Symphoricarpos albus,OpenWetRich
194856,Symphoricarpos albus,OpenWetRich
194857,Symphoricarpos albus,OpenWetRich
194858,Symphoricarpos albus,OpenWetRich
194859,Symphoricarpos albus,OpenWetRich
194860,Symphoricarpos albus,OpenWetRich
194861,Symphoricarpos albus,OpenWetRich
194862,Symphoricarpos albus,OpenWetRich
194863,Symphoricarpos albus,OpenWetRich
194864,Symphoricarpos albus,OpenWetRich
194865,Symphoricarpos albus,OpenWetRich
194866,Symphoricarpos albus,OpenWetRich
194867,Symphoricarpos albus,OpenWetRich
194868,Symphoricarpos albus,OpenWetRich
194869,Symphoricarpos albus,OpenWetRich
194870,Symphoricarpos albus,OpenWetRich
194871,Symphoricarpos albus,OpenWetRich
195451,Symphoricarpos albus,OpenWetRich
195452,Symphoricarpos albus,OpenWetRich
195453,Symphoricarpos albus,OpenWetRich
195454,Symphoricarpos albus,OpenWetRich
195455,Symphoricarpos albus,OpenWetRich
195456,Symphoricarpos albus,OpenWetRich
195457,Symphoricarpos albus,OpenWetRich
195458,Symphoricarpos albus,OpenWetRich
195459,Symphoricarpos albus,OpenWetRich
195460,Symphoricarpos albus,OpenWetRich
195461,Symphoricarpos albus,OpenWetRich
195462,Symphoricarpos albus,OpenWetRich
195463,Symphoricarpos albus,OpenWetRich
195464,Symphoricarpos albus,OpenWetRich
195465,Symphoricarpos albus,OpenWetRich
195466,Symphoricarpos albus,OpenWetRich
195467,Symphoricarpos albus,OpenWetRich
195468,Symphoricarpos albus,OpenWetRich
195469,Symphoricarpos albus,OpenWetRich
195470,Symphoricarpos albus,OpenWetRich
196050,Symphoricarpos albus,OpenWetRich
196051,Symphoricarpos albus,OpenWetRich
196052,Symphoricarpos albus,OpenWetRich
196053,Symphoricarpos albus,OpenWetRich
196054,Symphoricarpos albus,OpenWetRich
196055,Symphoricarpos albus,OpenWetRich
196056,Symphoricarpos albus,OpenWetRich
196057,Symphoricarpos albus,OpenWetRich
196058,Symphoricarpos albus,OpenWetRich
196059,Symphoricarpos albus,OpenWetRich
196060,Symphoricarpos albus,OpenWetRich
196061,Symphoricarpos albus,OpenWetRich
196062,Symphoricarpos albus,OpenWetRich
196063,Symphoricarpos albus,OpenWetRich
196064,Symphoricarpos albus,OpenWetRich
196065,Symphoricarpos albus,OpenWetRich
196066,Symphoricarpos albus,OpenWetRich
196067,Symphoricarpos albus,OpenWetRich
196068,Symphoricarpos albus,OpenWetRich
196649,Symphoricarpos albus,OpenWetRich
196650,Symphoricarpos albus,OpenWetRich
196651,Symphoricarpos albus,OpenWetRich
196652,Symphoricarpos albus,OpenWetRich
196653,Symphoricarpos albus,OpenWetRich
196654,Symphoricarpos albus,OpenWetRich
196655,Symphoricarpos albus,OpenWetRich
196656,Symphoricarpos albus,OpenWetRich
196657,Symphoricarpos albus,OpenWetRich
196658,Symphoricarpos albus,OpenWetRich
196659,Symphoricarpos albus,OpenWetRich
196660,Symphoricarpos albus,OpenWetRich
196661,Symphoricarpos albus,OpenWetRich
196662,Symphoricarpos albus,OpenWetRich
196663,Symphoricarpos albus,OpenWetRich
196664,Symphoricarpos albus,OpenWetRich
196665,Symphoricarpos albus,OpenWetRich
196666,Symphoricarpos albus,OpenWetRich
196667,Symphoricarpos albus,OpenWetRich
197248,Symphoricarpos albus,OpenWetRich
197249,Symphoricarpos albus,OpenWetRich
197250,Symphoricarpos albus,OpenWetRich
197251,Symphoricarpos albus,OpenWetRich
197252,Symphoricarpos albus,OpenWetRich
197253,Symphoricarpos albus,OpenWetRich
197254,Symphoricarpos albus,OpenWetRich
197255,Symphoricarpos albus,OpenWetRich
197256,Symphoricarpos albus,OpenWetRich
197257,Symphoricarpos albus,OpenWetRich
197258,Symphoricarpos albus,OpenWetRich
197259,Symphoricarpos albus,OpenWetRich
197260,Symphoricarpos albus,OpenWetRich
197261,Symphoricarpos albus,OpenWetRich
197262,Symphoricarpos albus,OpenWetRich
197263,Symphoricarpos albus,OpenWetRich
197264,Symphoricarpos albus,OpenWetRich
197265,Symphoricarpos albus,OpenWetRich
197847,Symphoricarpos albus,OpenWetRich
197848,Symphoricarpos albus,OpenWetRich
197849,Symphoricarpos albus,OpenWetRich
197850,Symphoricarpos albus,OpenWetRich
197851,Symphoricarpos albus,OpenWetRich
197852,Symphoricarpos albus,OpenWetRich
197853,Symphoricarpos albus,OpenWetRich
197854,Symphoricarpos albus,OpenWetRich
197855,Symphoricarpos albus,OpenWetRich
197856,Symphoricarpos albus,OpenWetRich
197857,Symphoricarpos albus,OpenWetRich
197858,Symphoricarpos albus,OpenWetRich
197859,Symphoricarpos albus,OpenWetRich
197860,Symphoricarpos albus,OpenWetRich
197861,Symphoricarpos albus,OpenWetRich
197862,Symphoricarpos albus,OpenWetRich
197863,Symphoricarpos albus,OpenWetRich
198446,Symphoricarpos albus,OpenWetRich
198447,Symphoricarpos albus,OpenWetRich
198448,Symphoricarpos albus,OpenWetRich
198449,Symphoricarpos albus,OpenWetRich
198450,Symphoricarpos albus,OpenWetRich
198451,Symphoricarpos albus,OpenWetRich
198452,Symphoricarpos albus,OpenWetRich
198453,Symphoricarpos albus,OpenWetRich
198454,Symphoricarpos albus,OpenWetRich
198455,Symphoricarpos albus,OpenWetRich
198456,Symphoricarpos albus,OpenWetRich
198457,Symphoricarpos albus,OpenWetRich
198458,Symphoricarpos albus,OpenWetRich
198459,Symphoricarpos albus,OpenWetRich
198460,Symphoricarpos albus,OpenWetRich
198461,Symphoricarpos albus,OpenWetRich
198462,Symphoricarpos albus,OpenWetRich
199045,Symphoricarpos albus,OpenWetRich
199046,Symphoricarpos albus,OpenWetRich
199047,Symphoricarpos albus,OpenWetRich
199048,Symphoricarpos albus,OpenWetRich
199049,Symphoricarpos albus,OpenWetRich
199050,Symphoricarpos albus,OpenWetRich
199051,Symphoricarpos albus,OpenWetRich
199052,Symphoricarpos albus,OpenWetRich
199053,Symphoricarpos albus,OpenWetRich
199054,Symphoricarpos albus,OpenWetRich
199055,Symphoricarpos albus,OpenWetRich
199056,Symphoricarpos albus,OpenWetRich
199057,Symphoricarpos albus,OpenWetRich
199058,Symphoricarpos albus,OpenWetRich
199059,Symphoricarpos albus,OpenWetRich
199060,Symphoricarpos albus,OpenWetRich
199644,Symphoricarpos albus,OpenWetRich
199645,Symphoricarpos albus,OpenWetRich
199646,Symphoricarpos albus,OpenWetRich
199647,Symphoricarpos albus,OpenWetRich
199648,Symphoricarpos albus,OpenWetRich
199649,Symphoricarpos albus,OpenWetRich
199650,Symphoricarpos albus,OpenWetRich
199651,Symphoricarpos albus,OpenWetRich
199652,Symphoricarpos albus,OpenWetRich
199653,Symphoricarpos albus,OpenWetRich
199654,Symphoricarpos albus,OpenWetRich
199655,Symphoricarpos albus,OpenWetRich
199656,Symphoricarpos albus,OpenWetRich
199657,Symphoricarpos albus,OpenWetRich
199658,Symphoricarpos albus,OpenWetRich
200243,Symphoricarpos albus,OpenWetRich
200244,Symphoricarpos albus,OpenWetRich
200245,Symphoricarpos albus,OpenWetRich
200246,Symphoricarpos albus,OpenWetRich
200247,Symphoricarpos albus,OpenWetRich
200248,Symphoricarpos albus,OpenWetRich
200249,Symphoricarpos albus,OpenWetRich
200250,Symphoricarpos albus,OpenWetRich
200251,Symphoricarpos albus,OpenWetRich
200252,Symphoricarpos albus,OpenWetRich
200253,Symphoricarpos albus,OpenWetRich
200254,Symphoricarpos albus,OpenWetRich
200255,Symphoricarpos albus,OpenWetRich
200256,Symphoricarpos albus,OpenWetRich
200842,Symphoricarpos albus,OpenWetRich
200843,Symphoricarpos albus,OpenWetRich
200844,Symphoricarpos albus,OpenWetRich
200845,Symphoricarpos albus,OpenWetRich
200846,Symphoricarpos albus,OpenWetRich
200847,Symphoricarpos albus,OpenWetRich
200848,Symphoricarpos albus,OpenWetRich
200849,Symphoricarpos albus,OpenWetRich
200850,Symphoricarpos albus,OpenWetRich
200851,Symphoricarpos albus,OpenWetRich
200852,Symphoricarpos albus,OpenWetRich
200853,Symphoricarpos albus,OpenWetRich
200854,Symphoricarpos albus,OpenWetRich
201441,Symphoricarpos albus,OpenWetRich
201442,Symphoricarpos albus,OpenWetRich
201443,Symphoricarpos albus,OpenWetRich
201444,Symphoricarpos albus,OpenWetRich
201445,Symphoricarpos albus,OpenWetRich
201446,Symphoricarpos albus,OpenWetRich
201447,Symphoricarpos albus,OpenWetRich
201448,Symphoricarpos albus,OpenWetRich
201449,Symphoricarpos albus,OpenWetRich
201450,Symphoricarpos albus,OpenWetRich
201451,Symphoricarpos albus,OpenWetRich
201452,Symphoricarpos albus,OpenWetRich
201453,Symphoricarpos albus,OpenWetRich
202040,Symphoricarpos albus,OpenWetRich
202041,Symphoricarpos albus,OpenWetRich
202042,Symphoricarpos albus,OpenWetRich
202043,Symphoricarpos albus,OpenWetRich
202044,Symphoricarpos albus,OpenWetRich
202045,Symphoricarpos albus,OpenWetRich
202046,Symphoricarpos albus,OpenWetRich
202047,Symphoricarpos albus,OpenWetRich
202048,Symphoricarpos albus,OpenWetRich
202049,Symphoricarpos albus,OpenWetRich
202050,Symphoricarpos albus,OpenWetRich
202051,Symphoricarpos albus,OpenWetRich
202639,Symphoricarpos albus,OpenWetRich
202640,Symphoricarpos albus,OpenWetRich
202641,Symphoricarpos albus,OpenWetRich
202642,Symphoricarpos albus,OpenWetRich
202643,Symphoricarpos albus,OpenWetRich
202644,Symphoricarpos albus,OpenWetRich
202645,Symphoricarpos albus,OpenWetRich
202646,Symphoricarpos albus,OpenWetRich
202647,Symphoricarpos albus,OpenWetRich
202648,Symphoricarpos albus,OpenWetRich
202649,Symphoricarpos albus,OpenWetRich
203238,Symphoricarpos albus,OpenWetRich
203239,Symphoricarpos albus,OpenWetRich
203240,Symphoricarpos albus,OpenWetRich
203241,Symphoricarpos albus,OpenWetRich
203242,Symphoricarpos albus,OpenWetRich
203243,Symphoricarpos albus,OpenWetRich
203244,Symphoricarpos albus,OpenWetRich
203245,Symphoricarpos albus,OpenWetRich
203246,Symphoricarpos albus,OpenWetRich
203837,Symphoricarpos albus,OpenWetRich
203838,Symphoricarpos albus,OpenWetRich
203839,Symphoricarpos albus,OpenWetRich
203840,Symphoricarpos albus,OpenWetRich
203841,Symphoricarpos albus,OpenWetRich
203842,Symphoricarpos albus,OpenWetRich
203843,Symphoricarpos albus,OpenWetRich
203844,Symphoricarpos albus,OpenWetRich
204436,Symphoricarpos albus,OpenWetRich
204437,Symphoricarpos albus,OpenWetRich
204438,Symphoricarpos albus,OpenWetRich
204439,Symphoricarpos albus,OpenWetRich
204440,Symphoricarpos albus,OpenWetRich
204441,Symphoricarpos albus,OpenWetRich
204442,Symphoricarpos albus,OpenWetRich
205035,Symphoricarpos albus,OpenWetRich
205036,Symphoricarpos albus,OpenWetRich
205037,Symphoricarpos albus,OpenWetRich
205038,Symphoricarpos albus,OpenWetRich
205039,Symphoricarpos albus,OpenWetRich
205040,Symphoricarpos albus,OpenWetRich
205634,Symphoricarpos albus,OpenWetRich
205635,Symphoricarpos albus,OpenWetRich
205636,Symphoricarpos albus,OpenWetRich
205637,Symphoricarpos albus,OpenWetRich
