85394,Lamium album,OpenWetPoor
85993,Lamium album,OpenWetPoor
86592,Lamium album,OpenWetPoor
86593,Lamium album,OpenWetPoor
86594,Lamium album,OpenWetPoor
86595,Lamium album,OpenWetPoor
86596,Lamium album,OpenWetPoor
86597,Lamium album,OpenWetPoor
86598,Lamium album,OpenWetPoor
86599,Lamium album,OpenWetPoor
86600,Lamium album,OpenWetPoor
86601,Lamium album,OpenWetPoor
86602,Lamium album,OpenWetPoor
86603,Lamium album,OpenWetPoor
86604,Lamium album,OpenWetPoor
86605,Lamium album,OpenWetPoor
86606,Lamium album,OpenWetPoor
86607,Lamium album,OpenWetPoor
86608,Lamium album,OpenWetPoor
86609,Lamium album,OpenWetPoor
86610,Lamium album,OpenWetPoor
86611,Lamium album,OpenWetPoor
86612,Lamium album,OpenWetPoor
86613,Lamium album,OpenWetPoor
86614,Lamium album,OpenWetPoor
86615,Lamium album,OpenWetPoor
86616,Lamium album,OpenWetPoor
86617,Lamium album,OpenWetPoor
86618,Lamium album,OpenWetPoor
86619,Lamium album,OpenWetPoor
86620,Lamium album,OpenWetPoor
86621,Lamium album,OpenWetPoor
86622,Lamium album,OpenWetPoor
86623,Lamium album,OpenWetPoor
86624,Lamium album,OpenWetPoor
86625,Lamium album,OpenWetPoor
86626,Lamium album,OpenWetPoor
86627,Lamium album,OpenWetPoor
86628,Lamium album,OpenWetPoor
86629,Lamium album,OpenWetPoor
86630,Lamium album,OpenWetPoor
86631,Lamium album,OpenWetPoor
86632,Lamium album,OpenWetPoor
87190,Lamium album,OpenWetPoor
87191,Lamium album,OpenWetPoor
87192,Lamium album,OpenWetPoor
87193,Lamium album,OpenWetPoor
87194,Lamium album,OpenWetPoor
87195,Lamium album,OpenWetPoor
87196,Lamium album,OpenWetPoor
87197,Lamium album,OpenWetPoor
87198,Lamium album,OpenWetPoor
87199,Lamium album,OpenWetPoor
87200,Lamium album,OpenWetPoor
87201,Lamium album,OpenWetPoor
87202,Lamium album,OpenWetPoor
87203,Lamium album,OpenWetPoor
87204,Lamium album,OpenWetPoor
87205,Lamium album,OpenWetPoor
87206,Lamium album,OpenWetPoor
87207,Lamium album,OpenWetPoor
87208,Lamium album,OpenWetPoor
87209,Lamium album,OpenWetPoor
87210,Lamium album,OpenWetPoor
87211,Lamium album,OpenWetPoor
87212,Lamium album,OpenWetPoor
87213,Lamium album,OpenWetPoor
87214,Lamium album,OpenWetPoor
87215,Lamium album,OpenWetPoor
87216,Lamium album,OpenWetPoor
87217,Lamium album,OpenWetPoor
87218,Lamium album,OpenWetPoor
87219,Lamium album,OpenWetPoor
87220,Lamium album,OpenWetPoor
87221,Lamium album,OpenWetPoor
87222,Lamium album,OpenWetPoor
87223,Lamium album,OpenWetPoor
87224,Lamium album,OpenWetPoor
87225,Lamium album,OpenWetPoor
87226,Lamium album,OpenWetPoor
87227,Lamium album,OpenWetPoor
87228,Lamium album,OpenWetPoor
87229,Lamium album,OpenWetPoor
87230,Lamium album,OpenWetPoor
87231,Lamium album,OpenWetPoor
87789,Lamium album,OpenWetPoor
87790,Lamium album,OpenWetPoor
87791,Lamium album,OpenWetPoor
87792,Lamium album,OpenWetPoor
87793,Lamium album,OpenWetPoor
87794,Lamium album,OpenWetPoor
87795,Lamium album,OpenWetPoor
87796,Lamium album,OpenWetPoor
87797,Lamium album,OpenWetPoor
87798,Lamium album,OpenWetPoor
87799,Lamium album,OpenWetPoor
87800,Lamium album,OpenWetPoor
87801,Lamium album,OpenWetPoor
87802,Lamium album,OpenWetPoor
87803,Lamium album,OpenWetPoor
87804,Lamium album,OpenWetPoor
87805,Lamium album,OpenWetPoor
87806,Lamium album,OpenWetPoor
87807,Lamium album,OpenWetPoor
87808,Lamium album,OpenWetPoor
87809,Lamium album,OpenWetPoor
87810,Lamium album,OpenWetPoor
87811,Lamium album,OpenWetPoor
87812,Lamium album,OpenWetPoor
87813,Lamium album,OpenWetPoor
87814,Lamium album,OpenWetPoor
87815,Lamium album,OpenWetPoor
87816,Lamium album,OpenWetPoor
87817,Lamium album,OpenWetPoor
87818,Lamium album,OpenWetPoor
87819,Lamium album,OpenWetPoor
87820,Lamium album,OpenWetPoor
87821,Lamium album,OpenWetPoor
87822,Lamium album,OpenWetPoor
87823,Lamium album,OpenWetPoor
87824,Lamium album,OpenWetPoor
87825,Lamium album,OpenWetPoor
87826,Lamium album,OpenWetPoor
87827,Lamium album,OpenWetPoor
87828,Lamium album,OpenWetPoor
87829,Lamium album,OpenWetPoor
87830,Lamium album,OpenWetPoor
88387,Lamium album,OpenWetPoor
88388,Lamium album,OpenWetPoor
88389,Lamium album,OpenWetPoor
88390,Lamium album,OpenWetPoor
88391,Lamium album,OpenWetPoor
88392,Lamium album,OpenWetPoor
88393,Lamium album,OpenWetPoor
88394,Lamium album,OpenWetPoor
88395,Lamium album,OpenWetPoor
88396,Lamium album,OpenWetPoor
88397,Lamium album,OpenWetPoor
88398,Lamium album,OpenWetPoor
88399,Lamium album,OpenWetPoor
88400,Lamium album,OpenWetPoor
88401,Lamium album,OpenWetPoor
88402,Lamium album,OpenWetPoor
88403,Lamium album,OpenWetPoor
88404,Lamium album,OpenWetPoor
88405,Lamium album,OpenWetPoor
88406,Lamium album,OpenWetPoor
88407,Lamium album,OpenWetPoor
88408,Lamium album,OpenWetPoor
88409,Lamium album,OpenWetPoor
88410,Lamium album,OpenWetPoor
88411,Lamium album,OpenWetPoor
88412,Lamium album,OpenWetPoor
88413,Lamium album,OpenWetPoor
88414,Lamium album,OpenWetPoor
88415,Lamium album,OpenWetPoor
88416,Lamium album,OpenWetPoor
88417,Lamium album,OpenWetPoor
88418,Lamium album,OpenWetPoor
88419,Lamium album,OpenWetPoor
88420,Lamium album,OpenWetPoor
88421,Lamium album,OpenWetPoor
88422,Lamium album,OpenWetPoor
88423,Lamium album,OpenWetPoor
88424,Lamium album,OpenWetPoor
88425,Lamium album,OpenWetPoor
88426,Lamium album,OpenWetPoor
88427,Lamium album,OpenWetPoor
88428,Lamium album,OpenWetPoor
88429,Lamium album,OpenWetPoor
88986,Lamium album,OpenWetPoor
88987,Lamium album,OpenWetPoor
88988,Lamium album,OpenWetPoor
88989,Lamium album,OpenWetPoor
88990,Lamium album,OpenWetPoor
88991,Lamium album,OpenWetPoor
88992,Lamium album,OpenWetPoor
88993,Lamium album,OpenWetPoor
88994,Lamium album,OpenWetPoor
88995,Lamium album,OpenWetPoor
88996,Lamium album,OpenWetPoor
88997,Lamium album,OpenWetPoor
88998,Lamium album,OpenWetPoor
88999,Lamium album,OpenWetPoor
89000,Lamium album,OpenWetPoor
89001,Lamium album,OpenWetPoor
89002,Lamium album,OpenWetPoor
89003,Lamium album,OpenWetPoor
89004,Lamium album,OpenWetPoor
89005,Lamium album,OpenWetPoor
89006,Lamium album,OpenWetPoor
89007,Lamium album,OpenWetPoor
89008,Lamium album,OpenWetPoor
89009,Lamium album,OpenWetPoor
89010,Lamium album,OpenWetPoor
89011,Lamium album,OpenWetPoor
89012,Lamium album,OpenWetPoor
89013,Lamium album,OpenWetPoor
89014,Lamium album,OpenWetPoor
89015,Lamium album,OpenWetPoor
89016,Lamium album,OpenWetPoor
89017,Lamium album,OpenWetPoor
89018,Lamium album,OpenWetPoor
89019,Lamium album,OpenWetPoor
89020,Lamium album,OpenWetPoor
89021,Lamium album,OpenWetPoor
89022,Lamium album,OpenWetPoor
89023,Lamium album,OpenWetPoor
89024,Lamium album,OpenWetPoor
89025,Lamium album,OpenWetPoor
89026,Lamium album,OpenWetPoor
89027,Lamium album,OpenWetPoor
89028,Lamium album,OpenWetPoor
89585,Lamium album,OpenWetPoor
89586,Lamium album,OpenWetPoor
89587,Lamium album,OpenWetPoor
89588,Lamium album,OpenWetPoor
89589,Lamium album,OpenWetPoor
89590,Lamium album,OpenWetPoor
89591,Lamium album,OpenWetPoor
89592,Lamium album,OpenWetPoor
89593,Lamium album,OpenWetPoor
89594,Lamium album,OpenWetPoor
89595,Lamium album,OpenWetPoor
89596,Lamium album,OpenWetPoor
89597,Lamium album,OpenWetPoor
89598,Lamium album,OpenWetPoor
89599,Lamium album,OpenWetPoor
89600,Lamium album,OpenWetPoor
89601,Lamium album,OpenWetPoor
89602,Lamium album,OpenWetPoor
89603,Lamium album,OpenWetPoor
89604,Lamium album,OpenWetPoor
89605,Lamium album,OpenWetPoor
89606,Lamium album,OpenWetPoor
89607,Lamium album,OpenWetPoor
89608,Lamium album,OpenWetPoor
89609,Lamium album,OpenWetPoor
89610,Lamium album,OpenWetPoor
89611,Lamium album,OpenWetPoor
89612,Lamium album,OpenWetPoor
89613,Lamium album,OpenWetPoor
89614,Lamium album,OpenWetPoor
89615,Lamium album,OpenWetPoor
89616,Lamium album,OpenWetPoor
89617,Lamium album,OpenWetPoor
89618,Lamium album,OpenWetPoor
89619,Lamium album,OpenWetPoor
89620,Lamium album,OpenWetPoor
89621,Lamium album,OpenWetPoor
89622,Lamium album,OpenWetPoor
89623,Lamium album,OpenWetPoor
89624,Lamium album,OpenWetPoor
89625,Lamium album,OpenWetPoor
89626,Lamium album,OpenWetPoor
89627,Lamium album,OpenWetPoor
90184,Lamium album,OpenWetPoor
90185,Lamium album,OpenWetPoor
90186,Lamium album,OpenWetPoor
90187,Lamium album,OpenWetPoor
90188,Lamium album,OpenWetPoor
90189,Lamium album,OpenWetPoor
90190,Lamium album,OpenWetPoor
90191,Lamium album,OpenWetPoor
90192,Lamium album,OpenWetPoor
90193,Lamium album,OpenWetPoor
90194,Lamium album,OpenWetPoor
90195,Lamium album,OpenWetPoor
90196,Lamium album,OpenWetPoor
90197,Lamium album,OpenWetPoor
90198,Lamium album,OpenWetPoor
90199,Lamium album,OpenWetPoor
90200,Lamium album,OpenWetPoor
90201,Lamium album,OpenWetPoor
90202,Lamium album,OpenWetPoor
90203,Lamium album,OpenWetPoor
90204,Lamium album,OpenWetPoor
90205,Lamium album,OpenWetPoor
90206,Lamium album,OpenWetPoor
90207,Lamium album,OpenWetPoor
90208,Lamium album,OpenWetPoor
90209,Lamium album,OpenWetPoor
90210,Lamium album,OpenWetPoor
90211,Lamium album,OpenWetPoor
90212,Lamium album,OpenWetPoor
90213,Lamium album,OpenWetPoor
90214,Lamium album,OpenWetPoor
90215,Lamium album,OpenWetPoor
90216,Lamium album,OpenWetPoor
90217,Lamium album,OpenWetPoor
90218,Lamium album,OpenWetPoor
90219,Lamium album,OpenWetPoor
90220,Lamium album,OpenWetPoor
90221,Lamium album,OpenWetPoor
90222,Lamium album,OpenWetPoor
90223,Lamium album,OpenWetPoor
90224,Lamium album,OpenWetPoor
90225,Lamium album,OpenWetPoor
90226,Lamium album,OpenWetPoor
90782,Lamium album,OpenWetPoor
90783,Lamium album,OpenWetPoor
90784,Lamium album,OpenWetPoor
90785,Lamium album,OpenWetPoor
90786,Lamium album,OpenWetPoor
90787,Lamium album,OpenWetPoor
90788,Lamium album,OpenWetPoor
90789,Lamium album,OpenWetPoor
90790,Lamium album,OpenWetPoor
90791,Lamium album,OpenWetPoor
90792,Lamium album,OpenWetPoor
90793,Lamium album,OpenWetPoor
90794,Lamium album,OpenWetPoor
90795,Lamium album,OpenWetPoor
90796,Lamium album,OpenWetPoor
90797,Lamium album,OpenWetPoor
90798,Lamium album,OpenWetPoor
90799,Lamium album,OpenWetPoor
90800,Lamium album,OpenWetPoor
90801,Lamium album,OpenWetPoor
90802,Lamium album,OpenWetPoor
90803,Lamium album,OpenWetPoor
90804,Lamium album,OpenWetPoor
90805,Lamium album,OpenWetPoor
90806,Lamium album,OpenWetPoor
90807,Lamium album,OpenWetPoor
90808,Lamium album,OpenWetPoor
90809,Lamium album,OpenWetPoor
90810,Lamium album,OpenWetPoor
90811,Lamium album,OpenWetPoor
90812,Lamium album,OpenWetPoor
90813,Lamium album,OpenWetPoor
90814,Lamium album,OpenWetPoor
90815,Lamium album,OpenWetPoor
90816,Lamium album,OpenWetPoor
90817,Lamium album,OpenWetPoor
90818,Lamium album,OpenWetPoor
90819,Lamium album,OpenWetPoor
90820,Lamium album,OpenWetPoor
90821,Lamium album,OpenWetPoor
90822,Lamium album,OpenWetPoor
90823,Lamium album,OpenWetPoor
90824,Lamium album,OpenWetPoor
90825,Lamium album,OpenWetPoor
91381,Lamium album,OpenWetPoor
91382,Lamium album,OpenWetPoor
91383,Lamium album,OpenWetPoor
91384,Lamium album,OpenWetPoor
91385,Lamium album,OpenWetPoor
91386,Lamium album,OpenWetPoor
91387,Lamium album,OpenWetPoor
91388,Lamium album,OpenWetPoor
91389,Lamium album,OpenWetPoor
91390,Lamium album,OpenWetPoor
91391,Lamium album,OpenWetPoor
91392,Lamium album,OpenWetPoor
91393,Lamium album,OpenWetPoor
91394,Lamium album,OpenWetPoor
91395,Lamium album,OpenWetPoor
91396,Lamium album,OpenWetPoor
91397,Lamium album,OpenWetPoor
91398,Lamium album,OpenWetPoor
91399,Lamium album,OpenWetPoor
91400,Lamium album,OpenWetPoor
91401,Lamium album,OpenWetPoor
91402,Lamium album,OpenWetPoor
91403,Lamium album,OpenWetPoor
91404,Lamium album,OpenWetPoor
91405,Lamium album,OpenWetPoor
91406,Lamium album,OpenWetPoor
91407,Lamium album,OpenWetPoor
91408,Lamium album,OpenWetPoor
91409,Lamium album,OpenWetPoor
91410,Lamium album,OpenWetPoor
91411,Lamium album,OpenWetPoor
91412,Lamium album,OpenWetPoor
91413,Lamium album,OpenWetPoor
91414,Lamium album,OpenWetPoor
91415,Lamium album,OpenWetPoor
91416,Lamium album,OpenWetPoor
91417,Lamium album,OpenWetPoor
91418,Lamium album,OpenWetPoor
91419,Lamium album,OpenWetPoor
91420,Lamium album,OpenWetPoor
91421,Lamium album,OpenWetPoor
91422,Lamium album,OpenWetPoor
91423,Lamium album,OpenWetPoor
91424,Lamium album,OpenWetPoor
91980,Lamium album,OpenWetPoor
91981,Lamium album,OpenWetPoor
91982,Lamium album,OpenWetPoor
91983,Lamium album,OpenWetPoor
91984,Lamium album,OpenWetPoor
91985,Lamium album,OpenWetPoor
91986,Lamium album,OpenWetPoor
91987,Lamium album,OpenWetPoor
91988,Lamium album,OpenWetPoor
91989,Lamium album,OpenWetPoor
91990,Lamium album,OpenWetPoor
91991,Lamium album,OpenWetPoor
91992,Lamium album,OpenWetPoor
91993,Lamium album,OpenWetPoor
91994,Lamium album,OpenWetPoor
91995,Lamium album,OpenWetPoor
91996,Lamium album,OpenWetPoor
91997,Lamium album,OpenWetPoor
91998,Lamium album,OpenWetPoor
91999,Lamium album,OpenWetPoor
92000,Lamium album,OpenWetPoor
92001,Lamium album,OpenWetPoor
92002,Lamium album,OpenWetPoor
92003,Lamium album,OpenWetPoor
92004,Lamium album,OpenWetPoor
92005,Lamium album,OpenWetPoor
92006,Lamium album,OpenWetPoor
92007,Lamium album,OpenWetPoor
92008,Lamium album,OpenWetPoor
92009,Lamium album,OpenWetPoor
92010,Lamium album,OpenWetPoor
92011,Lamium album,OpenWetPoor
92012,Lamium album,OpenWetPoor
92013,Lamium album,OpenWetPoor
92014,Lamium album,OpenWetPoor
92015,Lamium album,OpenWetPoor
92016,Lamium album,OpenWetPoor
92017,Lamium album,OpenWetPoor
92018,Lamium album,OpenWetPoor
92019,Lamium album,OpenWetPoor
92020,Lamium album,OpenWetPoor
92021,Lamium album,OpenWetPoor
92022,Lamium album,OpenWetPoor
92023,Lamium album,OpenWetPoor
92579,Lamium album,OpenWetPoor
92580,Lamium album,OpenWetPoor
92581,Lamium album,OpenWetPoor
92582,Lamium album,OpenWetPoor
92583,Lamium album,OpenWetPoor
92584,Lamium album,OpenWetPoor
92585,Lamium album,OpenWetPoor
92586,Lamium album,OpenWetPoor
92587,Lamium album,OpenWetPoor
92588,Lamium album,OpenWetPoor
92589,Lamium album,OpenWetPoor
92590,Lamium album,OpenWetPoor
92591,Lamium album,OpenWetPoor
92592,Lamium album,OpenWetPoor
92593,Lamium album,OpenWetPoor
92594,Lamium album,OpenWetPoor
92595,Lamium album,OpenWetPoor
92596,Lamium album,OpenWetPoor
92597,Lamium album,OpenWetPoor
92598,Lamium album,OpenWetPoor
92599,Lamium album,OpenWetPoor
92600,Lamium album,OpenWetPoor
92601,Lamium album,OpenWetPoor
92602,Lamium album,OpenWetPoor
92603,Lamium album,OpenWetPoor
92604,Lamium album,OpenWetPoor
92605,Lamium album,OpenWetPoor
92606,Lamium album,OpenWetPoor
92607,Lamium album,OpenWetPoor
92608,Lamium album,OpenWetPoor
92609,Lamium album,OpenWetPoor
92610,Lamium album,OpenWetPoor
92611,Lamium album,OpenWetPoor
92612,Lamium album,OpenWetPoor
92613,Lamium album,OpenWetPoor
92614,Lamium album,OpenWetPoor
92615,Lamium album,OpenWetPoor
92616,Lamium album,OpenWetPoor
92617,Lamium album,OpenWetPoor
92618,Lamium album,OpenWetPoor
92619,Lamium album,OpenWetPoor
92620,Lamium album,OpenWetPoor
92621,Lamium album,OpenWetPoor
92622,Lamium album,OpenWetPoor
93178,Lamium album,OpenWetPoor
93179,Lamium album,OpenWetPoor
93180,Lamium album,OpenWetPoor
93181,Lamium album,OpenWetPoor
93182,Lamium album,OpenWetPoor
93183,Lamium album,OpenWetPoor
93184,Lamium album,OpenWetPoor
93185,Lamium album,OpenWetPoor
93186,Lamium album,OpenWetPoor
93187,Lamium album,OpenWetPoor
93188,Lamium album,OpenWetPoor
93189,Lamium album,OpenWetPoor
93190,Lamium album,OpenWetPoor
93191,Lamium album,OpenWetPoor
93192,Lamium album,OpenWetPoor
93193,Lamium album,OpenWetPoor
93194,Lamium album,OpenWetPoor
93195,Lamium album,OpenWetPoor
93196,Lamium album,OpenWetPoor
93197,Lamium album,OpenWetPoor
93198,Lamium album,OpenWetPoor
93199,Lamium album,OpenWetPoor
93200,Lamium album,OpenWetPoor
93201,Lamium album,OpenWetPoor
93202,Lamium album,OpenWetPoor
93203,Lamium album,OpenWetPoor
93204,Lamium album,OpenWetPoor
93205,Lamium album,OpenWetPoor
93206,Lamium album,OpenWetPoor
93207,Lamium album,OpenWetPoor
93208,Lamium album,OpenWetPoor
93209,Lamium album,OpenWetPoor
93210,Lamium album,OpenWetPoor
93211,Lamium album,OpenWetPoor
93212,Lamium album,OpenWetPoor
93213,Lamium album,OpenWetPoor
93214,Lamium album,OpenWetPoor
93215,Lamium album,OpenWetPoor
93216,Lamium album,OpenWetPoor
93217,Lamium album,OpenWetPoor
93218,Lamium album,OpenWetPoor
93219,Lamium album,OpenWetPoor
93220,Lamium album,OpenWetPoor
93221,Lamium album,OpenWetPoor
93777,Lamium album,OpenWetPoor
93778,Lamium album,OpenWetPoor
93779,Lamium album,OpenWetPoor
93780,Lamium album,OpenWetPoor
93781,Lamium album,OpenWetPoor
93782,Lamium album,OpenWetPoor
93783,Lamium album,OpenWetPoor
93784,Lamium album,OpenWetPoor
93785,Lamium album,OpenWetPoor
93786,Lamium album,OpenWetPoor
93787,Lamium album,OpenWetPoor
93788,Lamium album,OpenWetPoor
93789,Lamium album,OpenWetPoor
93790,Lamium album,OpenWetPoor
93791,Lamium album,OpenWetPoor
93792,Lamium album,OpenWetPoor
93793,Lamium album,OpenWetPoor
93794,Lamium album,OpenWetPoor
93795,Lamium album,OpenWetPoor
93796,Lamium album,OpenWetPoor
93797,Lamium album,OpenWetPoor
93798,Lamium album,OpenWetPoor
93799,Lamium album,OpenWetPoor
93800,Lamium album,OpenWetPoor
93801,Lamium album,OpenWetPoor
93802,Lamium album,OpenWetPoor
93803,Lamium album,OpenWetPoor
93804,Lamium album,OpenWetPoor
93805,Lamium album,OpenWetPoor
93806,Lamium album,OpenWetPoor
93807,Lamium album,OpenWetPoor
93808,Lamium album,OpenWetPoor
93809,Lamium album,OpenWetPoor
93810,Lamium album,OpenWetPoor
93811,Lamium album,OpenWetPoor
93812,Lamium album,OpenWetPoor
93813,Lamium album,OpenWetPoor
93814,Lamium album,OpenWetPoor
93815,Lamium album,OpenWetPoor
93816,Lamium album,OpenWetPoor
93817,Lamium album,OpenWetPoor
93818,Lamium album,OpenWetPoor
93819,Lamium album,OpenWetPoor
93820,Lamium album,OpenWetPoor
94376,Lamium album,OpenWetPoor
94377,Lamium album,OpenWetPoor
94378,Lamium album,OpenWetPoor
94379,Lamium album,OpenWetPoor
94380,Lamium album,OpenWetPoor
94381,Lamium album,OpenWetPoor
94382,Lamium album,OpenWetPoor
94383,Lamium album,OpenWetPoor
94384,Lamium album,OpenWetPoor
94385,Lamium album,OpenWetPoor
94386,Lamium album,OpenWetPoor
94387,Lamium album,OpenWetPoor
94388,Lamium album,OpenWetPoor
94389,Lamium album,OpenWetPoor
94390,Lamium album,OpenWetPoor
94391,Lamium album,OpenWetPoor
94392,Lamium album,OpenWetPoor
94393,Lamium album,OpenWetPoor
94394,Lamium album,OpenWetPoor
94395,Lamium album,OpenWetPoor
94396,Lamium album,OpenWetPoor
94397,Lamium album,OpenWetPoor
94398,Lamium album,OpenWetPoor
94399,Lamium album,OpenWetPoor
94400,Lamium album,OpenWetPoor
94401,Lamium album,OpenWetPoor
94402,Lamium album,OpenWetPoor
94403,Lamium album,OpenWetPoor
94404,Lamium album,OpenWetPoor
94405,Lamium album,OpenWetPoor
94406,Lamium album,OpenWetPoor
94407,Lamium album,OpenWetPoor
94408,Lamium album,OpenWetPoor
94409,Lamium album,OpenWetPoor
94410,Lamium album,OpenWetPoor
94411,Lamium album,OpenWetPoor
94412,Lamium album,OpenWetPoor
94413,Lamium album,OpenWetPoor
94414,Lamium album,OpenWetPoor
94415,Lamium album,OpenWetPoor
94416,Lamium album,OpenWetPoor
94417,Lamium album,OpenWetPoor
94418,Lamium album,OpenWetPoor
94419,Lamium album,OpenWetPoor
94974,Lamium album,OpenWetPoor
94975,Lamium album,OpenWetPoor
94976,Lamium album,OpenWetPoor
94977,Lamium album,OpenWetPoor
94978,Lamium album,OpenWetPoor
94979,Lamium album,OpenWetPoor
94980,Lamium album,OpenWetPoor
94981,Lamium album,OpenWetPoor
94982,Lamium album,OpenWetPoor
94983,Lamium album,OpenWetPoor
94984,Lamium album,OpenWetPoor
94985,Lamium album,OpenWetPoor
94986,Lamium album,OpenWetPoor
94987,Lamium album,OpenWetPoor
94988,Lamium album,OpenWetPoor
94989,Lamium album,OpenWetPoor
94990,Lamium album,OpenWetPoor
94991,Lamium album,OpenWetPoor
94992,Lamium album,OpenWetPoor
94993,Lamium album,OpenWetPoor
94994,Lamium album,OpenWetPoor
94995,Lamium album,OpenWetPoor
94996,Lamium album,OpenWetPoor
94997,Lamium album,OpenWetPoor
94998,Lamium album,OpenWetPoor
94999,Lamium album,OpenWetPoor
95000,Lamium album,OpenWetPoor
95001,Lamium album,OpenWetPoor
95002,Lamium album,OpenWetPoor
95003,Lamium album,OpenWetPoor
95004,Lamium album,OpenWetPoor
95005,Lamium album,OpenWetPoor
95006,Lamium album,OpenWetPoor
95007,Lamium album,OpenWetPoor
95008,Lamium album,OpenWetPoor
95009,Lamium album,OpenWetPoor
95010,Lamium album,OpenWetPoor
95011,Lamium album,OpenWetPoor
95012,Lamium album,OpenWetPoor
95013,Lamium album,OpenWetPoor
95014,Lamium album,OpenWetPoor
95015,Lamium album,OpenWetPoor
95016,Lamium album,OpenWetPoor
95017,Lamium album,OpenWetPoor
95018,Lamium album,OpenWetPoor
95573,Lamium album,OpenWetPoor
95574,Lamium album,OpenWetPoor
95575,Lamium album,OpenWetPoor
95576,Lamium album,OpenWetPoor
95577,Lamium album,OpenWetPoor
95578,Lamium album,OpenWetPoor
95579,Lamium album,OpenWetPoor
95580,Lamium album,OpenWetPoor
95581,Lamium album,OpenWetPoor
95582,Lamium album,OpenWetPoor
95583,Lamium album,OpenWetPoor
95584,Lamium album,OpenWetPoor
95585,Lamium album,OpenWetPoor
95586,Lamium album,OpenWetPoor
95587,Lamium album,OpenWetPoor
95588,Lamium album,OpenWetPoor
95589,Lamium album,OpenWetPoor
95590,Lamium album,OpenWetPoor
95591,Lamium album,OpenWetPoor
95592,Lamium album,OpenWetPoor
95593,Lamium album,OpenWetPoor
95594,Lamium album,OpenWetPoor
95595,Lamium album,OpenWetPoor
95596,Lamium album,OpenWetPoor
95597,Lamium album,OpenWetPoor
95598,Lamium album,OpenWetPoor
95599,Lamium album,OpenWetPoor
95600,Lamium album,OpenWetPoor
95601,Lamium album,OpenWetPoor
95602,Lamium album,OpenWetPoor
95603,Lamium album,OpenWetPoor
95604,Lamium album,OpenWetPoor
95605,Lamium album,OpenWetPoor
95606,Lamium album,OpenWetPoor
95607,Lamium album,OpenWetPoor
95608,Lamium album,OpenWetPoor
95609,Lamium album,OpenWetPoor
95610,Lamium album,OpenWetPoor
95611,Lamium album,OpenWetPoor
95612,Lamium album,OpenWetPoor
95613,Lamium album,OpenWetPoor
95614,Lamium album,OpenWetPoor
95615,Lamium album,OpenWetPoor
95616,Lamium album,OpenWetPoor
95617,Lamium album,OpenWetPoor
96172,Lamium album,OpenWetPoor
96173,Lamium album,OpenWetPoor
96174,Lamium album,OpenWetPoor
96175,Lamium album,OpenWetPoor
96176,Lamium album,OpenWetPoor
96177,Lamium album,OpenWetPoor
96178,Lamium album,OpenWetPoor
96179,Lamium album,OpenWetPoor
96180,Lamium album,OpenWetPoor
96181,Lamium album,OpenWetPoor
96182,Lamium album,OpenWetPoor
96183,Lamium album,OpenWetPoor
96184,Lamium album,OpenWetPoor
96185,Lamium album,OpenWetPoor
96186,Lamium album,OpenWetPoor
96187,Lamium album,OpenWetPoor
96188,Lamium album,OpenWetPoor
96189,Lamium album,OpenWetPoor
96190,Lamium album,OpenWetPoor
96191,Lamium album,OpenWetPoor
96192,Lamium album,OpenWetPoor
96193,Lamium album,OpenWetPoor
96194,Lamium album,OpenWetPoor
96195,Lamium album,OpenWetPoor
96196,Lamium album,OpenWetPoor
96197,Lamium album,OpenWetPoor
96198,Lamium album,OpenWetPoor
96199,Lamium album,OpenWetPoor
96200,Lamium album,OpenWetPoor
96201,Lamium album,OpenWetPoor
96202,Lamium album,OpenWetPoor
96203,Lamium album,OpenWetPoor
96204,Lamium album,OpenWetPoor
96205,Lamium album,OpenWetPoor
96206,Lamium album,OpenWetPoor
96207,Lamium album,OpenWetPoor
96208,Lamium album,OpenWetPoor
96209,Lamium album,OpenWetPoor
96210,Lamium album,OpenWetPoor
96211,Lamium album,OpenWetPoor
96212,Lamium album,OpenWetPoor
96213,Lamium album,OpenWetPoor
96214,Lamium album,OpenWetPoor
96215,Lamium album,OpenWetPoor
96216,Lamium album,OpenWetPoor
96771,Lamium album,OpenWetPoor
96772,Lamium album,OpenWetPoor
96773,Lamium album,OpenWetPoor
96774,Lamium album,OpenWetPoor
96775,Lamium album,OpenWetPoor
96776,Lamium album,OpenWetPoor
96777,Lamium album,OpenWetPoor
96778,Lamium album,OpenWetPoor
96779,Lamium album,OpenWetPoor
96780,Lamium album,OpenWetPoor
96781,Lamium album,OpenWetPoor
96782,Lamium album,OpenWetPoor
96783,Lamium album,OpenWetPoor
96784,Lamium album,OpenWetPoor
96785,Lamium album,OpenWetPoor
96786,Lamium album,OpenWetPoor
96787,Lamium album,OpenWetPoor
96788,Lamium album,OpenWetPoor
96789,Lamium album,OpenWetPoor
96790,Lamium album,OpenWetPoor
96791,Lamium album,OpenWetPoor
96792,Lamium album,OpenWetPoor
96793,Lamium album,OpenWetPoor
96794,Lamium album,OpenWetPoor
96795,Lamium album,OpenWetPoor
96796,Lamium album,OpenWetPoor
96797,Lamium album,OpenWetPoor
96798,Lamium album,OpenWetPoor
96799,Lamium album,OpenWetPoor
96800,Lamium album,OpenWetPoor
96801,Lamium album,OpenWetPoor
96802,Lamium album,OpenWetPoor
96803,Lamium album,OpenWetPoor
96804,Lamium album,OpenWetPoor
96805,Lamium album,OpenWetPoor
96806,Lamium album,OpenWetPoor
96807,Lamium album,OpenWetPoor
96808,Lamium album,OpenWetPoor
96809,Lamium album,OpenWetPoor
96810,Lamium album,OpenWetPoor
96811,Lamium album,OpenWetPoor
96812,Lamium album,OpenWetPoor
96813,Lamium album,OpenWetPoor
96814,Lamium album,OpenWetPoor
96815,Lamium album,OpenWetPoor
97370,Lamium album,OpenWetPoor
97371,Lamium album,OpenWetPoor
97372,Lamium album,OpenWetPoor
97373,Lamium album,OpenWetPoor
97374,Lamium album,OpenWetPoor
97375,Lamium album,OpenWetPoor
97376,Lamium album,OpenWetPoor
97377,Lamium album,OpenWetPoor
97378,Lamium album,OpenWetPoor
97379,Lamium album,OpenWetPoor
97380,Lamium album,OpenWetPoor
97381,Lamium album,OpenWetPoor
97382,Lamium album,OpenWetPoor
97383,Lamium album,OpenWetPoor
97384,Lamium album,OpenWetPoor
97385,Lamium album,OpenWetPoor
97386,Lamium album,OpenWetPoor
97387,Lamium album,OpenWetPoor
97388,Lamium album,OpenWetPoor
97389,Lamium album,OpenWetPoor
97390,Lamium album,OpenWetPoor
97391,Lamium album,OpenWetPoor
97392,Lamium album,OpenWetPoor
97393,Lamium album,OpenWetPoor
97394,Lamium album,OpenWetPoor
97395,Lamium album,OpenWetPoor
97396,Lamium album,OpenWetPoor
97397,Lamium album,OpenWetPoor
97398,Lamium album,OpenWetPoor
97399,Lamium album,OpenWetPoor
97400,Lamium album,OpenWetPoor
97401,Lamium album,OpenWetPoor
97402,Lamium album,OpenWetPoor
97403,Lamium album,OpenWetPoor
97404,Lamium album,OpenWetPoor
97405,Lamium album,OpenWetPoor
97406,Lamium album,OpenWetPoor
97407,Lamium album,OpenWetPoor
97408,Lamium album,OpenWetPoor
97409,Lamium album,OpenWetPoor
97410,Lamium album,OpenWetPoor
97411,Lamium album,OpenWetPoor
97412,Lamium album,OpenWetPoor
97413,Lamium album,OpenWetPoor
97414,Lamium album,OpenWetPoor
97969,Lamium album,OpenWetPoor
97970,Lamium album,OpenWetPoor
97971,Lamium album,OpenWetPoor
97972,Lamium album,OpenWetPoor
97973,Lamium album,OpenWetPoor
97974,Lamium album,OpenWetPoor
97975,Lamium album,OpenWetPoor
97976,Lamium album,OpenWetPoor
97977,Lamium album,OpenWetPoor
97978,Lamium album,OpenWetPoor
97979,Lamium album,OpenWetPoor
97980,Lamium album,OpenWetPoor
97981,Lamium album,OpenWetPoor
97982,Lamium album,OpenWetPoor
97983,Lamium album,OpenWetPoor
97984,Lamium album,OpenWetPoor
97985,Lamium album,OpenWetPoor
97986,Lamium album,OpenWetPoor
97987,Lamium album,OpenWetPoor
97988,Lamium album,OpenWetPoor
97989,Lamium album,OpenWetPoor
97990,Lamium album,OpenWetPoor
97991,Lamium album,OpenWetPoor
97992,Lamium album,OpenWetPoor
97993,Lamium album,OpenWetPoor
97994,Lamium album,OpenWetPoor
97995,Lamium album,OpenWetPoor
97996,Lamium album,OpenWetPoor
97997,Lamium album,OpenWetPoor
97998,Lamium album,OpenWetPoor
97999,Lamium album,OpenWetPoor
98000,Lamium album,OpenWetPoor
98001,Lamium album,OpenWetPoor
98002,Lamium album,OpenWetPoor
98003,Lamium album,OpenWetPoor
98004,Lamium album,OpenWetPoor
98005,Lamium album,OpenWetPoor
98006,Lamium album,OpenWetPoor
98007,Lamium album,OpenWetPoor
98008,Lamium album,OpenWetPoor
98009,Lamium album,OpenWetPoor
98010,Lamium album,OpenWetPoor
98011,Lamium album,OpenWetPoor
98012,Lamium album,OpenWetPoor
98013,Lamium album,OpenWetPoor
