170293,Centaurea cyanus,OpenDryRich
170294,Centaurea cyanus,OpenDryRich
170295,Centaurea cyanus,OpenDryRich
170296,Centaurea cyanus,OpenDryRich
170297,Centaurea cyanus,OpenDryRich
170298,Centaurea cyanus,OpenDryRich
170299,Centaurea cyanus,OpenDryRich
170300,Centaurea cyanus,OpenDryRich
170301,Centaurea cyanus,OpenDryRich
170302,Centaurea cyanus,OpenDryRich
170303,Centaurea cyanus,OpenDryRich
170304,Centaurea cyanus,OpenDryRich
170305,Centaurea cyanus,OpenDryRich
170306,Centaurea cyanus,OpenDryRich
170307,Centaurea cyanus,OpenDryRich
170308,Centaurea cyanus,OpenDryRich
170309,Centaurea cyanus,OpenDryRich
170310,Centaurea cyanus,OpenDryRich
170311,Centaurea cyanus,OpenDryRich
170312,Centaurea cyanus,OpenDryRich
170313,Centaurea cyanus,OpenDryRich
170314,Centaurea cyanus,OpenDryRich
170315,Centaurea cyanus,OpenDryRich
170316,Centaurea cyanus,OpenDryRich
170317,Centaurea cyanus,OpenDryRich
170318,Centaurea cyanus,OpenDryRich
170319,Centaurea cyanus,OpenDryRich
170320,Centaurea cyanus,OpenDryRich
170321,Centaurea cyanus,OpenDryRich
170322,Centaurea cyanus,OpenDryRich
170323,Centaurea cyanus,OpenDryRich
170324,Centaurea cyanus,OpenDryRich
170325,Centaurea cyanus,OpenDryRich
170326,Centaurea cyanus,OpenDryRich
170327,Centaurea cyanus,OpenDryRich
170328,Centaurea cyanus,OpenDryRich
170329,Centaurea cyanus,OpenDryRich
170330,Centaurea cyanus,OpenDryRich
170331,Centaurea cyanus,OpenDryRich
170332,Centaurea cyanus,OpenDryRich
170333,Centaurea cyanus,OpenDryRich
170334,Centaurea cyanus,OpenDryRich
170892,Centaurea cyanus,OpenDryRich
170893,Centaurea cyanus,OpenDryRich
170894,Centaurea cyanus,OpenDryRich
170895,Centaurea cyanus,OpenDryRich
170896,Centaurea cyanus,OpenDryRich
170897,Centaurea cyanus,OpenDryRich
170898,Centaurea cyanus,OpenDryRich
170899,Centaurea cyanus,OpenDryRich
170900,Centaurea cyanus,OpenDryRich
170901,Centaurea cyanus,OpenDryRich
170902,Centaurea cyanus,OpenDryRich
170903,Centaurea cyanus,OpenDryRich
170904,Centaurea cyanus,OpenDryRich
170905,Centaurea cyanus,OpenDryRich
170906,Centaurea cyanus,OpenDryRich
170907,Centaurea cyanus,OpenDryRich
170908,Centaurea cyanus,OpenDryRich
170909,Centaurea cyanus,OpenDryRich
170910,Centaurea cyanus,OpenDryRich
170911,Centaurea cyanus,OpenDryRich
170912,Centaurea cyanus,OpenDryRich
170913,Centaurea cyanus,OpenDryRich
170914,Centaurea cyanus,OpenDryRich
170915,Centaurea cyanus,OpenDryRich
170916,Centaurea cyanus,OpenDryRich
170917,Centaurea cyanus,OpenDryRich
170918,Centaurea cyanus,OpenDryRich
170919,Centaurea cyanus,OpenDryRich
170920,Centaurea cyanus,OpenDryRich
170921,Centaurea cyanus,OpenDryRich
170922,Centaurea cyanus,OpenDryRich
170923,Centaurea cyanus,OpenDryRich
170924,Centaurea cyanus,OpenDryRich
170925,Centaurea cyanus,OpenDryRich
170926,Centaurea cyanus,OpenDryRich
170927,Centaurea cyanus,OpenDryRich
170928,Centaurea cyanus,OpenDryRich
170929,Centaurea cyanus,OpenDryRich
170930,Centaurea cyanus,OpenDryRich
170931,Centaurea cyanus,OpenDryRich
170932,Centaurea cyanus,OpenDryRich
170933,Centaurea cyanus,OpenDryRich
171491,Centaurea cyanus,OpenDryRich
171492,Centaurea cyanus,OpenDryRich
171493,Centaurea cyanus,OpenDryRich
171494,Centaurea cyanus,OpenDryRich
171495,Centaurea cyanus,OpenDryRich
171496,Centaurea cyanus,OpenDryRich
171497,Centaurea cyanus,OpenDryRich
171498,Centaurea cyanus,OpenDryRich
171499,Centaurea cyanus,OpenDryRich
171500,Centaurea cyanus,OpenDryRich
171501,Centaurea cyanus,OpenDryRich
171502,Centaurea cyanus,OpenDryRich
171503,Centaurea cyanus,OpenDryRich
171504,Centaurea cyanus,OpenDryRich
171505,Centaurea cyanus,OpenDryRich
171506,Centaurea cyanus,OpenDryRich
171507,Centaurea cyanus,OpenDryRich
171508,Centaurea cyanus,OpenDryRich
171509,Centaurea cyanus,OpenDryRich
171510,Centaurea cyanus,OpenDryRich
171511,Centaurea cyanus,OpenDryRich
171512,Centaurea cyanus,OpenDryRich
171513,Centaurea cyanus,OpenDryRich
171514,Centaurea cyanus,OpenDryRich
171515,Centaurea cyanus,OpenDryRich
171516,Centaurea cyanus,OpenDryRich
171517,Centaurea cyanus,OpenDryRich
171518,Centaurea cyanus,OpenDryRich
171519,Centaurea cyanus,OpenDryRich
171520,Centaurea cyanus,OpenDryRich
171521,Centaurea cyanus,OpenDryRich
171522,Centaurea cyanus,OpenDryRich
171523,Centaurea cyanus,OpenDryRich
171524,Centaurea cyanus,OpenDryRich
171525,Centaurea cyanus,OpenDryRich
171526,Centaurea cyanus,OpenDryRich
171527,Centaurea cyanus,OpenDryRich
171528,Centaurea cyanus,OpenDryRich
171529,Centaurea cyanus,OpenDryRich
171530,Centaurea cyanus,OpenDryRich
171531,Centaurea cyanus,OpenDryRich
171532,Centaurea cyanus,OpenDryRich
172090,Centaurea cyanus,OpenDryRich
172091,Centaurea cyanus,OpenDryRich
172092,Centaurea cyanus,OpenDryRich
172093,Centaurea cyanus,OpenDryRich
172094,Centaurea cyanus,OpenDryRich
172095,Centaurea cyanus,OpenDryRich
172096,Centaurea cyanus,OpenDryRich
172097,Centaurea cyanus,OpenDryRich
172098,Centaurea cyanus,OpenDryRich
172099,Centaurea cyanus,OpenDryRich
172100,Centaurea cyanus,OpenDryRich
172101,Centaurea cyanus,OpenDryRich
172102,Centaurea cyanus,OpenDryRich
172103,Centaurea cyanus,OpenDryRich
172104,Centaurea cyanus,OpenDryRich
172105,Centaurea cyanus,OpenDryRich
172106,Centaurea cyanus,OpenDryRich
172107,Centaurea cyanus,OpenDryRich
172108,Centaurea cyanus,OpenDryRich
172109,Centaurea cyanus,OpenDryRich
172110,Centaurea cyanus,OpenDryRich
172111,Centaurea cyanus,OpenDryRich
172112,Centaurea cyanus,OpenDryRich
172113,Centaurea cyanus,OpenDryRich
172114,Centaurea cyanus,OpenDryRich
172115,Centaurea cyanus,OpenDryRich
172116,Centaurea cyanus,OpenDryRich
172117,Centaurea cyanus,OpenDryRich
172118,Centaurea cyanus,OpenDryRich
172119,Centaurea cyanus,OpenDryRich
172120,Centaurea cyanus,OpenDryRich
172121,Centaurea cyanus,OpenDryRich
172122,Centaurea cyanus,OpenDryRich
172123,Centaurea cyanus,OpenDryRich
172124,Centaurea cyanus,OpenDryRich
172125,Centaurea cyanus,OpenDryRich
172126,Centaurea cyanus,OpenDryRich
172127,Centaurea cyanus,OpenDryRich
172128,Centaurea cyanus,OpenDryRich
172129,Centaurea cyanus,OpenDryRich
172130,Centaurea cyanus,OpenDryRich
172131,Centaurea cyanus,OpenDryRich
172689,Centaurea cyanus,OpenDryRich
172690,Centaurea cyanus,OpenDryRich
172691,Centaurea cyanus,OpenDryRich
172692,Centaurea cyanus,OpenDryRich
172693,Centaurea cyanus,OpenDryRich
172694,Centaurea cyanus,OpenDryRich
172695,Centaurea cyanus,OpenDryRich
172696,Centaurea cyanus,OpenDryRich
172697,Centaurea cyanus,OpenDryRich
172698,Centaurea cyanus,OpenDryRich
172699,Centaurea cyanus,OpenDryRich
172700,Centaurea cyanus,OpenDryRich
172701,Centaurea cyanus,OpenDryRich
172702,Centaurea cyanus,OpenDryRich
172703,Centaurea cyanus,OpenDryRich
172704,Centaurea cyanus,OpenDryRich
172705,Centaurea cyanus,OpenDryRich
172706,Centaurea cyanus,OpenDryRich
172707,Centaurea cyanus,OpenDryRich
172708,Centaurea cyanus,OpenDryRich
172709,Centaurea cyanus,OpenDryRich
172710,Centaurea cyanus,OpenDryRich
172711,Centaurea cyanus,OpenDryRich
172712,Centaurea cyanus,OpenDryRich
172713,Centaurea cyanus,OpenDryRich
172714,Centaurea cyanus,OpenDryRich
172715,Centaurea cyanus,OpenDryRich
172716,Centaurea cyanus,OpenDryRich
172717,Centaurea cyanus,OpenDryRich
172718,Centaurea cyanus,OpenDryRich
172719,Centaurea cyanus,OpenDryRich
172720,Centaurea cyanus,OpenDryRich
172721,Centaurea cyanus,OpenDryRich
172722,Centaurea cyanus,OpenDryRich
172723,Centaurea cyanus,OpenDryRich
172724,Centaurea cyanus,OpenDryRich
172725,Centaurea cyanus,OpenDryRich
172726,Centaurea cyanus,OpenDryRich
172727,Centaurea cyanus,OpenDryRich
172728,Centaurea cyanus,OpenDryRich
172729,Centaurea cyanus,OpenDryRich
172730,Centaurea cyanus,OpenDryRich
173288,Centaurea cyanus,OpenDryRich
173289,Centaurea cyanus,OpenDryRich
173290,Centaurea cyanus,OpenDryRich
173291,Centaurea cyanus,OpenDryRich
173292,Centaurea cyanus,OpenDryRich
173293,Centaurea cyanus,OpenDryRich
173294,Centaurea cyanus,OpenDryRich
173295,Centaurea cyanus,OpenDryRich
173296,Centaurea cyanus,OpenDryRich
173297,Centaurea cyanus,OpenDryRich
173298,Centaurea cyanus,OpenDryRich
173299,Centaurea cyanus,OpenDryRich
173300,Centaurea cyanus,OpenDryRich
173301,Centaurea cyanus,OpenDryRich
173302,Centaurea cyanus,OpenDryRich
173303,Centaurea cyanus,OpenDryRich
173304,Centaurea cyanus,OpenDryRich
173305,Centaurea cyanus,OpenDryRich
173306,Centaurea cyanus,OpenDryRich
173307,Centaurea cyanus,OpenDryRich
173308,Centaurea cyanus,OpenDryRich
173309,Centaurea cyanus,OpenDryRich
173310,Centaurea cyanus,OpenDryRich
173311,Centaurea cyanus,OpenDryRich
173312,Centaurea cyanus,OpenDryRich
173313,Centaurea cyanus,OpenDryRich
173314,Centaurea cyanus,OpenDryRich
173315,Centaurea cyanus,OpenDryRich
173316,Centaurea cyanus,OpenDryRich
173317,Centaurea cyanus,OpenDryRich
173318,Centaurea cyanus,OpenDryRich
173319,Centaurea cyanus,OpenDryRich
173320,Centaurea cyanus,OpenDryRich
173321,Centaurea cyanus,OpenDryRich
173322,Centaurea cyanus,OpenDryRich
173323,Centaurea cyanus,OpenDryRich
173324,Centaurea cyanus,OpenDryRich
173325,Centaurea cyanus,OpenDryRich
173326,Centaurea cyanus,OpenDryRich
173327,Centaurea cyanus,OpenDryRich
173328,Centaurea cyanus,OpenDryRich
173887,Centaurea cyanus,OpenDryRich
173888,Centaurea cyanus,OpenDryRich
173889,Centaurea cyanus,OpenDryRich
173890,Centaurea cyanus,OpenDryRich
173891,Centaurea cyanus,OpenDryRich
173892,Centaurea cyanus,OpenDryRich
173893,Centaurea cyanus,OpenDryRich
173894,Centaurea cyanus,OpenDryRich
173895,Centaurea cyanus,OpenDryRich
173896,Centaurea cyanus,OpenDryRich
173897,Centaurea cyanus,OpenDryRich
173898,Centaurea cyanus,OpenDryRich
173899,Centaurea cyanus,OpenDryRich
173900,Centaurea cyanus,OpenDryRich
173901,Centaurea cyanus,OpenDryRich
173902,Centaurea cyanus,OpenDryRich
173903,Centaurea cyanus,OpenDryRich
173904,Centaurea cyanus,OpenDryRich
173905,Centaurea cyanus,OpenDryRich
173906,Centaurea cyanus,OpenDryRich
173907,Centaurea cyanus,OpenDryRich
173908,Centaurea cyanus,OpenDryRich
173909,Centaurea cyanus,OpenDryRich
173910,Centaurea cyanus,OpenDryRich
173911,Centaurea cyanus,OpenDryRich
173912,Centaurea cyanus,OpenDryRich
173913,Centaurea cyanus,OpenDryRich
173914,Centaurea cyanus,OpenDryRich
173915,Centaurea cyanus,OpenDryRich
173916,Centaurea cyanus,OpenDryRich
173917,Centaurea cyanus,OpenDryRich
173918,Centaurea cyanus,OpenDryRich
173919,Centaurea cyanus,OpenDryRich
173920,Centaurea cyanus,OpenDryRich
173921,Centaurea cyanus,OpenDryRich
173922,Centaurea cyanus,OpenDryRich
173923,Centaurea cyanus,OpenDryRich
173924,Centaurea cyanus,OpenDryRich
173925,Centaurea cyanus,OpenDryRich
173926,Centaurea cyanus,OpenDryRich
173927,Centaurea cyanus,OpenDryRich
174486,Centaurea cyanus,OpenDryRich
174487,Centaurea cyanus,OpenDryRich
174488,Centaurea cyanus,OpenDryRich
174489,Centaurea cyanus,OpenDryRich
174490,Centaurea cyanus,OpenDryRich
174491,Centaurea cyanus,OpenDryRich
174492,Centaurea cyanus,OpenDryRich
174493,Centaurea cyanus,OpenDryRich
174494,Centaurea cyanus,OpenDryRich
174495,Centaurea cyanus,OpenDryRich
174496,Centaurea cyanus,OpenDryRich
174497,Centaurea cyanus,OpenDryRich
174498,Centaurea cyanus,OpenDryRich
174499,Centaurea cyanus,OpenDryRich
174500,Centaurea cyanus,OpenDryRich
174501,Centaurea cyanus,OpenDryRich
174502,Centaurea cyanus,OpenDryRich
174503,Centaurea cyanus,OpenDryRich
174504,Centaurea cyanus,OpenDryRich
174505,Centaurea cyanus,OpenDryRich
174506,Centaurea cyanus,OpenDryRich
174507,Centaurea cyanus,OpenDryRich
174508,Centaurea cyanus,OpenDryRich
174509,Centaurea cyanus,OpenDryRich
174510,Centaurea cyanus,OpenDryRich
174511,Centaurea cyanus,OpenDryRich
174512,Centaurea cyanus,OpenDryRich
174513,Centaurea cyanus,OpenDryRich
174514,Centaurea cyanus,OpenDryRich
174515,Centaurea cyanus,OpenDryRich
174516,Centaurea cyanus,OpenDryRich
174517,Centaurea cyanus,OpenDryRich
174518,Centaurea cyanus,OpenDryRich
174519,Centaurea cyanus,OpenDryRich
174520,Centaurea cyanus,OpenDryRich
174521,Centaurea cyanus,OpenDryRich
174522,Centaurea cyanus,OpenDryRich
174523,Centaurea cyanus,OpenDryRich
174524,Centaurea cyanus,OpenDryRich
174525,Centaurea cyanus,OpenDryRich
174526,Centaurea cyanus,OpenDryRich
175085,Centaurea cyanus,OpenDryRich
175086,Centaurea cyanus,OpenDryRich
175087,Centaurea cyanus,OpenDryRich
175088,Centaurea cyanus,OpenDryRich
175089,Centaurea cyanus,OpenDryRich
175090,Centaurea cyanus,OpenDryRich
175091,Centaurea cyanus,OpenDryRich
175092,Centaurea cyanus,OpenDryRich
175093,Centaurea cyanus,OpenDryRich
175094,Centaurea cyanus,OpenDryRich
175095,Centaurea cyanus,OpenDryRich
175096,Centaurea cyanus,OpenDryRich
175097,Centaurea cyanus,OpenDryRich
175098,Centaurea cyanus,OpenDryRich
175099,Centaurea cyanus,OpenDryRich
175100,Centaurea cyanus,OpenDryRich
175101,Centaurea cyanus,OpenDryRich
175102,Centaurea cyanus,OpenDryRich
175103,Centaurea cyanus,OpenDryRich
175104,Centaurea cyanus,OpenDryRich
175105,Centaurea cyanus,OpenDryRich
175106,Centaurea cyanus,OpenDryRich
175107,Centaurea cyanus,OpenDryRich
175108,Centaurea cyanus,OpenDryRich
175109,Centaurea cyanus,OpenDryRich
175110,Centaurea cyanus,OpenDryRich
175111,Centaurea cyanus,OpenDryRich
175112,Centaurea cyanus,OpenDryRich
175113,Centaurea cyanus,OpenDryRich
175114,Centaurea cyanus,OpenDryRich
175115,Centaurea cyanus,OpenDryRich
175116,Centaurea cyanus,OpenDryRich
175117,Centaurea cyanus,OpenDryRich
175118,Centaurea cyanus,OpenDryRich
175119,Centaurea cyanus,OpenDryRich
175120,Centaurea cyanus,OpenDryRich
175121,Centaurea cyanus,OpenDryRich
175122,Centaurea cyanus,OpenDryRich
175123,Centaurea cyanus,OpenDryRich
175124,Centaurea cyanus,OpenDryRich
175125,Centaurea cyanus,OpenDryRich
175684,Centaurea cyanus,OpenDryRich
175685,Centaurea cyanus,OpenDryRich
175686,Centaurea cyanus,OpenDryRich
175687,Centaurea cyanus,OpenDryRich
175688,Centaurea cyanus,OpenDryRich
175689,Centaurea cyanus,OpenDryRich
175690,Centaurea cyanus,OpenDryRich
175691,Centaurea cyanus,OpenDryRich
175692,Centaurea cyanus,OpenDryRich
175693,Centaurea cyanus,OpenDryRich
175694,Centaurea cyanus,OpenDryRich
175695,Centaurea cyanus,OpenDryRich
175696,Centaurea cyanus,OpenDryRich
175697,Centaurea cyanus,OpenDryRich
175698,Centaurea cyanus,OpenDryRich
175699,Centaurea cyanus,OpenDryRich
175700,Centaurea cyanus,OpenDryRich
175701,Centaurea cyanus,OpenDryRich
175702,Centaurea cyanus,OpenDryRich
175703,Centaurea cyanus,OpenDryRich
175704,Centaurea cyanus,OpenDryRich
175705,Centaurea cyanus,OpenDryRich
175706,Centaurea cyanus,OpenDryRich
175707,Centaurea cyanus,OpenDryRich
175708,Centaurea cyanus,OpenDryRich
175709,Centaurea cyanus,OpenDryRich
175710,Centaurea cyanus,OpenDryRich
175711,Centaurea cyanus,OpenDryRich
175712,Centaurea cyanus,OpenDryRich
175713,Centaurea cyanus,OpenDryRich
175714,Centaurea cyanus,OpenDryRich
175715,Centaurea cyanus,OpenDryRich
175716,Centaurea cyanus,OpenDryRich
175717,Centaurea cyanus,OpenDryRich
175718,Centaurea cyanus,OpenDryRich
175719,Centaurea cyanus,OpenDryRich
175720,Centaurea cyanus,OpenDryRich
175721,Centaurea cyanus,OpenDryRich
175722,Centaurea cyanus,OpenDryRich
175723,Centaurea cyanus,OpenDryRich
176283,Centaurea cyanus,OpenDryRich
176284,Centaurea cyanus,OpenDryRich
176285,Centaurea cyanus,OpenDryRich
176286,Centaurea cyanus,OpenDryRich
176287,Centaurea cyanus,OpenDryRich
176288,Centaurea cyanus,OpenDryRich
176289,Centaurea cyanus,OpenDryRich
176290,Centaurea cyanus,OpenDryRich
176291,Centaurea cyanus,OpenDryRich
176292,Centaurea cyanus,OpenDryRich
176293,Centaurea cyanus,OpenDryRich
176294,Centaurea cyanus,OpenDryRich
176295,Centaurea cyanus,OpenDryRich
176296,Centaurea cyanus,OpenDryRich
176297,Centaurea cyanus,OpenDryRich
176298,Centaurea cyanus,OpenDryRich
176299,Centaurea cyanus,OpenDryRich
176300,Centaurea cyanus,OpenDryRich
176301,Centaurea cyanus,OpenDryRich
176302,Centaurea cyanus,OpenDryRich
176303,Centaurea cyanus,OpenDryRich
176304,Centaurea cyanus,OpenDryRich
176305,Centaurea cyanus,OpenDryRich
176306,Centaurea cyanus,OpenDryRich
176307,Centaurea cyanus,OpenDryRich
176308,Centaurea cyanus,OpenDryRich
176309,Centaurea cyanus,OpenDryRich
176310,Centaurea cyanus,OpenDryRich
176311,Centaurea cyanus,OpenDryRich
176312,Centaurea cyanus,OpenDryRich
176313,Centaurea cyanus,OpenDryRich
176314,Centaurea cyanus,OpenDryRich
176315,Centaurea cyanus,OpenDryRich
176316,Centaurea cyanus,OpenDryRich
176317,Centaurea cyanus,OpenDryRich
176318,Centaurea cyanus,OpenDryRich
176319,Centaurea cyanus,OpenDryRich
176320,Centaurea cyanus,OpenDryRich
176321,Centaurea cyanus,OpenDryRich
176322,Centaurea cyanus,OpenDryRich
176882,Centaurea cyanus,OpenDryRich
176883,Centaurea cyanus,OpenDryRich
176884,Centaurea cyanus,OpenDryRich
176885,Centaurea cyanus,OpenDryRich
176886,Centaurea cyanus,OpenDryRich
176887,Centaurea cyanus,OpenDryRich
176888,Centaurea cyanus,OpenDryRich
176889,Centaurea cyanus,OpenDryRich
176890,Centaurea cyanus,OpenDryRich
176891,Centaurea cyanus,OpenDryRich
176892,Centaurea cyanus,OpenDryRich
176893,Centaurea cyanus,OpenDryRich
176894,Centaurea cyanus,OpenDryRich
176895,Centaurea cyanus,OpenDryRich
176896,Centaurea cyanus,OpenDryRich
176897,Centaurea cyanus,OpenDryRich
176898,Centaurea cyanus,OpenDryRich
176899,Centaurea cyanus,OpenDryRich
176900,Centaurea cyanus,OpenDryRich
176901,Centaurea cyanus,OpenDryRich
176902,Centaurea cyanus,OpenDryRich
176903,Centaurea cyanus,OpenDryRich
176904,Centaurea cyanus,OpenDryRich
176905,Centaurea cyanus,OpenDryRich
176906,Centaurea cyanus,OpenDryRich
176907,Centaurea cyanus,OpenDryRich
176908,Centaurea cyanus,OpenDryRich
176909,Centaurea cyanus,OpenDryRich
176910,Centaurea cyanus,OpenDryRich
176911,Centaurea cyanus,OpenDryRich
176912,Centaurea cyanus,OpenDryRich
176913,Centaurea cyanus,OpenDryRich
176914,Centaurea cyanus,OpenDryRich
176915,Centaurea cyanus,OpenDryRich
176916,Centaurea cyanus,OpenDryRich
176917,Centaurea cyanus,OpenDryRich
176918,Centaurea cyanus,OpenDryRich
176919,Centaurea cyanus,OpenDryRich
176920,Centaurea cyanus,OpenDryRich
176921,Centaurea cyanus,OpenDryRich
177481,Centaurea cyanus,OpenDryRich
177482,Centaurea cyanus,OpenDryRich
177483,Centaurea cyanus,OpenDryRich
177484,Centaurea cyanus,OpenDryRich
177485,Centaurea cyanus,OpenDryRich
177486,Centaurea cyanus,OpenDryRich
177487,Centaurea cyanus,OpenDryRich
177488,Centaurea cyanus,OpenDryRich
177489,Centaurea cyanus,OpenDryRich
177490,Centaurea cyanus,OpenDryRich
177491,Centaurea cyanus,OpenDryRich
177492,Centaurea cyanus,OpenDryRich
177493,Centaurea cyanus,OpenDryRich
177494,Centaurea cyanus,OpenDryRich
177495,Centaurea cyanus,OpenDryRich
177496,Centaurea cyanus,OpenDryRich
177497,Centaurea cyanus,OpenDryRich
177498,Centaurea cyanus,OpenDryRich
177499,Centaurea cyanus,OpenDryRich
177500,Centaurea cyanus,OpenDryRich
177501,Centaurea cyanus,OpenDryRich
177502,Centaurea cyanus,OpenDryRich
177503,Centaurea cyanus,OpenDryRich
177504,Centaurea cyanus,OpenDryRich
177505,Centaurea cyanus,OpenDryRich
177506,Centaurea cyanus,OpenDryRich
177507,Centaurea cyanus,OpenDryRich
177508,Centaurea cyanus,OpenDryRich
177509,Centaurea cyanus,OpenDryRich
177510,Centaurea cyanus,OpenDryRich
177511,Centaurea cyanus,OpenDryRich
177512,Centaurea cyanus,OpenDryRich
177513,Centaurea cyanus,OpenDryRich
177514,Centaurea cyanus,OpenDryRich
177515,Centaurea cyanus,OpenDryRich
177516,Centaurea cyanus,OpenDryRich
177517,Centaurea cyanus,OpenDryRich
177518,Centaurea cyanus,OpenDryRich
177519,Centaurea cyanus,OpenDryRich
178080,Centaurea cyanus,OpenDryRich
178081,Centaurea cyanus,OpenDryRich
178082,Centaurea cyanus,OpenDryRich
178083,Centaurea cyanus,OpenDryRich
178084,Centaurea cyanus,OpenDryRich
178085,Centaurea cyanus,OpenDryRich
178086,Centaurea cyanus,OpenDryRich
178087,Centaurea cyanus,OpenDryRich
178088,Centaurea cyanus,OpenDryRich
178089,Centaurea cyanus,OpenDryRich
178090,Centaurea cyanus,OpenDryRich
178091,Centaurea cyanus,OpenDryRich
178092,Centaurea cyanus,OpenDryRich
178093,Centaurea cyanus,OpenDryRich
178094,Centaurea cyanus,OpenDryRich
178095,Centaurea cyanus,OpenDryRich
178096,Centaurea cyanus,OpenDryRich
178097,Centaurea cyanus,OpenDryRich
178098,Centaurea cyanus,OpenDryRich
178099,Centaurea cyanus,OpenDryRich
178100,Centaurea cyanus,OpenDryRich
178101,Centaurea cyanus,OpenDryRich
178102,Centaurea cyanus,OpenDryRich
178103,Centaurea cyanus,OpenDryRich
178104,Centaurea cyanus,OpenDryRich
178105,Centaurea cyanus,OpenDryRich
178106,Centaurea cyanus,OpenDryRich
178107,Centaurea cyanus,OpenDryRich
178108,Centaurea cyanus,OpenDryRich
178109,Centaurea cyanus,OpenDryRich
178110,Centaurea cyanus,OpenDryRich
178111,Centaurea cyanus,OpenDryRich
178112,Centaurea cyanus,OpenDryRich
178113,Centaurea cyanus,OpenDryRich
178114,Centaurea cyanus,OpenDryRich
178115,Centaurea cyanus,OpenDryRich
178116,Centaurea cyanus,OpenDryRich
178117,Centaurea cyanus,OpenDryRich
178118,Centaurea cyanus,OpenDryRich
178679,Centaurea cyanus,OpenDryRich
178680,Centaurea cyanus,OpenDryRich
178681,Centaurea cyanus,OpenDryRich
178682,Centaurea cyanus,OpenDryRich
178683,Centaurea cyanus,OpenDryRich
178684,Centaurea cyanus,OpenDryRich
178685,Centaurea cyanus,OpenDryRich
178686,Centaurea cyanus,OpenDryRich
178687,Centaurea cyanus,OpenDryRich
178688,Centaurea cyanus,OpenDryRich
178689,Centaurea cyanus,OpenDryRich
178690,Centaurea cyanus,OpenDryRich
178691,Centaurea cyanus,OpenDryRich
178692,Centaurea cyanus,OpenDryRich
178693,Centaurea cyanus,OpenDryRich
178694,Centaurea cyanus,OpenDryRich
178695,Centaurea cyanus,OpenDryRich
178696,Centaurea cyanus,OpenDryRich
178697,Centaurea cyanus,OpenDryRich
178698,Centaurea cyanus,OpenDryRich
178699,Centaurea cyanus,OpenDryRich
178700,Centaurea cyanus,OpenDryRich
178701,Centaurea cyanus,OpenDryRich
178702,Centaurea cyanus,OpenDryRich
178703,Centaurea cyanus,OpenDryRich
178704,Centaurea cyanus,OpenDryRich
178705,Centaurea cyanus,OpenDryRich
178706,Centaurea cyanus,OpenDryRich
178707,Centaurea cyanus,OpenDryRich
178708,Centaurea cyanus,OpenDryRich
178709,Centaurea cyanus,OpenDryRich
178710,Centaurea cyanus,OpenDryRich
178711,Centaurea cyanus,OpenDryRich
178712,Centaurea cyanus,OpenDryRich
178713,Centaurea cyanus,OpenDryRich
178714,Centaurea cyanus,OpenDryRich
178715,Centaurea cyanus,OpenDryRich
178716,Centaurea cyanus,OpenDryRich
178717,Centaurea cyanus,OpenDryRich
179278,Centaurea cyanus,OpenDryRich
179279,Centaurea cyanus,OpenDryRich
179280,Centaurea cyanus,OpenDryRich
179281,Centaurea cyanus,OpenDryRich
179282,Centaurea cyanus,OpenDryRich
179283,Centaurea cyanus,OpenDryRich
179284,Centaurea cyanus,OpenDryRich
179285,Centaurea cyanus,OpenDryRich
179286,Centaurea cyanus,OpenDryRich
179287,Centaurea cyanus,OpenDryRich
179288,Centaurea cyanus,OpenDryRich
179289,Centaurea cyanus,OpenDryRich
179290,Centaurea cyanus,OpenDryRich
179291,Centaurea cyanus,OpenDryRich
179292,Centaurea cyanus,OpenDryRich
179293,Centaurea cyanus,OpenDryRich
179294,Centaurea cyanus,OpenDryRich
179295,Centaurea cyanus,OpenDryRich
179296,Centaurea cyanus,OpenDryRich
179297,Centaurea cyanus,OpenDryRich
179298,Centaurea cyanus,OpenDryRich
179299,Centaurea cyanus,OpenDryRich
179300,Centaurea cyanus,OpenDryRich
179301,Centaurea cyanus,OpenDryRich
179302,Centaurea cyanus,OpenDryRich
179303,Centaurea cyanus,OpenDryRich
179304,Centaurea cyanus,OpenDryRich
179305,Centaurea cyanus,OpenDryRich
179306,Centaurea cyanus,OpenDryRich
179307,Centaurea cyanus,OpenDryRich
179308,Centaurea cyanus,OpenDryRich
179309,Centaurea cyanus,OpenDryRich
179310,Centaurea cyanus,OpenDryRich
179311,Centaurea cyanus,OpenDryRich
179312,Centaurea cyanus,OpenDryRich
179313,Centaurea cyanus,OpenDryRich
179314,Centaurea cyanus,OpenDryRich
179315,Centaurea cyanus,OpenDryRich
179877,Centaurea cyanus,OpenDryRich
179878,Centaurea cyanus,OpenDryRich
179879,Centaurea cyanus,OpenDryRich
179880,Centaurea cyanus,OpenDryRich
179881,Centaurea cyanus,OpenDryRich
179882,Centaurea cyanus,OpenDryRich
179883,Centaurea cyanus,OpenDryRich
179884,Centaurea cyanus,OpenDryRich
179885,Centaurea cyanus,OpenDryRich
179886,Centaurea cyanus,OpenDryRich
179887,Centaurea cyanus,OpenDryRich
179888,Centaurea cyanus,OpenDryRich
179889,Centaurea cyanus,OpenDryRich
179890,Centaurea cyanus,OpenDryRich
179891,Centaurea cyanus,OpenDryRich
179892,Centaurea cyanus,OpenDryRich
179893,Centaurea cyanus,OpenDryRich
179894,Centaurea cyanus,OpenDryRich
179895,Centaurea cyanus,OpenDryRich
179896,Centaurea cyanus,OpenDryRich
179897,Centaurea cyanus,OpenDryRich
179898,Centaurea cyanus,OpenDryRich
179899,Centaurea cyanus,OpenDryRich
179900,Centaurea cyanus,OpenDryRich
179901,Centaurea cyanus,OpenDryRich
179902,Centaurea cyanus,OpenDryRich
179903,Centaurea cyanus,OpenDryRich
179904,Centaurea cyanus,OpenDryRich
179905,Centaurea cyanus,OpenDryRich
179906,Centaurea cyanus,OpenDryRich
179907,Centaurea cyanus,OpenDryRich
179908,Centaurea cyanus,OpenDryRich
179909,Centaurea cyanus,OpenDryRich
179910,Centaurea cyanus,OpenDryRich
179911,Centaurea cyanus,OpenDryRich
179912,Centaurea cyanus,OpenDryRich
179913,Centaurea cyanus,OpenDryRich
179914,Centaurea cyanus,OpenDryRich
180476,Centaurea cyanus,OpenDryRich
180477,Centaurea cyanus,OpenDryRich
180478,Centaurea cyanus,OpenDryRich
180479,Centaurea cyanus,OpenDryRich
180480,Centaurea cyanus,OpenDryRich
180481,Centaurea cyanus,OpenDryRich
180482,Centaurea cyanus,OpenDryRich
180483,Centaurea cyanus,OpenDryRich
180484,Centaurea cyanus,OpenDryRich
180485,Centaurea cyanus,OpenDryRich
180486,Centaurea cyanus,OpenDryRich
180487,Centaurea cyanus,OpenDryRich
180488,Centaurea cyanus,OpenDryRich
180489,Centaurea cyanus,OpenDryRich
180490,Centaurea cyanus,OpenDryRich
180491,Centaurea cyanus,OpenDryRich
180492,Centaurea cyanus,OpenDryRich
180493,Centaurea cyanus,OpenDryRich
180494,Centaurea cyanus,OpenDryRich
180495,Centaurea cyanus,OpenDryRich
180496,Centaurea cyanus,OpenDryRich
180497,Centaurea cyanus,OpenDryRich
180498,Centaurea cyanus,OpenDryRich
180499,Centaurea cyanus,OpenDryRich
180500,Centaurea cyanus,OpenDryRich
180501,Centaurea cyanus,OpenDryRich
180502,Centaurea cyanus,OpenDryRich
180503,Centaurea cyanus,OpenDryRich
180504,Centaurea cyanus,OpenDryRich
180505,Centaurea cyanus,OpenDryRich
180506,Centaurea cyanus,OpenDryRich
180507,Centaurea cyanus,OpenDryRich
180508,Centaurea cyanus,OpenDryRich
180509,Centaurea cyanus,OpenDryRich
180510,Centaurea cyanus,OpenDryRich
180511,Centaurea cyanus,OpenDryRich
180512,Centaurea cyanus,OpenDryRich
181075,Centaurea cyanus,OpenDryRich
181076,Centaurea cyanus,OpenDryRich
181077,Centaurea cyanus,OpenDryRich
181078,Centaurea cyanus,OpenDryRich
181079,Centaurea cyanus,OpenDryRich
181080,Centaurea cyanus,OpenDryRich
181081,Centaurea cyanus,OpenDryRich
181082,Centaurea cyanus,OpenDryRich
181083,Centaurea cyanus,OpenDryRich
181084,Centaurea cyanus,OpenDryRich
181085,Centaurea cyanus,OpenDryRich
181086,Centaurea cyanus,OpenDryRich
181087,Centaurea cyanus,OpenDryRich
181088,Centaurea cyanus,OpenDryRich
181089,Centaurea cyanus,OpenDryRich
181090,Centaurea cyanus,OpenDryRich
181091,Centaurea cyanus,OpenDryRich
181092,Centaurea cyanus,OpenDryRich
181093,Centaurea cyanus,OpenDryRich
181094,Centaurea cyanus,OpenDryRich
181095,Centaurea cyanus,OpenDryRich
181096,Centaurea cyanus,OpenDryRich
181097,Centaurea cyanus,OpenDryRich
181098,Centaurea cyanus,OpenDryRich
181099,Centaurea cyanus,OpenDryRich
181100,Centaurea cyanus,OpenDryRich
181101,Centaurea cyanus,OpenDryRich
181102,Centaurea cyanus,OpenDryRich
181103,Centaurea cyanus,OpenDryRich
181104,Centaurea cyanus,OpenDryRich
181105,Centaurea cyanus,OpenDryRich
181106,Centaurea cyanus,OpenDryRich
181107,Centaurea cyanus,OpenDryRich
181108,Centaurea cyanus,OpenDryRich
181109,Centaurea cyanus,OpenDryRich
181110,Centaurea cyanus,OpenDryRich
181111,Centaurea cyanus,OpenDryRich
181674,Centaurea cyanus,OpenDryRich
181675,Centaurea cyanus,OpenDryRich
181676,Centaurea cyanus,OpenDryRich
181677,Centaurea cyanus,OpenDryRich
181678,Centaurea cyanus,OpenDryRich
181679,Centaurea cyanus,OpenDryRich
181680,Centaurea cyanus,OpenDryRich
181681,Centaurea cyanus,OpenDryRich
181682,Centaurea cyanus,OpenDryRich
181683,Centaurea cyanus,OpenDryRich
181684,Centaurea cyanus,OpenDryRich
181685,Centaurea cyanus,OpenDryRich
181686,Centaurea cyanus,OpenDryRich
181687,Centaurea cyanus,OpenDryRich
181688,Centaurea cyanus,OpenDryRich
181689,Centaurea cyanus,OpenDryRich
181690,Centaurea cyanus,OpenDryRich
181691,Centaurea cyanus,OpenDryRich
181692,Centaurea cyanus,OpenDryRich
181693,Centaurea cyanus,OpenDryRich
181694,Centaurea cyanus,OpenDryRich
181695,Centaurea cyanus,OpenDryRich
181696,Centaurea cyanus,OpenDryRich
181697,Centaurea cyanus,OpenDryRich
181698,Centaurea cyanus,OpenDryRich
181699,Centaurea cyanus,OpenDryRich
181700,Centaurea cyanus,OpenDryRich
181701,Centaurea cyanus,OpenDryRich
181702,Centaurea cyanus,OpenDryRich
181703,Centaurea cyanus,OpenDryRich
181704,Centaurea cyanus,OpenDryRich
181705,Centaurea cyanus,OpenDryRich
181706,Centaurea cyanus,OpenDryRich
181707,Centaurea cyanus,OpenDryRich
181708,Centaurea cyanus,OpenDryRich
181709,Centaurea cyanus,OpenDryRich
182273,Centaurea cyanus,OpenDryRich
182274,Centaurea cyanus,OpenDryRich
182275,Centaurea cyanus,OpenDryRich
182276,Centaurea cyanus,OpenDryRich
182277,Centaurea cyanus,OpenDryRich
182278,Centaurea cyanus,OpenDryRich
182279,Centaurea cyanus,OpenDryRich
182280,Centaurea cyanus,OpenDryRich
182281,Centaurea cyanus,OpenDryRich
182282,Centaurea cyanus,OpenDryRich
182283,Centaurea cyanus,OpenDryRich
182284,Centaurea cyanus,OpenDryRich
182285,Centaurea cyanus,OpenDryRich
182286,Centaurea cyanus,OpenDryRich
182287,Centaurea cyanus,OpenDryRich
182288,Centaurea cyanus,OpenDryRich
182289,Centaurea cyanus,OpenDryRich
182290,Centaurea cyanus,OpenDryRich
182291,Centaurea cyanus,OpenDryRich
182292,Centaurea cyanus,OpenDryRich
182293,Centaurea cyanus,OpenDryRich
182294,Centaurea cyanus,OpenDryRich
182295,Centaurea cyanus,OpenDryRich
182296,Centaurea cyanus,OpenDryRich
182297,Centaurea cyanus,OpenDryRich
182298,Centaurea cyanus,OpenDryRich
182299,Centaurea cyanus,OpenDryRich
182300,Centaurea cyanus,OpenDryRich
182301,Centaurea cyanus,OpenDryRich
182302,Centaurea cyanus,OpenDryRich
182303,Centaurea cyanus,OpenDryRich
182304,Centaurea cyanus,OpenDryRich
182305,Centaurea cyanus,OpenDryRich
182306,Centaurea cyanus,OpenDryRich
182307,Centaurea cyanus,OpenDryRich
182308,Centaurea cyanus,OpenDryRich
182872,Centaurea cyanus,OpenDryRich
182873,Centaurea cyanus,OpenDryRich
182874,Centaurea cyanus,OpenDryRich
182875,Centaurea cyanus,OpenDryRich
182876,Centaurea cyanus,OpenDryRich
182877,Centaurea cyanus,OpenDryRich
182878,Centaurea cyanus,OpenDryRich
182879,Centaurea cyanus,OpenDryRich
182880,Centaurea cyanus,OpenDryRich
182881,Centaurea cyanus,OpenDryRich
182882,Centaurea cyanus,OpenDryRich
182883,Centaurea cyanus,OpenDryRich
182884,Centaurea cyanus,OpenDryRich
182885,Centaurea cyanus,OpenDryRich
182886,Centaurea cyanus,OpenDryRich
182887,Centaurea cyanus,OpenDryRich
182888,Centaurea cyanus,OpenDryRich
182889,Centaurea cyanus,OpenDryRich
182890,Centaurea cyanus,OpenDryRich
182891,Centaurea cyanus,OpenDryRich
182892,Centaurea cyanus,OpenDryRich
182893,Centaurea cyanus,OpenDryRich
182894,Centaurea cyanus,OpenDryRich
182895,Centaurea cyanus,OpenDryRich
182896,Centaurea cyanus,OpenDryRich
182897,Centaurea cyanus,OpenDryRich
182898,Centaurea cyanus,OpenDryRich
182899,Centaurea cyanus,OpenDryRich
182900,Centaurea cyanus,OpenDryRich
182901,Centaurea cyanus,OpenDryRich
182902,Centaurea cyanus,OpenDryRich
182903,Centaurea cyanus,OpenDryRich
182904,Centaurea cyanus,OpenDryRich
182905,Centaurea cyanus,OpenDryRich
182906,Centaurea cyanus,OpenDryRich
183471,Centaurea cyanus,OpenDryRich
183472,Centaurea cyanus,OpenDryRich
183473,Centaurea cyanus,OpenDryRich
183474,Centaurea cyanus,OpenDryRich
183475,Centaurea cyanus,OpenDryRich
183476,Centaurea cyanus,OpenDryRich
183477,Centaurea cyanus,OpenDryRich
183478,Centaurea cyanus,OpenDryRich
183479,Centaurea cyanus,OpenDryRich
183480,Centaurea cyanus,OpenDryRich
183481,Centaurea cyanus,OpenDryRich
183482,Centaurea cyanus,OpenDryRich
183483,Centaurea cyanus,OpenDryRich
183484,Centaurea cyanus,OpenDryRich
183485,Centaurea cyanus,OpenDryRich
183486,Centaurea cyanus,OpenDryRich
183487,Centaurea cyanus,OpenDryRich
183488,Centaurea cyanus,OpenDryRich
183489,Centaurea cyanus,OpenDryRich
183490,Centaurea cyanus,OpenDryRich
183491,Centaurea cyanus,OpenDryRich
183492,Centaurea cyanus,OpenDryRich
183493,Centaurea cyanus,OpenDryRich
183494,Centaurea cyanus,OpenDryRich
183495,Centaurea cyanus,OpenDryRich
183496,Centaurea cyanus,OpenDryRich
183497,Centaurea cyanus,OpenDryRich
183498,Centaurea cyanus,OpenDryRich
183499,Centaurea cyanus,OpenDryRich
183500,Centaurea cyanus,OpenDryRich
183501,Centaurea cyanus,OpenDryRich
183502,Centaurea cyanus,OpenDryRich
183503,Centaurea cyanus,OpenDryRich
183504,Centaurea cyanus,OpenDryRich
184070,Centaurea cyanus,OpenDryRich
184071,Centaurea cyanus,OpenDryRich
184072,Centaurea cyanus,OpenDryRich
184073,Centaurea cyanus,OpenDryRich
184074,Centaurea cyanus,OpenDryRich
184075,Centaurea cyanus,OpenDryRich
184076,Centaurea cyanus,OpenDryRich
184077,Centaurea cyanus,OpenDryRich
184078,Centaurea cyanus,OpenDryRich
184079,Centaurea cyanus,OpenDryRich
184080,Centaurea cyanus,OpenDryRich
184081,Centaurea cyanus,OpenDryRich
184082,Centaurea cyanus,OpenDryRich
184083,Centaurea cyanus,OpenDryRich
184084,Centaurea cyanus,OpenDryRich
184085,Centaurea cyanus,OpenDryRich
184086,Centaurea cyanus,OpenDryRich
184087,Centaurea cyanus,OpenDryRich
184088,Centaurea cyanus,OpenDryRich
184089,Centaurea cyanus,OpenDryRich
184090,Centaurea cyanus,OpenDryRich
184091,Centaurea cyanus,OpenDryRich
184092,Centaurea cyanus,OpenDryRich
184093,Centaurea cyanus,OpenDryRich
184094,Centaurea cyanus,OpenDryRich
184095,Centaurea cyanus,OpenDryRich
184096,Centaurea cyanus,OpenDryRich
184097,Centaurea cyanus,OpenDryRich
184098,Centaurea cyanus,OpenDryRich
184099,Centaurea cyanus,OpenDryRich
184100,Centaurea cyanus,OpenDryRich
184101,Centaurea cyanus,OpenDryRich
184102,Centaurea cyanus,OpenDryRich
184103,Centaurea cyanus,OpenDryRich
184669,Centaurea cyanus,OpenDryRich
184670,Centaurea cyanus,OpenDryRich
184671,Centaurea cyanus,OpenDryRich
184672,Centaurea cyanus,OpenDryRich
184673,Centaurea cyanus,OpenDryRich
184674,Centaurea cyanus,OpenDryRich
184675,Centaurea cyanus,OpenDryRich
184676,Centaurea cyanus,OpenDryRich
184677,Centaurea cyanus,OpenDryRich
184678,Centaurea cyanus,OpenDryRich
184679,Centaurea cyanus,OpenDryRich
184680,Centaurea cyanus,OpenDryRich
184681,Centaurea cyanus,OpenDryRich
184682,Centaurea cyanus,OpenDryRich
184683,Centaurea cyanus,OpenDryRich
184684,Centaurea cyanus,OpenDryRich
184685,Centaurea cyanus,OpenDryRich
184686,Centaurea cyanus,OpenDryRich
184687,Centaurea cyanus,OpenDryRich
184688,Centaurea cyanus,OpenDryRich
184689,Centaurea cyanus,OpenDryRich
184690,Centaurea cyanus,OpenDryRich
184691,Centaurea cyanus,OpenDryRich
184692,Centaurea cyanus,OpenDryRich
184693,Centaurea cyanus,OpenDryRich
184694,Centaurea cyanus,OpenDryRich
184695,Centaurea cyanus,OpenDryRich
184696,Centaurea cyanus,OpenDryRich
184697,Centaurea cyanus,OpenDryRich
184698,Centaurea cyanus,OpenDryRich
184699,Centaurea cyanus,OpenDryRich
184700,Centaurea cyanus,OpenDryRich
184701,Centaurea cyanus,OpenDryRich
185268,Centaurea cyanus,OpenDryRich
185269,Centaurea cyanus,OpenDryRich
185270,Centaurea cyanus,OpenDryRich
185271,Centaurea cyanus,OpenDryRich
185272,Centaurea cyanus,OpenDryRich
185273,Centaurea cyanus,OpenDryRich
185274,Centaurea cyanus,OpenDryRich
185275,Centaurea cyanus,OpenDryRich
185276,Centaurea cyanus,OpenDryRich
185277,Centaurea cyanus,OpenDryRich
185278,Centaurea cyanus,OpenDryRich
185279,Centaurea cyanus,OpenDryRich
185280,Centaurea cyanus,OpenDryRich
185281,Centaurea cyanus,OpenDryRich
185282,Centaurea cyanus,OpenDryRich
185283,Centaurea cyanus,OpenDryRich
185284,Centaurea cyanus,OpenDryRich
185285,Centaurea cyanus,OpenDryRich
185286,Centaurea cyanus,OpenDryRich
185287,Centaurea cyanus,OpenDryRich
185288,Centaurea cyanus,OpenDryRich
185289,Centaurea cyanus,OpenDryRich
185290,Centaurea cyanus,OpenDryRich
185291,Centaurea cyanus,OpenDryRich
185292,Centaurea cyanus,OpenDryRich
185293,Centaurea cyanus,OpenDryRich
185294,Centaurea cyanus,OpenDryRich
185295,Centaurea cyanus,OpenDryRich
185296,Centaurea cyanus,OpenDryRich
185297,Centaurea cyanus,OpenDryRich
185298,Centaurea cyanus,OpenDryRich
185299,Centaurea cyanus,OpenDryRich
185867,Centaurea cyanus,OpenDryRich
185868,Centaurea cyanus,OpenDryRich
185869,Centaurea cyanus,OpenDryRich
185870,Centaurea cyanus,OpenDryRich
185871,Centaurea cyanus,OpenDryRich
185872,Centaurea cyanus,OpenDryRich
185873,Centaurea cyanus,OpenDryRich
185874,Centaurea cyanus,OpenDryRich
185875,Centaurea cyanus,OpenDryRich
185876,Centaurea cyanus,OpenDryRich
185877,Centaurea cyanus,OpenDryRich
185878,Centaurea cyanus,OpenDryRich
185879,Centaurea cyanus,OpenDryRich
185880,Centaurea cyanus,OpenDryRich
185881,Centaurea cyanus,OpenDryRich
185882,Centaurea cyanus,OpenDryRich
185883,Centaurea cyanus,OpenDryRich
185884,Centaurea cyanus,OpenDryRich
185885,Centaurea cyanus,OpenDryRich
185886,Centaurea cyanus,OpenDryRich
185887,Centaurea cyanus,OpenDryRich
185888,Centaurea cyanus,OpenDryRich
185889,Centaurea cyanus,OpenDryRich
185890,Centaurea cyanus,OpenDryRich
185891,Centaurea cyanus,OpenDryRich
185892,Centaurea cyanus,OpenDryRich
185893,Centaurea cyanus,OpenDryRich
185894,Centaurea cyanus,OpenDryRich
185895,Centaurea cyanus,OpenDryRich
185896,Centaurea cyanus,OpenDryRich
185897,Centaurea cyanus,OpenDryRich
186466,Centaurea cyanus,OpenDryRich
186467,Centaurea cyanus,OpenDryRich
186468,Centaurea cyanus,OpenDryRich
186469,Centaurea cyanus,OpenDryRich
186470,Centaurea cyanus,OpenDryRich
186471,Centaurea cyanus,OpenDryRich
186472,Centaurea cyanus,OpenDryRich
186473,Centaurea cyanus,OpenDryRich
186474,Centaurea cyanus,OpenDryRich
186475,Centaurea cyanus,OpenDryRich
186476,Centaurea cyanus,OpenDryRich
186477,Centaurea cyanus,OpenDryRich
186478,Centaurea cyanus,OpenDryRich
186479,Centaurea cyanus,OpenDryRich
186480,Centaurea cyanus,OpenDryRich
186481,Centaurea cyanus,OpenDryRich
186482,Centaurea cyanus,OpenDryRich
186483,Centaurea cyanus,OpenDryRich
186484,Centaurea cyanus,OpenDryRich
186485,Centaurea cyanus,OpenDryRich
186486,Centaurea cyanus,OpenDryRich
186487,Centaurea cyanus,OpenDryRich
186488,Centaurea cyanus,OpenDryRich
186489,Centaurea cyanus,OpenDryRich
186490,Centaurea cyanus,OpenDryRich
186491,Centaurea cyanus,OpenDryRich
186492,Centaurea cyanus,OpenDryRich
186493,Centaurea cyanus,OpenDryRich
186494,Centaurea cyanus,OpenDryRich
186495,Centaurea cyanus,OpenDryRich
186496,Centaurea cyanus,OpenDryRich
187065,Centaurea cyanus,OpenDryRich
187066,Centaurea cyanus,OpenDryRich
187067,Centaurea cyanus,OpenDryRich
187068,Centaurea cyanus,OpenDryRich
187069,Centaurea cyanus,OpenDryRich
187070,Centaurea cyanus,OpenDryRich
187071,Centaurea cyanus,OpenDryRich
187072,Centaurea cyanus,OpenDryRich
187073,Centaurea cyanus,OpenDryRich
187074,Centaurea cyanus,OpenDryRich
187075,Centaurea cyanus,OpenDryRich
187076,Centaurea cyanus,OpenDryRich
187077,Centaurea cyanus,OpenDryRich
187078,Centaurea cyanus,OpenDryRich
187079,Centaurea cyanus,OpenDryRich
187080,Centaurea cyanus,OpenDryRich
187081,Centaurea cyanus,OpenDryRich
187082,Centaurea cyanus,OpenDryRich
187083,Centaurea cyanus,OpenDryRich
187084,Centaurea cyanus,OpenDryRich
187085,Centaurea cyanus,OpenDryRich
187086,Centaurea cyanus,OpenDryRich
187087,Centaurea cyanus,OpenDryRich
187088,Centaurea cyanus,OpenDryRich
187089,Centaurea cyanus,OpenDryRich
187090,Centaurea cyanus,OpenDryRich
187091,Centaurea cyanus,OpenDryRich
187092,Centaurea cyanus,OpenDryRich
187093,Centaurea cyanus,OpenDryRich
187094,Centaurea cyanus,OpenDryRich
187664,Centaurea cyanus,OpenDryRich
187665,Centaurea cyanus,OpenDryRich
187666,Centaurea cyanus,OpenDryRich
187667,Centaurea cyanus,OpenDryRich
187668,Centaurea cyanus,OpenDryRich
187669,Centaurea cyanus,OpenDryRich
187670,Centaurea cyanus,OpenDryRich
187671,Centaurea cyanus,OpenDryRich
187672,Centaurea cyanus,OpenDryRich
187673,Centaurea cyanus,OpenDryRich
187674,Centaurea cyanus,OpenDryRich
187675,Centaurea cyanus,OpenDryRich
187676,Centaurea cyanus,OpenDryRich
187677,Centaurea cyanus,OpenDryRich
187678,Centaurea cyanus,OpenDryRich
187679,Centaurea cyanus,OpenDryRich
187680,Centaurea cyanus,OpenDryRich
187681,Centaurea cyanus,OpenDryRich
187682,Centaurea cyanus,OpenDryRich
187683,Centaurea cyanus,OpenDryRich
187684,Centaurea cyanus,OpenDryRich
187685,Centaurea cyanus,OpenDryRich
187686,Centaurea cyanus,OpenDryRich
187687,Centaurea cyanus,OpenDryRich
187688,Centaurea cyanus,OpenDryRich
187689,Centaurea cyanus,OpenDryRich
187690,Centaurea cyanus,OpenDryRich
187691,Centaurea cyanus,OpenDryRich
187692,Centaurea cyanus,OpenDryRich
188263,Centaurea cyanus,OpenDryRich
188264,Centaurea cyanus,OpenDryRich
188265,Centaurea cyanus,OpenDryRich
188266,Centaurea cyanus,OpenDryRich
188267,Centaurea cyanus,OpenDryRich
188268,Centaurea cyanus,OpenDryRich
188269,Centaurea cyanus,OpenDryRich
188270,Centaurea cyanus,OpenDryRich
188271,Centaurea cyanus,OpenDryRich
188272,Centaurea cyanus,OpenDryRich
188273,Centaurea cyanus,OpenDryRich
188274,Centaurea cyanus,OpenDryRich
188275,Centaurea cyanus,OpenDryRich
188276,Centaurea cyanus,OpenDryRich
188277,Centaurea cyanus,OpenDryRich
188278,Centaurea cyanus,OpenDryRich
188279,Centaurea cyanus,OpenDryRich
188280,Centaurea cyanus,OpenDryRich
188281,Centaurea cyanus,OpenDryRich
188282,Centaurea cyanus,OpenDryRich
188283,Centaurea cyanus,OpenDryRich
188284,Centaurea cyanus,OpenDryRich
188285,Centaurea cyanus,OpenDryRich
188286,Centaurea cyanus,OpenDryRich
188287,Centaurea cyanus,OpenDryRich
188288,Centaurea cyanus,OpenDryRich
188289,Centaurea cyanus,OpenDryRich
188290,Centaurea cyanus,OpenDryRich
188862,Centaurea cyanus,OpenDryRich
188863,Centaurea cyanus,OpenDryRich
188864,Centaurea cyanus,OpenDryRich
188865,Centaurea cyanus,OpenDryRich
188866,Centaurea cyanus,OpenDryRich
188867,Centaurea cyanus,OpenDryRich
188868,Centaurea cyanus,OpenDryRich
188869,Centaurea cyanus,OpenDryRich
188870,Centaurea cyanus,OpenDryRich
188871,Centaurea cyanus,OpenDryRich
188872,Centaurea cyanus,OpenDryRich
188873,Centaurea cyanus,OpenDryRich
188874,Centaurea cyanus,OpenDryRich
188875,Centaurea cyanus,OpenDryRich
188876,Centaurea cyanus,OpenDryRich
188877,Centaurea cyanus,OpenDryRich
188878,Centaurea cyanus,OpenDryRich
188879,Centaurea cyanus,OpenDryRich
188880,Centaurea cyanus,OpenDryRich
188881,Centaurea cyanus,OpenDryRich
188882,Centaurea cyanus,OpenDryRich
188883,Centaurea cyanus,OpenDryRich
188884,Centaurea cyanus,OpenDryRich
188885,Centaurea cyanus,OpenDryRich
188886,Centaurea cyanus,OpenDryRich
188887,Centaurea cyanus,OpenDryRich
188888,Centaurea cyanus,OpenDryRich
189461,Centaurea cyanus,OpenDryRich
189462,Centaurea cyanus,OpenDryRich
189463,Centaurea cyanus,OpenDryRich
189464,Centaurea cyanus,OpenDryRich
189465,Centaurea cyanus,OpenDryRich
189466,Centaurea cyanus,OpenDryRich
189467,Centaurea cyanus,OpenDryRich
189468,Centaurea cyanus,OpenDryRich
189469,Centaurea cyanus,OpenDryRich
189470,Centaurea cyanus,OpenDryRich
189471,Centaurea cyanus,OpenDryRich
189472,Centaurea cyanus,OpenDryRich
189473,Centaurea cyanus,OpenDryRich
189474,Centaurea cyanus,OpenDryRich
189475,Centaurea cyanus,OpenDryRich
189476,Centaurea cyanus,OpenDryRich
189477,Centaurea cyanus,OpenDryRich
189478,Centaurea cyanus,OpenDryRich
189479,Centaurea cyanus,OpenDryRich
189480,Centaurea cyanus,OpenDryRich
189481,Centaurea cyanus,OpenDryRich
189482,Centaurea cyanus,OpenDryRich
189483,Centaurea cyanus,OpenDryRich
189484,Centaurea cyanus,OpenDryRich
189485,Centaurea cyanus,OpenDryRich
189486,Centaurea cyanus,OpenDryRich
190060,Centaurea cyanus,OpenDryRich
190061,Centaurea cyanus,OpenDryRich
190062,Centaurea cyanus,OpenDryRich
190063,Centaurea cyanus,OpenDryRich
190064,Centaurea cyanus,OpenDryRich
190065,Centaurea cyanus,OpenDryRich
190066,Centaurea cyanus,OpenDryRich
190067,Centaurea cyanus,OpenDryRich
190068,Centaurea cyanus,OpenDryRich
190069,Centaurea cyanus,OpenDryRich
190070,Centaurea cyanus,OpenDryRich
190071,Centaurea cyanus,OpenDryRich
190072,Centaurea cyanus,OpenDryRich
190073,Centaurea cyanus,OpenDryRich
190074,Centaurea cyanus,OpenDryRich
190075,Centaurea cyanus,OpenDryRich
190076,Centaurea cyanus,OpenDryRich
190077,Centaurea cyanus,OpenDryRich
190078,Centaurea cyanus,OpenDryRich
190079,Centaurea cyanus,OpenDryRich
190080,Centaurea cyanus,OpenDryRich
190081,Centaurea cyanus,OpenDryRich
190082,Centaurea cyanus,OpenDryRich
190083,Centaurea cyanus,OpenDryRich
190084,Centaurea cyanus,OpenDryRich
190659,Centaurea cyanus,OpenDryRich
190660,Centaurea cyanus,OpenDryRich
190661,Centaurea cyanus,OpenDryRich
190662,Centaurea cyanus,OpenDryRich
190663,Centaurea cyanus,OpenDryRich
190664,Centaurea cyanus,OpenDryRich
190665,Centaurea cyanus,OpenDryRich
190666,Centaurea cyanus,OpenDryRich
190667,Centaurea cyanus,OpenDryRich
190668,Centaurea cyanus,OpenDryRich
190669,Centaurea cyanus,OpenDryRich
190670,Centaurea cyanus,OpenDryRich
190671,Centaurea cyanus,OpenDryRich
190672,Centaurea cyanus,OpenDryRich
190673,Centaurea cyanus,OpenDryRich
190674,Centaurea cyanus,OpenDryRich
190675,Centaurea cyanus,OpenDryRich
190676,Centaurea cyanus,OpenDryRich
190677,Centaurea cyanus,OpenDryRich
190678,Centaurea cyanus,OpenDryRich
190679,Centaurea cyanus,OpenDryRich
190680,Centaurea cyanus,OpenDryRich
190681,Centaurea cyanus,OpenDryRich
191258,Centaurea cyanus,OpenDryRich
191259,Centaurea cyanus,OpenDryRich
191260,Centaurea cyanus,OpenDryRich
191261,Centaurea cyanus,OpenDryRich
191262,Centaurea cyanus,OpenDryRich
191263,Centaurea cyanus,OpenDryRich
191264,Centaurea cyanus,OpenDryRich
191265,Centaurea cyanus,OpenDryRich
191266,Centaurea cyanus,OpenDryRich
191267,Centaurea cyanus,OpenDryRich
191268,Centaurea cyanus,OpenDryRich
191269,Centaurea cyanus,OpenDryRich
191270,Centaurea cyanus,OpenDryRich
191271,Centaurea cyanus,OpenDryRich
191272,Centaurea cyanus,OpenDryRich
191273,Centaurea cyanus,OpenDryRich
191274,Centaurea cyanus,OpenDryRich
191275,Centaurea cyanus,OpenDryRich
191276,Centaurea cyanus,OpenDryRich
191277,Centaurea cyanus,OpenDryRich
191278,Centaurea cyanus,OpenDryRich
191279,Centaurea cyanus,OpenDryRich
191857,Centaurea cyanus,OpenDryRich
191858,Centaurea cyanus,OpenDryRich
191859,Centaurea cyanus,OpenDryRich
191860,Centaurea cyanus,OpenDryRich
191861,Centaurea cyanus,OpenDryRich
191862,Centaurea cyanus,OpenDryRich
191863,Centaurea cyanus,OpenDryRich
191864,Centaurea cyanus,OpenDryRich
191865,Centaurea cyanus,OpenDryRich
191866,Centaurea cyanus,OpenDryRich
191867,Centaurea cyanus,OpenDryRich
191868,Centaurea cyanus,OpenDryRich
191869,Centaurea cyanus,OpenDryRich
191870,Centaurea cyanus,OpenDryRich
191871,Centaurea cyanus,OpenDryRich
191872,Centaurea cyanus,OpenDryRich
191873,Centaurea cyanus,OpenDryRich
191874,Centaurea cyanus,OpenDryRich
191875,Centaurea cyanus,OpenDryRich
191876,Centaurea cyanus,OpenDryRich
191877,Centaurea cyanus,OpenDryRich
192456,Centaurea cyanus,OpenDryRich
192457,Centaurea cyanus,OpenDryRich
192458,Centaurea cyanus,OpenDryRich
192459,Centaurea cyanus,OpenDryRich
192460,Centaurea cyanus,OpenDryRich
192461,Centaurea cyanus,OpenDryRich
192462,Centaurea cyanus,OpenDryRich
192463,Centaurea cyanus,OpenDryRich
192464,Centaurea cyanus,OpenDryRich
192465,Centaurea cyanus,OpenDryRich
192466,Centaurea cyanus,OpenDryRich
192467,Centaurea cyanus,OpenDryRich
192468,Centaurea cyanus,OpenDryRich
192469,Centaurea cyanus,OpenDryRich
192470,Centaurea cyanus,OpenDryRich
192471,Centaurea cyanus,OpenDryRich
192472,Centaurea cyanus,OpenDryRich
192473,Centaurea cyanus,OpenDryRich
192474,Centaurea cyanus,OpenDryRich
193055,Centaurea cyanus,OpenDryRich
193056,Centaurea cyanus,OpenDryRich
193057,Centaurea cyanus,OpenDryRich
193058,Centaurea cyanus,OpenDryRich
193059,Centaurea cyanus,OpenDryRich
193060,Centaurea cyanus,OpenDryRich
193061,Centaurea cyanus,OpenDryRich
193062,Centaurea cyanus,OpenDryRich
193063,Centaurea cyanus,OpenDryRich
193064,Centaurea cyanus,OpenDryRich
193065,Centaurea cyanus,OpenDryRich
193066,Centaurea cyanus,OpenDryRich
193067,Centaurea cyanus,OpenDryRich
193068,Centaurea cyanus,OpenDryRich
193069,Centaurea cyanus,OpenDryRich
193070,Centaurea cyanus,OpenDryRich
193071,Centaurea cyanus,OpenDryRich
193654,Centaurea cyanus,OpenDryRich
193655,Centaurea cyanus,OpenDryRich
193656,Centaurea cyanus,OpenDryRich
193657,Centaurea cyanus,OpenDryRich
193658,Centaurea cyanus,OpenDryRich
193659,Centaurea cyanus,OpenDryRich
193660,Centaurea cyanus,OpenDryRich
193661,Centaurea cyanus,OpenDryRich
193662,Centaurea cyanus,OpenDryRich
193663,Centaurea cyanus,OpenDryRich
193664,Centaurea cyanus,OpenDryRich
193665,Centaurea cyanus,OpenDryRich
193666,Centaurea cyanus,OpenDryRich
193667,Centaurea cyanus,OpenDryRich
193668,Centaurea cyanus,OpenDryRich
193669,Centaurea cyanus,OpenDryRich
194253,Centaurea cyanus,OpenDryRich
194254,Centaurea cyanus,OpenDryRich
194255,Centaurea cyanus,OpenDryRich
194256,Centaurea cyanus,OpenDryRich
194257,Centaurea cyanus,OpenDryRich
194258,Centaurea cyanus,OpenDryRich
194259,Centaurea cyanus,OpenDryRich
194260,Centaurea cyanus,OpenDryRich
194261,Centaurea cyanus,OpenDryRich
194262,Centaurea cyanus,OpenDryRich
194263,Centaurea cyanus,OpenDryRich
194264,Centaurea cyanus,OpenDryRich
194265,Centaurea cyanus,OpenDryRich
194266,Centaurea cyanus,OpenDryRich
194852,Centaurea cyanus,OpenDryRich
194853,Centaurea cyanus,OpenDryRich
194854,Centaurea cyanus,OpenDryRich
194855,Centaurea cyanus,OpenDryRich
194856,Centaurea cyanus,OpenDryRich
194857,Centaurea cyanus,OpenDryRich
194858,Centaurea cyanus,OpenDryRich
194859,Centaurea cyanus,OpenDryRich
194860,Centaurea cyanus,OpenDryRich
194861,Centaurea cyanus,OpenDryRich
194862,Centaurea cyanus,OpenDryRich
195451,Centaurea cyanus,OpenDryRich
195452,Centaurea cyanus,OpenDryRich
195453,Centaurea cyanus,OpenDryRich
195454,Centaurea cyanus,OpenDryRich
195455,Centaurea cyanus,OpenDryRich
195456,Centaurea cyanus,OpenDryRich
195457,Centaurea cyanus,OpenDryRich
195458,Centaurea cyanus,OpenDryRich
195459,Centaurea cyanus,OpenDryRich
196050,Centaurea cyanus,OpenDryRich
196051,Centaurea cyanus,OpenDryRich
196052,Centaurea cyanus,OpenDryRich
196053,Centaurea cyanus,OpenDryRich
196054,Centaurea cyanus,OpenDryRich
196649,Centaurea cyanus,OpenDryRich
