145970,Luzula pilosa,OpenDryRich
145971,Luzula pilosa,OpenDryRich
145972,Luzula pilosa,OpenDryRich
145973,Luzula pilosa,OpenDryRich
150145,Luzula pilosa,OpenDryRich
150146,Luzula pilosa,OpenDryRich
150743,Luzula pilosa,OpenDryRich
150744,Luzula pilosa,OpenDryRich
150745,Luzula pilosa,OpenDryRich
151340,Luzula pilosa,OpenDryRich
151341,Luzula pilosa,OpenDryRich
151342,Luzula pilosa,OpenDryRich
151343,Luzula pilosa,OpenDryRich
151344,Luzula pilosa,OpenDryRich
151938,Luzula pilosa,OpenDryRich
151939,Luzula pilosa,OpenDryRich
151940,Luzula pilosa,OpenDryRich
151941,Luzula pilosa,OpenDryRich
151942,Luzula pilosa,OpenDryRich
151943,Luzula pilosa,OpenDryRich
152536,Luzula pilosa,OpenDryRich
152537,Luzula pilosa,OpenDryRich
152538,Luzula pilosa,OpenDryRich
152539,Luzula pilosa,OpenDryRich
152540,Luzula pilosa,OpenDryRich
152541,Luzula pilosa,OpenDryRich
152542,Luzula pilosa,OpenDryRich
153134,Luzula pilosa,OpenDryRich
153135,Luzula pilosa,OpenDryRich
153136,Luzula pilosa,OpenDryRich
153137,Luzula pilosa,OpenDryRich
153138,Luzula pilosa,OpenDryRich
153139,Luzula pilosa,OpenDryRich
153140,Luzula pilosa,OpenDryRich
153141,Luzula pilosa,OpenDryRich
153732,Luzula pilosa,OpenDryRich
153733,Luzula pilosa,OpenDryRich
153734,Luzula pilosa,OpenDryRich
153735,Luzula pilosa,OpenDryRich
153736,Luzula pilosa,OpenDryRich
153737,Luzula pilosa,OpenDryRich
153738,Luzula pilosa,OpenDryRich
153739,Luzula pilosa,OpenDryRich
153740,Luzula pilosa,OpenDryRich
154330,Luzula pilosa,OpenDryRich
154331,Luzula pilosa,OpenDryRich
154332,Luzula pilosa,OpenDryRich
154333,Luzula pilosa,OpenDryRich
154334,Luzula pilosa,OpenDryRich
154335,Luzula pilosa,OpenDryRich
154336,Luzula pilosa,OpenDryRich
154337,Luzula pilosa,OpenDryRich
154338,Luzula pilosa,OpenDryRich
154339,Luzula pilosa,OpenDryRich
154400,Luzula pilosa,OpenDryRich
154928,Luzula pilosa,OpenDryRich
154929,Luzula pilosa,OpenDryRich
154930,Luzula pilosa,OpenDryRich
154931,Luzula pilosa,OpenDryRich
154932,Luzula pilosa,OpenDryRich
154933,Luzula pilosa,OpenDryRich
154934,Luzula pilosa,OpenDryRich
154935,Luzula pilosa,OpenDryRich
154936,Luzula pilosa,OpenDryRich
154937,Luzula pilosa,OpenDryRich
154938,Luzula pilosa,OpenDryRich
154999,Luzula pilosa,OpenDryRich
155000,Luzula pilosa,OpenDryRich
155526,Luzula pilosa,OpenDryRich
155527,Luzula pilosa,OpenDryRich
155528,Luzula pilosa,OpenDryRich
155529,Luzula pilosa,OpenDryRich
155530,Luzula pilosa,OpenDryRich
155531,Luzula pilosa,OpenDryRich
155532,Luzula pilosa,OpenDryRich
155533,Luzula pilosa,OpenDryRich
155534,Luzula pilosa,OpenDryRich
155535,Luzula pilosa,OpenDryRich
155536,Luzula pilosa,OpenDryRich
155537,Luzula pilosa,OpenDryRich
155598,Luzula pilosa,OpenDryRich
155599,Luzula pilosa,OpenDryRich
155600,Luzula pilosa,OpenDryRich
156124,Luzula pilosa,OpenDryRich
156125,Luzula pilosa,OpenDryRich
156126,Luzula pilosa,OpenDryRich
156127,Luzula pilosa,OpenDryRich
156128,Luzula pilosa,OpenDryRich
156129,Luzula pilosa,OpenDryRich
156130,Luzula pilosa,OpenDryRich
156131,Luzula pilosa,OpenDryRich
156132,Luzula pilosa,OpenDryRich
156133,Luzula pilosa,OpenDryRich
156134,Luzula pilosa,OpenDryRich
156135,Luzula pilosa,OpenDryRich
156136,Luzula pilosa,OpenDryRich
156197,Luzula pilosa,OpenDryRich
156198,Luzula pilosa,OpenDryRich
156199,Luzula pilosa,OpenDryRich
156200,Luzula pilosa,OpenDryRich
156722,Luzula pilosa,OpenDryRich
156723,Luzula pilosa,OpenDryRich
156724,Luzula pilosa,OpenDryRich
156725,Luzula pilosa,OpenDryRich
156726,Luzula pilosa,OpenDryRich
156727,Luzula pilosa,OpenDryRich
156728,Luzula pilosa,OpenDryRich
156729,Luzula pilosa,OpenDryRich
156730,Luzula pilosa,OpenDryRich
156731,Luzula pilosa,OpenDryRich
156732,Luzula pilosa,OpenDryRich
156733,Luzula pilosa,OpenDryRich
156734,Luzula pilosa,OpenDryRich
156735,Luzula pilosa,OpenDryRich
156796,Luzula pilosa,OpenDryRich
156797,Luzula pilosa,OpenDryRich
156798,Luzula pilosa,OpenDryRich
156799,Luzula pilosa,OpenDryRich
156800,Luzula pilosa,OpenDryRich
157320,Luzula pilosa,OpenDryRich
157321,Luzula pilosa,OpenDryRich
157322,Luzula pilosa,OpenDryRich
157323,Luzula pilosa,OpenDryRich
157324,Luzula pilosa,OpenDryRich
157325,Luzula pilosa,OpenDryRich
157326,Luzula pilosa,OpenDryRich
157327,Luzula pilosa,OpenDryRich
157328,Luzula pilosa,OpenDryRich
157329,Luzula pilosa,OpenDryRich
157330,Luzula pilosa,OpenDryRich
157331,Luzula pilosa,OpenDryRich
157332,Luzula pilosa,OpenDryRich
157333,Luzula pilosa,OpenDryRich
157334,Luzula pilosa,OpenDryRich
157395,Luzula pilosa,OpenDryRich
157396,Luzula pilosa,OpenDryRich
157397,Luzula pilosa,OpenDryRich
157398,Luzula pilosa,OpenDryRich
157399,Luzula pilosa,OpenDryRich
157400,Luzula pilosa,OpenDryRich
157919,Luzula pilosa,OpenDryRich
157920,Luzula pilosa,OpenDryRich
157921,Luzula pilosa,OpenDryRich
157922,Luzula pilosa,OpenDryRich
157923,Luzula pilosa,OpenDryRich
157924,Luzula pilosa,OpenDryRich
157925,Luzula pilosa,OpenDryRich
157926,Luzula pilosa,OpenDryRich
157927,Luzula pilosa,OpenDryRich
157928,Luzula pilosa,OpenDryRich
157929,Luzula pilosa,OpenDryRich
157930,Luzula pilosa,OpenDryRich
157931,Luzula pilosa,OpenDryRich
157932,Luzula pilosa,OpenDryRich
157933,Luzula pilosa,OpenDryRich
157994,Luzula pilosa,OpenDryRich
157995,Luzula pilosa,OpenDryRich
157996,Luzula pilosa,OpenDryRich
157997,Luzula pilosa,OpenDryRich
157998,Luzula pilosa,OpenDryRich
157999,Luzula pilosa,OpenDryRich
158573,Luzula pilosa,OpenDryRich
158574,Luzula pilosa,OpenDryRich
158575,Luzula pilosa,OpenDryRich
158576,Luzula pilosa,OpenDryRich
158577,Luzula pilosa,OpenDryRich
158578,Luzula pilosa,OpenDryRich
158579,Luzula pilosa,OpenDryRich
158580,Luzula pilosa,OpenDryRich
158581,Luzula pilosa,OpenDryRich
158582,Luzula pilosa,OpenDryRich
158583,Luzula pilosa,OpenDryRich
158584,Luzula pilosa,OpenDryRich
158585,Luzula pilosa,OpenDryRich
158586,Luzula pilosa,OpenDryRich
158587,Luzula pilosa,OpenDryRich
158588,Luzula pilosa,OpenDryRich
158589,Luzula pilosa,OpenDryRich
158590,Luzula pilosa,OpenDryRich
158591,Luzula pilosa,OpenDryRich
158592,Luzula pilosa,OpenDryRich
158593,Luzula pilosa,OpenDryRich
158594,Luzula pilosa,OpenDryRich
158595,Luzula pilosa,OpenDryRich
158596,Luzula pilosa,OpenDryRich
158597,Luzula pilosa,OpenDryRich
158598,Luzula pilosa,OpenDryRich
158599,Luzula pilosa,OpenDryRich
159172,Luzula pilosa,OpenDryRich
159173,Luzula pilosa,OpenDryRich
159174,Luzula pilosa,OpenDryRich
159175,Luzula pilosa,OpenDryRich
159176,Luzula pilosa,OpenDryRich
159177,Luzula pilosa,OpenDryRich
159178,Luzula pilosa,OpenDryRich
159179,Luzula pilosa,OpenDryRich
159180,Luzula pilosa,OpenDryRich
159181,Luzula pilosa,OpenDryRich
159182,Luzula pilosa,OpenDryRich
159183,Luzula pilosa,OpenDryRich
159184,Luzula pilosa,OpenDryRich
159185,Luzula pilosa,OpenDryRich
159186,Luzula pilosa,OpenDryRich
159187,Luzula pilosa,OpenDryRich
159188,Luzula pilosa,OpenDryRich
159189,Luzula pilosa,OpenDryRich
159190,Luzula pilosa,OpenDryRich
159191,Luzula pilosa,OpenDryRich
159192,Luzula pilosa,OpenDryRich
159193,Luzula pilosa,OpenDryRich
159194,Luzula pilosa,OpenDryRich
159195,Luzula pilosa,OpenDryRich
159196,Luzula pilosa,OpenDryRich
159197,Luzula pilosa,OpenDryRich
159198,Luzula pilosa,OpenDryRich
159771,Luzula pilosa,OpenDryRich
159772,Luzula pilosa,OpenDryRich
159773,Luzula pilosa,OpenDryRich
159774,Luzula pilosa,OpenDryRich
159775,Luzula pilosa,OpenDryRich
159776,Luzula pilosa,OpenDryRich
159777,Luzula pilosa,OpenDryRich
159778,Luzula pilosa,OpenDryRich
159779,Luzula pilosa,OpenDryRich
159780,Luzula pilosa,OpenDryRich
159781,Luzula pilosa,OpenDryRich
159782,Luzula pilosa,OpenDryRich
159783,Luzula pilosa,OpenDryRich
159784,Luzula pilosa,OpenDryRich
159785,Luzula pilosa,OpenDryRich
159786,Luzula pilosa,OpenDryRich
159787,Luzula pilosa,OpenDryRich
159788,Luzula pilosa,OpenDryRich
159789,Luzula pilosa,OpenDryRich
159790,Luzula pilosa,OpenDryRich
159791,Luzula pilosa,OpenDryRich
159792,Luzula pilosa,OpenDryRich
159793,Luzula pilosa,OpenDryRich
159794,Luzula pilosa,OpenDryRich
159795,Luzula pilosa,OpenDryRich
159796,Luzula pilosa,OpenDryRich
159797,Luzula pilosa,OpenDryRich
159798,Luzula pilosa,OpenDryRich
160370,Luzula pilosa,OpenDryRich
160371,Luzula pilosa,OpenDryRich
160372,Luzula pilosa,OpenDryRich
160373,Luzula pilosa,OpenDryRich
160374,Luzula pilosa,OpenDryRich
160375,Luzula pilosa,OpenDryRich
160376,Luzula pilosa,OpenDryRich
160377,Luzula pilosa,OpenDryRich
160378,Luzula pilosa,OpenDryRich
160379,Luzula pilosa,OpenDryRich
160380,Luzula pilosa,OpenDryRich
160381,Luzula pilosa,OpenDryRich
160382,Luzula pilosa,OpenDryRich
160383,Luzula pilosa,OpenDryRich
160384,Luzula pilosa,OpenDryRich
160385,Luzula pilosa,OpenDryRich
160386,Luzula pilosa,OpenDryRich
160387,Luzula pilosa,OpenDryRich
160388,Luzula pilosa,OpenDryRich
160389,Luzula pilosa,OpenDryRich
160390,Luzula pilosa,OpenDryRich
160391,Luzula pilosa,OpenDryRich
160392,Luzula pilosa,OpenDryRich
160393,Luzula pilosa,OpenDryRich
160394,Luzula pilosa,OpenDryRich
160395,Luzula pilosa,OpenDryRich
160396,Luzula pilosa,OpenDryRich
160397,Luzula pilosa,OpenDryRich
160398,Luzula pilosa,OpenDryRich
160969,Luzula pilosa,OpenDryRich
160970,Luzula pilosa,OpenDryRich
160971,Luzula pilosa,OpenDryRich
160972,Luzula pilosa,OpenDryRich
160973,Luzula pilosa,OpenDryRich
160974,Luzula pilosa,OpenDryRich
160975,Luzula pilosa,OpenDryRich
160976,Luzula pilosa,OpenDryRich
160977,Luzula pilosa,OpenDryRich
160978,Luzula pilosa,OpenDryRich
160979,Luzula pilosa,OpenDryRich
160980,Luzula pilosa,OpenDryRich
160981,Luzula pilosa,OpenDryRich
160982,Luzula pilosa,OpenDryRich
160983,Luzula pilosa,OpenDryRich
160984,Luzula pilosa,OpenDryRich
160985,Luzula pilosa,OpenDryRich
160986,Luzula pilosa,OpenDryRich
160987,Luzula pilosa,OpenDryRich
160988,Luzula pilosa,OpenDryRich
160989,Luzula pilosa,OpenDryRich
160990,Luzula pilosa,OpenDryRich
160991,Luzula pilosa,OpenDryRich
160992,Luzula pilosa,OpenDryRich
160993,Luzula pilosa,OpenDryRich
160994,Luzula pilosa,OpenDryRich
160995,Luzula pilosa,OpenDryRich
160996,Luzula pilosa,OpenDryRich
160997,Luzula pilosa,OpenDryRich
161568,Luzula pilosa,OpenDryRich
161569,Luzula pilosa,OpenDryRich
161570,Luzula pilosa,OpenDryRich
161571,Luzula pilosa,OpenDryRich
161572,Luzula pilosa,OpenDryRich
161573,Luzula pilosa,OpenDryRich
161574,Luzula pilosa,OpenDryRich
161575,Luzula pilosa,OpenDryRich
161576,Luzula pilosa,OpenDryRich
161577,Luzula pilosa,OpenDryRich
161578,Luzula pilosa,OpenDryRich
161579,Luzula pilosa,OpenDryRich
161580,Luzula pilosa,OpenDryRich
161581,Luzula pilosa,OpenDryRich
161582,Luzula pilosa,OpenDryRich
161583,Luzula pilosa,OpenDryRich
161584,Luzula pilosa,OpenDryRich
161585,Luzula pilosa,OpenDryRich
161586,Luzula pilosa,OpenDryRich
161587,Luzula pilosa,OpenDryRich
161588,Luzula pilosa,OpenDryRich
161589,Luzula pilosa,OpenDryRich
161590,Luzula pilosa,OpenDryRich
161591,Luzula pilosa,OpenDryRich
161592,Luzula pilosa,OpenDryRich
161593,Luzula pilosa,OpenDryRich
161594,Luzula pilosa,OpenDryRich
161595,Luzula pilosa,OpenDryRich
161596,Luzula pilosa,OpenDryRich
161597,Luzula pilosa,OpenDryRich
162167,Luzula pilosa,OpenDryRich
162168,Luzula pilosa,OpenDryRich
162169,Luzula pilosa,OpenDryRich
162170,Luzula pilosa,OpenDryRich
162171,Luzula pilosa,OpenDryRich
162172,Luzula pilosa,OpenDryRich
162173,Luzula pilosa,OpenDryRich
162174,Luzula pilosa,OpenDryRich
162175,Luzula pilosa,OpenDryRich
162176,Luzula pilosa,OpenDryRich
162177,Luzula pilosa,OpenDryRich
162178,Luzula pilosa,OpenDryRich
162179,Luzula pilosa,OpenDryRich
162180,Luzula pilosa,OpenDryRich
162181,Luzula pilosa,OpenDryRich
162182,Luzula pilosa,OpenDryRich
162183,Luzula pilosa,OpenDryRich
162184,Luzula pilosa,OpenDryRich
162185,Luzula pilosa,OpenDryRich
162186,Luzula pilosa,OpenDryRich
162187,Luzula pilosa,OpenDryRich
162188,Luzula pilosa,OpenDryRich
162189,Luzula pilosa,OpenDryRich
162190,Luzula pilosa,OpenDryRich
162191,Luzula pilosa,OpenDryRich
162192,Luzula pilosa,OpenDryRich
162193,Luzula pilosa,OpenDryRich
162194,Luzula pilosa,OpenDryRich
162195,Luzula pilosa,OpenDryRich
162196,Luzula pilosa,OpenDryRich
162766,Luzula pilosa,OpenDryRich
162767,Luzula pilosa,OpenDryRich
162768,Luzula pilosa,OpenDryRich
162769,Luzula pilosa,OpenDryRich
162770,Luzula pilosa,OpenDryRich
162771,Luzula pilosa,OpenDryRich
162772,Luzula pilosa,OpenDryRich
162773,Luzula pilosa,OpenDryRich
162774,Luzula pilosa,OpenDryRich
162775,Luzula pilosa,OpenDryRich
162776,Luzula pilosa,OpenDryRich
162777,Luzula pilosa,OpenDryRich
162778,Luzula pilosa,OpenDryRich
162779,Luzula pilosa,OpenDryRich
162780,Luzula pilosa,OpenDryRich
162781,Luzula pilosa,OpenDryRich
162782,Luzula pilosa,OpenDryRich
162783,Luzula pilosa,OpenDryRich
162784,Luzula pilosa,OpenDryRich
162785,Luzula pilosa,OpenDryRich
162786,Luzula pilosa,OpenDryRich
162787,Luzula pilosa,OpenDryRich
162788,Luzula pilosa,OpenDryRich
162789,Luzula pilosa,OpenDryRich
162790,Luzula pilosa,OpenDryRich
162791,Luzula pilosa,OpenDryRich
162792,Luzula pilosa,OpenDryRich
162793,Luzula pilosa,OpenDryRich
162794,Luzula pilosa,OpenDryRich
162795,Luzula pilosa,OpenDryRich
162796,Luzula pilosa,OpenDryRich
163365,Luzula pilosa,OpenDryRich
163366,Luzula pilosa,OpenDryRich
163367,Luzula pilosa,OpenDryRich
163368,Luzula pilosa,OpenDryRich
163369,Luzula pilosa,OpenDryRich
163370,Luzula pilosa,OpenDryRich
163371,Luzula pilosa,OpenDryRich
163372,Luzula pilosa,OpenDryRich
163373,Luzula pilosa,OpenDryRich
163374,Luzula pilosa,OpenDryRich
163375,Luzula pilosa,OpenDryRich
163376,Luzula pilosa,OpenDryRich
163377,Luzula pilosa,OpenDryRich
163378,Luzula pilosa,OpenDryRich
163379,Luzula pilosa,OpenDryRich
163380,Luzula pilosa,OpenDryRich
163381,Luzula pilosa,OpenDryRich
163382,Luzula pilosa,OpenDryRich
163383,Luzula pilosa,OpenDryRich
163384,Luzula pilosa,OpenDryRich
163385,Luzula pilosa,OpenDryRich
163386,Luzula pilosa,OpenDryRich
163387,Luzula pilosa,OpenDryRich
163388,Luzula pilosa,OpenDryRich
163389,Luzula pilosa,OpenDryRich
163390,Luzula pilosa,OpenDryRich
163391,Luzula pilosa,OpenDryRich
163392,Luzula pilosa,OpenDryRich
163393,Luzula pilosa,OpenDryRich
163394,Luzula pilosa,OpenDryRich
163395,Luzula pilosa,OpenDryRich
163964,Luzula pilosa,OpenDryRich
163965,Luzula pilosa,OpenDryRich
163966,Luzula pilosa,OpenDryRich
163967,Luzula pilosa,OpenDryRich
163968,Luzula pilosa,OpenDryRich
163969,Luzula pilosa,OpenDryRich
163970,Luzula pilosa,OpenDryRich
163971,Luzula pilosa,OpenDryRich
163972,Luzula pilosa,OpenDryRich
163973,Luzula pilosa,OpenDryRich
163974,Luzula pilosa,OpenDryRich
163975,Luzula pilosa,OpenDryRich
163976,Luzula pilosa,OpenDryRich
163977,Luzula pilosa,OpenDryRich
163978,Luzula pilosa,OpenDryRich
163979,Luzula pilosa,OpenDryRich
163980,Luzula pilosa,OpenDryRich
163981,Luzula pilosa,OpenDryRich
163982,Luzula pilosa,OpenDryRich
163983,Luzula pilosa,OpenDryRich
163984,Luzula pilosa,OpenDryRich
163985,Luzula pilosa,OpenDryRich
163986,Luzula pilosa,OpenDryRich
163987,Luzula pilosa,OpenDryRich
163988,Luzula pilosa,OpenDryRich
163989,Luzula pilosa,OpenDryRich
163990,Luzula pilosa,OpenDryRich
163991,Luzula pilosa,OpenDryRich
163992,Luzula pilosa,OpenDryRich
163993,Luzula pilosa,OpenDryRich
163994,Luzula pilosa,OpenDryRich
163995,Luzula pilosa,OpenDryRich
164563,Luzula pilosa,OpenDryRich
164564,Luzula pilosa,OpenDryRich
164565,Luzula pilosa,OpenDryRich
164566,Luzula pilosa,OpenDryRich
164567,Luzula pilosa,OpenDryRich
164568,Luzula pilosa,OpenDryRich
164569,Luzula pilosa,OpenDryRich
164570,Luzula pilosa,OpenDryRich
164571,Luzula pilosa,OpenDryRich
164572,Luzula pilosa,OpenDryRich
164573,Luzula pilosa,OpenDryRich
164574,Luzula pilosa,OpenDryRich
164575,Luzula pilosa,OpenDryRich
164576,Luzula pilosa,OpenDryRich
164577,Luzula pilosa,OpenDryRich
164578,Luzula pilosa,OpenDryRich
164579,Luzula pilosa,OpenDryRich
164580,Luzula pilosa,OpenDryRich
164581,Luzula pilosa,OpenDryRich
164582,Luzula pilosa,OpenDryRich
164583,Luzula pilosa,OpenDryRich
164584,Luzula pilosa,OpenDryRich
164585,Luzula pilosa,OpenDryRich
164586,Luzula pilosa,OpenDryRich
164587,Luzula pilosa,OpenDryRich
164588,Luzula pilosa,OpenDryRich
164589,Luzula pilosa,OpenDryRich
164590,Luzula pilosa,OpenDryRich
164591,Luzula pilosa,OpenDryRich
164592,Luzula pilosa,OpenDryRich
164593,Luzula pilosa,OpenDryRich
164594,Luzula pilosa,OpenDryRich
165162,Luzula pilosa,OpenDryRich
165163,Luzula pilosa,OpenDryRich
165164,Luzula pilosa,OpenDryRich
165165,Luzula pilosa,OpenDryRich
165166,Luzula pilosa,OpenDryRich
165167,Luzula pilosa,OpenDryRich
165168,Luzula pilosa,OpenDryRich
165169,Luzula pilosa,OpenDryRich
165170,Luzula pilosa,OpenDryRich
165171,Luzula pilosa,OpenDryRich
165172,Luzula pilosa,OpenDryRich
165173,Luzula pilosa,OpenDryRich
165174,Luzula pilosa,OpenDryRich
165175,Luzula pilosa,OpenDryRich
165176,Luzula pilosa,OpenDryRich
165177,Luzula pilosa,OpenDryRich
165178,Luzula pilosa,OpenDryRich
165179,Luzula pilosa,OpenDryRich
165180,Luzula pilosa,OpenDryRich
165181,Luzula pilosa,OpenDryRich
165182,Luzula pilosa,OpenDryRich
165183,Luzula pilosa,OpenDryRich
165184,Luzula pilosa,OpenDryRich
165185,Luzula pilosa,OpenDryRich
165186,Luzula pilosa,OpenDryRich
165187,Luzula pilosa,OpenDryRich
165188,Luzula pilosa,OpenDryRich
165189,Luzula pilosa,OpenDryRich
165190,Luzula pilosa,OpenDryRich
165191,Luzula pilosa,OpenDryRich
165192,Luzula pilosa,OpenDryRich
165193,Luzula pilosa,OpenDryRich
165761,Luzula pilosa,OpenDryRich
165762,Luzula pilosa,OpenDryRich
165763,Luzula pilosa,OpenDryRich
165764,Luzula pilosa,OpenDryRich
165765,Luzula pilosa,OpenDryRich
165766,Luzula pilosa,OpenDryRich
165767,Luzula pilosa,OpenDryRich
165768,Luzula pilosa,OpenDryRich
165769,Luzula pilosa,OpenDryRich
165770,Luzula pilosa,OpenDryRich
165771,Luzula pilosa,OpenDryRich
165772,Luzula pilosa,OpenDryRich
165773,Luzula pilosa,OpenDryRich
165774,Luzula pilosa,OpenDryRich
165775,Luzula pilosa,OpenDryRich
165776,Luzula pilosa,OpenDryRich
165777,Luzula pilosa,OpenDryRich
165778,Luzula pilosa,OpenDryRich
165779,Luzula pilosa,OpenDryRich
165780,Luzula pilosa,OpenDryRich
165781,Luzula pilosa,OpenDryRich
165782,Luzula pilosa,OpenDryRich
165783,Luzula pilosa,OpenDryRich
165784,Luzula pilosa,OpenDryRich
165785,Luzula pilosa,OpenDryRich
165786,Luzula pilosa,OpenDryRich
165787,Luzula pilosa,OpenDryRich
165788,Luzula pilosa,OpenDryRich
165789,Luzula pilosa,OpenDryRich
165790,Luzula pilosa,OpenDryRich
165791,Luzula pilosa,OpenDryRich
165792,Luzula pilosa,OpenDryRich
165793,Luzula pilosa,OpenDryRich
166360,Luzula pilosa,OpenDryRich
166361,Luzula pilosa,OpenDryRich
166362,Luzula pilosa,OpenDryRich
166363,Luzula pilosa,OpenDryRich
166364,Luzula pilosa,OpenDryRich
166365,Luzula pilosa,OpenDryRich
166366,Luzula pilosa,OpenDryRich
166367,Luzula pilosa,OpenDryRich
166368,Luzula pilosa,OpenDryRich
166369,Luzula pilosa,OpenDryRich
166370,Luzula pilosa,OpenDryRich
166371,Luzula pilosa,OpenDryRich
166372,Luzula pilosa,OpenDryRich
166373,Luzula pilosa,OpenDryRich
166374,Luzula pilosa,OpenDryRich
166375,Luzula pilosa,OpenDryRich
166376,Luzula pilosa,OpenDryRich
166377,Luzula pilosa,OpenDryRich
166378,Luzula pilosa,OpenDryRich
166379,Luzula pilosa,OpenDryRich
166380,Luzula pilosa,OpenDryRich
166381,Luzula pilosa,OpenDryRich
166382,Luzula pilosa,OpenDryRich
166383,Luzula pilosa,OpenDryRich
166384,Luzula pilosa,OpenDryRich
166385,Luzula pilosa,OpenDryRich
166386,Luzula pilosa,OpenDryRich
166387,Luzula pilosa,OpenDryRich
166388,Luzula pilosa,OpenDryRich
166389,Luzula pilosa,OpenDryRich
166390,Luzula pilosa,OpenDryRich
166391,Luzula pilosa,OpenDryRich
166392,Luzula pilosa,OpenDryRich
166959,Luzula pilosa,OpenDryRich
166960,Luzula pilosa,OpenDryRich
166961,Luzula pilosa,OpenDryRich
166962,Luzula pilosa,OpenDryRich
166963,Luzula pilosa,OpenDryRich
166964,Luzula pilosa,OpenDryRich
166965,Luzula pilosa,OpenDryRich
166966,Luzula pilosa,OpenDryRich
166967,Luzula pilosa,OpenDryRich
166968,Luzula pilosa,OpenDryRich
166969,Luzula pilosa,OpenDryRich
166970,Luzula pilosa,OpenDryRich
166971,Luzula pilosa,OpenDryRich
166972,Luzula pilosa,OpenDryRich
166973,Luzula pilosa,OpenDryRich
166974,Luzula pilosa,OpenDryRich
166975,Luzula pilosa,OpenDryRich
166976,Luzula pilosa,OpenDryRich
166977,Luzula pilosa,OpenDryRich
166978,Luzula pilosa,OpenDryRich
166979,Luzula pilosa,OpenDryRich
166980,Luzula pilosa,OpenDryRich
166981,Luzula pilosa,OpenDryRich
166982,Luzula pilosa,OpenDryRich
166983,Luzula pilosa,OpenDryRich
166984,Luzula pilosa,OpenDryRich
166985,Luzula pilosa,OpenDryRich
166986,Luzula pilosa,OpenDryRich
166987,Luzula pilosa,OpenDryRich
166988,Luzula pilosa,OpenDryRich
166989,Luzula pilosa,OpenDryRich
166990,Luzula pilosa,OpenDryRich
166991,Luzula pilosa,OpenDryRich
167558,Luzula pilosa,OpenDryRich
167559,Luzula pilosa,OpenDryRich
167560,Luzula pilosa,OpenDryRich
167561,Luzula pilosa,OpenDryRich
167562,Luzula pilosa,OpenDryRich
167563,Luzula pilosa,OpenDryRich
167564,Luzula pilosa,OpenDryRich
167565,Luzula pilosa,OpenDryRich
167566,Luzula pilosa,OpenDryRich
167567,Luzula pilosa,OpenDryRich
167568,Luzula pilosa,OpenDryRich
167569,Luzula pilosa,OpenDryRich
167570,Luzula pilosa,OpenDryRich
167571,Luzula pilosa,OpenDryRich
167572,Luzula pilosa,OpenDryRich
167573,Luzula pilosa,OpenDryRich
167574,Luzula pilosa,OpenDryRich
167575,Luzula pilosa,OpenDryRich
167576,Luzula pilosa,OpenDryRich
167577,Luzula pilosa,OpenDryRich
167578,Luzula pilosa,OpenDryRich
167579,Luzula pilosa,OpenDryRich
167580,Luzula pilosa,OpenDryRich
167581,Luzula pilosa,OpenDryRich
167582,Luzula pilosa,OpenDryRich
167583,Luzula pilosa,OpenDryRich
167584,Luzula pilosa,OpenDryRich
167585,Luzula pilosa,OpenDryRich
167586,Luzula pilosa,OpenDryRich
167587,Luzula pilosa,OpenDryRich
167588,Luzula pilosa,OpenDryRich
167589,Luzula pilosa,OpenDryRich
167590,Luzula pilosa,OpenDryRich
167591,Luzula pilosa,OpenDryRich
168157,Luzula pilosa,OpenDryRich
168158,Luzula pilosa,OpenDryRich
168159,Luzula pilosa,OpenDryRich
168160,Luzula pilosa,OpenDryRich
168161,Luzula pilosa,OpenDryRich
168162,Luzula pilosa,OpenDryRich
168163,Luzula pilosa,OpenDryRich
168164,Luzula pilosa,OpenDryRich
168165,Luzula pilosa,OpenDryRich
168166,Luzula pilosa,OpenDryRich
168167,Luzula pilosa,OpenDryRich
168168,Luzula pilosa,OpenDryRich
168169,Luzula pilosa,OpenDryRich
168170,Luzula pilosa,OpenDryRich
168171,Luzula pilosa,OpenDryRich
168172,Luzula pilosa,OpenDryRich
168173,Luzula pilosa,OpenDryRich
168174,Luzula pilosa,OpenDryRich
168175,Luzula pilosa,OpenDryRich
168176,Luzula pilosa,OpenDryRich
168177,Luzula pilosa,OpenDryRich
168178,Luzula pilosa,OpenDryRich
168179,Luzula pilosa,OpenDryRich
168180,Luzula pilosa,OpenDryRich
168181,Luzula pilosa,OpenDryRich
168182,Luzula pilosa,OpenDryRich
168183,Luzula pilosa,OpenDryRich
168184,Luzula pilosa,OpenDryRich
168185,Luzula pilosa,OpenDryRich
168186,Luzula pilosa,OpenDryRich
168187,Luzula pilosa,OpenDryRich
168188,Luzula pilosa,OpenDryRich
168189,Luzula pilosa,OpenDryRich
168190,Luzula pilosa,OpenDryRich
168756,Luzula pilosa,OpenDryRich
168757,Luzula pilosa,OpenDryRich
168758,Luzula pilosa,OpenDryRich
168759,Luzula pilosa,OpenDryRich
168760,Luzula pilosa,OpenDryRich
168761,Luzula pilosa,OpenDryRich
168762,Luzula pilosa,OpenDryRich
168763,Luzula pilosa,OpenDryRich
168764,Luzula pilosa,OpenDryRich
168765,Luzula pilosa,OpenDryRich
168766,Luzula pilosa,OpenDryRich
168767,Luzula pilosa,OpenDryRich
168768,Luzula pilosa,OpenDryRich
168769,Luzula pilosa,OpenDryRich
168770,Luzula pilosa,OpenDryRich
168771,Luzula pilosa,OpenDryRich
168772,Luzula pilosa,OpenDryRich
168773,Luzula pilosa,OpenDryRich
168774,Luzula pilosa,OpenDryRich
168775,Luzula pilosa,OpenDryRich
168776,Luzula pilosa,OpenDryRich
168777,Luzula pilosa,OpenDryRich
168778,Luzula pilosa,OpenDryRich
168779,Luzula pilosa,OpenDryRich
168780,Luzula pilosa,OpenDryRich
168781,Luzula pilosa,OpenDryRich
168782,Luzula pilosa,OpenDryRich
168783,Luzula pilosa,OpenDryRich
168784,Luzula pilosa,OpenDryRich
168785,Luzula pilosa,OpenDryRich
168786,Luzula pilosa,OpenDryRich
168787,Luzula pilosa,OpenDryRich
168788,Luzula pilosa,OpenDryRich
168789,Luzula pilosa,OpenDryRich
169355,Luzula pilosa,OpenDryRich
169356,Luzula pilosa,OpenDryRich
169357,Luzula pilosa,OpenDryRich
169358,Luzula pilosa,OpenDryRich
169359,Luzula pilosa,OpenDryRich
169360,Luzula pilosa,OpenDryRich
169361,Luzula pilosa,OpenDryRich
169362,Luzula pilosa,OpenDryRich
169363,Luzula pilosa,OpenDryRich
169364,Luzula pilosa,OpenDryRich
169365,Luzula pilosa,OpenDryRich
169366,Luzula pilosa,OpenDryRich
169367,Luzula pilosa,OpenDryRich
169368,Luzula pilosa,OpenDryRich
169369,Luzula pilosa,OpenDryRich
169370,Luzula pilosa,OpenDryRich
169371,Luzula pilosa,OpenDryRich
169372,Luzula pilosa,OpenDryRich
169373,Luzula pilosa,OpenDryRich
169374,Luzula pilosa,OpenDryRich
169375,Luzula pilosa,OpenDryRich
169376,Luzula pilosa,OpenDryRich
169377,Luzula pilosa,OpenDryRich
169378,Luzula pilosa,OpenDryRich
169379,Luzula pilosa,OpenDryRich
169380,Luzula pilosa,OpenDryRich
169381,Luzula pilosa,OpenDryRich
169382,Luzula pilosa,OpenDryRich
169383,Luzula pilosa,OpenDryRich
169384,Luzula pilosa,OpenDryRich
169385,Luzula pilosa,OpenDryRich
169386,Luzula pilosa,OpenDryRich
169387,Luzula pilosa,OpenDryRich
169388,Luzula pilosa,OpenDryRich
169954,Luzula pilosa,OpenDryRich
169955,Luzula pilosa,OpenDryRich
169956,Luzula pilosa,OpenDryRich
169957,Luzula pilosa,OpenDryRich
169958,Luzula pilosa,OpenDryRich
169959,Luzula pilosa,OpenDryRich
169960,Luzula pilosa,OpenDryRich
169961,Luzula pilosa,OpenDryRich
169962,Luzula pilosa,OpenDryRich
169963,Luzula pilosa,OpenDryRich
169964,Luzula pilosa,OpenDryRich
169965,Luzula pilosa,OpenDryRich
169966,Luzula pilosa,OpenDryRich
169967,Luzula pilosa,OpenDryRich
169968,Luzula pilosa,OpenDryRich
169969,Luzula pilosa,OpenDryRich
169970,Luzula pilosa,OpenDryRich
169971,Luzula pilosa,OpenDryRich
169972,Luzula pilosa,OpenDryRich
169973,Luzula pilosa,OpenDryRich
169974,Luzula pilosa,OpenDryRich
169975,Luzula pilosa,OpenDryRich
169976,Luzula pilosa,OpenDryRich
169977,Luzula pilosa,OpenDryRich
169978,Luzula pilosa,OpenDryRich
169979,Luzula pilosa,OpenDryRich
169980,Luzula pilosa,OpenDryRich
169981,Luzula pilosa,OpenDryRich
169982,Luzula pilosa,OpenDryRich
169983,Luzula pilosa,OpenDryRich
169984,Luzula pilosa,OpenDryRich
169985,Luzula pilosa,OpenDryRich
169986,Luzula pilosa,OpenDryRich
169987,Luzula pilosa,OpenDryRich
169988,Luzula pilosa,OpenDryRich
182470,Luzula pilosa,OpenDryRich
182471,Luzula pilosa,OpenDryRich
182472,Luzula pilosa,OpenDryRich
183069,Luzula pilosa,OpenDryRich
183070,Luzula pilosa,OpenDryRich
183071,Luzula pilosa,OpenDryRich
183669,Luzula pilosa,OpenDryRich
183670,Luzula pilosa,OpenDryRich
184268,Luzula pilosa,OpenDryRich
184269,Luzula pilosa,OpenDryRich
184867,Luzula pilosa,OpenDryRich
184868,Luzula pilosa,OpenDryRich
185467,Luzula pilosa,OpenDryRich
186066,Luzula pilosa,OpenDryRich
186665,Luzula pilosa,OpenDryRich
