230513,Viola odorata,ForestDryRich
230514,Viola odorata,ForestDryRich
230515,Viola odorata,ForestDryRich
230516,Viola odorata,ForestDryRich
230517,Viola odorata,ForestDryRich
230518,Viola odorata,ForestDryRich
230519,Viola odorata,ForestDryRich
231112,Viola odorata,ForestDryRich
231113,Viola odorata,ForestDryRich
231114,Viola odorata,ForestDryRich
231115,Viola odorata,ForestDryRich
231116,Viola odorata,ForestDryRich
231117,Viola odorata,ForestDryRich
231118,Viola odorata,ForestDryRich
231119,Viola odorata,ForestDryRich
231711,Viola odorata,ForestDryRich
231712,Viola odorata,ForestDryRich
231713,Viola odorata,ForestDryRich
231714,Viola odorata,ForestDryRich
231715,Viola odorata,ForestDryRich
231716,Viola odorata,ForestDryRich
231717,Viola odorata,ForestDryRich
231718,Viola odorata,ForestDryRich
231719,Viola odorata,ForestDryRich
232310,Viola odorata,ForestDryRich
232311,Viola odorata,ForestDryRich
232312,Viola odorata,ForestDryRich
232313,Viola odorata,ForestDryRich
232314,Viola odorata,ForestDryRich
232315,Viola odorata,ForestDryRich
232316,Viola odorata,ForestDryRich
232317,Viola odorata,ForestDryRich
232318,Viola odorata,ForestDryRich
232909,Viola odorata,ForestDryRich
232910,Viola odorata,ForestDryRich
232911,Viola odorata,ForestDryRich
232912,Viola odorata,ForestDryRich
232913,Viola odorata,ForestDryRich
232914,Viola odorata,ForestDryRich
232915,Viola odorata,ForestDryRich
232916,Viola odorata,ForestDryRich
232917,Viola odorata,ForestDryRich
232918,Viola odorata,ForestDryRich
233508,Viola odorata,ForestDryRich
233509,Viola odorata,ForestDryRich
233510,Viola odorata,ForestDryRich
233511,Viola odorata,ForestDryRich
233512,Viola odorata,ForestDryRich
233513,Viola odorata,ForestDryRich
233514,Viola odorata,ForestDryRich
233515,Viola odorata,ForestDryRich
233516,Viola odorata,ForestDryRich
233517,Viola odorata,ForestDryRich
234107,Viola odorata,ForestDryRich
234108,Viola odorata,ForestDryRich
234109,Viola odorata,ForestDryRich
234110,Viola odorata,ForestDryRich
234111,Viola odorata,ForestDryRich
234112,Viola odorata,ForestDryRich
234113,Viola odorata,ForestDryRich
234114,Viola odorata,ForestDryRich
234115,Viola odorata,ForestDryRich
234116,Viola odorata,ForestDryRich
234117,Viola odorata,ForestDryRich
234706,Viola odorata,ForestDryRich
234707,Viola odorata,ForestDryRich
234708,Viola odorata,ForestDryRich
234709,Viola odorata,ForestDryRich
234710,Viola odorata,ForestDryRich
234711,Viola odorata,ForestDryRich
234712,Viola odorata,ForestDryRich
234713,Viola odorata,ForestDryRich
234714,Viola odorata,ForestDryRich
234715,Viola odorata,ForestDryRich
234716,Viola odorata,ForestDryRich
234717,Viola odorata,ForestDryRich
235305,Viola odorata,ForestDryRich
235306,Viola odorata,ForestDryRich
235307,Viola odorata,ForestDryRich
235308,Viola odorata,ForestDryRich
235309,Viola odorata,ForestDryRich
235310,Viola odorata,ForestDryRich
235311,Viola odorata,ForestDryRich
235312,Viola odorata,ForestDryRich
235313,Viola odorata,ForestDryRich
235314,Viola odorata,ForestDryRich
235315,Viola odorata,ForestDryRich
235316,Viola odorata,ForestDryRich
235904,Viola odorata,ForestDryRich
235905,Viola odorata,ForestDryRich
235906,Viola odorata,ForestDryRich
235907,Viola odorata,ForestDryRich
235908,Viola odorata,ForestDryRich
235909,Viola odorata,ForestDryRich
235910,Viola odorata,ForestDryRich
235911,Viola odorata,ForestDryRich
235912,Viola odorata,ForestDryRich
235913,Viola odorata,ForestDryRich
235914,Viola odorata,ForestDryRich
235915,Viola odorata,ForestDryRich
236503,Viola odorata,ForestDryRich
236504,Viola odorata,ForestDryRich
236505,Viola odorata,ForestDryRich
236506,Viola odorata,ForestDryRich
236507,Viola odorata,ForestDryRich
236508,Viola odorata,ForestDryRich
236509,Viola odorata,ForestDryRich
236510,Viola odorata,ForestDryRich
236511,Viola odorata,ForestDryRich
236512,Viola odorata,ForestDryRich
236513,Viola odorata,ForestDryRich
236514,Viola odorata,ForestDryRich
236515,Viola odorata,ForestDryRich
237102,Viola odorata,ForestDryRich
237103,Viola odorata,ForestDryRich
237104,Viola odorata,ForestDryRich
237105,Viola odorata,ForestDryRich
237106,Viola odorata,ForestDryRich
237107,Viola odorata,ForestDryRich
237108,Viola odorata,ForestDryRich
237109,Viola odorata,ForestDryRich
237110,Viola odorata,ForestDryRich
237111,Viola odorata,ForestDryRich
237112,Viola odorata,ForestDryRich
237113,Viola odorata,ForestDryRich
237114,Viola odorata,ForestDryRich
237701,Viola odorata,ForestDryRich
237702,Viola odorata,ForestDryRich
237703,Viola odorata,ForestDryRich
237704,Viola odorata,ForestDryRich
237705,Viola odorata,ForestDryRich
237706,Viola odorata,ForestDryRich
237707,Viola odorata,ForestDryRich
237708,Viola odorata,ForestDryRich
237709,Viola odorata,ForestDryRich
237710,Viola odorata,ForestDryRich
237711,Viola odorata,ForestDryRich
237712,Viola odorata,ForestDryRich
237713,Viola odorata,ForestDryRich
237714,Viola odorata,ForestDryRich
238300,Viola odorata,ForestDryRich
238301,Viola odorata,ForestDryRich
238302,Viola odorata,ForestDryRich
238303,Viola odorata,ForestDryRich
238304,Viola odorata,ForestDryRich
238305,Viola odorata,ForestDryRich
238306,Viola odorata,ForestDryRich
238307,Viola odorata,ForestDryRich
238308,Viola odorata,ForestDryRich
238309,Viola odorata,ForestDryRich
238310,Viola odorata,ForestDryRich
238311,Viola odorata,ForestDryRich
238312,Viola odorata,ForestDryRich
238313,Viola odorata,ForestDryRich
238899,Viola odorata,ForestDryRich
238900,Viola odorata,ForestDryRich
238901,Viola odorata,ForestDryRich
238902,Viola odorata,ForestDryRich
238903,Viola odorata,ForestDryRich
238904,Viola odorata,ForestDryRich
238905,Viola odorata,ForestDryRich
238906,Viola odorata,ForestDryRich
238907,Viola odorata,ForestDryRich
238908,Viola odorata,ForestDryRich
238909,Viola odorata,ForestDryRich
238910,Viola odorata,ForestDryRich
238911,Viola odorata,ForestDryRich
238912,Viola odorata,ForestDryRich
238913,Viola odorata,ForestDryRich
239498,Viola odorata,ForestDryRich
239499,Viola odorata,ForestDryRich
239500,Viola odorata,ForestDryRich
239501,Viola odorata,ForestDryRich
239502,Viola odorata,ForestDryRich
239503,Viola odorata,ForestDryRich
239504,Viola odorata,ForestDryRich
239505,Viola odorata,ForestDryRich
239506,Viola odorata,ForestDryRich
239507,Viola odorata,ForestDryRich
239508,Viola odorata,ForestDryRich
239509,Viola odorata,ForestDryRich
239510,Viola odorata,ForestDryRich
239511,Viola odorata,ForestDryRich
239512,Viola odorata,ForestDryRich
240097,Viola odorata,ForestDryRich
240098,Viola odorata,ForestDryRich
240099,Viola odorata,ForestDryRich
240100,Viola odorata,ForestDryRich
240101,Viola odorata,ForestDryRich
240102,Viola odorata,ForestDryRich
240103,Viola odorata,ForestDryRich
240104,Viola odorata,ForestDryRich
240105,Viola odorata,ForestDryRich
240106,Viola odorata,ForestDryRich
240107,Viola odorata,ForestDryRich
240108,Viola odorata,ForestDryRich
240109,Viola odorata,ForestDryRich
240110,Viola odorata,ForestDryRich
240111,Viola odorata,ForestDryRich
240696,Viola odorata,ForestDryRich
240697,Viola odorata,ForestDryRich
240698,Viola odorata,ForestDryRich
240699,Viola odorata,ForestDryRich
240700,Viola odorata,ForestDryRich
240701,Viola odorata,ForestDryRich
240702,Viola odorata,ForestDryRich
240703,Viola odorata,ForestDryRich
240704,Viola odorata,ForestDryRich
240705,Viola odorata,ForestDryRich
240706,Viola odorata,ForestDryRich
240707,Viola odorata,ForestDryRich
240708,Viola odorata,ForestDryRich
240709,Viola odorata,ForestDryRich
240710,Viola odorata,ForestDryRich
241295,Viola odorata,ForestDryRich
241296,Viola odorata,ForestDryRich
241297,Viola odorata,ForestDryRich
241298,Viola odorata,ForestDryRich
241299,Viola odorata,ForestDryRich
241300,Viola odorata,ForestDryRich
241301,Viola odorata,ForestDryRich
241302,Viola odorata,ForestDryRich
241303,Viola odorata,ForestDryRich
241304,Viola odorata,ForestDryRich
241305,Viola odorata,ForestDryRich
241306,Viola odorata,ForestDryRich
241307,Viola odorata,ForestDryRich
241308,Viola odorata,ForestDryRich
241309,Viola odorata,ForestDryRich
241310,Viola odorata,ForestDryRich
241894,Viola odorata,ForestDryRich
241895,Viola odorata,ForestDryRich
241896,Viola odorata,ForestDryRich
241897,Viola odorata,ForestDryRich
241898,Viola odorata,ForestDryRich
241899,Viola odorata,ForestDryRich
241900,Viola odorata,ForestDryRich
241901,Viola odorata,ForestDryRich
241902,Viola odorata,ForestDryRich
241903,Viola odorata,ForestDryRich
241904,Viola odorata,ForestDryRich
241905,Viola odorata,ForestDryRich
241906,Viola odorata,ForestDryRich
241907,Viola odorata,ForestDryRich
241908,Viola odorata,ForestDryRich
241909,Viola odorata,ForestDryRich
242493,Viola odorata,ForestDryRich
242494,Viola odorata,ForestDryRich
242495,Viola odorata,ForestDryRich
242496,Viola odorata,ForestDryRich
242497,Viola odorata,ForestDryRich
242498,Viola odorata,ForestDryRich
242499,Viola odorata,ForestDryRich
242500,Viola odorata,ForestDryRich
242501,Viola odorata,ForestDryRich
242502,Viola odorata,ForestDryRich
242503,Viola odorata,ForestDryRich
242504,Viola odorata,ForestDryRich
242505,Viola odorata,ForestDryRich
242506,Viola odorata,ForestDryRich
242507,Viola odorata,ForestDryRich
242508,Viola odorata,ForestDryRich
243092,Viola odorata,ForestDryRich
243093,Viola odorata,ForestDryRich
243094,Viola odorata,ForestDryRich
243095,Viola odorata,ForestDryRich
243096,Viola odorata,ForestDryRich
243097,Viola odorata,ForestDryRich
243098,Viola odorata,ForestDryRich
243099,Viola odorata,ForestDryRich
243100,Viola odorata,ForestDryRich
243101,Viola odorata,ForestDryRich
243102,Viola odorata,ForestDryRich
243103,Viola odorata,ForestDryRich
243104,Viola odorata,ForestDryRich
243105,Viola odorata,ForestDryRich
243106,Viola odorata,ForestDryRich
243107,Viola odorata,ForestDryRich
243691,Viola odorata,ForestDryRich
243692,Viola odorata,ForestDryRich
243693,Viola odorata,ForestDryRich
243694,Viola odorata,ForestDryRich
243695,Viola odorata,ForestDryRich
243696,Viola odorata,ForestDryRich
243697,Viola odorata,ForestDryRich
243698,Viola odorata,ForestDryRich
243699,Viola odorata,ForestDryRich
243700,Viola odorata,ForestDryRich
243701,Viola odorata,ForestDryRich
243702,Viola odorata,ForestDryRich
243703,Viola odorata,ForestDryRich
243704,Viola odorata,ForestDryRich
243705,Viola odorata,ForestDryRich
243706,Viola odorata,ForestDryRich
244290,Viola odorata,ForestDryRich
244291,Viola odorata,ForestDryRich
244292,Viola odorata,ForestDryRich
244293,Viola odorata,ForestDryRich
244294,Viola odorata,ForestDryRich
244295,Viola odorata,ForestDryRich
244296,Viola odorata,ForestDryRich
244297,Viola odorata,ForestDryRich
244298,Viola odorata,ForestDryRich
244299,Viola odorata,ForestDryRich
244300,Viola odorata,ForestDryRich
244301,Viola odorata,ForestDryRich
244302,Viola odorata,ForestDryRich
244303,Viola odorata,ForestDryRich
244304,Viola odorata,ForestDryRich
244305,Viola odorata,ForestDryRich
244889,Viola odorata,ForestDryRich
244890,Viola odorata,ForestDryRich
244891,Viola odorata,ForestDryRich
244892,Viola odorata,ForestDryRich
244893,Viola odorata,ForestDryRich
244894,Viola odorata,ForestDryRich
244895,Viola odorata,ForestDryRich
244896,Viola odorata,ForestDryRich
244897,Viola odorata,ForestDryRich
244898,Viola odorata,ForestDryRich
244899,Viola odorata,ForestDryRich
244900,Viola odorata,ForestDryRich
244901,Viola odorata,ForestDryRich
244902,Viola odorata,ForestDryRich
244903,Viola odorata,ForestDryRich
244904,Viola odorata,ForestDryRich
244905,Viola odorata,ForestDryRich
245488,Viola odorata,ForestDryRich
245489,Viola odorata,ForestDryRich
245490,Viola odorata,ForestDryRich
245491,Viola odorata,ForestDryRich
245492,Viola odorata,ForestDryRich
245493,Viola odorata,ForestDryRich
245494,Viola odorata,ForestDryRich
245495,Viola odorata,ForestDryRich
245496,Viola odorata,ForestDryRich
245497,Viola odorata,ForestDryRich
245498,Viola odorata,ForestDryRich
245499,Viola odorata,ForestDryRich
245500,Viola odorata,ForestDryRich
245501,Viola odorata,ForestDryRich
245502,Viola odorata,ForestDryRich
245503,Viola odorata,ForestDryRich
245504,Viola odorata,ForestDryRich
246087,Viola odorata,ForestDryRich
246088,Viola odorata,ForestDryRich
246089,Viola odorata,ForestDryRich
246090,Viola odorata,ForestDryRich
246091,Viola odorata,ForestDryRich
246092,Viola odorata,ForestDryRich
246093,Viola odorata,ForestDryRich
246094,Viola odorata,ForestDryRich
246095,Viola odorata,ForestDryRich
246096,Viola odorata,ForestDryRich
246097,Viola odorata,ForestDryRich
246098,Viola odorata,ForestDryRich
246099,Viola odorata,ForestDryRich
246100,Viola odorata,ForestDryRich
246101,Viola odorata,ForestDryRich
246102,Viola odorata,ForestDryRich
246103,Viola odorata,ForestDryRich
246686,Viola odorata,ForestDryRich
246687,Viola odorata,ForestDryRich
246688,Viola odorata,ForestDryRich
246689,Viola odorata,ForestDryRich
246690,Viola odorata,ForestDryRich
246691,Viola odorata,ForestDryRich
246692,Viola odorata,ForestDryRich
246693,Viola odorata,ForestDryRich
246694,Viola odorata,ForestDryRich
246695,Viola odorata,ForestDryRich
246696,Viola odorata,ForestDryRich
246697,Viola odorata,ForestDryRich
246698,Viola odorata,ForestDryRich
246699,Viola odorata,ForestDryRich
246700,Viola odorata,ForestDryRich
246701,Viola odorata,ForestDryRich
246702,Viola odorata,ForestDryRich
247285,Viola odorata,ForestDryRich
247286,Viola odorata,ForestDryRich
247287,Viola odorata,ForestDryRich
247288,Viola odorata,ForestDryRich
247289,Viola odorata,ForestDryRich
247290,Viola odorata,ForestDryRich
247291,Viola odorata,ForestDryRich
247292,Viola odorata,ForestDryRich
247293,Viola odorata,ForestDryRich
247294,Viola odorata,ForestDryRich
247295,Viola odorata,ForestDryRich
247296,Viola odorata,ForestDryRich
247297,Viola odorata,ForestDryRich
247298,Viola odorata,ForestDryRich
247299,Viola odorata,ForestDryRich
247300,Viola odorata,ForestDryRich
247301,Viola odorata,ForestDryRich
247884,Viola odorata,ForestDryRich
247885,Viola odorata,ForestDryRich
247886,Viola odorata,ForestDryRich
247887,Viola odorata,ForestDryRich
247888,Viola odorata,ForestDryRich
247889,Viola odorata,ForestDryRich
247890,Viola odorata,ForestDryRich
247891,Viola odorata,ForestDryRich
247892,Viola odorata,ForestDryRich
247893,Viola odorata,ForestDryRich
247894,Viola odorata,ForestDryRich
247895,Viola odorata,ForestDryRich
247896,Viola odorata,ForestDryRich
247897,Viola odorata,ForestDryRich
247898,Viola odorata,ForestDryRich
247899,Viola odorata,ForestDryRich
247900,Viola odorata,ForestDryRich
248483,Viola odorata,ForestDryRich
248484,Viola odorata,ForestDryRich
248485,Viola odorata,ForestDryRich
248486,Viola odorata,ForestDryRich
248487,Viola odorata,ForestDryRich
248488,Viola odorata,ForestDryRich
248489,Viola odorata,ForestDryRich
248490,Viola odorata,ForestDryRich
248491,Viola odorata,ForestDryRich
248492,Viola odorata,ForestDryRich
248493,Viola odorata,ForestDryRich
248494,Viola odorata,ForestDryRich
248495,Viola odorata,ForestDryRich
248496,Viola odorata,ForestDryRich
248497,Viola odorata,ForestDryRich
248498,Viola odorata,ForestDryRich
248499,Viola odorata,ForestDryRich
249082,Viola odorata,ForestDryRich
249083,Viola odorata,ForestDryRich
249084,Viola odorata,ForestDryRich
249085,Viola odorata,ForestDryRich
249086,Viola odorata,ForestDryRich
249087,Viola odorata,ForestDryRich
249088,Viola odorata,ForestDryRich
249089,Viola odorata,ForestDryRich
249090,Viola odorata,ForestDryRich
249091,Viola odorata,ForestDryRich
249092,Viola odorata,ForestDryRich
249093,Viola odorata,ForestDryRich
249094,Viola odorata,ForestDryRich
249095,Viola odorata,ForestDryRich
249096,Viola odorata,ForestDryRich
249097,Viola odorata,ForestDryRich
249098,Viola odorata,ForestDryRich
249681,Viola odorata,ForestDryRich
249682,Viola odorata,ForestDryRich
249683,Viola odorata,ForestDryRich
249684,Viola odorata,ForestDryRich
249685,Viola odorata,ForestDryRich
249686,Viola odorata,ForestDryRich
249687,Viola odorata,ForestDryRich
249688,Viola odorata,ForestDryRich
249689,Viola odorata,ForestDryRich
249690,Viola odorata,ForestDryRich
249691,Viola odorata,ForestDryRich
249692,Viola odorata,ForestDryRich
249693,Viola odorata,ForestDryRich
249694,Viola odorata,ForestDryRich
249695,Viola odorata,ForestDryRich
249696,Viola odorata,ForestDryRich
249697,Viola odorata,ForestDryRich
250280,Viola odorata,ForestDryRich
250281,Viola odorata,ForestDryRich
250282,Viola odorata,ForestDryRich
250283,Viola odorata,ForestDryRich
250284,Viola odorata,ForestDryRich
250285,Viola odorata,ForestDryRich
250286,Viola odorata,ForestDryRich
250287,Viola odorata,ForestDryRich
250288,Viola odorata,ForestDryRich
250289,Viola odorata,ForestDryRich
250290,Viola odorata,ForestDryRich
250291,Viola odorata,ForestDryRich
250292,Viola odorata,ForestDryRich
250293,Viola odorata,ForestDryRich
250294,Viola odorata,ForestDryRich
250295,Viola odorata,ForestDryRich
250296,Viola odorata,ForestDryRich
250879,Viola odorata,ForestDryRich
250880,Viola odorata,ForestDryRich
250881,Viola odorata,ForestDryRich
250882,Viola odorata,ForestDryRich
250883,Viola odorata,ForestDryRich
250884,Viola odorata,ForestDryRich
250885,Viola odorata,ForestDryRich
250886,Viola odorata,ForestDryRich
250887,Viola odorata,ForestDryRich
250888,Viola odorata,ForestDryRich
250889,Viola odorata,ForestDryRich
250890,Viola odorata,ForestDryRich
250891,Viola odorata,ForestDryRich
250892,Viola odorata,ForestDryRich
250893,Viola odorata,ForestDryRich
250894,Viola odorata,ForestDryRich
250895,Viola odorata,ForestDryRich
251478,Viola odorata,ForestDryRich
251479,Viola odorata,ForestDryRich
251480,Viola odorata,ForestDryRich
251481,Viola odorata,ForestDryRich
251482,Viola odorata,ForestDryRich
251483,Viola odorata,ForestDryRich
251484,Viola odorata,ForestDryRich
251485,Viola odorata,ForestDryRich
251486,Viola odorata,ForestDryRich
251487,Viola odorata,ForestDryRich
251488,Viola odorata,ForestDryRich
251489,Viola odorata,ForestDryRich
251490,Viola odorata,ForestDryRich
251491,Viola odorata,ForestDryRich
251492,Viola odorata,ForestDryRich
251493,Viola odorata,ForestDryRich
251494,Viola odorata,ForestDryRich
252077,Viola odorata,ForestDryRich
252078,Viola odorata,ForestDryRich
252079,Viola odorata,ForestDryRich
252080,Viola odorata,ForestDryRich
252081,Viola odorata,ForestDryRich
252082,Viola odorata,ForestDryRich
252083,Viola odorata,ForestDryRich
252084,Viola odorata,ForestDryRich
252085,Viola odorata,ForestDryRich
252086,Viola odorata,ForestDryRich
252087,Viola odorata,ForestDryRich
252088,Viola odorata,ForestDryRich
252089,Viola odorata,ForestDryRich
252090,Viola odorata,ForestDryRich
252091,Viola odorata,ForestDryRich
252092,Viola odorata,ForestDryRich
252093,Viola odorata,ForestDryRich
252676,Viola odorata,ForestDryRich
252677,Viola odorata,ForestDryRich
252678,Viola odorata,ForestDryRich
252679,Viola odorata,ForestDryRich
252680,Viola odorata,ForestDryRich
252681,Viola odorata,ForestDryRich
252682,Viola odorata,ForestDryRich
252683,Viola odorata,ForestDryRich
252684,Viola odorata,ForestDryRich
252685,Viola odorata,ForestDryRich
252686,Viola odorata,ForestDryRich
252687,Viola odorata,ForestDryRich
252688,Viola odorata,ForestDryRich
252689,Viola odorata,ForestDryRich
252690,Viola odorata,ForestDryRich
252691,Viola odorata,ForestDryRich
253275,Viola odorata,ForestDryRich
253276,Viola odorata,ForestDryRich
253277,Viola odorata,ForestDryRich
253278,Viola odorata,ForestDryRich
253279,Viola odorata,ForestDryRich
253280,Viola odorata,ForestDryRich
253281,Viola odorata,ForestDryRich
253282,Viola odorata,ForestDryRich
253283,Viola odorata,ForestDryRich
253284,Viola odorata,ForestDryRich
253285,Viola odorata,ForestDryRich
253286,Viola odorata,ForestDryRich
253287,Viola odorata,ForestDryRich
253288,Viola odorata,ForestDryRich
253289,Viola odorata,ForestDryRich
253290,Viola odorata,ForestDryRich
253874,Viola odorata,ForestDryRich
253875,Viola odorata,ForestDryRich
253876,Viola odorata,ForestDryRich
253877,Viola odorata,ForestDryRich
253878,Viola odorata,ForestDryRich
253879,Viola odorata,ForestDryRich
253880,Viola odorata,ForestDryRich
253881,Viola odorata,ForestDryRich
253882,Viola odorata,ForestDryRich
253883,Viola odorata,ForestDryRich
253884,Viola odorata,ForestDryRich
253885,Viola odorata,ForestDryRich
253886,Viola odorata,ForestDryRich
253887,Viola odorata,ForestDryRich
253888,Viola odorata,ForestDryRich
253889,Viola odorata,ForestDryRich
254473,Viola odorata,ForestDryRich
254474,Viola odorata,ForestDryRich
254475,Viola odorata,ForestDryRich
254476,Viola odorata,ForestDryRich
254477,Viola odorata,ForestDryRich
254478,Viola odorata,ForestDryRich
254479,Viola odorata,ForestDryRich
254480,Viola odorata,ForestDryRich
254481,Viola odorata,ForestDryRich
254482,Viola odorata,ForestDryRich
254483,Viola odorata,ForestDryRich
254484,Viola odorata,ForestDryRich
254485,Viola odorata,ForestDryRich
254486,Viola odorata,ForestDryRich
254487,Viola odorata,ForestDryRich
254488,Viola odorata,ForestDryRich
255072,Viola odorata,ForestDryRich
255073,Viola odorata,ForestDryRich
255074,Viola odorata,ForestDryRich
255075,Viola odorata,ForestDryRich
255076,Viola odorata,ForestDryRich
255077,Viola odorata,ForestDryRich
255078,Viola odorata,ForestDryRich
255079,Viola odorata,ForestDryRich
255080,Viola odorata,ForestDryRich
255081,Viola odorata,ForestDryRich
255082,Viola odorata,ForestDryRich
255083,Viola odorata,ForestDryRich
255084,Viola odorata,ForestDryRich
255085,Viola odorata,ForestDryRich
255086,Viola odorata,ForestDryRich
255087,Viola odorata,ForestDryRich
255671,Viola odorata,ForestDryRich
255672,Viola odorata,ForestDryRich
255673,Viola odorata,ForestDryRich
255674,Viola odorata,ForestDryRich
255675,Viola odorata,ForestDryRich
255676,Viola odorata,ForestDryRich
255677,Viola odorata,ForestDryRich
255678,Viola odorata,ForestDryRich
255679,Viola odorata,ForestDryRich
255680,Viola odorata,ForestDryRich
255681,Viola odorata,ForestDryRich
255682,Viola odorata,ForestDryRich
255683,Viola odorata,ForestDryRich
255684,Viola odorata,ForestDryRich
255685,Viola odorata,ForestDryRich
256270,Viola odorata,ForestDryRich
256271,Viola odorata,ForestDryRich
256272,Viola odorata,ForestDryRich
256273,Viola odorata,ForestDryRich
256274,Viola odorata,ForestDryRich
256275,Viola odorata,ForestDryRich
256276,Viola odorata,ForestDryRich
256277,Viola odorata,ForestDryRich
256278,Viola odorata,ForestDryRich
256279,Viola odorata,ForestDryRich
256280,Viola odorata,ForestDryRich
256281,Viola odorata,ForestDryRich
256282,Viola odorata,ForestDryRich
256283,Viola odorata,ForestDryRich
256284,Viola odorata,ForestDryRich
256869,Viola odorata,ForestDryRich
256870,Viola odorata,ForestDryRich
256871,Viola odorata,ForestDryRich
256872,Viola odorata,ForestDryRich
256873,Viola odorata,ForestDryRich
256874,Viola odorata,ForestDryRich
256875,Viola odorata,ForestDryRich
256876,Viola odorata,ForestDryRich
256877,Viola odorata,ForestDryRich
256878,Viola odorata,ForestDryRich
256879,Viola odorata,ForestDryRich
256880,Viola odorata,ForestDryRich
256881,Viola odorata,ForestDryRich
256882,Viola odorata,ForestDryRich
256883,Viola odorata,ForestDryRich
257468,Viola odorata,ForestDryRich
257469,Viola odorata,ForestDryRich
257470,Viola odorata,ForestDryRich
257471,Viola odorata,ForestDryRich
257472,Viola odorata,ForestDryRich
257473,Viola odorata,ForestDryRich
257474,Viola odorata,ForestDryRich
257475,Viola odorata,ForestDryRich
257476,Viola odorata,ForestDryRich
257477,Viola odorata,ForestDryRich
257478,Viola odorata,ForestDryRich
257479,Viola odorata,ForestDryRich
257480,Viola odorata,ForestDryRich
257481,Viola odorata,ForestDryRich
257482,Viola odorata,ForestDryRich
258067,Viola odorata,ForestDryRich
258068,Viola odorata,ForestDryRich
258069,Viola odorata,ForestDryRich
258070,Viola odorata,ForestDryRich
258071,Viola odorata,ForestDryRich
258072,Viola odorata,ForestDryRich
258073,Viola odorata,ForestDryRich
258074,Viola odorata,ForestDryRich
258075,Viola odorata,ForestDryRich
258076,Viola odorata,ForestDryRich
258077,Viola odorata,ForestDryRich
258078,Viola odorata,ForestDryRich
258079,Viola odorata,ForestDryRich
258080,Viola odorata,ForestDryRich
258666,Viola odorata,ForestDryRich
258667,Viola odorata,ForestDryRich
258668,Viola odorata,ForestDryRich
258669,Viola odorata,ForestDryRich
258670,Viola odorata,ForestDryRich
258671,Viola odorata,ForestDryRich
258672,Viola odorata,ForestDryRich
258673,Viola odorata,ForestDryRich
258674,Viola odorata,ForestDryRich
258675,Viola odorata,ForestDryRich
258676,Viola odorata,ForestDryRich
258677,Viola odorata,ForestDryRich
258678,Viola odorata,ForestDryRich
258679,Viola odorata,ForestDryRich
259265,Viola odorata,ForestDryRich
259266,Viola odorata,ForestDryRich
259267,Viola odorata,ForestDryRich
259268,Viola odorata,ForestDryRich
259269,Viola odorata,ForestDryRich
259270,Viola odorata,ForestDryRich
259271,Viola odorata,ForestDryRich
259272,Viola odorata,ForestDryRich
259273,Viola odorata,ForestDryRich
259274,Viola odorata,ForestDryRich
259275,Viola odorata,ForestDryRich
259276,Viola odorata,ForestDryRich
259277,Viola odorata,ForestDryRich
259864,Viola odorata,ForestDryRich
259865,Viola odorata,ForestDryRich
259866,Viola odorata,ForestDryRich
259867,Viola odorata,ForestDryRich
259868,Viola odorata,ForestDryRich
259869,Viola odorata,ForestDryRich
259870,Viola odorata,ForestDryRich
259871,Viola odorata,ForestDryRich
259872,Viola odorata,ForestDryRich
259873,Viola odorata,ForestDryRich
259874,Viola odorata,ForestDryRich
259875,Viola odorata,ForestDryRich
259876,Viola odorata,ForestDryRich
260463,Viola odorata,ForestDryRich
260464,Viola odorata,ForestDryRich
260465,Viola odorata,ForestDryRich
260466,Viola odorata,ForestDryRich
260467,Viola odorata,ForestDryRich
260468,Viola odorata,ForestDryRich
260469,Viola odorata,ForestDryRich
260470,Viola odorata,ForestDryRich
260471,Viola odorata,ForestDryRich
260472,Viola odorata,ForestDryRich
260473,Viola odorata,ForestDryRich
260474,Viola odorata,ForestDryRich
260475,Viola odorata,ForestDryRich
261062,Viola odorata,ForestDryRich
261063,Viola odorata,ForestDryRich
261064,Viola odorata,ForestDryRich
261065,Viola odorata,ForestDryRich
261066,Viola odorata,ForestDryRich
261067,Viola odorata,ForestDryRich
261068,Viola odorata,ForestDryRich
261069,Viola odorata,ForestDryRich
261070,Viola odorata,ForestDryRich
261071,Viola odorata,ForestDryRich
261072,Viola odorata,ForestDryRich
261073,Viola odorata,ForestDryRich
261661,Viola odorata,ForestDryRich
261662,Viola odorata,ForestDryRich
261663,Viola odorata,ForestDryRich
261664,Viola odorata,ForestDryRich
261665,Viola odorata,ForestDryRich
261666,Viola odorata,ForestDryRich
261667,Viola odorata,ForestDryRich
261668,Viola odorata,ForestDryRich
261669,Viola odorata,ForestDryRich
261670,Viola odorata,ForestDryRich
261671,Viola odorata,ForestDryRich
261672,Viola odorata,ForestDryRich
262260,Viola odorata,ForestDryRich
262261,Viola odorata,ForestDryRich
262262,Viola odorata,ForestDryRich
262263,Viola odorata,ForestDryRich
262264,Viola odorata,ForestDryRich
262265,Viola odorata,ForestDryRich
262266,Viola odorata,ForestDryRich
262267,Viola odorata,ForestDryRich
262268,Viola odorata,ForestDryRich
262269,Viola odorata,ForestDryRich
262270,Viola odorata,ForestDryRich
262859,Viola odorata,ForestDryRich
262860,Viola odorata,ForestDryRich
262861,Viola odorata,ForestDryRich
262862,Viola odorata,ForestDryRich
262863,Viola odorata,ForestDryRich
262864,Viola odorata,ForestDryRich
262865,Viola odorata,ForestDryRich
262866,Viola odorata,ForestDryRich
262867,Viola odorata,ForestDryRich
262868,Viola odorata,ForestDryRich
263458,Viola odorata,ForestDryRich
263459,Viola odorata,ForestDryRich
263460,Viola odorata,ForestDryRich
263461,Viola odorata,ForestDryRich
263462,Viola odorata,ForestDryRich
263463,Viola odorata,ForestDryRich
263464,Viola odorata,ForestDryRich
263465,Viola odorata,ForestDryRich
263466,Viola odorata,ForestDryRich
263467,Viola odorata,ForestDryRich
264057,Viola odorata,ForestDryRich
264058,Viola odorata,ForestDryRich
264059,Viola odorata,ForestDryRich
264060,Viola odorata,ForestDryRich
264061,Viola odorata,ForestDryRich
264062,Viola odorata,ForestDryRich
264063,Viola odorata,ForestDryRich
264064,Viola odorata,ForestDryRich
264065,Viola odorata,ForestDryRich
264656,Viola odorata,ForestDryRich
264657,Viola odorata,ForestDryRich
264658,Viola odorata,ForestDryRich
264659,Viola odorata,ForestDryRich
264660,Viola odorata,ForestDryRich
264661,Viola odorata,ForestDryRich
264662,Viola odorata,ForestDryRich
264663,Viola odorata,ForestDryRich
264664,Viola odorata,ForestDryRich
265255,Viola odorata,ForestDryRich
265256,Viola odorata,ForestDryRich
265257,Viola odorata,ForestDryRich
265258,Viola odorata,ForestDryRich
265259,Viola odorata,ForestDryRich
265260,Viola odorata,ForestDryRich
265261,Viola odorata,ForestDryRich
265262,Viola odorata,ForestDryRich
265854,Viola odorata,ForestDryRich
265855,Viola odorata,ForestDryRich
265856,Viola odorata,ForestDryRich
265857,Viola odorata,ForestDryRich
265858,Viola odorata,ForestDryRich
265859,Viola odorata,ForestDryRich
265860,Viola odorata,ForestDryRich
266453,Viola odorata,ForestDryRich
266454,Viola odorata,ForestDryRich
266455,Viola odorata,ForestDryRich
266456,Viola odorata,ForestDryRich
266457,Viola odorata,ForestDryRich
266458,Viola odorata,ForestDryRich
266459,Viola odorata,ForestDryRich
267052,Viola odorata,ForestDryRich
267053,Viola odorata,ForestDryRich
267054,Viola odorata,ForestDryRich
267055,Viola odorata,ForestDryRich
267056,Viola odorata,ForestDryRich
267057,Viola odorata,ForestDryRich
267651,Viola odorata,ForestDryRich
267652,Viola odorata,ForestDryRich
267653,Viola odorata,ForestDryRich
267654,Viola odorata,ForestDryRich
267655,Viola odorata,ForestDryRich
268250,Viola odorata,ForestDryRich
268251,Viola odorata,ForestDryRich
268252,Viola odorata,ForestDryRich
268253,Viola odorata,ForestDryRich
268849,Viola odorata,ForestDryRich
268850,Viola odorata,ForestDryRich
268851,Viola odorata,ForestDryRich
269448,Viola odorata,ForestDryRich
269449,Viola odorata,ForestDryRich
270047,Viola odorata,ForestDryRich
