88529,Anchusa officinalis,ForestWetPoor
89124,Anchusa officinalis,ForestWetPoor
89125,Anchusa officinalis,ForestWetPoor
89126,Anchusa officinalis,ForestWetPoor
89127,Anchusa officinalis,ForestWetPoor
89128,Anchusa officinalis,ForestWetPoor
89720,Anchusa officinalis,ForestWetPoor
89721,Anchusa officinalis,ForestWetPoor
89722,Anchusa officinalis,ForestWetPoor
89723,Anchusa officinalis,ForestWetPoor
89724,Anchusa officinalis,ForestWetPoor
89725,Anchusa officinalis,ForestWetPoor
89726,Anchusa officinalis,ForestWetPoor
89727,Anchusa officinalis,ForestWetPoor
90317,Anchusa officinalis,ForestWetPoor
90318,Anchusa officinalis,ForestWetPoor
90319,Anchusa officinalis,ForestWetPoor
90320,Anchusa officinalis,ForestWetPoor
90321,Anchusa officinalis,ForestWetPoor
90322,Anchusa officinalis,ForestWetPoor
90323,Anchusa officinalis,ForestWetPoor
90324,Anchusa officinalis,ForestWetPoor
90325,Anchusa officinalis,ForestWetPoor
90326,Anchusa officinalis,ForestWetPoor
90913,Anchusa officinalis,ForestWetPoor
90914,Anchusa officinalis,ForestWetPoor
90915,Anchusa officinalis,ForestWetPoor
90916,Anchusa officinalis,ForestWetPoor
90917,Anchusa officinalis,ForestWetPoor
90918,Anchusa officinalis,ForestWetPoor
90919,Anchusa officinalis,ForestWetPoor
90920,Anchusa officinalis,ForestWetPoor
90921,Anchusa officinalis,ForestWetPoor
90922,Anchusa officinalis,ForestWetPoor
90923,Anchusa officinalis,ForestWetPoor
90924,Anchusa officinalis,ForestWetPoor
90925,Anchusa officinalis,ForestWetPoor
91511,Anchusa officinalis,ForestWetPoor
91512,Anchusa officinalis,ForestWetPoor
91513,Anchusa officinalis,ForestWetPoor
91514,Anchusa officinalis,ForestWetPoor
91515,Anchusa officinalis,ForestWetPoor
91516,Anchusa officinalis,ForestWetPoor
91517,Anchusa officinalis,ForestWetPoor
91518,Anchusa officinalis,ForestWetPoor
91519,Anchusa officinalis,ForestWetPoor
91520,Anchusa officinalis,ForestWetPoor
91521,Anchusa officinalis,ForestWetPoor
91522,Anchusa officinalis,ForestWetPoor
91523,Anchusa officinalis,ForestWetPoor
91524,Anchusa officinalis,ForestWetPoor
92108,Anchusa officinalis,ForestWetPoor
92109,Anchusa officinalis,ForestWetPoor
92110,Anchusa officinalis,ForestWetPoor
92111,Anchusa officinalis,ForestWetPoor
92112,Anchusa officinalis,ForestWetPoor
92113,Anchusa officinalis,ForestWetPoor
92114,Anchusa officinalis,ForestWetPoor
92115,Anchusa officinalis,ForestWetPoor
92116,Anchusa officinalis,ForestWetPoor
92117,Anchusa officinalis,ForestWetPoor
92118,Anchusa officinalis,ForestWetPoor
92119,Anchusa officinalis,ForestWetPoor
92120,Anchusa officinalis,ForestWetPoor
92121,Anchusa officinalis,ForestWetPoor
92122,Anchusa officinalis,ForestWetPoor
92123,Anchusa officinalis,ForestWetPoor
92705,Anchusa officinalis,ForestWetPoor
92706,Anchusa officinalis,ForestWetPoor
92707,Anchusa officinalis,ForestWetPoor
92708,Anchusa officinalis,ForestWetPoor
92709,Anchusa officinalis,ForestWetPoor
92710,Anchusa officinalis,ForestWetPoor
92711,Anchusa officinalis,ForestWetPoor
92712,Anchusa officinalis,ForestWetPoor
92713,Anchusa officinalis,ForestWetPoor
92714,Anchusa officinalis,ForestWetPoor
92715,Anchusa officinalis,ForestWetPoor
92716,Anchusa officinalis,ForestWetPoor
92717,Anchusa officinalis,ForestWetPoor
92718,Anchusa officinalis,ForestWetPoor
92719,Anchusa officinalis,ForestWetPoor
92720,Anchusa officinalis,ForestWetPoor
92721,Anchusa officinalis,ForestWetPoor
92722,Anchusa officinalis,ForestWetPoor
93303,Anchusa officinalis,ForestWetPoor
93304,Anchusa officinalis,ForestWetPoor
93305,Anchusa officinalis,ForestWetPoor
93306,Anchusa officinalis,ForestWetPoor
93307,Anchusa officinalis,ForestWetPoor
93308,Anchusa officinalis,ForestWetPoor
93309,Anchusa officinalis,ForestWetPoor
93310,Anchusa officinalis,ForestWetPoor
93311,Anchusa officinalis,ForestWetPoor
93312,Anchusa officinalis,ForestWetPoor
93313,Anchusa officinalis,ForestWetPoor
93314,Anchusa officinalis,ForestWetPoor
93315,Anchusa officinalis,ForestWetPoor
93316,Anchusa officinalis,ForestWetPoor
93317,Anchusa officinalis,ForestWetPoor
93318,Anchusa officinalis,ForestWetPoor
93319,Anchusa officinalis,ForestWetPoor
93320,Anchusa officinalis,ForestWetPoor
93321,Anchusa officinalis,ForestWetPoor
93901,Anchusa officinalis,ForestWetPoor
93902,Anchusa officinalis,ForestWetPoor
93903,Anchusa officinalis,ForestWetPoor
93904,Anchusa officinalis,ForestWetPoor
93905,Anchusa officinalis,ForestWetPoor
93906,Anchusa officinalis,ForestWetPoor
93907,Anchusa officinalis,ForestWetPoor
93908,Anchusa officinalis,ForestWetPoor
93909,Anchusa officinalis,ForestWetPoor
93910,Anchusa officinalis,ForestWetPoor
93911,Anchusa officinalis,ForestWetPoor
93912,Anchusa officinalis,ForestWetPoor
93913,Anchusa officinalis,ForestWetPoor
93914,Anchusa officinalis,ForestWetPoor
93915,Anchusa officinalis,ForestWetPoor
93916,Anchusa officinalis,ForestWetPoor
93917,Anchusa officinalis,ForestWetPoor
93918,Anchusa officinalis,ForestWetPoor
93919,Anchusa officinalis,ForestWetPoor
93920,Anchusa officinalis,ForestWetPoor
94500,Anchusa officinalis,ForestWetPoor
94501,Anchusa officinalis,ForestWetPoor
94502,Anchusa officinalis,ForestWetPoor
94503,Anchusa officinalis,ForestWetPoor
94504,Anchusa officinalis,ForestWetPoor
94505,Anchusa officinalis,ForestWetPoor
94506,Anchusa officinalis,ForestWetPoor
94507,Anchusa officinalis,ForestWetPoor
94508,Anchusa officinalis,ForestWetPoor
94509,Anchusa officinalis,ForestWetPoor
94510,Anchusa officinalis,ForestWetPoor
94511,Anchusa officinalis,ForestWetPoor
94512,Anchusa officinalis,ForestWetPoor
94513,Anchusa officinalis,ForestWetPoor
94514,Anchusa officinalis,ForestWetPoor
94515,Anchusa officinalis,ForestWetPoor
94516,Anchusa officinalis,ForestWetPoor
94517,Anchusa officinalis,ForestWetPoor
94518,Anchusa officinalis,ForestWetPoor
94519,Anchusa officinalis,ForestWetPoor
95099,Anchusa officinalis,ForestWetPoor
95100,Anchusa officinalis,ForestWetPoor
95101,Anchusa officinalis,ForestWetPoor
95102,Anchusa officinalis,ForestWetPoor
95103,Anchusa officinalis,ForestWetPoor
95104,Anchusa officinalis,ForestWetPoor
95105,Anchusa officinalis,ForestWetPoor
95106,Anchusa officinalis,ForestWetPoor
95107,Anchusa officinalis,ForestWetPoor
95108,Anchusa officinalis,ForestWetPoor
95109,Anchusa officinalis,ForestWetPoor
95110,Anchusa officinalis,ForestWetPoor
95111,Anchusa officinalis,ForestWetPoor
95112,Anchusa officinalis,ForestWetPoor
95113,Anchusa officinalis,ForestWetPoor
95114,Anchusa officinalis,ForestWetPoor
95115,Anchusa officinalis,ForestWetPoor
95116,Anchusa officinalis,ForestWetPoor
95117,Anchusa officinalis,ForestWetPoor
95118,Anchusa officinalis,ForestWetPoor
95698,Anchusa officinalis,ForestWetPoor
95699,Anchusa officinalis,ForestWetPoor
95700,Anchusa officinalis,ForestWetPoor
95701,Anchusa officinalis,ForestWetPoor
95702,Anchusa officinalis,ForestWetPoor
95703,Anchusa officinalis,ForestWetPoor
95704,Anchusa officinalis,ForestWetPoor
95705,Anchusa officinalis,ForestWetPoor
95706,Anchusa officinalis,ForestWetPoor
95707,Anchusa officinalis,ForestWetPoor
95708,Anchusa officinalis,ForestWetPoor
95709,Anchusa officinalis,ForestWetPoor
95710,Anchusa officinalis,ForestWetPoor
95711,Anchusa officinalis,ForestWetPoor
95712,Anchusa officinalis,ForestWetPoor
95713,Anchusa officinalis,ForestWetPoor
95714,Anchusa officinalis,ForestWetPoor
95715,Anchusa officinalis,ForestWetPoor
95716,Anchusa officinalis,ForestWetPoor
95717,Anchusa officinalis,ForestWetPoor
96297,Anchusa officinalis,ForestWetPoor
96298,Anchusa officinalis,ForestWetPoor
96299,Anchusa officinalis,ForestWetPoor
96300,Anchusa officinalis,ForestWetPoor
96301,Anchusa officinalis,ForestWetPoor
96302,Anchusa officinalis,ForestWetPoor
96303,Anchusa officinalis,ForestWetPoor
96304,Anchusa officinalis,ForestWetPoor
96305,Anchusa officinalis,ForestWetPoor
96306,Anchusa officinalis,ForestWetPoor
96307,Anchusa officinalis,ForestWetPoor
96308,Anchusa officinalis,ForestWetPoor
96309,Anchusa officinalis,ForestWetPoor
96310,Anchusa officinalis,ForestWetPoor
96311,Anchusa officinalis,ForestWetPoor
96312,Anchusa officinalis,ForestWetPoor
96313,Anchusa officinalis,ForestWetPoor
96314,Anchusa officinalis,ForestWetPoor
96315,Anchusa officinalis,ForestWetPoor
96316,Anchusa officinalis,ForestWetPoor
96896,Anchusa officinalis,ForestWetPoor
96897,Anchusa officinalis,ForestWetPoor
96898,Anchusa officinalis,ForestWetPoor
96899,Anchusa officinalis,ForestWetPoor
96900,Anchusa officinalis,ForestWetPoor
96901,Anchusa officinalis,ForestWetPoor
96902,Anchusa officinalis,ForestWetPoor
96903,Anchusa officinalis,ForestWetPoor
96904,Anchusa officinalis,ForestWetPoor
96905,Anchusa officinalis,ForestWetPoor
96906,Anchusa officinalis,ForestWetPoor
96907,Anchusa officinalis,ForestWetPoor
96908,Anchusa officinalis,ForestWetPoor
96909,Anchusa officinalis,ForestWetPoor
96910,Anchusa officinalis,ForestWetPoor
96911,Anchusa officinalis,ForestWetPoor
96912,Anchusa officinalis,ForestWetPoor
96913,Anchusa officinalis,ForestWetPoor
96914,Anchusa officinalis,ForestWetPoor
96915,Anchusa officinalis,ForestWetPoor
97495,Anchusa officinalis,ForestWetPoor
97496,Anchusa officinalis,ForestWetPoor
97497,Anchusa officinalis,ForestWetPoor
97498,Anchusa officinalis,ForestWetPoor
97499,Anchusa officinalis,ForestWetPoor
97500,Anchusa officinalis,ForestWetPoor
97501,Anchusa officinalis,ForestWetPoor
97502,Anchusa officinalis,ForestWetPoor
97503,Anchusa officinalis,ForestWetPoor
97504,Anchusa officinalis,ForestWetPoor
97505,Anchusa officinalis,ForestWetPoor
97506,Anchusa officinalis,ForestWetPoor
97507,Anchusa officinalis,ForestWetPoor
97508,Anchusa officinalis,ForestWetPoor
97509,Anchusa officinalis,ForestWetPoor
97510,Anchusa officinalis,ForestWetPoor
97511,Anchusa officinalis,ForestWetPoor
97512,Anchusa officinalis,ForestWetPoor
97513,Anchusa officinalis,ForestWetPoor
97514,Anchusa officinalis,ForestWetPoor
98094,Anchusa officinalis,ForestWetPoor
98095,Anchusa officinalis,ForestWetPoor
98096,Anchusa officinalis,ForestWetPoor
98097,Anchusa officinalis,ForestWetPoor
98098,Anchusa officinalis,ForestWetPoor
98099,Anchusa officinalis,ForestWetPoor
98100,Anchusa officinalis,ForestWetPoor
98101,Anchusa officinalis,ForestWetPoor
98102,Anchusa officinalis,ForestWetPoor
98103,Anchusa officinalis,ForestWetPoor
98104,Anchusa officinalis,ForestWetPoor
98105,Anchusa officinalis,ForestWetPoor
98106,Anchusa officinalis,ForestWetPoor
98107,Anchusa officinalis,ForestWetPoor
98108,Anchusa officinalis,ForestWetPoor
98109,Anchusa officinalis,ForestWetPoor
98110,Anchusa officinalis,ForestWetPoor
98111,Anchusa officinalis,ForestWetPoor
98112,Anchusa officinalis,ForestWetPoor
98113,Anchusa officinalis,ForestWetPoor
110733,Anchusa officinalis,ForestWetPoor
110734,Anchusa officinalis,ForestWetPoor
110735,Anchusa officinalis,ForestWetPoor
110736,Anchusa officinalis,ForestWetPoor
110737,Anchusa officinalis,ForestWetPoor
110738,Anchusa officinalis,ForestWetPoor
110739,Anchusa officinalis,ForestWetPoor
110740,Anchusa officinalis,ForestWetPoor
110741,Anchusa officinalis,ForestWetPoor
110742,Anchusa officinalis,ForestWetPoor
110743,Anchusa officinalis,ForestWetPoor
110744,Anchusa officinalis,ForestWetPoor
110745,Anchusa officinalis,ForestWetPoor
110746,Anchusa officinalis,ForestWetPoor
110747,Anchusa officinalis,ForestWetPoor
110748,Anchusa officinalis,ForestWetPoor
110749,Anchusa officinalis,ForestWetPoor
110750,Anchusa officinalis,ForestWetPoor
110751,Anchusa officinalis,ForestWetPoor
111332,Anchusa officinalis,ForestWetPoor
111333,Anchusa officinalis,ForestWetPoor
111334,Anchusa officinalis,ForestWetPoor
111335,Anchusa officinalis,ForestWetPoor
111336,Anchusa officinalis,ForestWetPoor
111337,Anchusa officinalis,ForestWetPoor
111338,Anchusa officinalis,ForestWetPoor
111339,Anchusa officinalis,ForestWetPoor
111340,Anchusa officinalis,ForestWetPoor
111341,Anchusa officinalis,ForestWetPoor
111342,Anchusa officinalis,ForestWetPoor
111343,Anchusa officinalis,ForestWetPoor
111344,Anchusa officinalis,ForestWetPoor
111345,Anchusa officinalis,ForestWetPoor
111346,Anchusa officinalis,ForestWetPoor
111347,Anchusa officinalis,ForestWetPoor
111348,Anchusa officinalis,ForestWetPoor
111349,Anchusa officinalis,ForestWetPoor
111350,Anchusa officinalis,ForestWetPoor
111931,Anchusa officinalis,ForestWetPoor
111932,Anchusa officinalis,ForestWetPoor
111933,Anchusa officinalis,ForestWetPoor
111934,Anchusa officinalis,ForestWetPoor
111935,Anchusa officinalis,ForestWetPoor
111936,Anchusa officinalis,ForestWetPoor
111937,Anchusa officinalis,ForestWetPoor
111938,Anchusa officinalis,ForestWetPoor
111939,Anchusa officinalis,ForestWetPoor
111940,Anchusa officinalis,ForestWetPoor
111941,Anchusa officinalis,ForestWetPoor
111942,Anchusa officinalis,ForestWetPoor
111943,Anchusa officinalis,ForestWetPoor
111944,Anchusa officinalis,ForestWetPoor
111945,Anchusa officinalis,ForestWetPoor
111946,Anchusa officinalis,ForestWetPoor
111947,Anchusa officinalis,ForestWetPoor
111948,Anchusa officinalis,ForestWetPoor
111949,Anchusa officinalis,ForestWetPoor
112530,Anchusa officinalis,ForestWetPoor
112531,Anchusa officinalis,ForestWetPoor
112532,Anchusa officinalis,ForestWetPoor
112533,Anchusa officinalis,ForestWetPoor
112534,Anchusa officinalis,ForestWetPoor
112535,Anchusa officinalis,ForestWetPoor
112536,Anchusa officinalis,ForestWetPoor
112537,Anchusa officinalis,ForestWetPoor
112538,Anchusa officinalis,ForestWetPoor
112539,Anchusa officinalis,ForestWetPoor
112540,Anchusa officinalis,ForestWetPoor
112541,Anchusa officinalis,ForestWetPoor
112542,Anchusa officinalis,ForestWetPoor
112543,Anchusa officinalis,ForestWetPoor
112544,Anchusa officinalis,ForestWetPoor
112545,Anchusa officinalis,ForestWetPoor
112546,Anchusa officinalis,ForestWetPoor
112547,Anchusa officinalis,ForestWetPoor
112548,Anchusa officinalis,ForestWetPoor
113129,Anchusa officinalis,ForestWetPoor
113130,Anchusa officinalis,ForestWetPoor
113131,Anchusa officinalis,ForestWetPoor
113132,Anchusa officinalis,ForestWetPoor
113133,Anchusa officinalis,ForestWetPoor
113134,Anchusa officinalis,ForestWetPoor
113135,Anchusa officinalis,ForestWetPoor
113136,Anchusa officinalis,ForestWetPoor
113137,Anchusa officinalis,ForestWetPoor
113138,Anchusa officinalis,ForestWetPoor
113139,Anchusa officinalis,ForestWetPoor
113140,Anchusa officinalis,ForestWetPoor
113141,Anchusa officinalis,ForestWetPoor
113142,Anchusa officinalis,ForestWetPoor
113143,Anchusa officinalis,ForestWetPoor
113144,Anchusa officinalis,ForestWetPoor
113145,Anchusa officinalis,ForestWetPoor
113146,Anchusa officinalis,ForestWetPoor
113147,Anchusa officinalis,ForestWetPoor
113148,Anchusa officinalis,ForestWetPoor
113728,Anchusa officinalis,ForestWetPoor
113729,Anchusa officinalis,ForestWetPoor
113730,Anchusa officinalis,ForestWetPoor
113731,Anchusa officinalis,ForestWetPoor
113732,Anchusa officinalis,ForestWetPoor
113733,Anchusa officinalis,ForestWetPoor
113734,Anchusa officinalis,ForestWetPoor
113735,Anchusa officinalis,ForestWetPoor
113736,Anchusa officinalis,ForestWetPoor
113737,Anchusa officinalis,ForestWetPoor
113738,Anchusa officinalis,ForestWetPoor
113739,Anchusa officinalis,ForestWetPoor
113740,Anchusa officinalis,ForestWetPoor
113741,Anchusa officinalis,ForestWetPoor
113742,Anchusa officinalis,ForestWetPoor
113743,Anchusa officinalis,ForestWetPoor
113744,Anchusa officinalis,ForestWetPoor
113745,Anchusa officinalis,ForestWetPoor
113746,Anchusa officinalis,ForestWetPoor
113747,Anchusa officinalis,ForestWetPoor
114327,Anchusa officinalis,ForestWetPoor
114328,Anchusa officinalis,ForestWetPoor
114329,Anchusa officinalis,ForestWetPoor
114330,Anchusa officinalis,ForestWetPoor
114331,Anchusa officinalis,ForestWetPoor
114332,Anchusa officinalis,ForestWetPoor
114333,Anchusa officinalis,ForestWetPoor
114334,Anchusa officinalis,ForestWetPoor
114335,Anchusa officinalis,ForestWetPoor
114336,Anchusa officinalis,ForestWetPoor
114337,Anchusa officinalis,ForestWetPoor
114338,Anchusa officinalis,ForestWetPoor
114339,Anchusa officinalis,ForestWetPoor
114340,Anchusa officinalis,ForestWetPoor
114341,Anchusa officinalis,ForestWetPoor
114342,Anchusa officinalis,ForestWetPoor
114343,Anchusa officinalis,ForestWetPoor
114344,Anchusa officinalis,ForestWetPoor
114345,Anchusa officinalis,ForestWetPoor
114346,Anchusa officinalis,ForestWetPoor
114926,Anchusa officinalis,ForestWetPoor
114927,Anchusa officinalis,ForestWetPoor
114928,Anchusa officinalis,ForestWetPoor
114929,Anchusa officinalis,ForestWetPoor
114930,Anchusa officinalis,ForestWetPoor
114931,Anchusa officinalis,ForestWetPoor
114932,Anchusa officinalis,ForestWetPoor
114933,Anchusa officinalis,ForestWetPoor
114934,Anchusa officinalis,ForestWetPoor
114935,Anchusa officinalis,ForestWetPoor
114936,Anchusa officinalis,ForestWetPoor
114937,Anchusa officinalis,ForestWetPoor
114938,Anchusa officinalis,ForestWetPoor
114939,Anchusa officinalis,ForestWetPoor
114940,Anchusa officinalis,ForestWetPoor
114941,Anchusa officinalis,ForestWetPoor
114942,Anchusa officinalis,ForestWetPoor
114943,Anchusa officinalis,ForestWetPoor
114944,Anchusa officinalis,ForestWetPoor
114945,Anchusa officinalis,ForestWetPoor
115525,Anchusa officinalis,ForestWetPoor
115526,Anchusa officinalis,ForestWetPoor
115527,Anchusa officinalis,ForestWetPoor
115528,Anchusa officinalis,ForestWetPoor
115529,Anchusa officinalis,ForestWetPoor
115530,Anchusa officinalis,ForestWetPoor
115531,Anchusa officinalis,ForestWetPoor
115532,Anchusa officinalis,ForestWetPoor
115533,Anchusa officinalis,ForestWetPoor
115534,Anchusa officinalis,ForestWetPoor
115535,Anchusa officinalis,ForestWetPoor
115536,Anchusa officinalis,ForestWetPoor
115537,Anchusa officinalis,ForestWetPoor
115538,Anchusa officinalis,ForestWetPoor
115539,Anchusa officinalis,ForestWetPoor
115540,Anchusa officinalis,ForestWetPoor
115541,Anchusa officinalis,ForestWetPoor
115542,Anchusa officinalis,ForestWetPoor
115543,Anchusa officinalis,ForestWetPoor
115544,Anchusa officinalis,ForestWetPoor
116124,Anchusa officinalis,ForestWetPoor
116125,Anchusa officinalis,ForestWetPoor
116126,Anchusa officinalis,ForestWetPoor
116127,Anchusa officinalis,ForestWetPoor
116128,Anchusa officinalis,ForestWetPoor
116129,Anchusa officinalis,ForestWetPoor
116130,Anchusa officinalis,ForestWetPoor
116131,Anchusa officinalis,ForestWetPoor
116132,Anchusa officinalis,ForestWetPoor
116133,Anchusa officinalis,ForestWetPoor
116134,Anchusa officinalis,ForestWetPoor
116135,Anchusa officinalis,ForestWetPoor
116136,Anchusa officinalis,ForestWetPoor
116137,Anchusa officinalis,ForestWetPoor
116138,Anchusa officinalis,ForestWetPoor
116139,Anchusa officinalis,ForestWetPoor
116140,Anchusa officinalis,ForestWetPoor
116141,Anchusa officinalis,ForestWetPoor
116142,Anchusa officinalis,ForestWetPoor
116143,Anchusa officinalis,ForestWetPoor
116723,Anchusa officinalis,ForestWetPoor
116724,Anchusa officinalis,ForestWetPoor
116725,Anchusa officinalis,ForestWetPoor
116726,Anchusa officinalis,ForestWetPoor
116727,Anchusa officinalis,ForestWetPoor
116728,Anchusa officinalis,ForestWetPoor
116729,Anchusa officinalis,ForestWetPoor
116730,Anchusa officinalis,ForestWetPoor
116731,Anchusa officinalis,ForestWetPoor
116732,Anchusa officinalis,ForestWetPoor
116733,Anchusa officinalis,ForestWetPoor
116734,Anchusa officinalis,ForestWetPoor
116735,Anchusa officinalis,ForestWetPoor
116736,Anchusa officinalis,ForestWetPoor
116737,Anchusa officinalis,ForestWetPoor
116738,Anchusa officinalis,ForestWetPoor
116739,Anchusa officinalis,ForestWetPoor
116740,Anchusa officinalis,ForestWetPoor
116741,Anchusa officinalis,ForestWetPoor
116742,Anchusa officinalis,ForestWetPoor
117322,Anchusa officinalis,ForestWetPoor
117323,Anchusa officinalis,ForestWetPoor
117324,Anchusa officinalis,ForestWetPoor
117325,Anchusa officinalis,ForestWetPoor
117326,Anchusa officinalis,ForestWetPoor
117327,Anchusa officinalis,ForestWetPoor
117328,Anchusa officinalis,ForestWetPoor
117329,Anchusa officinalis,ForestWetPoor
117330,Anchusa officinalis,ForestWetPoor
117331,Anchusa officinalis,ForestWetPoor
117332,Anchusa officinalis,ForestWetPoor
117333,Anchusa officinalis,ForestWetPoor
117334,Anchusa officinalis,ForestWetPoor
117335,Anchusa officinalis,ForestWetPoor
117336,Anchusa officinalis,ForestWetPoor
117337,Anchusa officinalis,ForestWetPoor
117338,Anchusa officinalis,ForestWetPoor
117339,Anchusa officinalis,ForestWetPoor
117340,Anchusa officinalis,ForestWetPoor
117341,Anchusa officinalis,ForestWetPoor
117921,Anchusa officinalis,ForestWetPoor
117922,Anchusa officinalis,ForestWetPoor
117923,Anchusa officinalis,ForestWetPoor
117924,Anchusa officinalis,ForestWetPoor
117925,Anchusa officinalis,ForestWetPoor
117926,Anchusa officinalis,ForestWetPoor
117927,Anchusa officinalis,ForestWetPoor
117928,Anchusa officinalis,ForestWetPoor
117929,Anchusa officinalis,ForestWetPoor
117930,Anchusa officinalis,ForestWetPoor
117931,Anchusa officinalis,ForestWetPoor
117932,Anchusa officinalis,ForestWetPoor
117933,Anchusa officinalis,ForestWetPoor
117934,Anchusa officinalis,ForestWetPoor
117935,Anchusa officinalis,ForestWetPoor
117936,Anchusa officinalis,ForestWetPoor
117937,Anchusa officinalis,ForestWetPoor
117938,Anchusa officinalis,ForestWetPoor
117939,Anchusa officinalis,ForestWetPoor
117940,Anchusa officinalis,ForestWetPoor
118520,Anchusa officinalis,ForestWetPoor
118521,Anchusa officinalis,ForestWetPoor
118522,Anchusa officinalis,ForestWetPoor
118523,Anchusa officinalis,ForestWetPoor
118524,Anchusa officinalis,ForestWetPoor
118525,Anchusa officinalis,ForestWetPoor
118526,Anchusa officinalis,ForestWetPoor
118527,Anchusa officinalis,ForestWetPoor
118528,Anchusa officinalis,ForestWetPoor
118529,Anchusa officinalis,ForestWetPoor
118530,Anchusa officinalis,ForestWetPoor
118531,Anchusa officinalis,ForestWetPoor
118532,Anchusa officinalis,ForestWetPoor
118533,Anchusa officinalis,ForestWetPoor
118534,Anchusa officinalis,ForestWetPoor
118535,Anchusa officinalis,ForestWetPoor
118536,Anchusa officinalis,ForestWetPoor
118537,Anchusa officinalis,ForestWetPoor
118538,Anchusa officinalis,ForestWetPoor
118539,Anchusa officinalis,ForestWetPoor
119119,Anchusa officinalis,ForestWetPoor
119120,Anchusa officinalis,ForestWetPoor
119121,Anchusa officinalis,ForestWetPoor
119122,Anchusa officinalis,ForestWetPoor
119123,Anchusa officinalis,ForestWetPoor
119124,Anchusa officinalis,ForestWetPoor
119125,Anchusa officinalis,ForestWetPoor
119126,Anchusa officinalis,ForestWetPoor
119127,Anchusa officinalis,ForestWetPoor
119128,Anchusa officinalis,ForestWetPoor
119129,Anchusa officinalis,ForestWetPoor
119130,Anchusa officinalis,ForestWetPoor
119131,Anchusa officinalis,ForestWetPoor
119132,Anchusa officinalis,ForestWetPoor
119133,Anchusa officinalis,ForestWetPoor
119134,Anchusa officinalis,ForestWetPoor
119135,Anchusa officinalis,ForestWetPoor
119136,Anchusa officinalis,ForestWetPoor
119137,Anchusa officinalis,ForestWetPoor
119138,Anchusa officinalis,ForestWetPoor
119718,Anchusa officinalis,ForestWetPoor
119719,Anchusa officinalis,ForestWetPoor
119720,Anchusa officinalis,ForestWetPoor
119721,Anchusa officinalis,ForestWetPoor
119722,Anchusa officinalis,ForestWetPoor
119723,Anchusa officinalis,ForestWetPoor
119724,Anchusa officinalis,ForestWetPoor
119725,Anchusa officinalis,ForestWetPoor
119726,Anchusa officinalis,ForestWetPoor
119727,Anchusa officinalis,ForestWetPoor
119728,Anchusa officinalis,ForestWetPoor
119729,Anchusa officinalis,ForestWetPoor
119730,Anchusa officinalis,ForestWetPoor
119731,Anchusa officinalis,ForestWetPoor
119732,Anchusa officinalis,ForestWetPoor
119733,Anchusa officinalis,ForestWetPoor
119734,Anchusa officinalis,ForestWetPoor
119735,Anchusa officinalis,ForestWetPoor
119736,Anchusa officinalis,ForestWetPoor
119737,Anchusa officinalis,ForestWetPoor
120317,Anchusa officinalis,ForestWetPoor
120318,Anchusa officinalis,ForestWetPoor
120319,Anchusa officinalis,ForestWetPoor
120320,Anchusa officinalis,ForestWetPoor
120321,Anchusa officinalis,ForestWetPoor
120322,Anchusa officinalis,ForestWetPoor
120323,Anchusa officinalis,ForestWetPoor
120324,Anchusa officinalis,ForestWetPoor
120325,Anchusa officinalis,ForestWetPoor
120326,Anchusa officinalis,ForestWetPoor
120327,Anchusa officinalis,ForestWetPoor
120328,Anchusa officinalis,ForestWetPoor
120329,Anchusa officinalis,ForestWetPoor
120330,Anchusa officinalis,ForestWetPoor
120331,Anchusa officinalis,ForestWetPoor
120332,Anchusa officinalis,ForestWetPoor
120333,Anchusa officinalis,ForestWetPoor
120334,Anchusa officinalis,ForestWetPoor
120335,Anchusa officinalis,ForestWetPoor
120336,Anchusa officinalis,ForestWetPoor
120916,Anchusa officinalis,ForestWetPoor
120917,Anchusa officinalis,ForestWetPoor
120918,Anchusa officinalis,ForestWetPoor
120919,Anchusa officinalis,ForestWetPoor
120920,Anchusa officinalis,ForestWetPoor
120921,Anchusa officinalis,ForestWetPoor
120922,Anchusa officinalis,ForestWetPoor
120923,Anchusa officinalis,ForestWetPoor
120924,Anchusa officinalis,ForestWetPoor
120925,Anchusa officinalis,ForestWetPoor
120926,Anchusa officinalis,ForestWetPoor
120927,Anchusa officinalis,ForestWetPoor
120928,Anchusa officinalis,ForestWetPoor
120929,Anchusa officinalis,ForestWetPoor
120930,Anchusa officinalis,ForestWetPoor
120931,Anchusa officinalis,ForestWetPoor
120932,Anchusa officinalis,ForestWetPoor
120933,Anchusa officinalis,ForestWetPoor
120934,Anchusa officinalis,ForestWetPoor
120935,Anchusa officinalis,ForestWetPoor
121515,Anchusa officinalis,ForestWetPoor
121516,Anchusa officinalis,ForestWetPoor
121517,Anchusa officinalis,ForestWetPoor
121518,Anchusa officinalis,ForestWetPoor
121519,Anchusa officinalis,ForestWetPoor
121520,Anchusa officinalis,ForestWetPoor
121521,Anchusa officinalis,ForestWetPoor
121522,Anchusa officinalis,ForestWetPoor
121523,Anchusa officinalis,ForestWetPoor
121524,Anchusa officinalis,ForestWetPoor
121525,Anchusa officinalis,ForestWetPoor
121526,Anchusa officinalis,ForestWetPoor
121527,Anchusa officinalis,ForestWetPoor
121528,Anchusa officinalis,ForestWetPoor
121529,Anchusa officinalis,ForestWetPoor
121530,Anchusa officinalis,ForestWetPoor
121531,Anchusa officinalis,ForestWetPoor
121532,Anchusa officinalis,ForestWetPoor
121533,Anchusa officinalis,ForestWetPoor
121534,Anchusa officinalis,ForestWetPoor
122114,Anchusa officinalis,ForestWetPoor
122115,Anchusa officinalis,ForestWetPoor
122116,Anchusa officinalis,ForestWetPoor
122117,Anchusa officinalis,ForestWetPoor
122118,Anchusa officinalis,ForestWetPoor
122119,Anchusa officinalis,ForestWetPoor
122120,Anchusa officinalis,ForestWetPoor
122121,Anchusa officinalis,ForestWetPoor
122122,Anchusa officinalis,ForestWetPoor
122123,Anchusa officinalis,ForestWetPoor
122124,Anchusa officinalis,ForestWetPoor
122125,Anchusa officinalis,ForestWetPoor
122126,Anchusa officinalis,ForestWetPoor
122127,Anchusa officinalis,ForestWetPoor
122128,Anchusa officinalis,ForestWetPoor
122129,Anchusa officinalis,ForestWetPoor
122130,Anchusa officinalis,ForestWetPoor
122131,Anchusa officinalis,ForestWetPoor
122132,Anchusa officinalis,ForestWetPoor
122133,Anchusa officinalis,ForestWetPoor
122634,Anchusa officinalis,ForestWetPoor
122635,Anchusa officinalis,ForestWetPoor
122636,Anchusa officinalis,ForestWetPoor
122637,Anchusa officinalis,ForestWetPoor
122638,Anchusa officinalis,ForestWetPoor
122639,Anchusa officinalis,ForestWetPoor
122640,Anchusa officinalis,ForestWetPoor
122641,Anchusa officinalis,ForestWetPoor
122642,Anchusa officinalis,ForestWetPoor
122643,Anchusa officinalis,ForestWetPoor
122644,Anchusa officinalis,ForestWetPoor
122645,Anchusa officinalis,ForestWetPoor
122646,Anchusa officinalis,ForestWetPoor
122647,Anchusa officinalis,ForestWetPoor
122648,Anchusa officinalis,ForestWetPoor
122649,Anchusa officinalis,ForestWetPoor
122650,Anchusa officinalis,ForestWetPoor
122651,Anchusa officinalis,ForestWetPoor
122652,Anchusa officinalis,ForestWetPoor
122673,Anchusa officinalis,ForestWetPoor
122674,Anchusa officinalis,ForestWetPoor
122675,Anchusa officinalis,ForestWetPoor
122676,Anchusa officinalis,ForestWetPoor
122677,Anchusa officinalis,ForestWetPoor
122678,Anchusa officinalis,ForestWetPoor
122679,Anchusa officinalis,ForestWetPoor
122680,Anchusa officinalis,ForestWetPoor
122681,Anchusa officinalis,ForestWetPoor
122682,Anchusa officinalis,ForestWetPoor
122683,Anchusa officinalis,ForestWetPoor
122684,Anchusa officinalis,ForestWetPoor
122685,Anchusa officinalis,ForestWetPoor
122686,Anchusa officinalis,ForestWetPoor
122687,Anchusa officinalis,ForestWetPoor
122688,Anchusa officinalis,ForestWetPoor
122689,Anchusa officinalis,ForestWetPoor
122690,Anchusa officinalis,ForestWetPoor
122691,Anchusa officinalis,ForestWetPoor
122692,Anchusa officinalis,ForestWetPoor
122693,Anchusa officinalis,ForestWetPoor
122694,Anchusa officinalis,ForestWetPoor
122695,Anchusa officinalis,ForestWetPoor
122696,Anchusa officinalis,ForestWetPoor
122697,Anchusa officinalis,ForestWetPoor
122698,Anchusa officinalis,ForestWetPoor
122699,Anchusa officinalis,ForestWetPoor
122700,Anchusa officinalis,ForestWetPoor
122701,Anchusa officinalis,ForestWetPoor
122702,Anchusa officinalis,ForestWetPoor
122703,Anchusa officinalis,ForestWetPoor
122704,Anchusa officinalis,ForestWetPoor
122705,Anchusa officinalis,ForestWetPoor
122706,Anchusa officinalis,ForestWetPoor
122707,Anchusa officinalis,ForestWetPoor
122708,Anchusa officinalis,ForestWetPoor
122709,Anchusa officinalis,ForestWetPoor
122710,Anchusa officinalis,ForestWetPoor
122711,Anchusa officinalis,ForestWetPoor
122712,Anchusa officinalis,ForestWetPoor
123233,Anchusa officinalis,ForestWetPoor
123234,Anchusa officinalis,ForestWetPoor
123235,Anchusa officinalis,ForestWetPoor
123236,Anchusa officinalis,ForestWetPoor
123237,Anchusa officinalis,ForestWetPoor
123238,Anchusa officinalis,ForestWetPoor
123239,Anchusa officinalis,ForestWetPoor
123240,Anchusa officinalis,ForestWetPoor
123241,Anchusa officinalis,ForestWetPoor
123242,Anchusa officinalis,ForestWetPoor
123243,Anchusa officinalis,ForestWetPoor
123244,Anchusa officinalis,ForestWetPoor
123245,Anchusa officinalis,ForestWetPoor
123246,Anchusa officinalis,ForestWetPoor
123247,Anchusa officinalis,ForestWetPoor
123248,Anchusa officinalis,ForestWetPoor
123249,Anchusa officinalis,ForestWetPoor
123250,Anchusa officinalis,ForestWetPoor
123251,Anchusa officinalis,ForestWetPoor
123272,Anchusa officinalis,ForestWetPoor
123273,Anchusa officinalis,ForestWetPoor
123274,Anchusa officinalis,ForestWetPoor
123275,Anchusa officinalis,ForestWetPoor
123276,Anchusa officinalis,ForestWetPoor
123277,Anchusa officinalis,ForestWetPoor
123278,Anchusa officinalis,ForestWetPoor
123279,Anchusa officinalis,ForestWetPoor
123280,Anchusa officinalis,ForestWetPoor
123281,Anchusa officinalis,ForestWetPoor
123282,Anchusa officinalis,ForestWetPoor
123283,Anchusa officinalis,ForestWetPoor
123284,Anchusa officinalis,ForestWetPoor
123285,Anchusa officinalis,ForestWetPoor
123286,Anchusa officinalis,ForestWetPoor
123287,Anchusa officinalis,ForestWetPoor
123288,Anchusa officinalis,ForestWetPoor
123289,Anchusa officinalis,ForestWetPoor
123290,Anchusa officinalis,ForestWetPoor
123291,Anchusa officinalis,ForestWetPoor
123292,Anchusa officinalis,ForestWetPoor
123293,Anchusa officinalis,ForestWetPoor
123294,Anchusa officinalis,ForestWetPoor
123295,Anchusa officinalis,ForestWetPoor
123296,Anchusa officinalis,ForestWetPoor
123297,Anchusa officinalis,ForestWetPoor
123298,Anchusa officinalis,ForestWetPoor
123299,Anchusa officinalis,ForestWetPoor
123300,Anchusa officinalis,ForestWetPoor
123301,Anchusa officinalis,ForestWetPoor
123302,Anchusa officinalis,ForestWetPoor
123303,Anchusa officinalis,ForestWetPoor
123304,Anchusa officinalis,ForestWetPoor
123305,Anchusa officinalis,ForestWetPoor
123306,Anchusa officinalis,ForestWetPoor
123307,Anchusa officinalis,ForestWetPoor
123308,Anchusa officinalis,ForestWetPoor
123309,Anchusa officinalis,ForestWetPoor
123310,Anchusa officinalis,ForestWetPoor
123311,Anchusa officinalis,ForestWetPoor
123832,Anchusa officinalis,ForestWetPoor
123833,Anchusa officinalis,ForestWetPoor
123834,Anchusa officinalis,ForestWetPoor
123835,Anchusa officinalis,ForestWetPoor
123836,Anchusa officinalis,ForestWetPoor
123837,Anchusa officinalis,ForestWetPoor
123838,Anchusa officinalis,ForestWetPoor
123839,Anchusa officinalis,ForestWetPoor
123840,Anchusa officinalis,ForestWetPoor
123841,Anchusa officinalis,ForestWetPoor
123842,Anchusa officinalis,ForestWetPoor
123843,Anchusa officinalis,ForestWetPoor
123844,Anchusa officinalis,ForestWetPoor
123845,Anchusa officinalis,ForestWetPoor
123846,Anchusa officinalis,ForestWetPoor
123847,Anchusa officinalis,ForestWetPoor
123848,Anchusa officinalis,ForestWetPoor
123849,Anchusa officinalis,ForestWetPoor
123850,Anchusa officinalis,ForestWetPoor
123871,Anchusa officinalis,ForestWetPoor
123872,Anchusa officinalis,ForestWetPoor
123873,Anchusa officinalis,ForestWetPoor
123874,Anchusa officinalis,ForestWetPoor
123875,Anchusa officinalis,ForestWetPoor
123876,Anchusa officinalis,ForestWetPoor
123877,Anchusa officinalis,ForestWetPoor
123878,Anchusa officinalis,ForestWetPoor
123879,Anchusa officinalis,ForestWetPoor
123880,Anchusa officinalis,ForestWetPoor
123881,Anchusa officinalis,ForestWetPoor
123882,Anchusa officinalis,ForestWetPoor
123883,Anchusa officinalis,ForestWetPoor
123884,Anchusa officinalis,ForestWetPoor
123885,Anchusa officinalis,ForestWetPoor
123886,Anchusa officinalis,ForestWetPoor
123887,Anchusa officinalis,ForestWetPoor
123888,Anchusa officinalis,ForestWetPoor
123889,Anchusa officinalis,ForestWetPoor
123890,Anchusa officinalis,ForestWetPoor
123891,Anchusa officinalis,ForestWetPoor
123892,Anchusa officinalis,ForestWetPoor
123893,Anchusa officinalis,ForestWetPoor
123894,Anchusa officinalis,ForestWetPoor
123895,Anchusa officinalis,ForestWetPoor
123896,Anchusa officinalis,ForestWetPoor
123897,Anchusa officinalis,ForestWetPoor
123898,Anchusa officinalis,ForestWetPoor
123899,Anchusa officinalis,ForestWetPoor
123900,Anchusa officinalis,ForestWetPoor
123901,Anchusa officinalis,ForestWetPoor
123902,Anchusa officinalis,ForestWetPoor
123903,Anchusa officinalis,ForestWetPoor
123904,Anchusa officinalis,ForestWetPoor
123905,Anchusa officinalis,ForestWetPoor
123906,Anchusa officinalis,ForestWetPoor
123907,Anchusa officinalis,ForestWetPoor
123908,Anchusa officinalis,ForestWetPoor
123909,Anchusa officinalis,ForestWetPoor
123910,Anchusa officinalis,ForestWetPoor
124432,Anchusa officinalis,ForestWetPoor
124433,Anchusa officinalis,ForestWetPoor
124434,Anchusa officinalis,ForestWetPoor
124435,Anchusa officinalis,ForestWetPoor
124436,Anchusa officinalis,ForestWetPoor
124437,Anchusa officinalis,ForestWetPoor
124438,Anchusa officinalis,ForestWetPoor
124439,Anchusa officinalis,ForestWetPoor
124440,Anchusa officinalis,ForestWetPoor
124441,Anchusa officinalis,ForestWetPoor
124442,Anchusa officinalis,ForestWetPoor
124443,Anchusa officinalis,ForestWetPoor
124444,Anchusa officinalis,ForestWetPoor
124445,Anchusa officinalis,ForestWetPoor
124446,Anchusa officinalis,ForestWetPoor
124447,Anchusa officinalis,ForestWetPoor
124448,Anchusa officinalis,ForestWetPoor
124449,Anchusa officinalis,ForestWetPoor
124470,Anchusa officinalis,ForestWetPoor
124471,Anchusa officinalis,ForestWetPoor
124472,Anchusa officinalis,ForestWetPoor
124473,Anchusa officinalis,ForestWetPoor
124474,Anchusa officinalis,ForestWetPoor
124475,Anchusa officinalis,ForestWetPoor
124476,Anchusa officinalis,ForestWetPoor
124477,Anchusa officinalis,ForestWetPoor
124478,Anchusa officinalis,ForestWetPoor
124479,Anchusa officinalis,ForestWetPoor
124480,Anchusa officinalis,ForestWetPoor
124481,Anchusa officinalis,ForestWetPoor
124482,Anchusa officinalis,ForestWetPoor
124483,Anchusa officinalis,ForestWetPoor
124484,Anchusa officinalis,ForestWetPoor
124485,Anchusa officinalis,ForestWetPoor
124486,Anchusa officinalis,ForestWetPoor
124487,Anchusa officinalis,ForestWetPoor
124488,Anchusa officinalis,ForestWetPoor
124489,Anchusa officinalis,ForestWetPoor
124490,Anchusa officinalis,ForestWetPoor
124491,Anchusa officinalis,ForestWetPoor
124492,Anchusa officinalis,ForestWetPoor
124493,Anchusa officinalis,ForestWetPoor
124494,Anchusa officinalis,ForestWetPoor
124495,Anchusa officinalis,ForestWetPoor
124496,Anchusa officinalis,ForestWetPoor
124497,Anchusa officinalis,ForestWetPoor
124498,Anchusa officinalis,ForestWetPoor
124499,Anchusa officinalis,ForestWetPoor
124500,Anchusa officinalis,ForestWetPoor
124501,Anchusa officinalis,ForestWetPoor
124502,Anchusa officinalis,ForestWetPoor
124503,Anchusa officinalis,ForestWetPoor
124504,Anchusa officinalis,ForestWetPoor
124505,Anchusa officinalis,ForestWetPoor
124506,Anchusa officinalis,ForestWetPoor
124507,Anchusa officinalis,ForestWetPoor
124508,Anchusa officinalis,ForestWetPoor
124509,Anchusa officinalis,ForestWetPoor
125031,Anchusa officinalis,ForestWetPoor
125032,Anchusa officinalis,ForestWetPoor
125033,Anchusa officinalis,ForestWetPoor
125034,Anchusa officinalis,ForestWetPoor
125035,Anchusa officinalis,ForestWetPoor
125036,Anchusa officinalis,ForestWetPoor
125037,Anchusa officinalis,ForestWetPoor
125038,Anchusa officinalis,ForestWetPoor
125039,Anchusa officinalis,ForestWetPoor
125040,Anchusa officinalis,ForestWetPoor
125041,Anchusa officinalis,ForestWetPoor
125042,Anchusa officinalis,ForestWetPoor
125043,Anchusa officinalis,ForestWetPoor
125044,Anchusa officinalis,ForestWetPoor
125045,Anchusa officinalis,ForestWetPoor
125046,Anchusa officinalis,ForestWetPoor
125047,Anchusa officinalis,ForestWetPoor
125048,Anchusa officinalis,ForestWetPoor
125069,Anchusa officinalis,ForestWetPoor
125070,Anchusa officinalis,ForestWetPoor
125071,Anchusa officinalis,ForestWetPoor
125072,Anchusa officinalis,ForestWetPoor
125073,Anchusa officinalis,ForestWetPoor
125074,Anchusa officinalis,ForestWetPoor
125075,Anchusa officinalis,ForestWetPoor
125076,Anchusa officinalis,ForestWetPoor
125077,Anchusa officinalis,ForestWetPoor
125078,Anchusa officinalis,ForestWetPoor
125079,Anchusa officinalis,ForestWetPoor
125080,Anchusa officinalis,ForestWetPoor
125081,Anchusa officinalis,ForestWetPoor
125082,Anchusa officinalis,ForestWetPoor
125083,Anchusa officinalis,ForestWetPoor
125084,Anchusa officinalis,ForestWetPoor
125085,Anchusa officinalis,ForestWetPoor
125086,Anchusa officinalis,ForestWetPoor
125087,Anchusa officinalis,ForestWetPoor
125088,Anchusa officinalis,ForestWetPoor
125089,Anchusa officinalis,ForestWetPoor
125090,Anchusa officinalis,ForestWetPoor
125091,Anchusa officinalis,ForestWetPoor
125092,Anchusa officinalis,ForestWetPoor
125093,Anchusa officinalis,ForestWetPoor
125094,Anchusa officinalis,ForestWetPoor
125095,Anchusa officinalis,ForestWetPoor
125096,Anchusa officinalis,ForestWetPoor
125097,Anchusa officinalis,ForestWetPoor
125098,Anchusa officinalis,ForestWetPoor
125099,Anchusa officinalis,ForestWetPoor
125100,Anchusa officinalis,ForestWetPoor
125101,Anchusa officinalis,ForestWetPoor
125102,Anchusa officinalis,ForestWetPoor
125103,Anchusa officinalis,ForestWetPoor
125104,Anchusa officinalis,ForestWetPoor
125105,Anchusa officinalis,ForestWetPoor
125106,Anchusa officinalis,ForestWetPoor
125107,Anchusa officinalis,ForestWetPoor
125108,Anchusa officinalis,ForestWetPoor
125630,Anchusa officinalis,ForestWetPoor
125631,Anchusa officinalis,ForestWetPoor
125632,Anchusa officinalis,ForestWetPoor
125633,Anchusa officinalis,ForestWetPoor
125634,Anchusa officinalis,ForestWetPoor
125635,Anchusa officinalis,ForestWetPoor
125636,Anchusa officinalis,ForestWetPoor
125637,Anchusa officinalis,ForestWetPoor
125638,Anchusa officinalis,ForestWetPoor
125639,Anchusa officinalis,ForestWetPoor
125640,Anchusa officinalis,ForestWetPoor
125641,Anchusa officinalis,ForestWetPoor
125642,Anchusa officinalis,ForestWetPoor
125643,Anchusa officinalis,ForestWetPoor
125644,Anchusa officinalis,ForestWetPoor
125645,Anchusa officinalis,ForestWetPoor
125646,Anchusa officinalis,ForestWetPoor
125647,Anchusa officinalis,ForestWetPoor
125668,Anchusa officinalis,ForestWetPoor
125669,Anchusa officinalis,ForestWetPoor
125670,Anchusa officinalis,ForestWetPoor
125671,Anchusa officinalis,ForestWetPoor
125672,Anchusa officinalis,ForestWetPoor
125673,Anchusa officinalis,ForestWetPoor
125674,Anchusa officinalis,ForestWetPoor
125675,Anchusa officinalis,ForestWetPoor
125676,Anchusa officinalis,ForestWetPoor
125677,Anchusa officinalis,ForestWetPoor
125678,Anchusa officinalis,ForestWetPoor
125679,Anchusa officinalis,ForestWetPoor
125680,Anchusa officinalis,ForestWetPoor
125681,Anchusa officinalis,ForestWetPoor
125682,Anchusa officinalis,ForestWetPoor
125683,Anchusa officinalis,ForestWetPoor
125684,Anchusa officinalis,ForestWetPoor
125685,Anchusa officinalis,ForestWetPoor
125686,Anchusa officinalis,ForestWetPoor
125687,Anchusa officinalis,ForestWetPoor
125688,Anchusa officinalis,ForestWetPoor
125689,Anchusa officinalis,ForestWetPoor
125690,Anchusa officinalis,ForestWetPoor
125691,Anchusa officinalis,ForestWetPoor
125692,Anchusa officinalis,ForestWetPoor
125693,Anchusa officinalis,ForestWetPoor
125694,Anchusa officinalis,ForestWetPoor
125695,Anchusa officinalis,ForestWetPoor
125696,Anchusa officinalis,ForestWetPoor
125697,Anchusa officinalis,ForestWetPoor
125698,Anchusa officinalis,ForestWetPoor
125699,Anchusa officinalis,ForestWetPoor
125700,Anchusa officinalis,ForestWetPoor
125701,Anchusa officinalis,ForestWetPoor
125702,Anchusa officinalis,ForestWetPoor
125703,Anchusa officinalis,ForestWetPoor
125704,Anchusa officinalis,ForestWetPoor
125705,Anchusa officinalis,ForestWetPoor
125706,Anchusa officinalis,ForestWetPoor
125707,Anchusa officinalis,ForestWetPoor
126229,Anchusa officinalis,ForestWetPoor
126230,Anchusa officinalis,ForestWetPoor
126231,Anchusa officinalis,ForestWetPoor
126232,Anchusa officinalis,ForestWetPoor
126233,Anchusa officinalis,ForestWetPoor
126234,Anchusa officinalis,ForestWetPoor
126235,Anchusa officinalis,ForestWetPoor
126236,Anchusa officinalis,ForestWetPoor
126237,Anchusa officinalis,ForestWetPoor
126238,Anchusa officinalis,ForestWetPoor
126239,Anchusa officinalis,ForestWetPoor
126240,Anchusa officinalis,ForestWetPoor
126241,Anchusa officinalis,ForestWetPoor
126242,Anchusa officinalis,ForestWetPoor
126243,Anchusa officinalis,ForestWetPoor
126244,Anchusa officinalis,ForestWetPoor
126245,Anchusa officinalis,ForestWetPoor
126246,Anchusa officinalis,ForestWetPoor
126267,Anchusa officinalis,ForestWetPoor
126268,Anchusa officinalis,ForestWetPoor
126269,Anchusa officinalis,ForestWetPoor
126270,Anchusa officinalis,ForestWetPoor
126271,Anchusa officinalis,ForestWetPoor
126272,Anchusa officinalis,ForestWetPoor
126273,Anchusa officinalis,ForestWetPoor
126274,Anchusa officinalis,ForestWetPoor
126275,Anchusa officinalis,ForestWetPoor
126276,Anchusa officinalis,ForestWetPoor
126277,Anchusa officinalis,ForestWetPoor
126278,Anchusa officinalis,ForestWetPoor
126279,Anchusa officinalis,ForestWetPoor
126280,Anchusa officinalis,ForestWetPoor
126281,Anchusa officinalis,ForestWetPoor
126282,Anchusa officinalis,ForestWetPoor
126283,Anchusa officinalis,ForestWetPoor
126284,Anchusa officinalis,ForestWetPoor
126285,Anchusa officinalis,ForestWetPoor
126286,Anchusa officinalis,ForestWetPoor
126287,Anchusa officinalis,ForestWetPoor
126288,Anchusa officinalis,ForestWetPoor
126289,Anchusa officinalis,ForestWetPoor
126290,Anchusa officinalis,ForestWetPoor
126291,Anchusa officinalis,ForestWetPoor
126292,Anchusa officinalis,ForestWetPoor
126293,Anchusa officinalis,ForestWetPoor
126294,Anchusa officinalis,ForestWetPoor
126295,Anchusa officinalis,ForestWetPoor
126296,Anchusa officinalis,ForestWetPoor
126297,Anchusa officinalis,ForestWetPoor
126298,Anchusa officinalis,ForestWetPoor
126299,Anchusa officinalis,ForestWetPoor
126300,Anchusa officinalis,ForestWetPoor
126301,Anchusa officinalis,ForestWetPoor
126302,Anchusa officinalis,ForestWetPoor
126303,Anchusa officinalis,ForestWetPoor
126304,Anchusa officinalis,ForestWetPoor
126305,Anchusa officinalis,ForestWetPoor
126306,Anchusa officinalis,ForestWetPoor
126829,Anchusa officinalis,ForestWetPoor
126830,Anchusa officinalis,ForestWetPoor
126831,Anchusa officinalis,ForestWetPoor
126832,Anchusa officinalis,ForestWetPoor
126833,Anchusa officinalis,ForestWetPoor
126834,Anchusa officinalis,ForestWetPoor
126835,Anchusa officinalis,ForestWetPoor
126836,Anchusa officinalis,ForestWetPoor
126837,Anchusa officinalis,ForestWetPoor
126838,Anchusa officinalis,ForestWetPoor
126839,Anchusa officinalis,ForestWetPoor
126840,Anchusa officinalis,ForestWetPoor
126841,Anchusa officinalis,ForestWetPoor
126842,Anchusa officinalis,ForestWetPoor
126843,Anchusa officinalis,ForestWetPoor
126844,Anchusa officinalis,ForestWetPoor
126845,Anchusa officinalis,ForestWetPoor
126866,Anchusa officinalis,ForestWetPoor
126867,Anchusa officinalis,ForestWetPoor
126868,Anchusa officinalis,ForestWetPoor
126869,Anchusa officinalis,ForestWetPoor
126870,Anchusa officinalis,ForestWetPoor
126871,Anchusa officinalis,ForestWetPoor
126872,Anchusa officinalis,ForestWetPoor
126873,Anchusa officinalis,ForestWetPoor
126874,Anchusa officinalis,ForestWetPoor
126875,Anchusa officinalis,ForestWetPoor
126876,Anchusa officinalis,ForestWetPoor
126877,Anchusa officinalis,ForestWetPoor
126878,Anchusa officinalis,ForestWetPoor
126879,Anchusa officinalis,ForestWetPoor
126880,Anchusa officinalis,ForestWetPoor
126881,Anchusa officinalis,ForestWetPoor
126882,Anchusa officinalis,ForestWetPoor
126883,Anchusa officinalis,ForestWetPoor
126884,Anchusa officinalis,ForestWetPoor
126885,Anchusa officinalis,ForestWetPoor
126886,Anchusa officinalis,ForestWetPoor
126887,Anchusa officinalis,ForestWetPoor
126888,Anchusa officinalis,ForestWetPoor
126889,Anchusa officinalis,ForestWetPoor
126890,Anchusa officinalis,ForestWetPoor
126891,Anchusa officinalis,ForestWetPoor
126892,Anchusa officinalis,ForestWetPoor
126893,Anchusa officinalis,ForestWetPoor
126894,Anchusa officinalis,ForestWetPoor
126895,Anchusa officinalis,ForestWetPoor
126896,Anchusa officinalis,ForestWetPoor
126897,Anchusa officinalis,ForestWetPoor
126898,Anchusa officinalis,ForestWetPoor
126899,Anchusa officinalis,ForestWetPoor
126900,Anchusa officinalis,ForestWetPoor
126901,Anchusa officinalis,ForestWetPoor
126902,Anchusa officinalis,ForestWetPoor
126903,Anchusa officinalis,ForestWetPoor
126904,Anchusa officinalis,ForestWetPoor
126905,Anchusa officinalis,ForestWetPoor
127428,Anchusa officinalis,ForestWetPoor
127429,Anchusa officinalis,ForestWetPoor
127430,Anchusa officinalis,ForestWetPoor
127431,Anchusa officinalis,ForestWetPoor
127432,Anchusa officinalis,ForestWetPoor
127433,Anchusa officinalis,ForestWetPoor
127434,Anchusa officinalis,ForestWetPoor
127435,Anchusa officinalis,ForestWetPoor
127436,Anchusa officinalis,ForestWetPoor
127437,Anchusa officinalis,ForestWetPoor
127438,Anchusa officinalis,ForestWetPoor
127439,Anchusa officinalis,ForestWetPoor
127440,Anchusa officinalis,ForestWetPoor
127441,Anchusa officinalis,ForestWetPoor
127442,Anchusa officinalis,ForestWetPoor
127443,Anchusa officinalis,ForestWetPoor
127444,Anchusa officinalis,ForestWetPoor
127465,Anchusa officinalis,ForestWetPoor
127466,Anchusa officinalis,ForestWetPoor
127467,Anchusa officinalis,ForestWetPoor
127468,Anchusa officinalis,ForestWetPoor
127469,Anchusa officinalis,ForestWetPoor
127470,Anchusa officinalis,ForestWetPoor
127471,Anchusa officinalis,ForestWetPoor
127472,Anchusa officinalis,ForestWetPoor
127473,Anchusa officinalis,ForestWetPoor
127474,Anchusa officinalis,ForestWetPoor
127475,Anchusa officinalis,ForestWetPoor
127476,Anchusa officinalis,ForestWetPoor
127477,Anchusa officinalis,ForestWetPoor
127478,Anchusa officinalis,ForestWetPoor
127479,Anchusa officinalis,ForestWetPoor
127480,Anchusa officinalis,ForestWetPoor
127481,Anchusa officinalis,ForestWetPoor
127482,Anchusa officinalis,ForestWetPoor
127483,Anchusa officinalis,ForestWetPoor
127484,Anchusa officinalis,ForestWetPoor
127485,Anchusa officinalis,ForestWetPoor
127486,Anchusa officinalis,ForestWetPoor
127487,Anchusa officinalis,ForestWetPoor
127488,Anchusa officinalis,ForestWetPoor
127489,Anchusa officinalis,ForestWetPoor
127490,Anchusa officinalis,ForestWetPoor
127491,Anchusa officinalis,ForestWetPoor
127492,Anchusa officinalis,ForestWetPoor
127493,Anchusa officinalis,ForestWetPoor
127494,Anchusa officinalis,ForestWetPoor
127495,Anchusa officinalis,ForestWetPoor
127496,Anchusa officinalis,ForestWetPoor
127497,Anchusa officinalis,ForestWetPoor
127498,Anchusa officinalis,ForestWetPoor
127499,Anchusa officinalis,ForestWetPoor
127500,Anchusa officinalis,ForestWetPoor
127501,Anchusa officinalis,ForestWetPoor
127502,Anchusa officinalis,ForestWetPoor
127503,Anchusa officinalis,ForestWetPoor
127504,Anchusa officinalis,ForestWetPoor
128028,Anchusa officinalis,ForestWetPoor
128029,Anchusa officinalis,ForestWetPoor
128030,Anchusa officinalis,ForestWetPoor
128031,Anchusa officinalis,ForestWetPoor
128032,Anchusa officinalis,ForestWetPoor
128033,Anchusa officinalis,ForestWetPoor
128034,Anchusa officinalis,ForestWetPoor
128035,Anchusa officinalis,ForestWetPoor
128036,Anchusa officinalis,ForestWetPoor
128037,Anchusa officinalis,ForestWetPoor
128038,Anchusa officinalis,ForestWetPoor
128039,Anchusa officinalis,ForestWetPoor
128040,Anchusa officinalis,ForestWetPoor
128041,Anchusa officinalis,ForestWetPoor
128042,Anchusa officinalis,ForestWetPoor
128043,Anchusa officinalis,ForestWetPoor
128064,Anchusa officinalis,ForestWetPoor
128065,Anchusa officinalis,ForestWetPoor
128066,Anchusa officinalis,ForestWetPoor
128067,Anchusa officinalis,ForestWetPoor
128068,Anchusa officinalis,ForestWetPoor
128069,Anchusa officinalis,ForestWetPoor
128070,Anchusa officinalis,ForestWetPoor
128071,Anchusa officinalis,ForestWetPoor
128072,Anchusa officinalis,ForestWetPoor
128073,Anchusa officinalis,ForestWetPoor
128074,Anchusa officinalis,ForestWetPoor
128075,Anchusa officinalis,ForestWetPoor
128076,Anchusa officinalis,ForestWetPoor
128077,Anchusa officinalis,ForestWetPoor
128078,Anchusa officinalis,ForestWetPoor
128079,Anchusa officinalis,ForestWetPoor
128080,Anchusa officinalis,ForestWetPoor
128081,Anchusa officinalis,ForestWetPoor
128082,Anchusa officinalis,ForestWetPoor
128083,Anchusa officinalis,ForestWetPoor
128084,Anchusa officinalis,ForestWetPoor
128085,Anchusa officinalis,ForestWetPoor
128086,Anchusa officinalis,ForestWetPoor
128087,Anchusa officinalis,ForestWetPoor
128088,Anchusa officinalis,ForestWetPoor
128089,Anchusa officinalis,ForestWetPoor
128090,Anchusa officinalis,ForestWetPoor
128091,Anchusa officinalis,ForestWetPoor
128092,Anchusa officinalis,ForestWetPoor
128093,Anchusa officinalis,ForestWetPoor
128094,Anchusa officinalis,ForestWetPoor
128095,Anchusa officinalis,ForestWetPoor
128096,Anchusa officinalis,ForestWetPoor
128097,Anchusa officinalis,ForestWetPoor
128098,Anchusa officinalis,ForestWetPoor
128099,Anchusa officinalis,ForestWetPoor
128100,Anchusa officinalis,ForestWetPoor
128101,Anchusa officinalis,ForestWetPoor
128102,Anchusa officinalis,ForestWetPoor
128103,Anchusa officinalis,ForestWetPoor
128627,Anchusa officinalis,ForestWetPoor
128628,Anchusa officinalis,ForestWetPoor
128629,Anchusa officinalis,ForestWetPoor
128630,Anchusa officinalis,ForestWetPoor
128631,Anchusa officinalis,ForestWetPoor
128632,Anchusa officinalis,ForestWetPoor
128633,Anchusa officinalis,ForestWetPoor
128634,Anchusa officinalis,ForestWetPoor
128635,Anchusa officinalis,ForestWetPoor
128636,Anchusa officinalis,ForestWetPoor
128637,Anchusa officinalis,ForestWetPoor
128638,Anchusa officinalis,ForestWetPoor
128639,Anchusa officinalis,ForestWetPoor
128640,Anchusa officinalis,ForestWetPoor
128641,Anchusa officinalis,ForestWetPoor
128642,Anchusa officinalis,ForestWetPoor
128663,Anchusa officinalis,ForestWetPoor
128664,Anchusa officinalis,ForestWetPoor
128665,Anchusa officinalis,ForestWetPoor
128666,Anchusa officinalis,ForestWetPoor
128667,Anchusa officinalis,ForestWetPoor
128668,Anchusa officinalis,ForestWetPoor
128669,Anchusa officinalis,ForestWetPoor
128670,Anchusa officinalis,ForestWetPoor
128671,Anchusa officinalis,ForestWetPoor
128672,Anchusa officinalis,ForestWetPoor
128673,Anchusa officinalis,ForestWetPoor
128674,Anchusa officinalis,ForestWetPoor
128675,Anchusa officinalis,ForestWetPoor
128676,Anchusa officinalis,ForestWetPoor
128677,Anchusa officinalis,ForestWetPoor
128678,Anchusa officinalis,ForestWetPoor
128679,Anchusa officinalis,ForestWetPoor
128680,Anchusa officinalis,ForestWetPoor
128681,Anchusa officinalis,ForestWetPoor
128682,Anchusa officinalis,ForestWetPoor
128683,Anchusa officinalis,ForestWetPoor
128684,Anchusa officinalis,ForestWetPoor
128685,Anchusa officinalis,ForestWetPoor
128686,Anchusa officinalis,ForestWetPoor
128687,Anchusa officinalis,ForestWetPoor
128688,Anchusa officinalis,ForestWetPoor
128689,Anchusa officinalis,ForestWetPoor
128690,Anchusa officinalis,ForestWetPoor
128691,Anchusa officinalis,ForestWetPoor
128692,Anchusa officinalis,ForestWetPoor
128693,Anchusa officinalis,ForestWetPoor
128694,Anchusa officinalis,ForestWetPoor
128695,Anchusa officinalis,ForestWetPoor
128696,Anchusa officinalis,ForestWetPoor
128697,Anchusa officinalis,ForestWetPoor
128698,Anchusa officinalis,ForestWetPoor
128699,Anchusa officinalis,ForestWetPoor
128700,Anchusa officinalis,ForestWetPoor
128701,Anchusa officinalis,ForestWetPoor
128702,Anchusa officinalis,ForestWetPoor
129226,Anchusa officinalis,ForestWetPoor
129227,Anchusa officinalis,ForestWetPoor
129228,Anchusa officinalis,ForestWetPoor
129229,Anchusa officinalis,ForestWetPoor
129230,Anchusa officinalis,ForestWetPoor
129231,Anchusa officinalis,ForestWetPoor
129232,Anchusa officinalis,ForestWetPoor
129233,Anchusa officinalis,ForestWetPoor
129234,Anchusa officinalis,ForestWetPoor
129235,Anchusa officinalis,ForestWetPoor
129236,Anchusa officinalis,ForestWetPoor
129237,Anchusa officinalis,ForestWetPoor
129238,Anchusa officinalis,ForestWetPoor
129239,Anchusa officinalis,ForestWetPoor
129240,Anchusa officinalis,ForestWetPoor
129241,Anchusa officinalis,ForestWetPoor
129262,Anchusa officinalis,ForestWetPoor
129263,Anchusa officinalis,ForestWetPoor
129264,Anchusa officinalis,ForestWetPoor
129265,Anchusa officinalis,ForestWetPoor
129266,Anchusa officinalis,ForestWetPoor
129267,Anchusa officinalis,ForestWetPoor
129268,Anchusa officinalis,ForestWetPoor
129269,Anchusa officinalis,ForestWetPoor
129270,Anchusa officinalis,ForestWetPoor
129271,Anchusa officinalis,ForestWetPoor
129272,Anchusa officinalis,ForestWetPoor
129273,Anchusa officinalis,ForestWetPoor
129274,Anchusa officinalis,ForestWetPoor
129275,Anchusa officinalis,ForestWetPoor
129276,Anchusa officinalis,ForestWetPoor
129277,Anchusa officinalis,ForestWetPoor
129278,Anchusa officinalis,ForestWetPoor
129279,Anchusa officinalis,ForestWetPoor
129280,Anchusa officinalis,ForestWetPoor
129281,Anchusa officinalis,ForestWetPoor
129282,Anchusa officinalis,ForestWetPoor
129283,Anchusa officinalis,ForestWetPoor
129284,Anchusa officinalis,ForestWetPoor
129285,Anchusa officinalis,ForestWetPoor
129286,Anchusa officinalis,ForestWetPoor
129287,Anchusa officinalis,ForestWetPoor
129288,Anchusa officinalis,ForestWetPoor
129289,Anchusa officinalis,ForestWetPoor
129290,Anchusa officinalis,ForestWetPoor
129291,Anchusa officinalis,ForestWetPoor
129292,Anchusa officinalis,ForestWetPoor
129293,Anchusa officinalis,ForestWetPoor
129294,Anchusa officinalis,ForestWetPoor
129295,Anchusa officinalis,ForestWetPoor
129296,Anchusa officinalis,ForestWetPoor
129297,Anchusa officinalis,ForestWetPoor
129298,Anchusa officinalis,ForestWetPoor
129299,Anchusa officinalis,ForestWetPoor
129300,Anchusa officinalis,ForestWetPoor
129301,Anchusa officinalis,ForestWetPoor
129826,Anchusa officinalis,ForestWetPoor
129827,Anchusa officinalis,ForestWetPoor
129828,Anchusa officinalis,ForestWetPoor
129829,Anchusa officinalis,ForestWetPoor
129830,Anchusa officinalis,ForestWetPoor
129831,Anchusa officinalis,ForestWetPoor
129832,Anchusa officinalis,ForestWetPoor
129833,Anchusa officinalis,ForestWetPoor
129834,Anchusa officinalis,ForestWetPoor
129835,Anchusa officinalis,ForestWetPoor
129836,Anchusa officinalis,ForestWetPoor
129837,Anchusa officinalis,ForestWetPoor
129838,Anchusa officinalis,ForestWetPoor
129839,Anchusa officinalis,ForestWetPoor
129840,Anchusa officinalis,ForestWetPoor
129861,Anchusa officinalis,ForestWetPoor
129862,Anchusa officinalis,ForestWetPoor
129863,Anchusa officinalis,ForestWetPoor
129864,Anchusa officinalis,ForestWetPoor
129865,Anchusa officinalis,ForestWetPoor
129866,Anchusa officinalis,ForestWetPoor
129867,Anchusa officinalis,ForestWetPoor
129868,Anchusa officinalis,ForestWetPoor
129869,Anchusa officinalis,ForestWetPoor
129870,Anchusa officinalis,ForestWetPoor
129871,Anchusa officinalis,ForestWetPoor
129872,Anchusa officinalis,ForestWetPoor
129873,Anchusa officinalis,ForestWetPoor
129874,Anchusa officinalis,ForestWetPoor
129875,Anchusa officinalis,ForestWetPoor
129876,Anchusa officinalis,ForestWetPoor
129877,Anchusa officinalis,ForestWetPoor
129878,Anchusa officinalis,ForestWetPoor
129879,Anchusa officinalis,ForestWetPoor
129880,Anchusa officinalis,ForestWetPoor
129881,Anchusa officinalis,ForestWetPoor
129882,Anchusa officinalis,ForestWetPoor
129883,Anchusa officinalis,ForestWetPoor
129884,Anchusa officinalis,ForestWetPoor
129885,Anchusa officinalis,ForestWetPoor
129886,Anchusa officinalis,ForestWetPoor
129887,Anchusa officinalis,ForestWetPoor
129888,Anchusa officinalis,ForestWetPoor
129889,Anchusa officinalis,ForestWetPoor
129890,Anchusa officinalis,ForestWetPoor
129891,Anchusa officinalis,ForestWetPoor
129892,Anchusa officinalis,ForestWetPoor
129893,Anchusa officinalis,ForestWetPoor
129894,Anchusa officinalis,ForestWetPoor
129895,Anchusa officinalis,ForestWetPoor
129896,Anchusa officinalis,ForestWetPoor
129897,Anchusa officinalis,ForestWetPoor
129898,Anchusa officinalis,ForestWetPoor
129899,Anchusa officinalis,ForestWetPoor
129900,Anchusa officinalis,ForestWetPoor
130425,Anchusa officinalis,ForestWetPoor
130426,Anchusa officinalis,ForestWetPoor
130427,Anchusa officinalis,ForestWetPoor
130428,Anchusa officinalis,ForestWetPoor
130429,Anchusa officinalis,ForestWetPoor
130430,Anchusa officinalis,ForestWetPoor
130431,Anchusa officinalis,ForestWetPoor
130432,Anchusa officinalis,ForestWetPoor
130433,Anchusa officinalis,ForestWetPoor
130434,Anchusa officinalis,ForestWetPoor
130435,Anchusa officinalis,ForestWetPoor
130436,Anchusa officinalis,ForestWetPoor
130437,Anchusa officinalis,ForestWetPoor
130438,Anchusa officinalis,ForestWetPoor
130439,Anchusa officinalis,ForestWetPoor
130460,Anchusa officinalis,ForestWetPoor
130461,Anchusa officinalis,ForestWetPoor
130462,Anchusa officinalis,ForestWetPoor
130463,Anchusa officinalis,ForestWetPoor
130464,Anchusa officinalis,ForestWetPoor
130465,Anchusa officinalis,ForestWetPoor
130466,Anchusa officinalis,ForestWetPoor
130467,Anchusa officinalis,ForestWetPoor
130468,Anchusa officinalis,ForestWetPoor
130469,Anchusa officinalis,ForestWetPoor
130470,Anchusa officinalis,ForestWetPoor
130471,Anchusa officinalis,ForestWetPoor
130472,Anchusa officinalis,ForestWetPoor
130473,Anchusa officinalis,ForestWetPoor
130474,Anchusa officinalis,ForestWetPoor
130475,Anchusa officinalis,ForestWetPoor
130476,Anchusa officinalis,ForestWetPoor
130477,Anchusa officinalis,ForestWetPoor
130478,Anchusa officinalis,ForestWetPoor
130479,Anchusa officinalis,ForestWetPoor
130480,Anchusa officinalis,ForestWetPoor
130481,Anchusa officinalis,ForestWetPoor
130482,Anchusa officinalis,ForestWetPoor
130483,Anchusa officinalis,ForestWetPoor
130484,Anchusa officinalis,ForestWetPoor
130485,Anchusa officinalis,ForestWetPoor
130486,Anchusa officinalis,ForestWetPoor
130487,Anchusa officinalis,ForestWetPoor
130488,Anchusa officinalis,ForestWetPoor
130489,Anchusa officinalis,ForestWetPoor
130490,Anchusa officinalis,ForestWetPoor
130491,Anchusa officinalis,ForestWetPoor
130492,Anchusa officinalis,ForestWetPoor
130493,Anchusa officinalis,ForestWetPoor
130494,Anchusa officinalis,ForestWetPoor
130495,Anchusa officinalis,ForestWetPoor
130496,Anchusa officinalis,ForestWetPoor
130497,Anchusa officinalis,ForestWetPoor
130498,Anchusa officinalis,ForestWetPoor
130499,Anchusa officinalis,ForestWetPoor
131025,Anchusa officinalis,ForestWetPoor
131026,Anchusa officinalis,ForestWetPoor
131027,Anchusa officinalis,ForestWetPoor
131028,Anchusa officinalis,ForestWetPoor
131029,Anchusa officinalis,ForestWetPoor
131030,Anchusa officinalis,ForestWetPoor
131031,Anchusa officinalis,ForestWetPoor
131032,Anchusa officinalis,ForestWetPoor
131033,Anchusa officinalis,ForestWetPoor
131034,Anchusa officinalis,ForestWetPoor
131035,Anchusa officinalis,ForestWetPoor
131036,Anchusa officinalis,ForestWetPoor
131037,Anchusa officinalis,ForestWetPoor
131038,Anchusa officinalis,ForestWetPoor
131059,Anchusa officinalis,ForestWetPoor
131060,Anchusa officinalis,ForestWetPoor
131061,Anchusa officinalis,ForestWetPoor
131062,Anchusa officinalis,ForestWetPoor
131063,Anchusa officinalis,ForestWetPoor
131064,Anchusa officinalis,ForestWetPoor
131065,Anchusa officinalis,ForestWetPoor
131066,Anchusa officinalis,ForestWetPoor
131067,Anchusa officinalis,ForestWetPoor
131068,Anchusa officinalis,ForestWetPoor
131069,Anchusa officinalis,ForestWetPoor
131070,Anchusa officinalis,ForestWetPoor
131071,Anchusa officinalis,ForestWetPoor
131072,Anchusa officinalis,ForestWetPoor
131073,Anchusa officinalis,ForestWetPoor
131074,Anchusa officinalis,ForestWetPoor
131075,Anchusa officinalis,ForestWetPoor
131076,Anchusa officinalis,ForestWetPoor
131077,Anchusa officinalis,ForestWetPoor
131078,Anchusa officinalis,ForestWetPoor
131079,Anchusa officinalis,ForestWetPoor
131080,Anchusa officinalis,ForestWetPoor
131081,Anchusa officinalis,ForestWetPoor
131082,Anchusa officinalis,ForestWetPoor
131083,Anchusa officinalis,ForestWetPoor
131084,Anchusa officinalis,ForestWetPoor
131085,Anchusa officinalis,ForestWetPoor
131086,Anchusa officinalis,ForestWetPoor
131087,Anchusa officinalis,ForestWetPoor
131088,Anchusa officinalis,ForestWetPoor
131089,Anchusa officinalis,ForestWetPoor
131090,Anchusa officinalis,ForestWetPoor
131091,Anchusa officinalis,ForestWetPoor
131092,Anchusa officinalis,ForestWetPoor
131093,Anchusa officinalis,ForestWetPoor
131094,Anchusa officinalis,ForestWetPoor
131095,Anchusa officinalis,ForestWetPoor
131096,Anchusa officinalis,ForestWetPoor
131097,Anchusa officinalis,ForestWetPoor
131098,Anchusa officinalis,ForestWetPoor
131624,Anchusa officinalis,ForestWetPoor
131625,Anchusa officinalis,ForestWetPoor
131626,Anchusa officinalis,ForestWetPoor
131627,Anchusa officinalis,ForestWetPoor
131628,Anchusa officinalis,ForestWetPoor
131629,Anchusa officinalis,ForestWetPoor
131630,Anchusa officinalis,ForestWetPoor
131631,Anchusa officinalis,ForestWetPoor
131632,Anchusa officinalis,ForestWetPoor
131633,Anchusa officinalis,ForestWetPoor
131634,Anchusa officinalis,ForestWetPoor
131635,Anchusa officinalis,ForestWetPoor
131636,Anchusa officinalis,ForestWetPoor
131637,Anchusa officinalis,ForestWetPoor
131658,Anchusa officinalis,ForestWetPoor
131659,Anchusa officinalis,ForestWetPoor
131660,Anchusa officinalis,ForestWetPoor
131661,Anchusa officinalis,ForestWetPoor
131662,Anchusa officinalis,ForestWetPoor
131663,Anchusa officinalis,ForestWetPoor
131664,Anchusa officinalis,ForestWetPoor
131665,Anchusa officinalis,ForestWetPoor
131666,Anchusa officinalis,ForestWetPoor
131667,Anchusa officinalis,ForestWetPoor
131668,Anchusa officinalis,ForestWetPoor
131669,Anchusa officinalis,ForestWetPoor
131670,Anchusa officinalis,ForestWetPoor
131671,Anchusa officinalis,ForestWetPoor
131672,Anchusa officinalis,ForestWetPoor
131673,Anchusa officinalis,ForestWetPoor
131674,Anchusa officinalis,ForestWetPoor
131675,Anchusa officinalis,ForestWetPoor
131676,Anchusa officinalis,ForestWetPoor
131677,Anchusa officinalis,ForestWetPoor
131678,Anchusa officinalis,ForestWetPoor
131679,Anchusa officinalis,ForestWetPoor
131680,Anchusa officinalis,ForestWetPoor
131681,Anchusa officinalis,ForestWetPoor
131682,Anchusa officinalis,ForestWetPoor
131683,Anchusa officinalis,ForestWetPoor
131684,Anchusa officinalis,ForestWetPoor
131685,Anchusa officinalis,ForestWetPoor
131686,Anchusa officinalis,ForestWetPoor
131687,Anchusa officinalis,ForestWetPoor
131688,Anchusa officinalis,ForestWetPoor
131689,Anchusa officinalis,ForestWetPoor
131690,Anchusa officinalis,ForestWetPoor
131691,Anchusa officinalis,ForestWetPoor
131692,Anchusa officinalis,ForestWetPoor
131693,Anchusa officinalis,ForestWetPoor
131694,Anchusa officinalis,ForestWetPoor
131695,Anchusa officinalis,ForestWetPoor
131696,Anchusa officinalis,ForestWetPoor
131697,Anchusa officinalis,ForestWetPoor
132224,Anchusa officinalis,ForestWetPoor
132225,Anchusa officinalis,ForestWetPoor
132226,Anchusa officinalis,ForestWetPoor
132227,Anchusa officinalis,ForestWetPoor
132228,Anchusa officinalis,ForestWetPoor
132229,Anchusa officinalis,ForestWetPoor
132230,Anchusa officinalis,ForestWetPoor
132231,Anchusa officinalis,ForestWetPoor
132232,Anchusa officinalis,ForestWetPoor
132233,Anchusa officinalis,ForestWetPoor
132234,Anchusa officinalis,ForestWetPoor
132235,Anchusa officinalis,ForestWetPoor
132236,Anchusa officinalis,ForestWetPoor
132257,Anchusa officinalis,ForestWetPoor
132258,Anchusa officinalis,ForestWetPoor
132259,Anchusa officinalis,ForestWetPoor
132260,Anchusa officinalis,ForestWetPoor
132261,Anchusa officinalis,ForestWetPoor
132262,Anchusa officinalis,ForestWetPoor
132263,Anchusa officinalis,ForestWetPoor
132264,Anchusa officinalis,ForestWetPoor
132265,Anchusa officinalis,ForestWetPoor
132266,Anchusa officinalis,ForestWetPoor
132267,Anchusa officinalis,ForestWetPoor
132268,Anchusa officinalis,ForestWetPoor
132269,Anchusa officinalis,ForestWetPoor
132270,Anchusa officinalis,ForestWetPoor
132271,Anchusa officinalis,ForestWetPoor
132272,Anchusa officinalis,ForestWetPoor
132273,Anchusa officinalis,ForestWetPoor
132274,Anchusa officinalis,ForestWetPoor
132275,Anchusa officinalis,ForestWetPoor
132276,Anchusa officinalis,ForestWetPoor
132277,Anchusa officinalis,ForestWetPoor
132278,Anchusa officinalis,ForestWetPoor
132279,Anchusa officinalis,ForestWetPoor
132280,Anchusa officinalis,ForestWetPoor
132281,Anchusa officinalis,ForestWetPoor
132282,Anchusa officinalis,ForestWetPoor
132283,Anchusa officinalis,ForestWetPoor
132284,Anchusa officinalis,ForestWetPoor
132285,Anchusa officinalis,ForestWetPoor
132286,Anchusa officinalis,ForestWetPoor
132287,Anchusa officinalis,ForestWetPoor
132288,Anchusa officinalis,ForestWetPoor
132289,Anchusa officinalis,ForestWetPoor
132290,Anchusa officinalis,ForestWetPoor
132291,Anchusa officinalis,ForestWetPoor
132292,Anchusa officinalis,ForestWetPoor
132293,Anchusa officinalis,ForestWetPoor
132294,Anchusa officinalis,ForestWetPoor
132295,Anchusa officinalis,ForestWetPoor
132296,Anchusa officinalis,ForestWetPoor
132823,Anchusa officinalis,ForestWetPoor
132824,Anchusa officinalis,ForestWetPoor
132825,Anchusa officinalis,ForestWetPoor
132826,Anchusa officinalis,ForestWetPoor
132827,Anchusa officinalis,ForestWetPoor
132828,Anchusa officinalis,ForestWetPoor
132829,Anchusa officinalis,ForestWetPoor
132830,Anchusa officinalis,ForestWetPoor
132831,Anchusa officinalis,ForestWetPoor
132832,Anchusa officinalis,ForestWetPoor
132833,Anchusa officinalis,ForestWetPoor
132834,Anchusa officinalis,ForestWetPoor
132835,Anchusa officinalis,ForestWetPoor
132856,Anchusa officinalis,ForestWetPoor
132857,Anchusa officinalis,ForestWetPoor
132858,Anchusa officinalis,ForestWetPoor
132859,Anchusa officinalis,ForestWetPoor
132860,Anchusa officinalis,ForestWetPoor
132861,Anchusa officinalis,ForestWetPoor
132862,Anchusa officinalis,ForestWetPoor
132863,Anchusa officinalis,ForestWetPoor
132864,Anchusa officinalis,ForestWetPoor
132865,Anchusa officinalis,ForestWetPoor
132866,Anchusa officinalis,ForestWetPoor
132867,Anchusa officinalis,ForestWetPoor
132868,Anchusa officinalis,ForestWetPoor
132869,Anchusa officinalis,ForestWetPoor
132870,Anchusa officinalis,ForestWetPoor
132871,Anchusa officinalis,ForestWetPoor
132872,Anchusa officinalis,ForestWetPoor
132873,Anchusa officinalis,ForestWetPoor
132874,Anchusa officinalis,ForestWetPoor
132875,Anchusa officinalis,ForestWetPoor
132876,Anchusa officinalis,ForestWetPoor
132877,Anchusa officinalis,ForestWetPoor
132878,Anchusa officinalis,ForestWetPoor
132879,Anchusa officinalis,ForestWetPoor
132880,Anchusa officinalis,ForestWetPoor
132881,Anchusa officinalis,ForestWetPoor
132882,Anchusa officinalis,ForestWetPoor
132883,Anchusa officinalis,ForestWetPoor
132884,Anchusa officinalis,ForestWetPoor
132885,Anchusa officinalis,ForestWetPoor
132886,Anchusa officinalis,ForestWetPoor
132887,Anchusa officinalis,ForestWetPoor
132888,Anchusa officinalis,ForestWetPoor
132889,Anchusa officinalis,ForestWetPoor
132890,Anchusa officinalis,ForestWetPoor
132891,Anchusa officinalis,ForestWetPoor
132892,Anchusa officinalis,ForestWetPoor
132893,Anchusa officinalis,ForestWetPoor
132894,Anchusa officinalis,ForestWetPoor
132895,Anchusa officinalis,ForestWetPoor
133423,Anchusa officinalis,ForestWetPoor
133424,Anchusa officinalis,ForestWetPoor
133425,Anchusa officinalis,ForestWetPoor
133426,Anchusa officinalis,ForestWetPoor
133427,Anchusa officinalis,ForestWetPoor
133428,Anchusa officinalis,ForestWetPoor
133429,Anchusa officinalis,ForestWetPoor
133430,Anchusa officinalis,ForestWetPoor
133431,Anchusa officinalis,ForestWetPoor
133432,Anchusa officinalis,ForestWetPoor
133433,Anchusa officinalis,ForestWetPoor
133434,Anchusa officinalis,ForestWetPoor
133455,Anchusa officinalis,ForestWetPoor
133456,Anchusa officinalis,ForestWetPoor
133457,Anchusa officinalis,ForestWetPoor
133458,Anchusa officinalis,ForestWetPoor
133459,Anchusa officinalis,ForestWetPoor
133460,Anchusa officinalis,ForestWetPoor
133461,Anchusa officinalis,ForestWetPoor
133462,Anchusa officinalis,ForestWetPoor
133463,Anchusa officinalis,ForestWetPoor
133464,Anchusa officinalis,ForestWetPoor
133465,Anchusa officinalis,ForestWetPoor
133466,Anchusa officinalis,ForestWetPoor
133467,Anchusa officinalis,ForestWetPoor
133468,Anchusa officinalis,ForestWetPoor
133469,Anchusa officinalis,ForestWetPoor
133470,Anchusa officinalis,ForestWetPoor
133471,Anchusa officinalis,ForestWetPoor
133472,Anchusa officinalis,ForestWetPoor
133473,Anchusa officinalis,ForestWetPoor
133474,Anchusa officinalis,ForestWetPoor
133475,Anchusa officinalis,ForestWetPoor
133476,Anchusa officinalis,ForestWetPoor
133477,Anchusa officinalis,ForestWetPoor
133478,Anchusa officinalis,ForestWetPoor
133479,Anchusa officinalis,ForestWetPoor
133480,Anchusa officinalis,ForestWetPoor
133481,Anchusa officinalis,ForestWetPoor
133482,Anchusa officinalis,ForestWetPoor
133483,Anchusa officinalis,ForestWetPoor
133484,Anchusa officinalis,ForestWetPoor
133485,Anchusa officinalis,ForestWetPoor
133486,Anchusa officinalis,ForestWetPoor
133487,Anchusa officinalis,ForestWetPoor
133488,Anchusa officinalis,ForestWetPoor
133489,Anchusa officinalis,ForestWetPoor
133490,Anchusa officinalis,ForestWetPoor
133491,Anchusa officinalis,ForestWetPoor
133492,Anchusa officinalis,ForestWetPoor
133493,Anchusa officinalis,ForestWetPoor
133494,Anchusa officinalis,ForestWetPoor
134023,Anchusa officinalis,ForestWetPoor
134024,Anchusa officinalis,ForestWetPoor
134025,Anchusa officinalis,ForestWetPoor
134026,Anchusa officinalis,ForestWetPoor
134027,Anchusa officinalis,ForestWetPoor
134028,Anchusa officinalis,ForestWetPoor
134029,Anchusa officinalis,ForestWetPoor
134030,Anchusa officinalis,ForestWetPoor
134031,Anchusa officinalis,ForestWetPoor
134032,Anchusa officinalis,ForestWetPoor
134033,Anchusa officinalis,ForestWetPoor
134054,Anchusa officinalis,ForestWetPoor
134055,Anchusa officinalis,ForestWetPoor
134056,Anchusa officinalis,ForestWetPoor
134057,Anchusa officinalis,ForestWetPoor
134058,Anchusa officinalis,ForestWetPoor
134059,Anchusa officinalis,ForestWetPoor
134060,Anchusa officinalis,ForestWetPoor
134061,Anchusa officinalis,ForestWetPoor
134062,Anchusa officinalis,ForestWetPoor
134063,Anchusa officinalis,ForestWetPoor
134064,Anchusa officinalis,ForestWetPoor
134065,Anchusa officinalis,ForestWetPoor
134066,Anchusa officinalis,ForestWetPoor
134067,Anchusa officinalis,ForestWetPoor
134068,Anchusa officinalis,ForestWetPoor
134069,Anchusa officinalis,ForestWetPoor
134070,Anchusa officinalis,ForestWetPoor
134071,Anchusa officinalis,ForestWetPoor
134072,Anchusa officinalis,ForestWetPoor
134073,Anchusa officinalis,ForestWetPoor
134074,Anchusa officinalis,ForestWetPoor
134075,Anchusa officinalis,ForestWetPoor
134076,Anchusa officinalis,ForestWetPoor
134077,Anchusa officinalis,ForestWetPoor
134078,Anchusa officinalis,ForestWetPoor
134079,Anchusa officinalis,ForestWetPoor
134080,Anchusa officinalis,ForestWetPoor
134081,Anchusa officinalis,ForestWetPoor
134082,Anchusa officinalis,ForestWetPoor
134083,Anchusa officinalis,ForestWetPoor
134084,Anchusa officinalis,ForestWetPoor
134085,Anchusa officinalis,ForestWetPoor
134086,Anchusa officinalis,ForestWetPoor
134087,Anchusa officinalis,ForestWetPoor
134088,Anchusa officinalis,ForestWetPoor
134089,Anchusa officinalis,ForestWetPoor
134090,Anchusa officinalis,ForestWetPoor
134091,Anchusa officinalis,ForestWetPoor
134092,Anchusa officinalis,ForestWetPoor
134093,Anchusa officinalis,ForestWetPoor
146632,Anchusa officinalis,ForestWetPoor
