62753,Betula pubescens,ForestWetPoor
62754,Betula pubescens,ForestWetPoor
62755,Betula pubescens,ForestWetPoor
62756,Betula pubescens,ForestWetPoor
62757,Betula pubescens,ForestWetPoor
62758,Betula pubescens,ForestWetPoor
62759,Betula pubescens,ForestWetPoor
62760,Betula pubescens,ForestWetPoor
62761,Betula pubescens,ForestWetPoor
62762,Betula pubescens,ForestWetPoor
62763,Betula pubescens,ForestWetPoor
62764,Betula pubescens,ForestWetPoor
62765,Betula pubescens,ForestWetPoor
62766,Betula pubescens,ForestWetPoor
62767,Betula pubescens,ForestWetPoor
62768,Betula pubescens,ForestWetPoor
62769,Betula pubescens,ForestWetPoor
62770,Betula pubescens,ForestWetPoor
62771,Betula pubescens,ForestWetPoor
62772,Betula pubescens,ForestWetPoor
62773,Betula pubescens,ForestWetPoor
62774,Betula pubescens,ForestWetPoor
62775,Betula pubescens,ForestWetPoor
62776,Betula pubescens,ForestWetPoor
62777,Betula pubescens,ForestWetPoor
62778,Betula pubescens,ForestWetPoor
62779,Betula pubescens,ForestWetPoor
62780,Betula pubescens,ForestWetPoor
62781,Betula pubescens,ForestWetPoor
62782,Betula pubescens,ForestWetPoor
62783,Betula pubescens,ForestWetPoor
62784,Betula pubescens,ForestWetPoor
62785,Betula pubescens,ForestWetPoor
62786,Betula pubescens,ForestWetPoor
62787,Betula pubescens,ForestWetPoor
62788,Betula pubescens,ForestWetPoor
62789,Betula pubescens,ForestWetPoor
62790,Betula pubescens,ForestWetPoor
62791,Betula pubescens,ForestWetPoor
62792,Betula pubescens,ForestWetPoor
63352,Betula pubescens,ForestWetPoor
63353,Betula pubescens,ForestWetPoor
63354,Betula pubescens,ForestWetPoor
63355,Betula pubescens,ForestWetPoor
63356,Betula pubescens,ForestWetPoor
63357,Betula pubescens,ForestWetPoor
63358,Betula pubescens,ForestWetPoor
63359,Betula pubescens,ForestWetPoor
63360,Betula pubescens,ForestWetPoor
63361,Betula pubescens,ForestWetPoor
63362,Betula pubescens,ForestWetPoor
63363,Betula pubescens,ForestWetPoor
63364,Betula pubescens,ForestWetPoor
63365,Betula pubescens,ForestWetPoor
63366,Betula pubescens,ForestWetPoor
63367,Betula pubescens,ForestWetPoor
63368,Betula pubescens,ForestWetPoor
63369,Betula pubescens,ForestWetPoor
63370,Betula pubescens,ForestWetPoor
63371,Betula pubescens,ForestWetPoor
63372,Betula pubescens,ForestWetPoor
63373,Betula pubescens,ForestWetPoor
63374,Betula pubescens,ForestWetPoor
63375,Betula pubescens,ForestWetPoor
63376,Betula pubescens,ForestWetPoor
63377,Betula pubescens,ForestWetPoor
63378,Betula pubescens,ForestWetPoor
63379,Betula pubescens,ForestWetPoor
63380,Betula pubescens,ForestWetPoor
63381,Betula pubescens,ForestWetPoor
63382,Betula pubescens,ForestWetPoor
63383,Betula pubescens,ForestWetPoor
63384,Betula pubescens,ForestWetPoor
63385,Betula pubescens,ForestWetPoor
63386,Betula pubescens,ForestWetPoor
63387,Betula pubescens,ForestWetPoor
63388,Betula pubescens,ForestWetPoor
63389,Betula pubescens,ForestWetPoor
63390,Betula pubescens,ForestWetPoor
63391,Betula pubescens,ForestWetPoor
63951,Betula pubescens,ForestWetPoor
63952,Betula pubescens,ForestWetPoor
63953,Betula pubescens,ForestWetPoor
63954,Betula pubescens,ForestWetPoor
63955,Betula pubescens,ForestWetPoor
63956,Betula pubescens,ForestWetPoor
63957,Betula pubescens,ForestWetPoor
63958,Betula pubescens,ForestWetPoor
63959,Betula pubescens,ForestWetPoor
63960,Betula pubescens,ForestWetPoor
63961,Betula pubescens,ForestWetPoor
63962,Betula pubescens,ForestWetPoor
63963,Betula pubescens,ForestWetPoor
63964,Betula pubescens,ForestWetPoor
63965,Betula pubescens,ForestWetPoor
63966,Betula pubescens,ForestWetPoor
63967,Betula pubescens,ForestWetPoor
63968,Betula pubescens,ForestWetPoor
63969,Betula pubescens,ForestWetPoor
63970,Betula pubescens,ForestWetPoor
63971,Betula pubescens,ForestWetPoor
63972,Betula pubescens,ForestWetPoor
63973,Betula pubescens,ForestWetPoor
63974,Betula pubescens,ForestWetPoor
63975,Betula pubescens,ForestWetPoor
63976,Betula pubescens,ForestWetPoor
63977,Betula pubescens,ForestWetPoor
63978,Betula pubescens,ForestWetPoor
63979,Betula pubescens,ForestWetPoor
63980,Betula pubescens,ForestWetPoor
63981,Betula pubescens,ForestWetPoor
63982,Betula pubescens,ForestWetPoor
63983,Betula pubescens,ForestWetPoor
63984,Betula pubescens,ForestWetPoor
63985,Betula pubescens,ForestWetPoor
63986,Betula pubescens,ForestWetPoor
63987,Betula pubescens,ForestWetPoor
63988,Betula pubescens,ForestWetPoor
63989,Betula pubescens,ForestWetPoor
63990,Betula pubescens,ForestWetPoor
64550,Betula pubescens,ForestWetPoor
64551,Betula pubescens,ForestWetPoor
64552,Betula pubescens,ForestWetPoor
64553,Betula pubescens,ForestWetPoor
64554,Betula pubescens,ForestWetPoor
64555,Betula pubescens,ForestWetPoor
64556,Betula pubescens,ForestWetPoor
64557,Betula pubescens,ForestWetPoor
64558,Betula pubescens,ForestWetPoor
64559,Betula pubescens,ForestWetPoor
64560,Betula pubescens,ForestWetPoor
64561,Betula pubescens,ForestWetPoor
64562,Betula pubescens,ForestWetPoor
64563,Betula pubescens,ForestWetPoor
64564,Betula pubescens,ForestWetPoor
64565,Betula pubescens,ForestWetPoor
64566,Betula pubescens,ForestWetPoor
64567,Betula pubescens,ForestWetPoor
64568,Betula pubescens,ForestWetPoor
64569,Betula pubescens,ForestWetPoor
64570,Betula pubescens,ForestWetPoor
64571,Betula pubescens,ForestWetPoor
64572,Betula pubescens,ForestWetPoor
64573,Betula pubescens,ForestWetPoor
64574,Betula pubescens,ForestWetPoor
64575,Betula pubescens,ForestWetPoor
64576,Betula pubescens,ForestWetPoor
64577,Betula pubescens,ForestWetPoor
64578,Betula pubescens,ForestWetPoor
64579,Betula pubescens,ForestWetPoor
64580,Betula pubescens,ForestWetPoor
64581,Betula pubescens,ForestWetPoor
64582,Betula pubescens,ForestWetPoor
64583,Betula pubescens,ForestWetPoor
64584,Betula pubescens,ForestWetPoor
64585,Betula pubescens,ForestWetPoor
64586,Betula pubescens,ForestWetPoor
64587,Betula pubescens,ForestWetPoor
64588,Betula pubescens,ForestWetPoor
64589,Betula pubescens,ForestWetPoor
65149,Betula pubescens,ForestWetPoor
65150,Betula pubescens,ForestWetPoor
65151,Betula pubescens,ForestWetPoor
65152,Betula pubescens,ForestWetPoor
65153,Betula pubescens,ForestWetPoor
65154,Betula pubescens,ForestWetPoor
65155,Betula pubescens,ForestWetPoor
65156,Betula pubescens,ForestWetPoor
65157,Betula pubescens,ForestWetPoor
65158,Betula pubescens,ForestWetPoor
65159,Betula pubescens,ForestWetPoor
65160,Betula pubescens,ForestWetPoor
65161,Betula pubescens,ForestWetPoor
65162,Betula pubescens,ForestWetPoor
65163,Betula pubescens,ForestWetPoor
65164,Betula pubescens,ForestWetPoor
65165,Betula pubescens,ForestWetPoor
65166,Betula pubescens,ForestWetPoor
65167,Betula pubescens,ForestWetPoor
65168,Betula pubescens,ForestWetPoor
65169,Betula pubescens,ForestWetPoor
65170,Betula pubescens,ForestWetPoor
65171,Betula pubescens,ForestWetPoor
65172,Betula pubescens,ForestWetPoor
65173,Betula pubescens,ForestWetPoor
65174,Betula pubescens,ForestWetPoor
65175,Betula pubescens,ForestWetPoor
65176,Betula pubescens,ForestWetPoor
65177,Betula pubescens,ForestWetPoor
65178,Betula pubescens,ForestWetPoor
65179,Betula pubescens,ForestWetPoor
65180,Betula pubescens,ForestWetPoor
65181,Betula pubescens,ForestWetPoor
65182,Betula pubescens,ForestWetPoor
65183,Betula pubescens,ForestWetPoor
65184,Betula pubescens,ForestWetPoor
65185,Betula pubescens,ForestWetPoor
65186,Betula pubescens,ForestWetPoor
65187,Betula pubescens,ForestWetPoor
65188,Betula pubescens,ForestWetPoor
65748,Betula pubescens,ForestWetPoor
65749,Betula pubescens,ForestWetPoor
65750,Betula pubescens,ForestWetPoor
65751,Betula pubescens,ForestWetPoor
65752,Betula pubescens,ForestWetPoor
65753,Betula pubescens,ForestWetPoor
65754,Betula pubescens,ForestWetPoor
65755,Betula pubescens,ForestWetPoor
65756,Betula pubescens,ForestWetPoor
65757,Betula pubescens,ForestWetPoor
65758,Betula pubescens,ForestWetPoor
65759,Betula pubescens,ForestWetPoor
65760,Betula pubescens,ForestWetPoor
65761,Betula pubescens,ForestWetPoor
65762,Betula pubescens,ForestWetPoor
65763,Betula pubescens,ForestWetPoor
65764,Betula pubescens,ForestWetPoor
65765,Betula pubescens,ForestWetPoor
65766,Betula pubescens,ForestWetPoor
65767,Betula pubescens,ForestWetPoor
65768,Betula pubescens,ForestWetPoor
65769,Betula pubescens,ForestWetPoor
65770,Betula pubescens,ForestWetPoor
65771,Betula pubescens,ForestWetPoor
65772,Betula pubescens,ForestWetPoor
65773,Betula pubescens,ForestWetPoor
65774,Betula pubescens,ForestWetPoor
65775,Betula pubescens,ForestWetPoor
65776,Betula pubescens,ForestWetPoor
65777,Betula pubescens,ForestWetPoor
65778,Betula pubescens,ForestWetPoor
65779,Betula pubescens,ForestWetPoor
65780,Betula pubescens,ForestWetPoor
65781,Betula pubescens,ForestWetPoor
65782,Betula pubescens,ForestWetPoor
65783,Betula pubescens,ForestWetPoor
65784,Betula pubescens,ForestWetPoor
65785,Betula pubescens,ForestWetPoor
65786,Betula pubescens,ForestWetPoor
65787,Betula pubescens,ForestWetPoor
66347,Betula pubescens,ForestWetPoor
66348,Betula pubescens,ForestWetPoor
66349,Betula pubescens,ForestWetPoor
66350,Betula pubescens,ForestWetPoor
66351,Betula pubescens,ForestWetPoor
66352,Betula pubescens,ForestWetPoor
66353,Betula pubescens,ForestWetPoor
66354,Betula pubescens,ForestWetPoor
66355,Betula pubescens,ForestWetPoor
66356,Betula pubescens,ForestWetPoor
66357,Betula pubescens,ForestWetPoor
66358,Betula pubescens,ForestWetPoor
66359,Betula pubescens,ForestWetPoor
66360,Betula pubescens,ForestWetPoor
66361,Betula pubescens,ForestWetPoor
66362,Betula pubescens,ForestWetPoor
66363,Betula pubescens,ForestWetPoor
66364,Betula pubescens,ForestWetPoor
66365,Betula pubescens,ForestWetPoor
66366,Betula pubescens,ForestWetPoor
66367,Betula pubescens,ForestWetPoor
66368,Betula pubescens,ForestWetPoor
66369,Betula pubescens,ForestWetPoor
66370,Betula pubescens,ForestWetPoor
66371,Betula pubescens,ForestWetPoor
66372,Betula pubescens,ForestWetPoor
66373,Betula pubescens,ForestWetPoor
66374,Betula pubescens,ForestWetPoor
66375,Betula pubescens,ForestWetPoor
66376,Betula pubescens,ForestWetPoor
66377,Betula pubescens,ForestWetPoor
66378,Betula pubescens,ForestWetPoor
66379,Betula pubescens,ForestWetPoor
66380,Betula pubescens,ForestWetPoor
66381,Betula pubescens,ForestWetPoor
66382,Betula pubescens,ForestWetPoor
66383,Betula pubescens,ForestWetPoor
66384,Betula pubescens,ForestWetPoor
66385,Betula pubescens,ForestWetPoor
66386,Betula pubescens,ForestWetPoor
66946,Betula pubescens,ForestWetPoor
66947,Betula pubescens,ForestWetPoor
66948,Betula pubescens,ForestWetPoor
66949,Betula pubescens,ForestWetPoor
66950,Betula pubescens,ForestWetPoor
66951,Betula pubescens,ForestWetPoor
66952,Betula pubescens,ForestWetPoor
66953,Betula pubescens,ForestWetPoor
66954,Betula pubescens,ForestWetPoor
66955,Betula pubescens,ForestWetPoor
66956,Betula pubescens,ForestWetPoor
66957,Betula pubescens,ForestWetPoor
66958,Betula pubescens,ForestWetPoor
66959,Betula pubescens,ForestWetPoor
66960,Betula pubescens,ForestWetPoor
66961,Betula pubescens,ForestWetPoor
66962,Betula pubescens,ForestWetPoor
66963,Betula pubescens,ForestWetPoor
66964,Betula pubescens,ForestWetPoor
66965,Betula pubescens,ForestWetPoor
66966,Betula pubescens,ForestWetPoor
66967,Betula pubescens,ForestWetPoor
66968,Betula pubescens,ForestWetPoor
66969,Betula pubescens,ForestWetPoor
66970,Betula pubescens,ForestWetPoor
66971,Betula pubescens,ForestWetPoor
66972,Betula pubescens,ForestWetPoor
66973,Betula pubescens,ForestWetPoor
66974,Betula pubescens,ForestWetPoor
66975,Betula pubescens,ForestWetPoor
66976,Betula pubescens,ForestWetPoor
66977,Betula pubescens,ForestWetPoor
66978,Betula pubescens,ForestWetPoor
66979,Betula pubescens,ForestWetPoor
66980,Betula pubescens,ForestWetPoor
66981,Betula pubescens,ForestWetPoor
66982,Betula pubescens,ForestWetPoor
66983,Betula pubescens,ForestWetPoor
66984,Betula pubescens,ForestWetPoor
66985,Betula pubescens,ForestWetPoor
67545,Betula pubescens,ForestWetPoor
67546,Betula pubescens,ForestWetPoor
67547,Betula pubescens,ForestWetPoor
67548,Betula pubescens,ForestWetPoor
67549,Betula pubescens,ForestWetPoor
67550,Betula pubescens,ForestWetPoor
67551,Betula pubescens,ForestWetPoor
67552,Betula pubescens,ForestWetPoor
67553,Betula pubescens,ForestWetPoor
67554,Betula pubescens,ForestWetPoor
67555,Betula pubescens,ForestWetPoor
67556,Betula pubescens,ForestWetPoor
67557,Betula pubescens,ForestWetPoor
67558,Betula pubescens,ForestWetPoor
67559,Betula pubescens,ForestWetPoor
67560,Betula pubescens,ForestWetPoor
67561,Betula pubescens,ForestWetPoor
67562,Betula pubescens,ForestWetPoor
67563,Betula pubescens,ForestWetPoor
67564,Betula pubescens,ForestWetPoor
67565,Betula pubescens,ForestWetPoor
67566,Betula pubescens,ForestWetPoor
67567,Betula pubescens,ForestWetPoor
67568,Betula pubescens,ForestWetPoor
67569,Betula pubescens,ForestWetPoor
67570,Betula pubescens,ForestWetPoor
67571,Betula pubescens,ForestWetPoor
67572,Betula pubescens,ForestWetPoor
67573,Betula pubescens,ForestWetPoor
67574,Betula pubescens,ForestWetPoor
67575,Betula pubescens,ForestWetPoor
67576,Betula pubescens,ForestWetPoor
67577,Betula pubescens,ForestWetPoor
67578,Betula pubescens,ForestWetPoor
67579,Betula pubescens,ForestWetPoor
67580,Betula pubescens,ForestWetPoor
67581,Betula pubescens,ForestWetPoor
67582,Betula pubescens,ForestWetPoor
67583,Betula pubescens,ForestWetPoor
67584,Betula pubescens,ForestWetPoor
68144,Betula pubescens,ForestWetPoor
68145,Betula pubescens,ForestWetPoor
68146,Betula pubescens,ForestWetPoor
68147,Betula pubescens,ForestWetPoor
68148,Betula pubescens,ForestWetPoor
68149,Betula pubescens,ForestWetPoor
68150,Betula pubescens,ForestWetPoor
68151,Betula pubescens,ForestWetPoor
68152,Betula pubescens,ForestWetPoor
68153,Betula pubescens,ForestWetPoor
68154,Betula pubescens,ForestWetPoor
68155,Betula pubescens,ForestWetPoor
68156,Betula pubescens,ForestWetPoor
68157,Betula pubescens,ForestWetPoor
68158,Betula pubescens,ForestWetPoor
68159,Betula pubescens,ForestWetPoor
68160,Betula pubescens,ForestWetPoor
68161,Betula pubescens,ForestWetPoor
68162,Betula pubescens,ForestWetPoor
68163,Betula pubescens,ForestWetPoor
68164,Betula pubescens,ForestWetPoor
68165,Betula pubescens,ForestWetPoor
68166,Betula pubescens,ForestWetPoor
68167,Betula pubescens,ForestWetPoor
68168,Betula pubescens,ForestWetPoor
68169,Betula pubescens,ForestWetPoor
68170,Betula pubescens,ForestWetPoor
68171,Betula pubescens,ForestWetPoor
68172,Betula pubescens,ForestWetPoor
68173,Betula pubescens,ForestWetPoor
68174,Betula pubescens,ForestWetPoor
68175,Betula pubescens,ForestWetPoor
68176,Betula pubescens,ForestWetPoor
68177,Betula pubescens,ForestWetPoor
68178,Betula pubescens,ForestWetPoor
68179,Betula pubescens,ForestWetPoor
68180,Betula pubescens,ForestWetPoor
68181,Betula pubescens,ForestWetPoor
68182,Betula pubescens,ForestWetPoor
68183,Betula pubescens,ForestWetPoor
68743,Betula pubescens,ForestWetPoor
68744,Betula pubescens,ForestWetPoor
68745,Betula pubescens,ForestWetPoor
68746,Betula pubescens,ForestWetPoor
68747,Betula pubescens,ForestWetPoor
68748,Betula pubescens,ForestWetPoor
68749,Betula pubescens,ForestWetPoor
68750,Betula pubescens,ForestWetPoor
68751,Betula pubescens,ForestWetPoor
68752,Betula pubescens,ForestWetPoor
68753,Betula pubescens,ForestWetPoor
68754,Betula pubescens,ForestWetPoor
68755,Betula pubescens,ForestWetPoor
68756,Betula pubescens,ForestWetPoor
68757,Betula pubescens,ForestWetPoor
68758,Betula pubescens,ForestWetPoor
68759,Betula pubescens,ForestWetPoor
68760,Betula pubescens,ForestWetPoor
68761,Betula pubescens,ForestWetPoor
68762,Betula pubescens,ForestWetPoor
68763,Betula pubescens,ForestWetPoor
68764,Betula pubescens,ForestWetPoor
68765,Betula pubescens,ForestWetPoor
68766,Betula pubescens,ForestWetPoor
68767,Betula pubescens,ForestWetPoor
68768,Betula pubescens,ForestWetPoor
68769,Betula pubescens,ForestWetPoor
68770,Betula pubescens,ForestWetPoor
68771,Betula pubescens,ForestWetPoor
68772,Betula pubescens,ForestWetPoor
68773,Betula pubescens,ForestWetPoor
68774,Betula pubescens,ForestWetPoor
68775,Betula pubescens,ForestWetPoor
68776,Betula pubescens,ForestWetPoor
68777,Betula pubescens,ForestWetPoor
68778,Betula pubescens,ForestWetPoor
68779,Betula pubescens,ForestWetPoor
68780,Betula pubescens,ForestWetPoor
68781,Betula pubescens,ForestWetPoor
68782,Betula pubescens,ForestWetPoor
69342,Betula pubescens,ForestWetPoor
69343,Betula pubescens,ForestWetPoor
69344,Betula pubescens,ForestWetPoor
69345,Betula pubescens,ForestWetPoor
69346,Betula pubescens,ForestWetPoor
69347,Betula pubescens,ForestWetPoor
69348,Betula pubescens,ForestWetPoor
69349,Betula pubescens,ForestWetPoor
69350,Betula pubescens,ForestWetPoor
69351,Betula pubescens,ForestWetPoor
69352,Betula pubescens,ForestWetPoor
69353,Betula pubescens,ForestWetPoor
69354,Betula pubescens,ForestWetPoor
69355,Betula pubescens,ForestWetPoor
69356,Betula pubescens,ForestWetPoor
69357,Betula pubescens,ForestWetPoor
69358,Betula pubescens,ForestWetPoor
69359,Betula pubescens,ForestWetPoor
69360,Betula pubescens,ForestWetPoor
69361,Betula pubescens,ForestWetPoor
69362,Betula pubescens,ForestWetPoor
69363,Betula pubescens,ForestWetPoor
69364,Betula pubescens,ForestWetPoor
69365,Betula pubescens,ForestWetPoor
69366,Betula pubescens,ForestWetPoor
69367,Betula pubescens,ForestWetPoor
69368,Betula pubescens,ForestWetPoor
69369,Betula pubescens,ForestWetPoor
69370,Betula pubescens,ForestWetPoor
69371,Betula pubescens,ForestWetPoor
69372,Betula pubescens,ForestWetPoor
69373,Betula pubescens,ForestWetPoor
69374,Betula pubescens,ForestWetPoor
69375,Betula pubescens,ForestWetPoor
69376,Betula pubescens,ForestWetPoor
69377,Betula pubescens,ForestWetPoor
69378,Betula pubescens,ForestWetPoor
69379,Betula pubescens,ForestWetPoor
69380,Betula pubescens,ForestWetPoor
69381,Betula pubescens,ForestWetPoor
69941,Betula pubescens,ForestWetPoor
69942,Betula pubescens,ForestWetPoor
69943,Betula pubescens,ForestWetPoor
69944,Betula pubescens,ForestWetPoor
69945,Betula pubescens,ForestWetPoor
69946,Betula pubescens,ForestWetPoor
69947,Betula pubescens,ForestWetPoor
69948,Betula pubescens,ForestWetPoor
69949,Betula pubescens,ForestWetPoor
69950,Betula pubescens,ForestWetPoor
69951,Betula pubescens,ForestWetPoor
69952,Betula pubescens,ForestWetPoor
69953,Betula pubescens,ForestWetPoor
69954,Betula pubescens,ForestWetPoor
69955,Betula pubescens,ForestWetPoor
69956,Betula pubescens,ForestWetPoor
69957,Betula pubescens,ForestWetPoor
69958,Betula pubescens,ForestWetPoor
69959,Betula pubescens,ForestWetPoor
69960,Betula pubescens,ForestWetPoor
69961,Betula pubescens,ForestWetPoor
69962,Betula pubescens,ForestWetPoor
69963,Betula pubescens,ForestWetPoor
69964,Betula pubescens,ForestWetPoor
69965,Betula pubescens,ForestWetPoor
69966,Betula pubescens,ForestWetPoor
69967,Betula pubescens,ForestWetPoor
69968,Betula pubescens,ForestWetPoor
69969,Betula pubescens,ForestWetPoor
69970,Betula pubescens,ForestWetPoor
69971,Betula pubescens,ForestWetPoor
69972,Betula pubescens,ForestWetPoor
69973,Betula pubescens,ForestWetPoor
69974,Betula pubescens,ForestWetPoor
69975,Betula pubescens,ForestWetPoor
69976,Betula pubescens,ForestWetPoor
69977,Betula pubescens,ForestWetPoor
69978,Betula pubescens,ForestWetPoor
69979,Betula pubescens,ForestWetPoor
69980,Betula pubescens,ForestWetPoor
70540,Betula pubescens,ForestWetPoor
70541,Betula pubescens,ForestWetPoor
70542,Betula pubescens,ForestWetPoor
70543,Betula pubescens,ForestWetPoor
70544,Betula pubescens,ForestWetPoor
70545,Betula pubescens,ForestWetPoor
70546,Betula pubescens,ForestWetPoor
70547,Betula pubescens,ForestWetPoor
70548,Betula pubescens,ForestWetPoor
70549,Betula pubescens,ForestWetPoor
70550,Betula pubescens,ForestWetPoor
70551,Betula pubescens,ForestWetPoor
70552,Betula pubescens,ForestWetPoor
70553,Betula pubescens,ForestWetPoor
70554,Betula pubescens,ForestWetPoor
70555,Betula pubescens,ForestWetPoor
70556,Betula pubescens,ForestWetPoor
70557,Betula pubescens,ForestWetPoor
70558,Betula pubescens,ForestWetPoor
70559,Betula pubescens,ForestWetPoor
70560,Betula pubescens,ForestWetPoor
70561,Betula pubescens,ForestWetPoor
70562,Betula pubescens,ForestWetPoor
70563,Betula pubescens,ForestWetPoor
70564,Betula pubescens,ForestWetPoor
70565,Betula pubescens,ForestWetPoor
70566,Betula pubescens,ForestWetPoor
70567,Betula pubescens,ForestWetPoor
70568,Betula pubescens,ForestWetPoor
70569,Betula pubescens,ForestWetPoor
70570,Betula pubescens,ForestWetPoor
70571,Betula pubescens,ForestWetPoor
70572,Betula pubescens,ForestWetPoor
70573,Betula pubescens,ForestWetPoor
70574,Betula pubescens,ForestWetPoor
70575,Betula pubescens,ForestWetPoor
70576,Betula pubescens,ForestWetPoor
70577,Betula pubescens,ForestWetPoor
70578,Betula pubescens,ForestWetPoor
70579,Betula pubescens,ForestWetPoor
71139,Betula pubescens,ForestWetPoor
71140,Betula pubescens,ForestWetPoor
71141,Betula pubescens,ForestWetPoor
71142,Betula pubescens,ForestWetPoor
71143,Betula pubescens,ForestWetPoor
71144,Betula pubescens,ForestWetPoor
71145,Betula pubescens,ForestWetPoor
71146,Betula pubescens,ForestWetPoor
71147,Betula pubescens,ForestWetPoor
71148,Betula pubescens,ForestWetPoor
71149,Betula pubescens,ForestWetPoor
71150,Betula pubescens,ForestWetPoor
71151,Betula pubescens,ForestWetPoor
71152,Betula pubescens,ForestWetPoor
71153,Betula pubescens,ForestWetPoor
71154,Betula pubescens,ForestWetPoor
71155,Betula pubescens,ForestWetPoor
71156,Betula pubescens,ForestWetPoor
71157,Betula pubescens,ForestWetPoor
71158,Betula pubescens,ForestWetPoor
71159,Betula pubescens,ForestWetPoor
71160,Betula pubescens,ForestWetPoor
71161,Betula pubescens,ForestWetPoor
71162,Betula pubescens,ForestWetPoor
71163,Betula pubescens,ForestWetPoor
71164,Betula pubescens,ForestWetPoor
71165,Betula pubescens,ForestWetPoor
71166,Betula pubescens,ForestWetPoor
71167,Betula pubescens,ForestWetPoor
71168,Betula pubescens,ForestWetPoor
71169,Betula pubescens,ForestWetPoor
71170,Betula pubescens,ForestWetPoor
71171,Betula pubescens,ForestWetPoor
71172,Betula pubescens,ForestWetPoor
71173,Betula pubescens,ForestWetPoor
71174,Betula pubescens,ForestWetPoor
71175,Betula pubescens,ForestWetPoor
71176,Betula pubescens,ForestWetPoor
71177,Betula pubescens,ForestWetPoor
71178,Betula pubescens,ForestWetPoor
71738,Betula pubescens,ForestWetPoor
71739,Betula pubescens,ForestWetPoor
71740,Betula pubescens,ForestWetPoor
71741,Betula pubescens,ForestWetPoor
71742,Betula pubescens,ForestWetPoor
71743,Betula pubescens,ForestWetPoor
71744,Betula pubescens,ForestWetPoor
71745,Betula pubescens,ForestWetPoor
71746,Betula pubescens,ForestWetPoor
71747,Betula pubescens,ForestWetPoor
71748,Betula pubescens,ForestWetPoor
71749,Betula pubescens,ForestWetPoor
71750,Betula pubescens,ForestWetPoor
71751,Betula pubescens,ForestWetPoor
71752,Betula pubescens,ForestWetPoor
71753,Betula pubescens,ForestWetPoor
71754,Betula pubescens,ForestWetPoor
71755,Betula pubescens,ForestWetPoor
71756,Betula pubescens,ForestWetPoor
71757,Betula pubescens,ForestWetPoor
71758,Betula pubescens,ForestWetPoor
71759,Betula pubescens,ForestWetPoor
71760,Betula pubescens,ForestWetPoor
71761,Betula pubescens,ForestWetPoor
71762,Betula pubescens,ForestWetPoor
71763,Betula pubescens,ForestWetPoor
71764,Betula pubescens,ForestWetPoor
71765,Betula pubescens,ForestWetPoor
71766,Betula pubescens,ForestWetPoor
71767,Betula pubescens,ForestWetPoor
71768,Betula pubescens,ForestWetPoor
71769,Betula pubescens,ForestWetPoor
71770,Betula pubescens,ForestWetPoor
71771,Betula pubescens,ForestWetPoor
71772,Betula pubescens,ForestWetPoor
71773,Betula pubescens,ForestWetPoor
71774,Betula pubescens,ForestWetPoor
71775,Betula pubescens,ForestWetPoor
71776,Betula pubescens,ForestWetPoor
71777,Betula pubescens,ForestWetPoor
72337,Betula pubescens,ForestWetPoor
72338,Betula pubescens,ForestWetPoor
72339,Betula pubescens,ForestWetPoor
72340,Betula pubescens,ForestWetPoor
72341,Betula pubescens,ForestWetPoor
72342,Betula pubescens,ForestWetPoor
72343,Betula pubescens,ForestWetPoor
72344,Betula pubescens,ForestWetPoor
72345,Betula pubescens,ForestWetPoor
72346,Betula pubescens,ForestWetPoor
72347,Betula pubescens,ForestWetPoor
72348,Betula pubescens,ForestWetPoor
72349,Betula pubescens,ForestWetPoor
72350,Betula pubescens,ForestWetPoor
72351,Betula pubescens,ForestWetPoor
72352,Betula pubescens,ForestWetPoor
72353,Betula pubescens,ForestWetPoor
72354,Betula pubescens,ForestWetPoor
72355,Betula pubescens,ForestWetPoor
72356,Betula pubescens,ForestWetPoor
72357,Betula pubescens,ForestWetPoor
72358,Betula pubescens,ForestWetPoor
72359,Betula pubescens,ForestWetPoor
72360,Betula pubescens,ForestWetPoor
72361,Betula pubescens,ForestWetPoor
72362,Betula pubescens,ForestWetPoor
72363,Betula pubescens,ForestWetPoor
72364,Betula pubescens,ForestWetPoor
72365,Betula pubescens,ForestWetPoor
72366,Betula pubescens,ForestWetPoor
72367,Betula pubescens,ForestWetPoor
72368,Betula pubescens,ForestWetPoor
72369,Betula pubescens,ForestWetPoor
72370,Betula pubescens,ForestWetPoor
72371,Betula pubescens,ForestWetPoor
72372,Betula pubescens,ForestWetPoor
72373,Betula pubescens,ForestWetPoor
72374,Betula pubescens,ForestWetPoor
72375,Betula pubescens,ForestWetPoor
72376,Betula pubescens,ForestWetPoor
72936,Betula pubescens,ForestWetPoor
72937,Betula pubescens,ForestWetPoor
72938,Betula pubescens,ForestWetPoor
72939,Betula pubescens,ForestWetPoor
72940,Betula pubescens,ForestWetPoor
72941,Betula pubescens,ForestWetPoor
72942,Betula pubescens,ForestWetPoor
72943,Betula pubescens,ForestWetPoor
72944,Betula pubescens,ForestWetPoor
72945,Betula pubescens,ForestWetPoor
72946,Betula pubescens,ForestWetPoor
72947,Betula pubescens,ForestWetPoor
72948,Betula pubescens,ForestWetPoor
72949,Betula pubescens,ForestWetPoor
72950,Betula pubescens,ForestWetPoor
72951,Betula pubescens,ForestWetPoor
72952,Betula pubescens,ForestWetPoor
72953,Betula pubescens,ForestWetPoor
72954,Betula pubescens,ForestWetPoor
72955,Betula pubescens,ForestWetPoor
72956,Betula pubescens,ForestWetPoor
72957,Betula pubescens,ForestWetPoor
72958,Betula pubescens,ForestWetPoor
72959,Betula pubescens,ForestWetPoor
72960,Betula pubescens,ForestWetPoor
72961,Betula pubescens,ForestWetPoor
72962,Betula pubescens,ForestWetPoor
72963,Betula pubescens,ForestWetPoor
72964,Betula pubescens,ForestWetPoor
72965,Betula pubescens,ForestWetPoor
72966,Betula pubescens,ForestWetPoor
72967,Betula pubescens,ForestWetPoor
72968,Betula pubescens,ForestWetPoor
72969,Betula pubescens,ForestWetPoor
72970,Betula pubescens,ForestWetPoor
72971,Betula pubescens,ForestWetPoor
72972,Betula pubescens,ForestWetPoor
72973,Betula pubescens,ForestWetPoor
72974,Betula pubescens,ForestWetPoor
72975,Betula pubescens,ForestWetPoor
73535,Betula pubescens,ForestWetPoor
73536,Betula pubescens,ForestWetPoor
73537,Betula pubescens,ForestWetPoor
73538,Betula pubescens,ForestWetPoor
73539,Betula pubescens,ForestWetPoor
73540,Betula pubescens,ForestWetPoor
73541,Betula pubescens,ForestWetPoor
73542,Betula pubescens,ForestWetPoor
73543,Betula pubescens,ForestWetPoor
73544,Betula pubescens,ForestWetPoor
73545,Betula pubescens,ForestWetPoor
73546,Betula pubescens,ForestWetPoor
73547,Betula pubescens,ForestWetPoor
73548,Betula pubescens,ForestWetPoor
73549,Betula pubescens,ForestWetPoor
73550,Betula pubescens,ForestWetPoor
73551,Betula pubescens,ForestWetPoor
73552,Betula pubescens,ForestWetPoor
73553,Betula pubescens,ForestWetPoor
73554,Betula pubescens,ForestWetPoor
73555,Betula pubescens,ForestWetPoor
73556,Betula pubescens,ForestWetPoor
73557,Betula pubescens,ForestWetPoor
73558,Betula pubescens,ForestWetPoor
73559,Betula pubescens,ForestWetPoor
73560,Betula pubescens,ForestWetPoor
73561,Betula pubescens,ForestWetPoor
73562,Betula pubescens,ForestWetPoor
73563,Betula pubescens,ForestWetPoor
73564,Betula pubescens,ForestWetPoor
73565,Betula pubescens,ForestWetPoor
73566,Betula pubescens,ForestWetPoor
73567,Betula pubescens,ForestWetPoor
73568,Betula pubescens,ForestWetPoor
73569,Betula pubescens,ForestWetPoor
73570,Betula pubescens,ForestWetPoor
73571,Betula pubescens,ForestWetPoor
73572,Betula pubescens,ForestWetPoor
73573,Betula pubescens,ForestWetPoor
73574,Betula pubescens,ForestWetPoor
74134,Betula pubescens,ForestWetPoor
74135,Betula pubescens,ForestWetPoor
74136,Betula pubescens,ForestWetPoor
74137,Betula pubescens,ForestWetPoor
74138,Betula pubescens,ForestWetPoor
74139,Betula pubescens,ForestWetPoor
74140,Betula pubescens,ForestWetPoor
74141,Betula pubescens,ForestWetPoor
74142,Betula pubescens,ForestWetPoor
74143,Betula pubescens,ForestWetPoor
74144,Betula pubescens,ForestWetPoor
74145,Betula pubescens,ForestWetPoor
74146,Betula pubescens,ForestWetPoor
74147,Betula pubescens,ForestWetPoor
74148,Betula pubescens,ForestWetPoor
74149,Betula pubescens,ForestWetPoor
74150,Betula pubescens,ForestWetPoor
74151,Betula pubescens,ForestWetPoor
74152,Betula pubescens,ForestWetPoor
74153,Betula pubescens,ForestWetPoor
74154,Betula pubescens,ForestWetPoor
74155,Betula pubescens,ForestWetPoor
74156,Betula pubescens,ForestWetPoor
74157,Betula pubescens,ForestWetPoor
74158,Betula pubescens,ForestWetPoor
74159,Betula pubescens,ForestWetPoor
74160,Betula pubescens,ForestWetPoor
74161,Betula pubescens,ForestWetPoor
74162,Betula pubescens,ForestWetPoor
74163,Betula pubescens,ForestWetPoor
74164,Betula pubescens,ForestWetPoor
74165,Betula pubescens,ForestWetPoor
74166,Betula pubescens,ForestWetPoor
74167,Betula pubescens,ForestWetPoor
74168,Betula pubescens,ForestWetPoor
74169,Betula pubescens,ForestWetPoor
74170,Betula pubescens,ForestWetPoor
74171,Betula pubescens,ForestWetPoor
74172,Betula pubescens,ForestWetPoor
74173,Betula pubescens,ForestWetPoor
74733,Betula pubescens,ForestWetPoor
74734,Betula pubescens,ForestWetPoor
74735,Betula pubescens,ForestWetPoor
74736,Betula pubescens,ForestWetPoor
74737,Betula pubescens,ForestWetPoor
74738,Betula pubescens,ForestWetPoor
74739,Betula pubescens,ForestWetPoor
74740,Betula pubescens,ForestWetPoor
74741,Betula pubescens,ForestWetPoor
74742,Betula pubescens,ForestWetPoor
74743,Betula pubescens,ForestWetPoor
74744,Betula pubescens,ForestWetPoor
74745,Betula pubescens,ForestWetPoor
74746,Betula pubescens,ForestWetPoor
74747,Betula pubescens,ForestWetPoor
74748,Betula pubescens,ForestWetPoor
74749,Betula pubescens,ForestWetPoor
74750,Betula pubescens,ForestWetPoor
74751,Betula pubescens,ForestWetPoor
74752,Betula pubescens,ForestWetPoor
75332,Betula pubescens,ForestWetPoor
75333,Betula pubescens,ForestWetPoor
75334,Betula pubescens,ForestWetPoor
75335,Betula pubescens,ForestWetPoor
75336,Betula pubescens,ForestWetPoor
75337,Betula pubescens,ForestWetPoor
75338,Betula pubescens,ForestWetPoor
75339,Betula pubescens,ForestWetPoor
75340,Betula pubescens,ForestWetPoor
75341,Betula pubescens,ForestWetPoor
75342,Betula pubescens,ForestWetPoor
75343,Betula pubescens,ForestWetPoor
75344,Betula pubescens,ForestWetPoor
75345,Betula pubescens,ForestWetPoor
75346,Betula pubescens,ForestWetPoor
75347,Betula pubescens,ForestWetPoor
75348,Betula pubescens,ForestWetPoor
75349,Betula pubescens,ForestWetPoor
75350,Betula pubescens,ForestWetPoor
75351,Betula pubescens,ForestWetPoor
75931,Betula pubescens,ForestWetPoor
75932,Betula pubescens,ForestWetPoor
75933,Betula pubescens,ForestWetPoor
75934,Betula pubescens,ForestWetPoor
75935,Betula pubescens,ForestWetPoor
75936,Betula pubescens,ForestWetPoor
75937,Betula pubescens,ForestWetPoor
75938,Betula pubescens,ForestWetPoor
75939,Betula pubescens,ForestWetPoor
75940,Betula pubescens,ForestWetPoor
75941,Betula pubescens,ForestWetPoor
75942,Betula pubescens,ForestWetPoor
75943,Betula pubescens,ForestWetPoor
75944,Betula pubescens,ForestWetPoor
75945,Betula pubescens,ForestWetPoor
75946,Betula pubescens,ForestWetPoor
75947,Betula pubescens,ForestWetPoor
75948,Betula pubescens,ForestWetPoor
75949,Betula pubescens,ForestWetPoor
75950,Betula pubescens,ForestWetPoor
76530,Betula pubescens,ForestWetPoor
76531,Betula pubescens,ForestWetPoor
76532,Betula pubescens,ForestWetPoor
76533,Betula pubescens,ForestWetPoor
76534,Betula pubescens,ForestWetPoor
76535,Betula pubescens,ForestWetPoor
76536,Betula pubescens,ForestWetPoor
76537,Betula pubescens,ForestWetPoor
76538,Betula pubescens,ForestWetPoor
76539,Betula pubescens,ForestWetPoor
76540,Betula pubescens,ForestWetPoor
76541,Betula pubescens,ForestWetPoor
76542,Betula pubescens,ForestWetPoor
76543,Betula pubescens,ForestWetPoor
76544,Betula pubescens,ForestWetPoor
76545,Betula pubescens,ForestWetPoor
76546,Betula pubescens,ForestWetPoor
76547,Betula pubescens,ForestWetPoor
76548,Betula pubescens,ForestWetPoor
76549,Betula pubescens,ForestWetPoor
77129,Betula pubescens,ForestWetPoor
77130,Betula pubescens,ForestWetPoor
77131,Betula pubescens,ForestWetPoor
77132,Betula pubescens,ForestWetPoor
77133,Betula pubescens,ForestWetPoor
77134,Betula pubescens,ForestWetPoor
77135,Betula pubescens,ForestWetPoor
77136,Betula pubescens,ForestWetPoor
77137,Betula pubescens,ForestWetPoor
77138,Betula pubescens,ForestWetPoor
77139,Betula pubescens,ForestWetPoor
77140,Betula pubescens,ForestWetPoor
77141,Betula pubescens,ForestWetPoor
77142,Betula pubescens,ForestWetPoor
77143,Betula pubescens,ForestWetPoor
77144,Betula pubescens,ForestWetPoor
77145,Betula pubescens,ForestWetPoor
77146,Betula pubescens,ForestWetPoor
77147,Betula pubescens,ForestWetPoor
77148,Betula pubescens,ForestWetPoor
77728,Betula pubescens,ForestWetPoor
77729,Betula pubescens,ForestWetPoor
77730,Betula pubescens,ForestWetPoor
77731,Betula pubescens,ForestWetPoor
77732,Betula pubescens,ForestWetPoor
77733,Betula pubescens,ForestWetPoor
77734,Betula pubescens,ForestWetPoor
77735,Betula pubescens,ForestWetPoor
77736,Betula pubescens,ForestWetPoor
77737,Betula pubescens,ForestWetPoor
77738,Betula pubescens,ForestWetPoor
77739,Betula pubescens,ForestWetPoor
77740,Betula pubescens,ForestWetPoor
77741,Betula pubescens,ForestWetPoor
77742,Betula pubescens,ForestWetPoor
77743,Betula pubescens,ForestWetPoor
77744,Betula pubescens,ForestWetPoor
77745,Betula pubescens,ForestWetPoor
77746,Betula pubescens,ForestWetPoor
77747,Betula pubescens,ForestWetPoor
78327,Betula pubescens,ForestWetPoor
78328,Betula pubescens,ForestWetPoor
78329,Betula pubescens,ForestWetPoor
78330,Betula pubescens,ForestWetPoor
78331,Betula pubescens,ForestWetPoor
78332,Betula pubescens,ForestWetPoor
78333,Betula pubescens,ForestWetPoor
78334,Betula pubescens,ForestWetPoor
78335,Betula pubescens,ForestWetPoor
78336,Betula pubescens,ForestWetPoor
78337,Betula pubescens,ForestWetPoor
78338,Betula pubescens,ForestWetPoor
78339,Betula pubescens,ForestWetPoor
78340,Betula pubescens,ForestWetPoor
78341,Betula pubescens,ForestWetPoor
78342,Betula pubescens,ForestWetPoor
78343,Betula pubescens,ForestWetPoor
78344,Betula pubescens,ForestWetPoor
78345,Betula pubescens,ForestWetPoor
78346,Betula pubescens,ForestWetPoor
78926,Betula pubescens,ForestWetPoor
78927,Betula pubescens,ForestWetPoor
78928,Betula pubescens,ForestWetPoor
78929,Betula pubescens,ForestWetPoor
78930,Betula pubescens,ForestWetPoor
78931,Betula pubescens,ForestWetPoor
78932,Betula pubescens,ForestWetPoor
78933,Betula pubescens,ForestWetPoor
78934,Betula pubescens,ForestWetPoor
78935,Betula pubescens,ForestWetPoor
78936,Betula pubescens,ForestWetPoor
78937,Betula pubescens,ForestWetPoor
78938,Betula pubescens,ForestWetPoor
78939,Betula pubescens,ForestWetPoor
78940,Betula pubescens,ForestWetPoor
78941,Betula pubescens,ForestWetPoor
78942,Betula pubescens,ForestWetPoor
78943,Betula pubescens,ForestWetPoor
78944,Betula pubescens,ForestWetPoor
78945,Betula pubescens,ForestWetPoor
79525,Betula pubescens,ForestWetPoor
79526,Betula pubescens,ForestWetPoor
79527,Betula pubescens,ForestWetPoor
79528,Betula pubescens,ForestWetPoor
79529,Betula pubescens,ForestWetPoor
79530,Betula pubescens,ForestWetPoor
79531,Betula pubescens,ForestWetPoor
79532,Betula pubescens,ForestWetPoor
79533,Betula pubescens,ForestWetPoor
79534,Betula pubescens,ForestWetPoor
79535,Betula pubescens,ForestWetPoor
79536,Betula pubescens,ForestWetPoor
79537,Betula pubescens,ForestWetPoor
79538,Betula pubescens,ForestWetPoor
79539,Betula pubescens,ForestWetPoor
79540,Betula pubescens,ForestWetPoor
79541,Betula pubescens,ForestWetPoor
79542,Betula pubescens,ForestWetPoor
79543,Betula pubescens,ForestWetPoor
79544,Betula pubescens,ForestWetPoor
80124,Betula pubescens,ForestWetPoor
80125,Betula pubescens,ForestWetPoor
80126,Betula pubescens,ForestWetPoor
80127,Betula pubescens,ForestWetPoor
80128,Betula pubescens,ForestWetPoor
80129,Betula pubescens,ForestWetPoor
80130,Betula pubescens,ForestWetPoor
80131,Betula pubescens,ForestWetPoor
80132,Betula pubescens,ForestWetPoor
80133,Betula pubescens,ForestWetPoor
80134,Betula pubescens,ForestWetPoor
80135,Betula pubescens,ForestWetPoor
80136,Betula pubescens,ForestWetPoor
80137,Betula pubescens,ForestWetPoor
80138,Betula pubescens,ForestWetPoor
80139,Betula pubescens,ForestWetPoor
80140,Betula pubescens,ForestWetPoor
80141,Betula pubescens,ForestWetPoor
80142,Betula pubescens,ForestWetPoor
80143,Betula pubescens,ForestWetPoor
80723,Betula pubescens,ForestWetPoor
80724,Betula pubescens,ForestWetPoor
80725,Betula pubescens,ForestWetPoor
80726,Betula pubescens,ForestWetPoor
80727,Betula pubescens,ForestWetPoor
80728,Betula pubescens,ForestWetPoor
80729,Betula pubescens,ForestWetPoor
80730,Betula pubescens,ForestWetPoor
80731,Betula pubescens,ForestWetPoor
80732,Betula pubescens,ForestWetPoor
80733,Betula pubescens,ForestWetPoor
80734,Betula pubescens,ForestWetPoor
80735,Betula pubescens,ForestWetPoor
80736,Betula pubescens,ForestWetPoor
80737,Betula pubescens,ForestWetPoor
80738,Betula pubescens,ForestWetPoor
80739,Betula pubescens,ForestWetPoor
80740,Betula pubescens,ForestWetPoor
80741,Betula pubescens,ForestWetPoor
80742,Betula pubescens,ForestWetPoor
81322,Betula pubescens,ForestWetPoor
81323,Betula pubescens,ForestWetPoor
81324,Betula pubescens,ForestWetPoor
81325,Betula pubescens,ForestWetPoor
81326,Betula pubescens,ForestWetPoor
81327,Betula pubescens,ForestWetPoor
81328,Betula pubescens,ForestWetPoor
81329,Betula pubescens,ForestWetPoor
81330,Betula pubescens,ForestWetPoor
81331,Betula pubescens,ForestWetPoor
81332,Betula pubescens,ForestWetPoor
81333,Betula pubescens,ForestWetPoor
81334,Betula pubescens,ForestWetPoor
81335,Betula pubescens,ForestWetPoor
81336,Betula pubescens,ForestWetPoor
81337,Betula pubescens,ForestWetPoor
81338,Betula pubescens,ForestWetPoor
81339,Betula pubescens,ForestWetPoor
81340,Betula pubescens,ForestWetPoor
81341,Betula pubescens,ForestWetPoor
81921,Betula pubescens,ForestWetPoor
81922,Betula pubescens,ForestWetPoor
81923,Betula pubescens,ForestWetPoor
81924,Betula pubescens,ForestWetPoor
81925,Betula pubescens,ForestWetPoor
81926,Betula pubescens,ForestWetPoor
81927,Betula pubescens,ForestWetPoor
81928,Betula pubescens,ForestWetPoor
81929,Betula pubescens,ForestWetPoor
81930,Betula pubescens,ForestWetPoor
81931,Betula pubescens,ForestWetPoor
81932,Betula pubescens,ForestWetPoor
81933,Betula pubescens,ForestWetPoor
81934,Betula pubescens,ForestWetPoor
81935,Betula pubescens,ForestWetPoor
81936,Betula pubescens,ForestWetPoor
81937,Betula pubescens,ForestWetPoor
81938,Betula pubescens,ForestWetPoor
81939,Betula pubescens,ForestWetPoor
81940,Betula pubescens,ForestWetPoor
82520,Betula pubescens,ForestWetPoor
82521,Betula pubescens,ForestWetPoor
82522,Betula pubescens,ForestWetPoor
82523,Betula pubescens,ForestWetPoor
82524,Betula pubescens,ForestWetPoor
82525,Betula pubescens,ForestWetPoor
82526,Betula pubescens,ForestWetPoor
82527,Betula pubescens,ForestWetPoor
82528,Betula pubescens,ForestWetPoor
82529,Betula pubescens,ForestWetPoor
82530,Betula pubescens,ForestWetPoor
82531,Betula pubescens,ForestWetPoor
82532,Betula pubescens,ForestWetPoor
82533,Betula pubescens,ForestWetPoor
82534,Betula pubescens,ForestWetPoor
82535,Betula pubescens,ForestWetPoor
82536,Betula pubescens,ForestWetPoor
82537,Betula pubescens,ForestWetPoor
82538,Betula pubescens,ForestWetPoor
82539,Betula pubescens,ForestWetPoor
83119,Betula pubescens,ForestWetPoor
83120,Betula pubescens,ForestWetPoor
83121,Betula pubescens,ForestWetPoor
83122,Betula pubescens,ForestWetPoor
83123,Betula pubescens,ForestWetPoor
83124,Betula pubescens,ForestWetPoor
83125,Betula pubescens,ForestWetPoor
83126,Betula pubescens,ForestWetPoor
83127,Betula pubescens,ForestWetPoor
83128,Betula pubescens,ForestWetPoor
83129,Betula pubescens,ForestWetPoor
83130,Betula pubescens,ForestWetPoor
83131,Betula pubescens,ForestWetPoor
83132,Betula pubescens,ForestWetPoor
83133,Betula pubescens,ForestWetPoor
83134,Betula pubescens,ForestWetPoor
83135,Betula pubescens,ForestWetPoor
83136,Betula pubescens,ForestWetPoor
83137,Betula pubescens,ForestWetPoor
83138,Betula pubescens,ForestWetPoor
83718,Betula pubescens,ForestWetPoor
83719,Betula pubescens,ForestWetPoor
83720,Betula pubescens,ForestWetPoor
83721,Betula pubescens,ForestWetPoor
83722,Betula pubescens,ForestWetPoor
83723,Betula pubescens,ForestWetPoor
83724,Betula pubescens,ForestWetPoor
83725,Betula pubescens,ForestWetPoor
83726,Betula pubescens,ForestWetPoor
83727,Betula pubescens,ForestWetPoor
83728,Betula pubescens,ForestWetPoor
83729,Betula pubescens,ForestWetPoor
83730,Betula pubescens,ForestWetPoor
83731,Betula pubescens,ForestWetPoor
83732,Betula pubescens,ForestWetPoor
83733,Betula pubescens,ForestWetPoor
83734,Betula pubescens,ForestWetPoor
83735,Betula pubescens,ForestWetPoor
83736,Betula pubescens,ForestWetPoor
83737,Betula pubescens,ForestWetPoor
84317,Betula pubescens,ForestWetPoor
84318,Betula pubescens,ForestWetPoor
84319,Betula pubescens,ForestWetPoor
84320,Betula pubescens,ForestWetPoor
84321,Betula pubescens,ForestWetPoor
84322,Betula pubescens,ForestWetPoor
84323,Betula pubescens,ForestWetPoor
84324,Betula pubescens,ForestWetPoor
84325,Betula pubescens,ForestWetPoor
84326,Betula pubescens,ForestWetPoor
84327,Betula pubescens,ForestWetPoor
84328,Betula pubescens,ForestWetPoor
84329,Betula pubescens,ForestWetPoor
84330,Betula pubescens,ForestWetPoor
84331,Betula pubescens,ForestWetPoor
84332,Betula pubescens,ForestWetPoor
84333,Betula pubescens,ForestWetPoor
84334,Betula pubescens,ForestWetPoor
84335,Betula pubescens,ForestWetPoor
84336,Betula pubescens,ForestWetPoor
84916,Betula pubescens,ForestWetPoor
84917,Betula pubescens,ForestWetPoor
84918,Betula pubescens,ForestWetPoor
84919,Betula pubescens,ForestWetPoor
84920,Betula pubescens,ForestWetPoor
84921,Betula pubescens,ForestWetPoor
84922,Betula pubescens,ForestWetPoor
84923,Betula pubescens,ForestWetPoor
84924,Betula pubescens,ForestWetPoor
84925,Betula pubescens,ForestWetPoor
84926,Betula pubescens,ForestWetPoor
84927,Betula pubescens,ForestWetPoor
84928,Betula pubescens,ForestWetPoor
84929,Betula pubescens,ForestWetPoor
84930,Betula pubescens,ForestWetPoor
84931,Betula pubescens,ForestWetPoor
84932,Betula pubescens,ForestWetPoor
84933,Betula pubescens,ForestWetPoor
84934,Betula pubescens,ForestWetPoor
84935,Betula pubescens,ForestWetPoor
85515,Betula pubescens,ForestWetPoor
85516,Betula pubescens,ForestWetPoor
85517,Betula pubescens,ForestWetPoor
85518,Betula pubescens,ForestWetPoor
85519,Betula pubescens,ForestWetPoor
85520,Betula pubescens,ForestWetPoor
85521,Betula pubescens,ForestWetPoor
85522,Betula pubescens,ForestWetPoor
85523,Betula pubescens,ForestWetPoor
85524,Betula pubescens,ForestWetPoor
85525,Betula pubescens,ForestWetPoor
85526,Betula pubescens,ForestWetPoor
85527,Betula pubescens,ForestWetPoor
85528,Betula pubescens,ForestWetPoor
85529,Betula pubescens,ForestWetPoor
85530,Betula pubescens,ForestWetPoor
85531,Betula pubescens,ForestWetPoor
85532,Betula pubescens,ForestWetPoor
85533,Betula pubescens,ForestWetPoor
85534,Betula pubescens,ForestWetPoor
86114,Betula pubescens,ForestWetPoor
86115,Betula pubescens,ForestWetPoor
86116,Betula pubescens,ForestWetPoor
86117,Betula pubescens,ForestWetPoor
86118,Betula pubescens,ForestWetPoor
86119,Betula pubescens,ForestWetPoor
86120,Betula pubescens,ForestWetPoor
86121,Betula pubescens,ForestWetPoor
86122,Betula pubescens,ForestWetPoor
86123,Betula pubescens,ForestWetPoor
86124,Betula pubescens,ForestWetPoor
86125,Betula pubescens,ForestWetPoor
86126,Betula pubescens,ForestWetPoor
86127,Betula pubescens,ForestWetPoor
86128,Betula pubescens,ForestWetPoor
86129,Betula pubescens,ForestWetPoor
86130,Betula pubescens,ForestWetPoor
86131,Betula pubescens,ForestWetPoor
86132,Betula pubescens,ForestWetPoor
86133,Betula pubescens,ForestWetPoor
86713,Betula pubescens,ForestWetPoor
86714,Betula pubescens,ForestWetPoor
86715,Betula pubescens,ForestWetPoor
86716,Betula pubescens,ForestWetPoor
86717,Betula pubescens,ForestWetPoor
86718,Betula pubescens,ForestWetPoor
86719,Betula pubescens,ForestWetPoor
86720,Betula pubescens,ForestWetPoor
86721,Betula pubescens,ForestWetPoor
86722,Betula pubescens,ForestWetPoor
86723,Betula pubescens,ForestWetPoor
86724,Betula pubescens,ForestWetPoor
86725,Betula pubescens,ForestWetPoor
86726,Betula pubescens,ForestWetPoor
86727,Betula pubescens,ForestWetPoor
86728,Betula pubescens,ForestWetPoor
86729,Betula pubescens,ForestWetPoor
86730,Betula pubescens,ForestWetPoor
86731,Betula pubescens,ForestWetPoor
86732,Betula pubescens,ForestWetPoor
87312,Betula pubescens,ForestWetPoor
87313,Betula pubescens,ForestWetPoor
87314,Betula pubescens,ForestWetPoor
87315,Betula pubescens,ForestWetPoor
87316,Betula pubescens,ForestWetPoor
87317,Betula pubescens,ForestWetPoor
87318,Betula pubescens,ForestWetPoor
87319,Betula pubescens,ForestWetPoor
87320,Betula pubescens,ForestWetPoor
87321,Betula pubescens,ForestWetPoor
87322,Betula pubescens,ForestWetPoor
87323,Betula pubescens,ForestWetPoor
87324,Betula pubescens,ForestWetPoor
87325,Betula pubescens,ForestWetPoor
87326,Betula pubescens,ForestWetPoor
87327,Betula pubescens,ForestWetPoor
87328,Betula pubescens,ForestWetPoor
87329,Betula pubescens,ForestWetPoor
87330,Betula pubescens,ForestWetPoor
87331,Betula pubescens,ForestWetPoor
87911,Betula pubescens,ForestWetPoor
87912,Betula pubescens,ForestWetPoor
87913,Betula pubescens,ForestWetPoor
87914,Betula pubescens,ForestWetPoor
87915,Betula pubescens,ForestWetPoor
87916,Betula pubescens,ForestWetPoor
87917,Betula pubescens,ForestWetPoor
87918,Betula pubescens,ForestWetPoor
87919,Betula pubescens,ForestWetPoor
87920,Betula pubescens,ForestWetPoor
87921,Betula pubescens,ForestWetPoor
87922,Betula pubescens,ForestWetPoor
87923,Betula pubescens,ForestWetPoor
87924,Betula pubescens,ForestWetPoor
87925,Betula pubescens,ForestWetPoor
87926,Betula pubescens,ForestWetPoor
87927,Betula pubescens,ForestWetPoor
87928,Betula pubescens,ForestWetPoor
87929,Betula pubescens,ForestWetPoor
87930,Betula pubescens,ForestWetPoor
88510,Betula pubescens,ForestWetPoor
88511,Betula pubescens,ForestWetPoor
88512,Betula pubescens,ForestWetPoor
88513,Betula pubescens,ForestWetPoor
88514,Betula pubescens,ForestWetPoor
88515,Betula pubescens,ForestWetPoor
88516,Betula pubescens,ForestWetPoor
88517,Betula pubescens,ForestWetPoor
88518,Betula pubescens,ForestWetPoor
88519,Betula pubescens,ForestWetPoor
88520,Betula pubescens,ForestWetPoor
88521,Betula pubescens,ForestWetPoor
88522,Betula pubescens,ForestWetPoor
88523,Betula pubescens,ForestWetPoor
88524,Betula pubescens,ForestWetPoor
88525,Betula pubescens,ForestWetPoor
88526,Betula pubescens,ForestWetPoor
88527,Betula pubescens,ForestWetPoor
88528,Betula pubescens,ForestWetPoor
88529,Betula pubescens,ForestWetPoor
89109,Betula pubescens,ForestWetPoor
89110,Betula pubescens,ForestWetPoor
89111,Betula pubescens,ForestWetPoor
89112,Betula pubescens,ForestWetPoor
89113,Betula pubescens,ForestWetPoor
89114,Betula pubescens,ForestWetPoor
89115,Betula pubescens,ForestWetPoor
89116,Betula pubescens,ForestWetPoor
89117,Betula pubescens,ForestWetPoor
89118,Betula pubescens,ForestWetPoor
89119,Betula pubescens,ForestWetPoor
89120,Betula pubescens,ForestWetPoor
89121,Betula pubescens,ForestWetPoor
89122,Betula pubescens,ForestWetPoor
89123,Betula pubescens,ForestWetPoor
89124,Betula pubescens,ForestWetPoor
89125,Betula pubescens,ForestWetPoor
89126,Betula pubescens,ForestWetPoor
89127,Betula pubescens,ForestWetPoor
89128,Betula pubescens,ForestWetPoor
89708,Betula pubescens,ForestWetPoor
89709,Betula pubescens,ForestWetPoor
89710,Betula pubescens,ForestWetPoor
89711,Betula pubescens,ForestWetPoor
89712,Betula pubescens,ForestWetPoor
89713,Betula pubescens,ForestWetPoor
89714,Betula pubescens,ForestWetPoor
89715,Betula pubescens,ForestWetPoor
89716,Betula pubescens,ForestWetPoor
89717,Betula pubescens,ForestWetPoor
89718,Betula pubescens,ForestWetPoor
89719,Betula pubescens,ForestWetPoor
89720,Betula pubescens,ForestWetPoor
89721,Betula pubescens,ForestWetPoor
89722,Betula pubescens,ForestWetPoor
89723,Betula pubescens,ForestWetPoor
89724,Betula pubescens,ForestWetPoor
89725,Betula pubescens,ForestWetPoor
89726,Betula pubescens,ForestWetPoor
89727,Betula pubescens,ForestWetPoor
90307,Betula pubescens,ForestWetPoor
90308,Betula pubescens,ForestWetPoor
90309,Betula pubescens,ForestWetPoor
90310,Betula pubescens,ForestWetPoor
90311,Betula pubescens,ForestWetPoor
90312,Betula pubescens,ForestWetPoor
90313,Betula pubescens,ForestWetPoor
90314,Betula pubescens,ForestWetPoor
90315,Betula pubescens,ForestWetPoor
90316,Betula pubescens,ForestWetPoor
90317,Betula pubescens,ForestWetPoor
90318,Betula pubescens,ForestWetPoor
90319,Betula pubescens,ForestWetPoor
90320,Betula pubescens,ForestWetPoor
90321,Betula pubescens,ForestWetPoor
90322,Betula pubescens,ForestWetPoor
90323,Betula pubescens,ForestWetPoor
90324,Betula pubescens,ForestWetPoor
90325,Betula pubescens,ForestWetPoor
90326,Betula pubescens,ForestWetPoor
90906,Betula pubescens,ForestWetPoor
90907,Betula pubescens,ForestWetPoor
90908,Betula pubescens,ForestWetPoor
90909,Betula pubescens,ForestWetPoor
90910,Betula pubescens,ForestWetPoor
90911,Betula pubescens,ForestWetPoor
90912,Betula pubescens,ForestWetPoor
90913,Betula pubescens,ForestWetPoor
90914,Betula pubescens,ForestWetPoor
90915,Betula pubescens,ForestWetPoor
90916,Betula pubescens,ForestWetPoor
90917,Betula pubescens,ForestWetPoor
90918,Betula pubescens,ForestWetPoor
90919,Betula pubescens,ForestWetPoor
90920,Betula pubescens,ForestWetPoor
90921,Betula pubescens,ForestWetPoor
90922,Betula pubescens,ForestWetPoor
90923,Betula pubescens,ForestWetPoor
90924,Betula pubescens,ForestWetPoor
90925,Betula pubescens,ForestWetPoor
91505,Betula pubescens,ForestWetPoor
91506,Betula pubescens,ForestWetPoor
91507,Betula pubescens,ForestWetPoor
91508,Betula pubescens,ForestWetPoor
91509,Betula pubescens,ForestWetPoor
91510,Betula pubescens,ForestWetPoor
91511,Betula pubescens,ForestWetPoor
91512,Betula pubescens,ForestWetPoor
91513,Betula pubescens,ForestWetPoor
91514,Betula pubescens,ForestWetPoor
91515,Betula pubescens,ForestWetPoor
91516,Betula pubescens,ForestWetPoor
91517,Betula pubescens,ForestWetPoor
91518,Betula pubescens,ForestWetPoor
91519,Betula pubescens,ForestWetPoor
91520,Betula pubescens,ForestWetPoor
91521,Betula pubescens,ForestWetPoor
91522,Betula pubescens,ForestWetPoor
91523,Betula pubescens,ForestWetPoor
91524,Betula pubescens,ForestWetPoor
92104,Betula pubescens,ForestWetPoor
92105,Betula pubescens,ForestWetPoor
92106,Betula pubescens,ForestWetPoor
92107,Betula pubescens,ForestWetPoor
92108,Betula pubescens,ForestWetPoor
92109,Betula pubescens,ForestWetPoor
92110,Betula pubescens,ForestWetPoor
92111,Betula pubescens,ForestWetPoor
92112,Betula pubescens,ForestWetPoor
92113,Betula pubescens,ForestWetPoor
92114,Betula pubescens,ForestWetPoor
92115,Betula pubescens,ForestWetPoor
92116,Betula pubescens,ForestWetPoor
92117,Betula pubescens,ForestWetPoor
92118,Betula pubescens,ForestWetPoor
92119,Betula pubescens,ForestWetPoor
92120,Betula pubescens,ForestWetPoor
92121,Betula pubescens,ForestWetPoor
92122,Betula pubescens,ForestWetPoor
92123,Betula pubescens,ForestWetPoor
92703,Betula pubescens,ForestWetPoor
92704,Betula pubescens,ForestWetPoor
92705,Betula pubescens,ForestWetPoor
92706,Betula pubescens,ForestWetPoor
92707,Betula pubescens,ForestWetPoor
92708,Betula pubescens,ForestWetPoor
92709,Betula pubescens,ForestWetPoor
92710,Betula pubescens,ForestWetPoor
92711,Betula pubescens,ForestWetPoor
92712,Betula pubescens,ForestWetPoor
92713,Betula pubescens,ForestWetPoor
92714,Betula pubescens,ForestWetPoor
92715,Betula pubescens,ForestWetPoor
92716,Betula pubescens,ForestWetPoor
92717,Betula pubescens,ForestWetPoor
92718,Betula pubescens,ForestWetPoor
92719,Betula pubescens,ForestWetPoor
92720,Betula pubescens,ForestWetPoor
92721,Betula pubescens,ForestWetPoor
92722,Betula pubescens,ForestWetPoor
93302,Betula pubescens,ForestWetPoor
93303,Betula pubescens,ForestWetPoor
93304,Betula pubescens,ForestWetPoor
93305,Betula pubescens,ForestWetPoor
93306,Betula pubescens,ForestWetPoor
93307,Betula pubescens,ForestWetPoor
93308,Betula pubescens,ForestWetPoor
93309,Betula pubescens,ForestWetPoor
93310,Betula pubescens,ForestWetPoor
93311,Betula pubescens,ForestWetPoor
93312,Betula pubescens,ForestWetPoor
93313,Betula pubescens,ForestWetPoor
93314,Betula pubescens,ForestWetPoor
93315,Betula pubescens,ForestWetPoor
93316,Betula pubescens,ForestWetPoor
93317,Betula pubescens,ForestWetPoor
93318,Betula pubescens,ForestWetPoor
93319,Betula pubescens,ForestWetPoor
93320,Betula pubescens,ForestWetPoor
93321,Betula pubescens,ForestWetPoor
93902,Betula pubescens,ForestWetPoor
93903,Betula pubescens,ForestWetPoor
93904,Betula pubescens,ForestWetPoor
93905,Betula pubescens,ForestWetPoor
93906,Betula pubescens,ForestWetPoor
93907,Betula pubescens,ForestWetPoor
93908,Betula pubescens,ForestWetPoor
93909,Betula pubescens,ForestWetPoor
93910,Betula pubescens,ForestWetPoor
93911,Betula pubescens,ForestWetPoor
93912,Betula pubescens,ForestWetPoor
93913,Betula pubescens,ForestWetPoor
93914,Betula pubescens,ForestWetPoor
93915,Betula pubescens,ForestWetPoor
93916,Betula pubescens,ForestWetPoor
93917,Betula pubescens,ForestWetPoor
93918,Betula pubescens,ForestWetPoor
93919,Betula pubescens,ForestWetPoor
93920,Betula pubescens,ForestWetPoor
94502,Betula pubescens,ForestWetPoor
94503,Betula pubescens,ForestWetPoor
94504,Betula pubescens,ForestWetPoor
94505,Betula pubescens,ForestWetPoor
94506,Betula pubescens,ForestWetPoor
94507,Betula pubescens,ForestWetPoor
94508,Betula pubescens,ForestWetPoor
94509,Betula pubescens,ForestWetPoor
94510,Betula pubescens,ForestWetPoor
94511,Betula pubescens,ForestWetPoor
94512,Betula pubescens,ForestWetPoor
94513,Betula pubescens,ForestWetPoor
94514,Betula pubescens,ForestWetPoor
94515,Betula pubescens,ForestWetPoor
94516,Betula pubescens,ForestWetPoor
94517,Betula pubescens,ForestWetPoor
94518,Betula pubescens,ForestWetPoor
94519,Betula pubescens,ForestWetPoor
95103,Betula pubescens,ForestWetPoor
95104,Betula pubescens,ForestWetPoor
95105,Betula pubescens,ForestWetPoor
95106,Betula pubescens,ForestWetPoor
95107,Betula pubescens,ForestWetPoor
95108,Betula pubescens,ForestWetPoor
95109,Betula pubescens,ForestWetPoor
95110,Betula pubescens,ForestWetPoor
95111,Betula pubescens,ForestWetPoor
95112,Betula pubescens,ForestWetPoor
95113,Betula pubescens,ForestWetPoor
95114,Betula pubescens,ForestWetPoor
95115,Betula pubescens,ForestWetPoor
95116,Betula pubescens,ForestWetPoor
95117,Betula pubescens,ForestWetPoor
95118,Betula pubescens,ForestWetPoor
95703,Betula pubescens,ForestWetPoor
95704,Betula pubescens,ForestWetPoor
95705,Betula pubescens,ForestWetPoor
95706,Betula pubescens,ForestWetPoor
95707,Betula pubescens,ForestWetPoor
95708,Betula pubescens,ForestWetPoor
95709,Betula pubescens,ForestWetPoor
95710,Betula pubescens,ForestWetPoor
95711,Betula pubescens,ForestWetPoor
95712,Betula pubescens,ForestWetPoor
95713,Betula pubescens,ForestWetPoor
95714,Betula pubescens,ForestWetPoor
95715,Betula pubescens,ForestWetPoor
95716,Betula pubescens,ForestWetPoor
95717,Betula pubescens,ForestWetPoor
96304,Betula pubescens,ForestWetPoor
96305,Betula pubescens,ForestWetPoor
96306,Betula pubescens,ForestWetPoor
96307,Betula pubescens,ForestWetPoor
96308,Betula pubescens,ForestWetPoor
96309,Betula pubescens,ForestWetPoor
96310,Betula pubescens,ForestWetPoor
96311,Betula pubescens,ForestWetPoor
96312,Betula pubescens,ForestWetPoor
96313,Betula pubescens,ForestWetPoor
96314,Betula pubescens,ForestWetPoor
96315,Betula pubescens,ForestWetPoor
96316,Betula pubescens,ForestWetPoor
96904,Betula pubescens,ForestWetPoor
96905,Betula pubescens,ForestWetPoor
96906,Betula pubescens,ForestWetPoor
96907,Betula pubescens,ForestWetPoor
96908,Betula pubescens,ForestWetPoor
96909,Betula pubescens,ForestWetPoor
96910,Betula pubescens,ForestWetPoor
96911,Betula pubescens,ForestWetPoor
96912,Betula pubescens,ForestWetPoor
96913,Betula pubescens,ForestWetPoor
96914,Betula pubescens,ForestWetPoor
96915,Betula pubescens,ForestWetPoor
97505,Betula pubescens,ForestWetPoor
97506,Betula pubescens,ForestWetPoor
97507,Betula pubescens,ForestWetPoor
97508,Betula pubescens,ForestWetPoor
97509,Betula pubescens,ForestWetPoor
97510,Betula pubescens,ForestWetPoor
97511,Betula pubescens,ForestWetPoor
97512,Betula pubescens,ForestWetPoor
97513,Betula pubescens,ForestWetPoor
97514,Betula pubescens,ForestWetPoor
98106,Betula pubescens,ForestWetPoor
98107,Betula pubescens,ForestWetPoor
98108,Betula pubescens,ForestWetPoor
98109,Betula pubescens,ForestWetPoor
98110,Betula pubescens,ForestWetPoor
98111,Betula pubescens,ForestWetPoor
98112,Betula pubescens,ForestWetPoor
98113,Betula pubescens,ForestWetPoor
