302293,Carex riparia,ForestWetPoor
302294,Carex riparia,ForestWetPoor
302295,Carex riparia,ForestWetPoor
302296,Carex riparia,ForestWetPoor
302297,Carex riparia,ForestWetPoor
302298,Carex riparia,ForestWetPoor
302299,Carex riparia,ForestWetPoor
302300,Carex riparia,ForestWetPoor
302301,Carex riparia,ForestWetPoor
302302,Carex riparia,ForestWetPoor
302303,Carex riparia,ForestWetPoor
302304,Carex riparia,ForestWetPoor
302305,Carex riparia,ForestWetPoor
302306,Carex riparia,ForestWetPoor
302307,Carex riparia,ForestWetPoor
302308,Carex riparia,ForestWetPoor
302309,Carex riparia,ForestWetPoor
302310,Carex riparia,ForestWetPoor
302311,Carex riparia,ForestWetPoor
302312,Carex riparia,ForestWetPoor
302313,Carex riparia,ForestWetPoor
302314,Carex riparia,ForestWetPoor
302315,Carex riparia,ForestWetPoor
302316,Carex riparia,ForestWetPoor
302317,Carex riparia,ForestWetPoor
302318,Carex riparia,ForestWetPoor
302319,Carex riparia,ForestWetPoor
302320,Carex riparia,ForestWetPoor
302321,Carex riparia,ForestWetPoor
302322,Carex riparia,ForestWetPoor
302323,Carex riparia,ForestWetPoor
302324,Carex riparia,ForestWetPoor
302325,Carex riparia,ForestWetPoor
302326,Carex riparia,ForestWetPoor
302327,Carex riparia,ForestWetPoor
302328,Carex riparia,ForestWetPoor
302329,Carex riparia,ForestWetPoor
302330,Carex riparia,ForestWetPoor
302331,Carex riparia,ForestWetPoor
302332,Carex riparia,ForestWetPoor
302892,Carex riparia,ForestWetPoor
302893,Carex riparia,ForestWetPoor
302894,Carex riparia,ForestWetPoor
302895,Carex riparia,ForestWetPoor
302896,Carex riparia,ForestWetPoor
302897,Carex riparia,ForestWetPoor
302898,Carex riparia,ForestWetPoor
302899,Carex riparia,ForestWetPoor
302900,Carex riparia,ForestWetPoor
302901,Carex riparia,ForestWetPoor
302902,Carex riparia,ForestWetPoor
302903,Carex riparia,ForestWetPoor
302904,Carex riparia,ForestWetPoor
302905,Carex riparia,ForestWetPoor
302906,Carex riparia,ForestWetPoor
302907,Carex riparia,ForestWetPoor
302908,Carex riparia,ForestWetPoor
302909,Carex riparia,ForestWetPoor
302910,Carex riparia,ForestWetPoor
302911,Carex riparia,ForestWetPoor
302912,Carex riparia,ForestWetPoor
302913,Carex riparia,ForestWetPoor
302914,Carex riparia,ForestWetPoor
302915,Carex riparia,ForestWetPoor
302916,Carex riparia,ForestWetPoor
302917,Carex riparia,ForestWetPoor
302918,Carex riparia,ForestWetPoor
302919,Carex riparia,ForestWetPoor
302920,Carex riparia,ForestWetPoor
302921,Carex riparia,ForestWetPoor
302922,Carex riparia,ForestWetPoor
302923,Carex riparia,ForestWetPoor
302924,Carex riparia,ForestWetPoor
302925,Carex riparia,ForestWetPoor
302926,Carex riparia,ForestWetPoor
302927,Carex riparia,ForestWetPoor
302928,Carex riparia,ForestWetPoor
302929,Carex riparia,ForestWetPoor
302930,Carex riparia,ForestWetPoor
302931,Carex riparia,ForestWetPoor
303491,Carex riparia,ForestWetPoor
303492,Carex riparia,ForestWetPoor
303493,Carex riparia,ForestWetPoor
303494,Carex riparia,ForestWetPoor
303495,Carex riparia,ForestWetPoor
303496,Carex riparia,ForestWetPoor
303497,Carex riparia,ForestWetPoor
303498,Carex riparia,ForestWetPoor
303499,Carex riparia,ForestWetPoor
303500,Carex riparia,ForestWetPoor
303501,Carex riparia,ForestWetPoor
303502,Carex riparia,ForestWetPoor
303503,Carex riparia,ForestWetPoor
303504,Carex riparia,ForestWetPoor
303505,Carex riparia,ForestWetPoor
303506,Carex riparia,ForestWetPoor
303507,Carex riparia,ForestWetPoor
303508,Carex riparia,ForestWetPoor
303509,Carex riparia,ForestWetPoor
303510,Carex riparia,ForestWetPoor
303511,Carex riparia,ForestWetPoor
303512,Carex riparia,ForestWetPoor
303513,Carex riparia,ForestWetPoor
303514,Carex riparia,ForestWetPoor
303515,Carex riparia,ForestWetPoor
303516,Carex riparia,ForestWetPoor
303517,Carex riparia,ForestWetPoor
303518,Carex riparia,ForestWetPoor
303519,Carex riparia,ForestWetPoor
303520,Carex riparia,ForestWetPoor
303521,Carex riparia,ForestWetPoor
303522,Carex riparia,ForestWetPoor
303523,Carex riparia,ForestWetPoor
303524,Carex riparia,ForestWetPoor
303525,Carex riparia,ForestWetPoor
303526,Carex riparia,ForestWetPoor
303527,Carex riparia,ForestWetPoor
303528,Carex riparia,ForestWetPoor
303529,Carex riparia,ForestWetPoor
303530,Carex riparia,ForestWetPoor
304090,Carex riparia,ForestWetPoor
304091,Carex riparia,ForestWetPoor
304092,Carex riparia,ForestWetPoor
304093,Carex riparia,ForestWetPoor
304094,Carex riparia,ForestWetPoor
304095,Carex riparia,ForestWetPoor
304096,Carex riparia,ForestWetPoor
304097,Carex riparia,ForestWetPoor
304098,Carex riparia,ForestWetPoor
304099,Carex riparia,ForestWetPoor
304100,Carex riparia,ForestWetPoor
304101,Carex riparia,ForestWetPoor
304102,Carex riparia,ForestWetPoor
304103,Carex riparia,ForestWetPoor
304104,Carex riparia,ForestWetPoor
304105,Carex riparia,ForestWetPoor
304106,Carex riparia,ForestWetPoor
304107,Carex riparia,ForestWetPoor
304108,Carex riparia,ForestWetPoor
304109,Carex riparia,ForestWetPoor
304110,Carex riparia,ForestWetPoor
304111,Carex riparia,ForestWetPoor
304112,Carex riparia,ForestWetPoor
304113,Carex riparia,ForestWetPoor
304114,Carex riparia,ForestWetPoor
304115,Carex riparia,ForestWetPoor
304116,Carex riparia,ForestWetPoor
304117,Carex riparia,ForestWetPoor
304118,Carex riparia,ForestWetPoor
304119,Carex riparia,ForestWetPoor
304120,Carex riparia,ForestWetPoor
304121,Carex riparia,ForestWetPoor
304122,Carex riparia,ForestWetPoor
304123,Carex riparia,ForestWetPoor
304124,Carex riparia,ForestWetPoor
304125,Carex riparia,ForestWetPoor
304126,Carex riparia,ForestWetPoor
304127,Carex riparia,ForestWetPoor
304128,Carex riparia,ForestWetPoor
304129,Carex riparia,ForestWetPoor
304689,Carex riparia,ForestWetPoor
304690,Carex riparia,ForestWetPoor
304691,Carex riparia,ForestWetPoor
304692,Carex riparia,ForestWetPoor
304693,Carex riparia,ForestWetPoor
304694,Carex riparia,ForestWetPoor
304695,Carex riparia,ForestWetPoor
304696,Carex riparia,ForestWetPoor
304697,Carex riparia,ForestWetPoor
304698,Carex riparia,ForestWetPoor
304699,Carex riparia,ForestWetPoor
304700,Carex riparia,ForestWetPoor
304701,Carex riparia,ForestWetPoor
304702,Carex riparia,ForestWetPoor
304703,Carex riparia,ForestWetPoor
304704,Carex riparia,ForestWetPoor
304705,Carex riparia,ForestWetPoor
304706,Carex riparia,ForestWetPoor
304707,Carex riparia,ForestWetPoor
304708,Carex riparia,ForestWetPoor
304709,Carex riparia,ForestWetPoor
304710,Carex riparia,ForestWetPoor
304711,Carex riparia,ForestWetPoor
304712,Carex riparia,ForestWetPoor
304713,Carex riparia,ForestWetPoor
304714,Carex riparia,ForestWetPoor
304715,Carex riparia,ForestWetPoor
304716,Carex riparia,ForestWetPoor
304717,Carex riparia,ForestWetPoor
304718,Carex riparia,ForestWetPoor
304719,Carex riparia,ForestWetPoor
304720,Carex riparia,ForestWetPoor
304721,Carex riparia,ForestWetPoor
304722,Carex riparia,ForestWetPoor
304723,Carex riparia,ForestWetPoor
304724,Carex riparia,ForestWetPoor
304725,Carex riparia,ForestWetPoor
304726,Carex riparia,ForestWetPoor
304727,Carex riparia,ForestWetPoor
304728,Carex riparia,ForestWetPoor
305288,Carex riparia,ForestWetPoor
305289,Carex riparia,ForestWetPoor
305290,Carex riparia,ForestWetPoor
305291,Carex riparia,ForestWetPoor
305292,Carex riparia,ForestWetPoor
305293,Carex riparia,ForestWetPoor
305294,Carex riparia,ForestWetPoor
305295,Carex riparia,ForestWetPoor
305296,Carex riparia,ForestWetPoor
305297,Carex riparia,ForestWetPoor
305298,Carex riparia,ForestWetPoor
305299,Carex riparia,ForestWetPoor
305300,Carex riparia,ForestWetPoor
305301,Carex riparia,ForestWetPoor
305302,Carex riparia,ForestWetPoor
305303,Carex riparia,ForestWetPoor
305304,Carex riparia,ForestWetPoor
305305,Carex riparia,ForestWetPoor
305306,Carex riparia,ForestWetPoor
305307,Carex riparia,ForestWetPoor
305308,Carex riparia,ForestWetPoor
305309,Carex riparia,ForestWetPoor
305310,Carex riparia,ForestWetPoor
305311,Carex riparia,ForestWetPoor
305312,Carex riparia,ForestWetPoor
305313,Carex riparia,ForestWetPoor
305314,Carex riparia,ForestWetPoor
305315,Carex riparia,ForestWetPoor
305316,Carex riparia,ForestWetPoor
305317,Carex riparia,ForestWetPoor
305318,Carex riparia,ForestWetPoor
305319,Carex riparia,ForestWetPoor
305320,Carex riparia,ForestWetPoor
305321,Carex riparia,ForestWetPoor
305322,Carex riparia,ForestWetPoor
305323,Carex riparia,ForestWetPoor
305324,Carex riparia,ForestWetPoor
305325,Carex riparia,ForestWetPoor
305326,Carex riparia,ForestWetPoor
305327,Carex riparia,ForestWetPoor
305887,Carex riparia,ForestWetPoor
305888,Carex riparia,ForestWetPoor
305889,Carex riparia,ForestWetPoor
305890,Carex riparia,ForestWetPoor
305891,Carex riparia,ForestWetPoor
305892,Carex riparia,ForestWetPoor
305893,Carex riparia,ForestWetPoor
305894,Carex riparia,ForestWetPoor
305895,Carex riparia,ForestWetPoor
305896,Carex riparia,ForestWetPoor
305897,Carex riparia,ForestWetPoor
305898,Carex riparia,ForestWetPoor
305899,Carex riparia,ForestWetPoor
305900,Carex riparia,ForestWetPoor
305901,Carex riparia,ForestWetPoor
305902,Carex riparia,ForestWetPoor
305903,Carex riparia,ForestWetPoor
305904,Carex riparia,ForestWetPoor
305905,Carex riparia,ForestWetPoor
305906,Carex riparia,ForestWetPoor
305907,Carex riparia,ForestWetPoor
305908,Carex riparia,ForestWetPoor
305909,Carex riparia,ForestWetPoor
305910,Carex riparia,ForestWetPoor
305911,Carex riparia,ForestWetPoor
305912,Carex riparia,ForestWetPoor
305913,Carex riparia,ForestWetPoor
305914,Carex riparia,ForestWetPoor
305915,Carex riparia,ForestWetPoor
305916,Carex riparia,ForestWetPoor
305917,Carex riparia,ForestWetPoor
305918,Carex riparia,ForestWetPoor
305919,Carex riparia,ForestWetPoor
305920,Carex riparia,ForestWetPoor
305921,Carex riparia,ForestWetPoor
305922,Carex riparia,ForestWetPoor
305923,Carex riparia,ForestWetPoor
305924,Carex riparia,ForestWetPoor
305925,Carex riparia,ForestWetPoor
305926,Carex riparia,ForestWetPoor
306486,Carex riparia,ForestWetPoor
306487,Carex riparia,ForestWetPoor
306488,Carex riparia,ForestWetPoor
306489,Carex riparia,ForestWetPoor
306490,Carex riparia,ForestWetPoor
306491,Carex riparia,ForestWetPoor
306492,Carex riparia,ForestWetPoor
306493,Carex riparia,ForestWetPoor
306494,Carex riparia,ForestWetPoor
306495,Carex riparia,ForestWetPoor
306496,Carex riparia,ForestWetPoor
306497,Carex riparia,ForestWetPoor
306498,Carex riparia,ForestWetPoor
306499,Carex riparia,ForestWetPoor
306500,Carex riparia,ForestWetPoor
306501,Carex riparia,ForestWetPoor
306502,Carex riparia,ForestWetPoor
306503,Carex riparia,ForestWetPoor
306504,Carex riparia,ForestWetPoor
306505,Carex riparia,ForestWetPoor
306506,Carex riparia,ForestWetPoor
306507,Carex riparia,ForestWetPoor
306508,Carex riparia,ForestWetPoor
306509,Carex riparia,ForestWetPoor
306510,Carex riparia,ForestWetPoor
306511,Carex riparia,ForestWetPoor
306512,Carex riparia,ForestWetPoor
306513,Carex riparia,ForestWetPoor
306514,Carex riparia,ForestWetPoor
306515,Carex riparia,ForestWetPoor
306516,Carex riparia,ForestWetPoor
306517,Carex riparia,ForestWetPoor
306518,Carex riparia,ForestWetPoor
306519,Carex riparia,ForestWetPoor
306520,Carex riparia,ForestWetPoor
306521,Carex riparia,ForestWetPoor
306522,Carex riparia,ForestWetPoor
306523,Carex riparia,ForestWetPoor
306524,Carex riparia,ForestWetPoor
306525,Carex riparia,ForestWetPoor
307085,Carex riparia,ForestWetPoor
307086,Carex riparia,ForestWetPoor
307087,Carex riparia,ForestWetPoor
307088,Carex riparia,ForestWetPoor
307089,Carex riparia,ForestWetPoor
307090,Carex riparia,ForestWetPoor
307091,Carex riparia,ForestWetPoor
307092,Carex riparia,ForestWetPoor
307093,Carex riparia,ForestWetPoor
307094,Carex riparia,ForestWetPoor
307095,Carex riparia,ForestWetPoor
307096,Carex riparia,ForestWetPoor
307097,Carex riparia,ForestWetPoor
307098,Carex riparia,ForestWetPoor
307099,Carex riparia,ForestWetPoor
307100,Carex riparia,ForestWetPoor
307101,Carex riparia,ForestWetPoor
307102,Carex riparia,ForestWetPoor
307103,Carex riparia,ForestWetPoor
307104,Carex riparia,ForestWetPoor
307105,Carex riparia,ForestWetPoor
307106,Carex riparia,ForestWetPoor
307107,Carex riparia,ForestWetPoor
307108,Carex riparia,ForestWetPoor
307109,Carex riparia,ForestWetPoor
307110,Carex riparia,ForestWetPoor
307111,Carex riparia,ForestWetPoor
307112,Carex riparia,ForestWetPoor
307113,Carex riparia,ForestWetPoor
307114,Carex riparia,ForestWetPoor
307115,Carex riparia,ForestWetPoor
307116,Carex riparia,ForestWetPoor
307117,Carex riparia,ForestWetPoor
307118,Carex riparia,ForestWetPoor
307119,Carex riparia,ForestWetPoor
307120,Carex riparia,ForestWetPoor
307121,Carex riparia,ForestWetPoor
307122,Carex riparia,ForestWetPoor
307123,Carex riparia,ForestWetPoor
307124,Carex riparia,ForestWetPoor
307684,Carex riparia,ForestWetPoor
307685,Carex riparia,ForestWetPoor
307686,Carex riparia,ForestWetPoor
307687,Carex riparia,ForestWetPoor
307688,Carex riparia,ForestWetPoor
307689,Carex riparia,ForestWetPoor
307690,Carex riparia,ForestWetPoor
307691,Carex riparia,ForestWetPoor
307692,Carex riparia,ForestWetPoor
307693,Carex riparia,ForestWetPoor
307694,Carex riparia,ForestWetPoor
307695,Carex riparia,ForestWetPoor
307696,Carex riparia,ForestWetPoor
307697,Carex riparia,ForestWetPoor
307698,Carex riparia,ForestWetPoor
307699,Carex riparia,ForestWetPoor
307700,Carex riparia,ForestWetPoor
307701,Carex riparia,ForestWetPoor
307702,Carex riparia,ForestWetPoor
307703,Carex riparia,ForestWetPoor
307704,Carex riparia,ForestWetPoor
307705,Carex riparia,ForestWetPoor
307706,Carex riparia,ForestWetPoor
307707,Carex riparia,ForestWetPoor
307708,Carex riparia,ForestWetPoor
307709,Carex riparia,ForestWetPoor
307710,Carex riparia,ForestWetPoor
307711,Carex riparia,ForestWetPoor
307712,Carex riparia,ForestWetPoor
307713,Carex riparia,ForestWetPoor
307714,Carex riparia,ForestWetPoor
307715,Carex riparia,ForestWetPoor
307716,Carex riparia,ForestWetPoor
307717,Carex riparia,ForestWetPoor
307718,Carex riparia,ForestWetPoor
307719,Carex riparia,ForestWetPoor
307720,Carex riparia,ForestWetPoor
307721,Carex riparia,ForestWetPoor
307722,Carex riparia,ForestWetPoor
307723,Carex riparia,ForestWetPoor
308283,Carex riparia,ForestWetPoor
308284,Carex riparia,ForestWetPoor
308285,Carex riparia,ForestWetPoor
308286,Carex riparia,ForestWetPoor
308287,Carex riparia,ForestWetPoor
308288,Carex riparia,ForestWetPoor
308289,Carex riparia,ForestWetPoor
308290,Carex riparia,ForestWetPoor
308291,Carex riparia,ForestWetPoor
308292,Carex riparia,ForestWetPoor
308293,Carex riparia,ForestWetPoor
308294,Carex riparia,ForestWetPoor
308295,Carex riparia,ForestWetPoor
308296,Carex riparia,ForestWetPoor
308297,Carex riparia,ForestWetPoor
308298,Carex riparia,ForestWetPoor
308299,Carex riparia,ForestWetPoor
308300,Carex riparia,ForestWetPoor
308301,Carex riparia,ForestWetPoor
308302,Carex riparia,ForestWetPoor
308303,Carex riparia,ForestWetPoor
308304,Carex riparia,ForestWetPoor
308305,Carex riparia,ForestWetPoor
308306,Carex riparia,ForestWetPoor
308307,Carex riparia,ForestWetPoor
308308,Carex riparia,ForestWetPoor
308309,Carex riparia,ForestWetPoor
308310,Carex riparia,ForestWetPoor
308311,Carex riparia,ForestWetPoor
308312,Carex riparia,ForestWetPoor
308313,Carex riparia,ForestWetPoor
308314,Carex riparia,ForestWetPoor
308315,Carex riparia,ForestWetPoor
308316,Carex riparia,ForestWetPoor
308317,Carex riparia,ForestWetPoor
308318,Carex riparia,ForestWetPoor
308319,Carex riparia,ForestWetPoor
308320,Carex riparia,ForestWetPoor
308321,Carex riparia,ForestWetPoor
308322,Carex riparia,ForestWetPoor
308882,Carex riparia,ForestWetPoor
308883,Carex riparia,ForestWetPoor
308884,Carex riparia,ForestWetPoor
308885,Carex riparia,ForestWetPoor
308886,Carex riparia,ForestWetPoor
308887,Carex riparia,ForestWetPoor
308888,Carex riparia,ForestWetPoor
308889,Carex riparia,ForestWetPoor
308890,Carex riparia,ForestWetPoor
308891,Carex riparia,ForestWetPoor
308892,Carex riparia,ForestWetPoor
308893,Carex riparia,ForestWetPoor
308894,Carex riparia,ForestWetPoor
308895,Carex riparia,ForestWetPoor
308896,Carex riparia,ForestWetPoor
308897,Carex riparia,ForestWetPoor
308898,Carex riparia,ForestWetPoor
308899,Carex riparia,ForestWetPoor
308900,Carex riparia,ForestWetPoor
308901,Carex riparia,ForestWetPoor
308902,Carex riparia,ForestWetPoor
308903,Carex riparia,ForestWetPoor
308904,Carex riparia,ForestWetPoor
308905,Carex riparia,ForestWetPoor
308906,Carex riparia,ForestWetPoor
308907,Carex riparia,ForestWetPoor
308908,Carex riparia,ForestWetPoor
308909,Carex riparia,ForestWetPoor
308910,Carex riparia,ForestWetPoor
308911,Carex riparia,ForestWetPoor
308912,Carex riparia,ForestWetPoor
308913,Carex riparia,ForestWetPoor
308914,Carex riparia,ForestWetPoor
308915,Carex riparia,ForestWetPoor
308916,Carex riparia,ForestWetPoor
308917,Carex riparia,ForestWetPoor
308918,Carex riparia,ForestWetPoor
308919,Carex riparia,ForestWetPoor
308920,Carex riparia,ForestWetPoor
308921,Carex riparia,ForestWetPoor
309481,Carex riparia,ForestWetPoor
309482,Carex riparia,ForestWetPoor
309483,Carex riparia,ForestWetPoor
309484,Carex riparia,ForestWetPoor
309485,Carex riparia,ForestWetPoor
309486,Carex riparia,ForestWetPoor
309487,Carex riparia,ForestWetPoor
309488,Carex riparia,ForestWetPoor
309489,Carex riparia,ForestWetPoor
309490,Carex riparia,ForestWetPoor
309491,Carex riparia,ForestWetPoor
309492,Carex riparia,ForestWetPoor
309493,Carex riparia,ForestWetPoor
309494,Carex riparia,ForestWetPoor
309495,Carex riparia,ForestWetPoor
309496,Carex riparia,ForestWetPoor
309497,Carex riparia,ForestWetPoor
309498,Carex riparia,ForestWetPoor
309499,Carex riparia,ForestWetPoor
309500,Carex riparia,ForestWetPoor
309501,Carex riparia,ForestWetPoor
309502,Carex riparia,ForestWetPoor
309503,Carex riparia,ForestWetPoor
309504,Carex riparia,ForestWetPoor
309505,Carex riparia,ForestWetPoor
309506,Carex riparia,ForestWetPoor
309507,Carex riparia,ForestWetPoor
309508,Carex riparia,ForestWetPoor
309509,Carex riparia,ForestWetPoor
309510,Carex riparia,ForestWetPoor
309511,Carex riparia,ForestWetPoor
309512,Carex riparia,ForestWetPoor
309513,Carex riparia,ForestWetPoor
309514,Carex riparia,ForestWetPoor
309515,Carex riparia,ForestWetPoor
309516,Carex riparia,ForestWetPoor
309517,Carex riparia,ForestWetPoor
309518,Carex riparia,ForestWetPoor
309519,Carex riparia,ForestWetPoor
309520,Carex riparia,ForestWetPoor
310080,Carex riparia,ForestWetPoor
310081,Carex riparia,ForestWetPoor
310082,Carex riparia,ForestWetPoor
310083,Carex riparia,ForestWetPoor
310084,Carex riparia,ForestWetPoor
310085,Carex riparia,ForestWetPoor
310086,Carex riparia,ForestWetPoor
310087,Carex riparia,ForestWetPoor
310088,Carex riparia,ForestWetPoor
310089,Carex riparia,ForestWetPoor
310090,Carex riparia,ForestWetPoor
310091,Carex riparia,ForestWetPoor
310092,Carex riparia,ForestWetPoor
310093,Carex riparia,ForestWetPoor
310094,Carex riparia,ForestWetPoor
310095,Carex riparia,ForestWetPoor
310096,Carex riparia,ForestWetPoor
310097,Carex riparia,ForestWetPoor
310098,Carex riparia,ForestWetPoor
310099,Carex riparia,ForestWetPoor
310100,Carex riparia,ForestWetPoor
310101,Carex riparia,ForestWetPoor
310102,Carex riparia,ForestWetPoor
310103,Carex riparia,ForestWetPoor
310104,Carex riparia,ForestWetPoor
310105,Carex riparia,ForestWetPoor
310106,Carex riparia,ForestWetPoor
310107,Carex riparia,ForestWetPoor
310108,Carex riparia,ForestWetPoor
310109,Carex riparia,ForestWetPoor
310110,Carex riparia,ForestWetPoor
310111,Carex riparia,ForestWetPoor
310112,Carex riparia,ForestWetPoor
310113,Carex riparia,ForestWetPoor
310114,Carex riparia,ForestWetPoor
310115,Carex riparia,ForestWetPoor
310116,Carex riparia,ForestWetPoor
310117,Carex riparia,ForestWetPoor
310118,Carex riparia,ForestWetPoor
310119,Carex riparia,ForestWetPoor
310679,Carex riparia,ForestWetPoor
310680,Carex riparia,ForestWetPoor
310681,Carex riparia,ForestWetPoor
310682,Carex riparia,ForestWetPoor
310683,Carex riparia,ForestWetPoor
310684,Carex riparia,ForestWetPoor
310685,Carex riparia,ForestWetPoor
310686,Carex riparia,ForestWetPoor
310687,Carex riparia,ForestWetPoor
310688,Carex riparia,ForestWetPoor
310689,Carex riparia,ForestWetPoor
310690,Carex riparia,ForestWetPoor
310691,Carex riparia,ForestWetPoor
310692,Carex riparia,ForestWetPoor
310693,Carex riparia,ForestWetPoor
310694,Carex riparia,ForestWetPoor
310695,Carex riparia,ForestWetPoor
310696,Carex riparia,ForestWetPoor
310697,Carex riparia,ForestWetPoor
310698,Carex riparia,ForestWetPoor
310699,Carex riparia,ForestWetPoor
310700,Carex riparia,ForestWetPoor
310701,Carex riparia,ForestWetPoor
310702,Carex riparia,ForestWetPoor
310703,Carex riparia,ForestWetPoor
310704,Carex riparia,ForestWetPoor
310705,Carex riparia,ForestWetPoor
310706,Carex riparia,ForestWetPoor
310707,Carex riparia,ForestWetPoor
310708,Carex riparia,ForestWetPoor
310709,Carex riparia,ForestWetPoor
310710,Carex riparia,ForestWetPoor
310711,Carex riparia,ForestWetPoor
310712,Carex riparia,ForestWetPoor
310713,Carex riparia,ForestWetPoor
310714,Carex riparia,ForestWetPoor
310715,Carex riparia,ForestWetPoor
310716,Carex riparia,ForestWetPoor
310717,Carex riparia,ForestWetPoor
310718,Carex riparia,ForestWetPoor
311278,Carex riparia,ForestWetPoor
311279,Carex riparia,ForestWetPoor
311280,Carex riparia,ForestWetPoor
311281,Carex riparia,ForestWetPoor
311282,Carex riparia,ForestWetPoor
311283,Carex riparia,ForestWetPoor
311284,Carex riparia,ForestWetPoor
311285,Carex riparia,ForestWetPoor
311286,Carex riparia,ForestWetPoor
311287,Carex riparia,ForestWetPoor
311288,Carex riparia,ForestWetPoor
311289,Carex riparia,ForestWetPoor
311290,Carex riparia,ForestWetPoor
311291,Carex riparia,ForestWetPoor
311292,Carex riparia,ForestWetPoor
311293,Carex riparia,ForestWetPoor
311294,Carex riparia,ForestWetPoor
311295,Carex riparia,ForestWetPoor
311296,Carex riparia,ForestWetPoor
311297,Carex riparia,ForestWetPoor
311298,Carex riparia,ForestWetPoor
311299,Carex riparia,ForestWetPoor
311300,Carex riparia,ForestWetPoor
311301,Carex riparia,ForestWetPoor
311302,Carex riparia,ForestWetPoor
311303,Carex riparia,ForestWetPoor
311304,Carex riparia,ForestWetPoor
311305,Carex riparia,ForestWetPoor
311306,Carex riparia,ForestWetPoor
311307,Carex riparia,ForestWetPoor
311308,Carex riparia,ForestWetPoor
311309,Carex riparia,ForestWetPoor
311310,Carex riparia,ForestWetPoor
311311,Carex riparia,ForestWetPoor
311312,Carex riparia,ForestWetPoor
311313,Carex riparia,ForestWetPoor
311314,Carex riparia,ForestWetPoor
311315,Carex riparia,ForestWetPoor
311316,Carex riparia,ForestWetPoor
311317,Carex riparia,ForestWetPoor
311877,Carex riparia,ForestWetPoor
311878,Carex riparia,ForestWetPoor
311879,Carex riparia,ForestWetPoor
311880,Carex riparia,ForestWetPoor
311881,Carex riparia,ForestWetPoor
311882,Carex riparia,ForestWetPoor
311883,Carex riparia,ForestWetPoor
311884,Carex riparia,ForestWetPoor
311885,Carex riparia,ForestWetPoor
311886,Carex riparia,ForestWetPoor
311887,Carex riparia,ForestWetPoor
311888,Carex riparia,ForestWetPoor
311889,Carex riparia,ForestWetPoor
311890,Carex riparia,ForestWetPoor
311891,Carex riparia,ForestWetPoor
311892,Carex riparia,ForestWetPoor
311893,Carex riparia,ForestWetPoor
311894,Carex riparia,ForestWetPoor
311895,Carex riparia,ForestWetPoor
311896,Carex riparia,ForestWetPoor
311897,Carex riparia,ForestWetPoor
311898,Carex riparia,ForestWetPoor
311899,Carex riparia,ForestWetPoor
311900,Carex riparia,ForestWetPoor
311901,Carex riparia,ForestWetPoor
311902,Carex riparia,ForestWetPoor
311903,Carex riparia,ForestWetPoor
311904,Carex riparia,ForestWetPoor
311905,Carex riparia,ForestWetPoor
311906,Carex riparia,ForestWetPoor
311907,Carex riparia,ForestWetPoor
311908,Carex riparia,ForestWetPoor
311909,Carex riparia,ForestWetPoor
311910,Carex riparia,ForestWetPoor
311911,Carex riparia,ForestWetPoor
311912,Carex riparia,ForestWetPoor
311913,Carex riparia,ForestWetPoor
311914,Carex riparia,ForestWetPoor
311915,Carex riparia,ForestWetPoor
311916,Carex riparia,ForestWetPoor
312476,Carex riparia,ForestWetPoor
312477,Carex riparia,ForestWetPoor
312478,Carex riparia,ForestWetPoor
312479,Carex riparia,ForestWetPoor
312480,Carex riparia,ForestWetPoor
312481,Carex riparia,ForestWetPoor
312482,Carex riparia,ForestWetPoor
312483,Carex riparia,ForestWetPoor
312484,Carex riparia,ForestWetPoor
312485,Carex riparia,ForestWetPoor
312486,Carex riparia,ForestWetPoor
312487,Carex riparia,ForestWetPoor
312488,Carex riparia,ForestWetPoor
312489,Carex riparia,ForestWetPoor
312490,Carex riparia,ForestWetPoor
312491,Carex riparia,ForestWetPoor
312492,Carex riparia,ForestWetPoor
312493,Carex riparia,ForestWetPoor
312494,Carex riparia,ForestWetPoor
312495,Carex riparia,ForestWetPoor
312496,Carex riparia,ForestWetPoor
312497,Carex riparia,ForestWetPoor
312498,Carex riparia,ForestWetPoor
312499,Carex riparia,ForestWetPoor
312500,Carex riparia,ForestWetPoor
312501,Carex riparia,ForestWetPoor
312502,Carex riparia,ForestWetPoor
312503,Carex riparia,ForestWetPoor
312504,Carex riparia,ForestWetPoor
312505,Carex riparia,ForestWetPoor
312506,Carex riparia,ForestWetPoor
312507,Carex riparia,ForestWetPoor
312508,Carex riparia,ForestWetPoor
312509,Carex riparia,ForestWetPoor
312510,Carex riparia,ForestWetPoor
312511,Carex riparia,ForestWetPoor
312512,Carex riparia,ForestWetPoor
312513,Carex riparia,ForestWetPoor
312514,Carex riparia,ForestWetPoor
312515,Carex riparia,ForestWetPoor
313075,Carex riparia,ForestWetPoor
313076,Carex riparia,ForestWetPoor
313077,Carex riparia,ForestWetPoor
313078,Carex riparia,ForestWetPoor
313079,Carex riparia,ForestWetPoor
313080,Carex riparia,ForestWetPoor
313081,Carex riparia,ForestWetPoor
313082,Carex riparia,ForestWetPoor
313083,Carex riparia,ForestWetPoor
313084,Carex riparia,ForestWetPoor
313085,Carex riparia,ForestWetPoor
313086,Carex riparia,ForestWetPoor
313087,Carex riparia,ForestWetPoor
313088,Carex riparia,ForestWetPoor
313089,Carex riparia,ForestWetPoor
313090,Carex riparia,ForestWetPoor
313091,Carex riparia,ForestWetPoor
313092,Carex riparia,ForestWetPoor
313093,Carex riparia,ForestWetPoor
313094,Carex riparia,ForestWetPoor
313095,Carex riparia,ForestWetPoor
313096,Carex riparia,ForestWetPoor
313097,Carex riparia,ForestWetPoor
313098,Carex riparia,ForestWetPoor
313099,Carex riparia,ForestWetPoor
313100,Carex riparia,ForestWetPoor
313101,Carex riparia,ForestWetPoor
313102,Carex riparia,ForestWetPoor
313103,Carex riparia,ForestWetPoor
313104,Carex riparia,ForestWetPoor
313105,Carex riparia,ForestWetPoor
313106,Carex riparia,ForestWetPoor
313107,Carex riparia,ForestWetPoor
313108,Carex riparia,ForestWetPoor
313109,Carex riparia,ForestWetPoor
313110,Carex riparia,ForestWetPoor
313111,Carex riparia,ForestWetPoor
313112,Carex riparia,ForestWetPoor
313113,Carex riparia,ForestWetPoor
313114,Carex riparia,ForestWetPoor
313674,Carex riparia,ForestWetPoor
313675,Carex riparia,ForestWetPoor
313676,Carex riparia,ForestWetPoor
313677,Carex riparia,ForestWetPoor
313678,Carex riparia,ForestWetPoor
313679,Carex riparia,ForestWetPoor
313680,Carex riparia,ForestWetPoor
313681,Carex riparia,ForestWetPoor
313682,Carex riparia,ForestWetPoor
313683,Carex riparia,ForestWetPoor
313684,Carex riparia,ForestWetPoor
313685,Carex riparia,ForestWetPoor
313686,Carex riparia,ForestWetPoor
313687,Carex riparia,ForestWetPoor
313688,Carex riparia,ForestWetPoor
313689,Carex riparia,ForestWetPoor
313690,Carex riparia,ForestWetPoor
313691,Carex riparia,ForestWetPoor
313692,Carex riparia,ForestWetPoor
313693,Carex riparia,ForestWetPoor
313694,Carex riparia,ForestWetPoor
313695,Carex riparia,ForestWetPoor
313696,Carex riparia,ForestWetPoor
313697,Carex riparia,ForestWetPoor
313698,Carex riparia,ForestWetPoor
313699,Carex riparia,ForestWetPoor
313700,Carex riparia,ForestWetPoor
313701,Carex riparia,ForestWetPoor
313702,Carex riparia,ForestWetPoor
313703,Carex riparia,ForestWetPoor
313704,Carex riparia,ForestWetPoor
313705,Carex riparia,ForestWetPoor
313706,Carex riparia,ForestWetPoor
313707,Carex riparia,ForestWetPoor
313708,Carex riparia,ForestWetPoor
313709,Carex riparia,ForestWetPoor
313710,Carex riparia,ForestWetPoor
313711,Carex riparia,ForestWetPoor
313712,Carex riparia,ForestWetPoor
313713,Carex riparia,ForestWetPoor
50673,Carex riparia,ForestWetPoor
50674,Carex riparia,ForestWetPoor
50675,Carex riparia,ForestWetPoor
50676,Carex riparia,ForestWetPoor
50677,Carex riparia,ForestWetPoor
50678,Carex riparia,ForestWetPoor
50679,Carex riparia,ForestWetPoor
50680,Carex riparia,ForestWetPoor
50681,Carex riparia,ForestWetPoor
50682,Carex riparia,ForestWetPoor
50683,Carex riparia,ForestWetPoor
50684,Carex riparia,ForestWetPoor
50685,Carex riparia,ForestWetPoor
50686,Carex riparia,ForestWetPoor
51272,Carex riparia,ForestWetPoor
51273,Carex riparia,ForestWetPoor
51274,Carex riparia,ForestWetPoor
51275,Carex riparia,ForestWetPoor
51276,Carex riparia,ForestWetPoor
51277,Carex riparia,ForestWetPoor
51278,Carex riparia,ForestWetPoor
51279,Carex riparia,ForestWetPoor
51280,Carex riparia,ForestWetPoor
51281,Carex riparia,ForestWetPoor
51282,Carex riparia,ForestWetPoor
51283,Carex riparia,ForestWetPoor
51284,Carex riparia,ForestWetPoor
51285,Carex riparia,ForestWetPoor
51286,Carex riparia,ForestWetPoor
51871,Carex riparia,ForestWetPoor
51872,Carex riparia,ForestWetPoor
51873,Carex riparia,ForestWetPoor
51874,Carex riparia,ForestWetPoor
51875,Carex riparia,ForestWetPoor
51876,Carex riparia,ForestWetPoor
51877,Carex riparia,ForestWetPoor
51878,Carex riparia,ForestWetPoor
51879,Carex riparia,ForestWetPoor
51880,Carex riparia,ForestWetPoor
51881,Carex riparia,ForestWetPoor
51882,Carex riparia,ForestWetPoor
51883,Carex riparia,ForestWetPoor
51884,Carex riparia,ForestWetPoor
51885,Carex riparia,ForestWetPoor
52470,Carex riparia,ForestWetPoor
52471,Carex riparia,ForestWetPoor
52472,Carex riparia,ForestWetPoor
52473,Carex riparia,ForestWetPoor
52474,Carex riparia,ForestWetPoor
52475,Carex riparia,ForestWetPoor
52476,Carex riparia,ForestWetPoor
52477,Carex riparia,ForestWetPoor
52478,Carex riparia,ForestWetPoor
52479,Carex riparia,ForestWetPoor
52480,Carex riparia,ForestWetPoor
52481,Carex riparia,ForestWetPoor
52482,Carex riparia,ForestWetPoor
52483,Carex riparia,ForestWetPoor
52484,Carex riparia,ForestWetPoor
53069,Carex riparia,ForestWetPoor
53070,Carex riparia,ForestWetPoor
53071,Carex riparia,ForestWetPoor
53072,Carex riparia,ForestWetPoor
53073,Carex riparia,ForestWetPoor
53074,Carex riparia,ForestWetPoor
53075,Carex riparia,ForestWetPoor
53076,Carex riparia,ForestWetPoor
53077,Carex riparia,ForestWetPoor
53078,Carex riparia,ForestWetPoor
53079,Carex riparia,ForestWetPoor
53080,Carex riparia,ForestWetPoor
53081,Carex riparia,ForestWetPoor
53082,Carex riparia,ForestWetPoor
53083,Carex riparia,ForestWetPoor
53668,Carex riparia,ForestWetPoor
53669,Carex riparia,ForestWetPoor
53670,Carex riparia,ForestWetPoor
53671,Carex riparia,ForestWetPoor
53672,Carex riparia,ForestWetPoor
53673,Carex riparia,ForestWetPoor
53674,Carex riparia,ForestWetPoor
53675,Carex riparia,ForestWetPoor
53676,Carex riparia,ForestWetPoor
53677,Carex riparia,ForestWetPoor
53678,Carex riparia,ForestWetPoor
53679,Carex riparia,ForestWetPoor
53680,Carex riparia,ForestWetPoor
53681,Carex riparia,ForestWetPoor
53682,Carex riparia,ForestWetPoor
53683,Carex riparia,ForestWetPoor
54267,Carex riparia,ForestWetPoor
54268,Carex riparia,ForestWetPoor
54269,Carex riparia,ForestWetPoor
54270,Carex riparia,ForestWetPoor
54271,Carex riparia,ForestWetPoor
54272,Carex riparia,ForestWetPoor
54273,Carex riparia,ForestWetPoor
54274,Carex riparia,ForestWetPoor
54275,Carex riparia,ForestWetPoor
54276,Carex riparia,ForestWetPoor
54277,Carex riparia,ForestWetPoor
54278,Carex riparia,ForestWetPoor
54279,Carex riparia,ForestWetPoor
54280,Carex riparia,ForestWetPoor
54281,Carex riparia,ForestWetPoor
54282,Carex riparia,ForestWetPoor
54866,Carex riparia,ForestWetPoor
54867,Carex riparia,ForestWetPoor
54868,Carex riparia,ForestWetPoor
54869,Carex riparia,ForestWetPoor
54870,Carex riparia,ForestWetPoor
54871,Carex riparia,ForestWetPoor
54872,Carex riparia,ForestWetPoor
54873,Carex riparia,ForestWetPoor
54874,Carex riparia,ForestWetPoor
54875,Carex riparia,ForestWetPoor
54876,Carex riparia,ForestWetPoor
54877,Carex riparia,ForestWetPoor
54878,Carex riparia,ForestWetPoor
54879,Carex riparia,ForestWetPoor
54880,Carex riparia,ForestWetPoor
54881,Carex riparia,ForestWetPoor
55465,Carex riparia,ForestWetPoor
55466,Carex riparia,ForestWetPoor
55467,Carex riparia,ForestWetPoor
55468,Carex riparia,ForestWetPoor
55469,Carex riparia,ForestWetPoor
55470,Carex riparia,ForestWetPoor
55471,Carex riparia,ForestWetPoor
55472,Carex riparia,ForestWetPoor
55473,Carex riparia,ForestWetPoor
55474,Carex riparia,ForestWetPoor
55475,Carex riparia,ForestWetPoor
55476,Carex riparia,ForestWetPoor
55477,Carex riparia,ForestWetPoor
55478,Carex riparia,ForestWetPoor
55479,Carex riparia,ForestWetPoor
55480,Carex riparia,ForestWetPoor
56064,Carex riparia,ForestWetPoor
56065,Carex riparia,ForestWetPoor
56066,Carex riparia,ForestWetPoor
56067,Carex riparia,ForestWetPoor
56068,Carex riparia,ForestWetPoor
56069,Carex riparia,ForestWetPoor
56070,Carex riparia,ForestWetPoor
56071,Carex riparia,ForestWetPoor
56072,Carex riparia,ForestWetPoor
56073,Carex riparia,ForestWetPoor
56074,Carex riparia,ForestWetPoor
56075,Carex riparia,ForestWetPoor
56076,Carex riparia,ForestWetPoor
56077,Carex riparia,ForestWetPoor
56078,Carex riparia,ForestWetPoor
56079,Carex riparia,ForestWetPoor
56663,Carex riparia,ForestWetPoor
56664,Carex riparia,ForestWetPoor
56665,Carex riparia,ForestWetPoor
56666,Carex riparia,ForestWetPoor
56667,Carex riparia,ForestWetPoor
56668,Carex riparia,ForestWetPoor
56669,Carex riparia,ForestWetPoor
56670,Carex riparia,ForestWetPoor
56671,Carex riparia,ForestWetPoor
56672,Carex riparia,ForestWetPoor
56673,Carex riparia,ForestWetPoor
56674,Carex riparia,ForestWetPoor
56675,Carex riparia,ForestWetPoor
56676,Carex riparia,ForestWetPoor
56677,Carex riparia,ForestWetPoor
56678,Carex riparia,ForestWetPoor
56679,Carex riparia,ForestWetPoor
57262,Carex riparia,ForestWetPoor
57263,Carex riparia,ForestWetPoor
57264,Carex riparia,ForestWetPoor
57265,Carex riparia,ForestWetPoor
57266,Carex riparia,ForestWetPoor
57267,Carex riparia,ForestWetPoor
57268,Carex riparia,ForestWetPoor
57269,Carex riparia,ForestWetPoor
57270,Carex riparia,ForestWetPoor
57271,Carex riparia,ForestWetPoor
57272,Carex riparia,ForestWetPoor
57273,Carex riparia,ForestWetPoor
57274,Carex riparia,ForestWetPoor
57275,Carex riparia,ForestWetPoor
57276,Carex riparia,ForestWetPoor
57277,Carex riparia,ForestWetPoor
57278,Carex riparia,ForestWetPoor
57861,Carex riparia,ForestWetPoor
57862,Carex riparia,ForestWetPoor
57863,Carex riparia,ForestWetPoor
57864,Carex riparia,ForestWetPoor
57865,Carex riparia,ForestWetPoor
57866,Carex riparia,ForestWetPoor
57867,Carex riparia,ForestWetPoor
57868,Carex riparia,ForestWetPoor
57869,Carex riparia,ForestWetPoor
57870,Carex riparia,ForestWetPoor
57871,Carex riparia,ForestWetPoor
57872,Carex riparia,ForestWetPoor
57873,Carex riparia,ForestWetPoor
57874,Carex riparia,ForestWetPoor
57875,Carex riparia,ForestWetPoor
57876,Carex riparia,ForestWetPoor
57877,Carex riparia,ForestWetPoor
58460,Carex riparia,ForestWetPoor
58461,Carex riparia,ForestWetPoor
58462,Carex riparia,ForestWetPoor
58463,Carex riparia,ForestWetPoor
58464,Carex riparia,ForestWetPoor
58465,Carex riparia,ForestWetPoor
58466,Carex riparia,ForestWetPoor
58467,Carex riparia,ForestWetPoor
58468,Carex riparia,ForestWetPoor
58469,Carex riparia,ForestWetPoor
58470,Carex riparia,ForestWetPoor
58471,Carex riparia,ForestWetPoor
58472,Carex riparia,ForestWetPoor
58473,Carex riparia,ForestWetPoor
58474,Carex riparia,ForestWetPoor
58475,Carex riparia,ForestWetPoor
58476,Carex riparia,ForestWetPoor
59059,Carex riparia,ForestWetPoor
59060,Carex riparia,ForestWetPoor
59061,Carex riparia,ForestWetPoor
59062,Carex riparia,ForestWetPoor
59063,Carex riparia,ForestWetPoor
59064,Carex riparia,ForestWetPoor
59065,Carex riparia,ForestWetPoor
59066,Carex riparia,ForestWetPoor
59067,Carex riparia,ForestWetPoor
59068,Carex riparia,ForestWetPoor
59069,Carex riparia,ForestWetPoor
59070,Carex riparia,ForestWetPoor
59071,Carex riparia,ForestWetPoor
59072,Carex riparia,ForestWetPoor
59073,Carex riparia,ForestWetPoor
59074,Carex riparia,ForestWetPoor
59075,Carex riparia,ForestWetPoor
59658,Carex riparia,ForestWetPoor
59659,Carex riparia,ForestWetPoor
59660,Carex riparia,ForestWetPoor
59661,Carex riparia,ForestWetPoor
59662,Carex riparia,ForestWetPoor
59663,Carex riparia,ForestWetPoor
59664,Carex riparia,ForestWetPoor
59665,Carex riparia,ForestWetPoor
59666,Carex riparia,ForestWetPoor
59667,Carex riparia,ForestWetPoor
59668,Carex riparia,ForestWetPoor
59669,Carex riparia,ForestWetPoor
59670,Carex riparia,ForestWetPoor
59671,Carex riparia,ForestWetPoor
59672,Carex riparia,ForestWetPoor
59673,Carex riparia,ForestWetPoor
59674,Carex riparia,ForestWetPoor
60257,Carex riparia,ForestWetPoor
60258,Carex riparia,ForestWetPoor
60259,Carex riparia,ForestWetPoor
60260,Carex riparia,ForestWetPoor
60261,Carex riparia,ForestWetPoor
60262,Carex riparia,ForestWetPoor
60263,Carex riparia,ForestWetPoor
60264,Carex riparia,ForestWetPoor
60265,Carex riparia,ForestWetPoor
60266,Carex riparia,ForestWetPoor
60267,Carex riparia,ForestWetPoor
60268,Carex riparia,ForestWetPoor
60269,Carex riparia,ForestWetPoor
60270,Carex riparia,ForestWetPoor
60271,Carex riparia,ForestWetPoor
60272,Carex riparia,ForestWetPoor
60273,Carex riparia,ForestWetPoor
60856,Carex riparia,ForestWetPoor
60857,Carex riparia,ForestWetPoor
60858,Carex riparia,ForestWetPoor
60859,Carex riparia,ForestWetPoor
60860,Carex riparia,ForestWetPoor
60861,Carex riparia,ForestWetPoor
60862,Carex riparia,ForestWetPoor
60863,Carex riparia,ForestWetPoor
60864,Carex riparia,ForestWetPoor
60865,Carex riparia,ForestWetPoor
60866,Carex riparia,ForestWetPoor
60867,Carex riparia,ForestWetPoor
60868,Carex riparia,ForestWetPoor
60869,Carex riparia,ForestWetPoor
60870,Carex riparia,ForestWetPoor
60871,Carex riparia,ForestWetPoor
60872,Carex riparia,ForestWetPoor
61455,Carex riparia,ForestWetPoor
61456,Carex riparia,ForestWetPoor
61457,Carex riparia,ForestWetPoor
61458,Carex riparia,ForestWetPoor
61459,Carex riparia,ForestWetPoor
61460,Carex riparia,ForestWetPoor
61461,Carex riparia,ForestWetPoor
61462,Carex riparia,ForestWetPoor
61463,Carex riparia,ForestWetPoor
61464,Carex riparia,ForestWetPoor
61465,Carex riparia,ForestWetPoor
61466,Carex riparia,ForestWetPoor
61467,Carex riparia,ForestWetPoor
61468,Carex riparia,ForestWetPoor
61469,Carex riparia,ForestWetPoor
61470,Carex riparia,ForestWetPoor
61471,Carex riparia,ForestWetPoor
62054,Carex riparia,ForestWetPoor
62055,Carex riparia,ForestWetPoor
62056,Carex riparia,ForestWetPoor
62057,Carex riparia,ForestWetPoor
62058,Carex riparia,ForestWetPoor
62059,Carex riparia,ForestWetPoor
62060,Carex riparia,ForestWetPoor
62061,Carex riparia,ForestWetPoor
62062,Carex riparia,ForestWetPoor
62063,Carex riparia,ForestWetPoor
62064,Carex riparia,ForestWetPoor
62065,Carex riparia,ForestWetPoor
62066,Carex riparia,ForestWetPoor
62067,Carex riparia,ForestWetPoor
62068,Carex riparia,ForestWetPoor
62069,Carex riparia,ForestWetPoor
62070,Carex riparia,ForestWetPoor
74556,Carex riparia,ForestWetPoor
74557,Carex riparia,ForestWetPoor
74558,Carex riparia,ForestWetPoor
74559,Carex riparia,ForestWetPoor
74560,Carex riparia,ForestWetPoor
74561,Carex riparia,ForestWetPoor
74562,Carex riparia,ForestWetPoor
74563,Carex riparia,ForestWetPoor
74564,Carex riparia,ForestWetPoor
74565,Carex riparia,ForestWetPoor
74566,Carex riparia,ForestWetPoor
74567,Carex riparia,ForestWetPoor
74568,Carex riparia,ForestWetPoor
74569,Carex riparia,ForestWetPoor
74570,Carex riparia,ForestWetPoor
74571,Carex riparia,ForestWetPoor
74572,Carex riparia,ForestWetPoor
74573,Carex riparia,ForestWetPoor
74574,Carex riparia,ForestWetPoor
74575,Carex riparia,ForestWetPoor
74576,Carex riparia,ForestWetPoor
74577,Carex riparia,ForestWetPoor
74578,Carex riparia,ForestWetPoor
74579,Carex riparia,ForestWetPoor
74580,Carex riparia,ForestWetPoor
74581,Carex riparia,ForestWetPoor
74582,Carex riparia,ForestWetPoor
74583,Carex riparia,ForestWetPoor
74584,Carex riparia,ForestWetPoor
74585,Carex riparia,ForestWetPoor
74586,Carex riparia,ForestWetPoor
74587,Carex riparia,ForestWetPoor
74588,Carex riparia,ForestWetPoor
74589,Carex riparia,ForestWetPoor
74590,Carex riparia,ForestWetPoor
74591,Carex riparia,ForestWetPoor
74592,Carex riparia,ForestWetPoor
74593,Carex riparia,ForestWetPoor
74594,Carex riparia,ForestWetPoor
74595,Carex riparia,ForestWetPoor
74596,Carex riparia,ForestWetPoor
74597,Carex riparia,ForestWetPoor
74598,Carex riparia,ForestWetPoor
74599,Carex riparia,ForestWetPoor
74600,Carex riparia,ForestWetPoor
74601,Carex riparia,ForestWetPoor
74602,Carex riparia,ForestWetPoor
74603,Carex riparia,ForestWetPoor
74604,Carex riparia,ForestWetPoor
74605,Carex riparia,ForestWetPoor
74606,Carex riparia,ForestWetPoor
74607,Carex riparia,ForestWetPoor
74608,Carex riparia,ForestWetPoor
74609,Carex riparia,ForestWetPoor
74610,Carex riparia,ForestWetPoor
74611,Carex riparia,ForestWetPoor
74612,Carex riparia,ForestWetPoor
75156,Carex riparia,ForestWetPoor
75157,Carex riparia,ForestWetPoor
75158,Carex riparia,ForestWetPoor
75159,Carex riparia,ForestWetPoor
75160,Carex riparia,ForestWetPoor
75161,Carex riparia,ForestWetPoor
75162,Carex riparia,ForestWetPoor
75163,Carex riparia,ForestWetPoor
75164,Carex riparia,ForestWetPoor
75165,Carex riparia,ForestWetPoor
75166,Carex riparia,ForestWetPoor
75167,Carex riparia,ForestWetPoor
75168,Carex riparia,ForestWetPoor
75169,Carex riparia,ForestWetPoor
75170,Carex riparia,ForestWetPoor
75171,Carex riparia,ForestWetPoor
75172,Carex riparia,ForestWetPoor
75173,Carex riparia,ForestWetPoor
75174,Carex riparia,ForestWetPoor
75175,Carex riparia,ForestWetPoor
75176,Carex riparia,ForestWetPoor
75177,Carex riparia,ForestWetPoor
75178,Carex riparia,ForestWetPoor
75179,Carex riparia,ForestWetPoor
75180,Carex riparia,ForestWetPoor
75181,Carex riparia,ForestWetPoor
75182,Carex riparia,ForestWetPoor
75183,Carex riparia,ForestWetPoor
75184,Carex riparia,ForestWetPoor
75185,Carex riparia,ForestWetPoor
75186,Carex riparia,ForestWetPoor
75187,Carex riparia,ForestWetPoor
75188,Carex riparia,ForestWetPoor
75189,Carex riparia,ForestWetPoor
75190,Carex riparia,ForestWetPoor
75191,Carex riparia,ForestWetPoor
75192,Carex riparia,ForestWetPoor
75193,Carex riparia,ForestWetPoor
75194,Carex riparia,ForestWetPoor
75195,Carex riparia,ForestWetPoor
75196,Carex riparia,ForestWetPoor
75197,Carex riparia,ForestWetPoor
75198,Carex riparia,ForestWetPoor
75199,Carex riparia,ForestWetPoor
75200,Carex riparia,ForestWetPoor
75201,Carex riparia,ForestWetPoor
75202,Carex riparia,ForestWetPoor
75203,Carex riparia,ForestWetPoor
75204,Carex riparia,ForestWetPoor
75205,Carex riparia,ForestWetPoor
75206,Carex riparia,ForestWetPoor
75207,Carex riparia,ForestWetPoor
75208,Carex riparia,ForestWetPoor
75209,Carex riparia,ForestWetPoor
75210,Carex riparia,ForestWetPoor
75211,Carex riparia,ForestWetPoor
75755,Carex riparia,ForestWetPoor
75756,Carex riparia,ForestWetPoor
75757,Carex riparia,ForestWetPoor
75758,Carex riparia,ForestWetPoor
75759,Carex riparia,ForestWetPoor
75760,Carex riparia,ForestWetPoor
75761,Carex riparia,ForestWetPoor
75762,Carex riparia,ForestWetPoor
75763,Carex riparia,ForestWetPoor
75764,Carex riparia,ForestWetPoor
75765,Carex riparia,ForestWetPoor
75766,Carex riparia,ForestWetPoor
75767,Carex riparia,ForestWetPoor
75768,Carex riparia,ForestWetPoor
75769,Carex riparia,ForestWetPoor
75770,Carex riparia,ForestWetPoor
75771,Carex riparia,ForestWetPoor
75772,Carex riparia,ForestWetPoor
75773,Carex riparia,ForestWetPoor
75774,Carex riparia,ForestWetPoor
75775,Carex riparia,ForestWetPoor
75776,Carex riparia,ForestWetPoor
75777,Carex riparia,ForestWetPoor
75778,Carex riparia,ForestWetPoor
75779,Carex riparia,ForestWetPoor
75780,Carex riparia,ForestWetPoor
75781,Carex riparia,ForestWetPoor
75782,Carex riparia,ForestWetPoor
75783,Carex riparia,ForestWetPoor
75784,Carex riparia,ForestWetPoor
75785,Carex riparia,ForestWetPoor
75786,Carex riparia,ForestWetPoor
75787,Carex riparia,ForestWetPoor
75788,Carex riparia,ForestWetPoor
75789,Carex riparia,ForestWetPoor
75790,Carex riparia,ForestWetPoor
75791,Carex riparia,ForestWetPoor
75792,Carex riparia,ForestWetPoor
75793,Carex riparia,ForestWetPoor
75794,Carex riparia,ForestWetPoor
75795,Carex riparia,ForestWetPoor
75796,Carex riparia,ForestWetPoor
75797,Carex riparia,ForestWetPoor
75798,Carex riparia,ForestWetPoor
75799,Carex riparia,ForestWetPoor
75800,Carex riparia,ForestWetPoor
75801,Carex riparia,ForestWetPoor
75802,Carex riparia,ForestWetPoor
75803,Carex riparia,ForestWetPoor
75804,Carex riparia,ForestWetPoor
75805,Carex riparia,ForestWetPoor
75806,Carex riparia,ForestWetPoor
75807,Carex riparia,ForestWetPoor
75808,Carex riparia,ForestWetPoor
75809,Carex riparia,ForestWetPoor
75810,Carex riparia,ForestWetPoor
76355,Carex riparia,ForestWetPoor
76356,Carex riparia,ForestWetPoor
76357,Carex riparia,ForestWetPoor
76358,Carex riparia,ForestWetPoor
76359,Carex riparia,ForestWetPoor
76360,Carex riparia,ForestWetPoor
76361,Carex riparia,ForestWetPoor
76362,Carex riparia,ForestWetPoor
76363,Carex riparia,ForestWetPoor
76364,Carex riparia,ForestWetPoor
76365,Carex riparia,ForestWetPoor
76366,Carex riparia,ForestWetPoor
76367,Carex riparia,ForestWetPoor
76368,Carex riparia,ForestWetPoor
76369,Carex riparia,ForestWetPoor
76370,Carex riparia,ForestWetPoor
76371,Carex riparia,ForestWetPoor
76372,Carex riparia,ForestWetPoor
76373,Carex riparia,ForestWetPoor
76374,Carex riparia,ForestWetPoor
76375,Carex riparia,ForestWetPoor
76376,Carex riparia,ForestWetPoor
76377,Carex riparia,ForestWetPoor
76378,Carex riparia,ForestWetPoor
76379,Carex riparia,ForestWetPoor
76380,Carex riparia,ForestWetPoor
76381,Carex riparia,ForestWetPoor
76382,Carex riparia,ForestWetPoor
76383,Carex riparia,ForestWetPoor
76384,Carex riparia,ForestWetPoor
76385,Carex riparia,ForestWetPoor
76386,Carex riparia,ForestWetPoor
76387,Carex riparia,ForestWetPoor
76388,Carex riparia,ForestWetPoor
76389,Carex riparia,ForestWetPoor
76390,Carex riparia,ForestWetPoor
76391,Carex riparia,ForestWetPoor
76392,Carex riparia,ForestWetPoor
76393,Carex riparia,ForestWetPoor
76394,Carex riparia,ForestWetPoor
76395,Carex riparia,ForestWetPoor
76396,Carex riparia,ForestWetPoor
76397,Carex riparia,ForestWetPoor
76398,Carex riparia,ForestWetPoor
76399,Carex riparia,ForestWetPoor
76400,Carex riparia,ForestWetPoor
76401,Carex riparia,ForestWetPoor
76402,Carex riparia,ForestWetPoor
76403,Carex riparia,ForestWetPoor
76404,Carex riparia,ForestWetPoor
76405,Carex riparia,ForestWetPoor
76406,Carex riparia,ForestWetPoor
76407,Carex riparia,ForestWetPoor
76408,Carex riparia,ForestWetPoor
76409,Carex riparia,ForestWetPoor
76954,Carex riparia,ForestWetPoor
76955,Carex riparia,ForestWetPoor
76956,Carex riparia,ForestWetPoor
76957,Carex riparia,ForestWetPoor
76958,Carex riparia,ForestWetPoor
76959,Carex riparia,ForestWetPoor
76960,Carex riparia,ForestWetPoor
76961,Carex riparia,ForestWetPoor
76962,Carex riparia,ForestWetPoor
76963,Carex riparia,ForestWetPoor
76964,Carex riparia,ForestWetPoor
76965,Carex riparia,ForestWetPoor
76966,Carex riparia,ForestWetPoor
76967,Carex riparia,ForestWetPoor
76968,Carex riparia,ForestWetPoor
76969,Carex riparia,ForestWetPoor
76970,Carex riparia,ForestWetPoor
76971,Carex riparia,ForestWetPoor
76972,Carex riparia,ForestWetPoor
76973,Carex riparia,ForestWetPoor
76974,Carex riparia,ForestWetPoor
76975,Carex riparia,ForestWetPoor
76976,Carex riparia,ForestWetPoor
76977,Carex riparia,ForestWetPoor
76978,Carex riparia,ForestWetPoor
76979,Carex riparia,ForestWetPoor
76980,Carex riparia,ForestWetPoor
76981,Carex riparia,ForestWetPoor
76982,Carex riparia,ForestWetPoor
76983,Carex riparia,ForestWetPoor
76984,Carex riparia,ForestWetPoor
76985,Carex riparia,ForestWetPoor
76986,Carex riparia,ForestWetPoor
76987,Carex riparia,ForestWetPoor
76988,Carex riparia,ForestWetPoor
76989,Carex riparia,ForestWetPoor
76990,Carex riparia,ForestWetPoor
76991,Carex riparia,ForestWetPoor
76992,Carex riparia,ForestWetPoor
76993,Carex riparia,ForestWetPoor
76994,Carex riparia,ForestWetPoor
76995,Carex riparia,ForestWetPoor
76996,Carex riparia,ForestWetPoor
76997,Carex riparia,ForestWetPoor
76998,Carex riparia,ForestWetPoor
76999,Carex riparia,ForestWetPoor
77000,Carex riparia,ForestWetPoor
77001,Carex riparia,ForestWetPoor
77002,Carex riparia,ForestWetPoor
77003,Carex riparia,ForestWetPoor
77004,Carex riparia,ForestWetPoor
77005,Carex riparia,ForestWetPoor
77006,Carex riparia,ForestWetPoor
77007,Carex riparia,ForestWetPoor
77008,Carex riparia,ForestWetPoor
77554,Carex riparia,ForestWetPoor
77555,Carex riparia,ForestWetPoor
77556,Carex riparia,ForestWetPoor
77557,Carex riparia,ForestWetPoor
77558,Carex riparia,ForestWetPoor
77559,Carex riparia,ForestWetPoor
77560,Carex riparia,ForestWetPoor
77561,Carex riparia,ForestWetPoor
77562,Carex riparia,ForestWetPoor
77563,Carex riparia,ForestWetPoor
77564,Carex riparia,ForestWetPoor
77565,Carex riparia,ForestWetPoor
77566,Carex riparia,ForestWetPoor
77567,Carex riparia,ForestWetPoor
77568,Carex riparia,ForestWetPoor
77569,Carex riparia,ForestWetPoor
77570,Carex riparia,ForestWetPoor
77571,Carex riparia,ForestWetPoor
77572,Carex riparia,ForestWetPoor
77573,Carex riparia,ForestWetPoor
77574,Carex riparia,ForestWetPoor
77575,Carex riparia,ForestWetPoor
77576,Carex riparia,ForestWetPoor
77577,Carex riparia,ForestWetPoor
77578,Carex riparia,ForestWetPoor
77579,Carex riparia,ForestWetPoor
77580,Carex riparia,ForestWetPoor
77581,Carex riparia,ForestWetPoor
77582,Carex riparia,ForestWetPoor
77583,Carex riparia,ForestWetPoor
77584,Carex riparia,ForestWetPoor
77585,Carex riparia,ForestWetPoor
77586,Carex riparia,ForestWetPoor
77587,Carex riparia,ForestWetPoor
77588,Carex riparia,ForestWetPoor
77589,Carex riparia,ForestWetPoor
77590,Carex riparia,ForestWetPoor
77591,Carex riparia,ForestWetPoor
77592,Carex riparia,ForestWetPoor
77593,Carex riparia,ForestWetPoor
77594,Carex riparia,ForestWetPoor
77595,Carex riparia,ForestWetPoor
77596,Carex riparia,ForestWetPoor
77597,Carex riparia,ForestWetPoor
77598,Carex riparia,ForestWetPoor
77599,Carex riparia,ForestWetPoor
77600,Carex riparia,ForestWetPoor
77601,Carex riparia,ForestWetPoor
77602,Carex riparia,ForestWetPoor
77603,Carex riparia,ForestWetPoor
77604,Carex riparia,ForestWetPoor
77605,Carex riparia,ForestWetPoor
77606,Carex riparia,ForestWetPoor
77607,Carex riparia,ForestWetPoor
78154,Carex riparia,ForestWetPoor
78155,Carex riparia,ForestWetPoor
78156,Carex riparia,ForestWetPoor
78157,Carex riparia,ForestWetPoor
78158,Carex riparia,ForestWetPoor
78159,Carex riparia,ForestWetPoor
78160,Carex riparia,ForestWetPoor
78161,Carex riparia,ForestWetPoor
78162,Carex riparia,ForestWetPoor
78163,Carex riparia,ForestWetPoor
78164,Carex riparia,ForestWetPoor
78165,Carex riparia,ForestWetPoor
78166,Carex riparia,ForestWetPoor
78167,Carex riparia,ForestWetPoor
78168,Carex riparia,ForestWetPoor
78169,Carex riparia,ForestWetPoor
78170,Carex riparia,ForestWetPoor
78171,Carex riparia,ForestWetPoor
78172,Carex riparia,ForestWetPoor
78173,Carex riparia,ForestWetPoor
78174,Carex riparia,ForestWetPoor
78175,Carex riparia,ForestWetPoor
78176,Carex riparia,ForestWetPoor
78177,Carex riparia,ForestWetPoor
78178,Carex riparia,ForestWetPoor
78179,Carex riparia,ForestWetPoor
78180,Carex riparia,ForestWetPoor
78181,Carex riparia,ForestWetPoor
78182,Carex riparia,ForestWetPoor
78183,Carex riparia,ForestWetPoor
78184,Carex riparia,ForestWetPoor
78185,Carex riparia,ForestWetPoor
78186,Carex riparia,ForestWetPoor
78187,Carex riparia,ForestWetPoor
78188,Carex riparia,ForestWetPoor
78189,Carex riparia,ForestWetPoor
78190,Carex riparia,ForestWetPoor
78191,Carex riparia,ForestWetPoor
78192,Carex riparia,ForestWetPoor
78193,Carex riparia,ForestWetPoor
78194,Carex riparia,ForestWetPoor
78195,Carex riparia,ForestWetPoor
78196,Carex riparia,ForestWetPoor
78197,Carex riparia,ForestWetPoor
78198,Carex riparia,ForestWetPoor
78199,Carex riparia,ForestWetPoor
78200,Carex riparia,ForestWetPoor
78201,Carex riparia,ForestWetPoor
78202,Carex riparia,ForestWetPoor
78203,Carex riparia,ForestWetPoor
78204,Carex riparia,ForestWetPoor
78205,Carex riparia,ForestWetPoor
78206,Carex riparia,ForestWetPoor
78754,Carex riparia,ForestWetPoor
78755,Carex riparia,ForestWetPoor
78756,Carex riparia,ForestWetPoor
78757,Carex riparia,ForestWetPoor
78758,Carex riparia,ForestWetPoor
78759,Carex riparia,ForestWetPoor
78760,Carex riparia,ForestWetPoor
78761,Carex riparia,ForestWetPoor
78762,Carex riparia,ForestWetPoor
78763,Carex riparia,ForestWetPoor
78764,Carex riparia,ForestWetPoor
78765,Carex riparia,ForestWetPoor
78766,Carex riparia,ForestWetPoor
78767,Carex riparia,ForestWetPoor
78768,Carex riparia,ForestWetPoor
78769,Carex riparia,ForestWetPoor
78770,Carex riparia,ForestWetPoor
78771,Carex riparia,ForestWetPoor
78772,Carex riparia,ForestWetPoor
78773,Carex riparia,ForestWetPoor
78774,Carex riparia,ForestWetPoor
78775,Carex riparia,ForestWetPoor
78776,Carex riparia,ForestWetPoor
78777,Carex riparia,ForestWetPoor
78778,Carex riparia,ForestWetPoor
78779,Carex riparia,ForestWetPoor
78780,Carex riparia,ForestWetPoor
78781,Carex riparia,ForestWetPoor
78782,Carex riparia,ForestWetPoor
78783,Carex riparia,ForestWetPoor
78784,Carex riparia,ForestWetPoor
78785,Carex riparia,ForestWetPoor
78786,Carex riparia,ForestWetPoor
78787,Carex riparia,ForestWetPoor
78788,Carex riparia,ForestWetPoor
78789,Carex riparia,ForestWetPoor
78790,Carex riparia,ForestWetPoor
78791,Carex riparia,ForestWetPoor
78792,Carex riparia,ForestWetPoor
78793,Carex riparia,ForestWetPoor
78794,Carex riparia,ForestWetPoor
78795,Carex riparia,ForestWetPoor
78796,Carex riparia,ForestWetPoor
78797,Carex riparia,ForestWetPoor
78798,Carex riparia,ForestWetPoor
78799,Carex riparia,ForestWetPoor
78800,Carex riparia,ForestWetPoor
78801,Carex riparia,ForestWetPoor
78802,Carex riparia,ForestWetPoor
78803,Carex riparia,ForestWetPoor
78804,Carex riparia,ForestWetPoor
78805,Carex riparia,ForestWetPoor
79353,Carex riparia,ForestWetPoor
79354,Carex riparia,ForestWetPoor
79355,Carex riparia,ForestWetPoor
79356,Carex riparia,ForestWetPoor
79357,Carex riparia,ForestWetPoor
79358,Carex riparia,ForestWetPoor
79359,Carex riparia,ForestWetPoor
79360,Carex riparia,ForestWetPoor
79361,Carex riparia,ForestWetPoor
79362,Carex riparia,ForestWetPoor
79363,Carex riparia,ForestWetPoor
79364,Carex riparia,ForestWetPoor
79365,Carex riparia,ForestWetPoor
79366,Carex riparia,ForestWetPoor
79367,Carex riparia,ForestWetPoor
79368,Carex riparia,ForestWetPoor
79369,Carex riparia,ForestWetPoor
79370,Carex riparia,ForestWetPoor
79371,Carex riparia,ForestWetPoor
79372,Carex riparia,ForestWetPoor
79373,Carex riparia,ForestWetPoor
79374,Carex riparia,ForestWetPoor
79375,Carex riparia,ForestWetPoor
79376,Carex riparia,ForestWetPoor
79377,Carex riparia,ForestWetPoor
79378,Carex riparia,ForestWetPoor
79379,Carex riparia,ForestWetPoor
79380,Carex riparia,ForestWetPoor
79381,Carex riparia,ForestWetPoor
79382,Carex riparia,ForestWetPoor
79383,Carex riparia,ForestWetPoor
79384,Carex riparia,ForestWetPoor
79385,Carex riparia,ForestWetPoor
79386,Carex riparia,ForestWetPoor
79387,Carex riparia,ForestWetPoor
79388,Carex riparia,ForestWetPoor
79389,Carex riparia,ForestWetPoor
79390,Carex riparia,ForestWetPoor
79391,Carex riparia,ForestWetPoor
79392,Carex riparia,ForestWetPoor
79393,Carex riparia,ForestWetPoor
79394,Carex riparia,ForestWetPoor
79395,Carex riparia,ForestWetPoor
79396,Carex riparia,ForestWetPoor
79397,Carex riparia,ForestWetPoor
79398,Carex riparia,ForestWetPoor
79399,Carex riparia,ForestWetPoor
79400,Carex riparia,ForestWetPoor
79401,Carex riparia,ForestWetPoor
79402,Carex riparia,ForestWetPoor
79403,Carex riparia,ForestWetPoor
79404,Carex riparia,ForestWetPoor
79953,Carex riparia,ForestWetPoor
79954,Carex riparia,ForestWetPoor
79955,Carex riparia,ForestWetPoor
79956,Carex riparia,ForestWetPoor
79957,Carex riparia,ForestWetPoor
79958,Carex riparia,ForestWetPoor
79959,Carex riparia,ForestWetPoor
79960,Carex riparia,ForestWetPoor
79961,Carex riparia,ForestWetPoor
79962,Carex riparia,ForestWetPoor
79963,Carex riparia,ForestWetPoor
79964,Carex riparia,ForestWetPoor
79965,Carex riparia,ForestWetPoor
79966,Carex riparia,ForestWetPoor
79967,Carex riparia,ForestWetPoor
79968,Carex riparia,ForestWetPoor
79969,Carex riparia,ForestWetPoor
79970,Carex riparia,ForestWetPoor
79971,Carex riparia,ForestWetPoor
79972,Carex riparia,ForestWetPoor
79973,Carex riparia,ForestWetPoor
79974,Carex riparia,ForestWetPoor
79975,Carex riparia,ForestWetPoor
79976,Carex riparia,ForestWetPoor
79977,Carex riparia,ForestWetPoor
79978,Carex riparia,ForestWetPoor
79979,Carex riparia,ForestWetPoor
79980,Carex riparia,ForestWetPoor
79981,Carex riparia,ForestWetPoor
79982,Carex riparia,ForestWetPoor
79983,Carex riparia,ForestWetPoor
79984,Carex riparia,ForestWetPoor
79985,Carex riparia,ForestWetPoor
79986,Carex riparia,ForestWetPoor
79987,Carex riparia,ForestWetPoor
79988,Carex riparia,ForestWetPoor
79989,Carex riparia,ForestWetPoor
79990,Carex riparia,ForestWetPoor
79991,Carex riparia,ForestWetPoor
79992,Carex riparia,ForestWetPoor
79993,Carex riparia,ForestWetPoor
79994,Carex riparia,ForestWetPoor
79995,Carex riparia,ForestWetPoor
79996,Carex riparia,ForestWetPoor
79997,Carex riparia,ForestWetPoor
79998,Carex riparia,ForestWetPoor
79999,Carex riparia,ForestWetPoor
80000,Carex riparia,ForestWetPoor
80001,Carex riparia,ForestWetPoor
80002,Carex riparia,ForestWetPoor
80003,Carex riparia,ForestWetPoor
80553,Carex riparia,ForestWetPoor
80554,Carex riparia,ForestWetPoor
80555,Carex riparia,ForestWetPoor
80556,Carex riparia,ForestWetPoor
80557,Carex riparia,ForestWetPoor
80558,Carex riparia,ForestWetPoor
80559,Carex riparia,ForestWetPoor
80560,Carex riparia,ForestWetPoor
80561,Carex riparia,ForestWetPoor
80562,Carex riparia,ForestWetPoor
80563,Carex riparia,ForestWetPoor
80564,Carex riparia,ForestWetPoor
80565,Carex riparia,ForestWetPoor
80566,Carex riparia,ForestWetPoor
80567,Carex riparia,ForestWetPoor
80568,Carex riparia,ForestWetPoor
80569,Carex riparia,ForestWetPoor
80570,Carex riparia,ForestWetPoor
80571,Carex riparia,ForestWetPoor
80572,Carex riparia,ForestWetPoor
80573,Carex riparia,ForestWetPoor
80574,Carex riparia,ForestWetPoor
80575,Carex riparia,ForestWetPoor
80576,Carex riparia,ForestWetPoor
80577,Carex riparia,ForestWetPoor
80578,Carex riparia,ForestWetPoor
80579,Carex riparia,ForestWetPoor
80580,Carex riparia,ForestWetPoor
80581,Carex riparia,ForestWetPoor
80582,Carex riparia,ForestWetPoor
80583,Carex riparia,ForestWetPoor
80584,Carex riparia,ForestWetPoor
80585,Carex riparia,ForestWetPoor
80586,Carex riparia,ForestWetPoor
80587,Carex riparia,ForestWetPoor
80588,Carex riparia,ForestWetPoor
80589,Carex riparia,ForestWetPoor
80590,Carex riparia,ForestWetPoor
80591,Carex riparia,ForestWetPoor
80592,Carex riparia,ForestWetPoor
80593,Carex riparia,ForestWetPoor
80594,Carex riparia,ForestWetPoor
80595,Carex riparia,ForestWetPoor
80596,Carex riparia,ForestWetPoor
80597,Carex riparia,ForestWetPoor
80598,Carex riparia,ForestWetPoor
80599,Carex riparia,ForestWetPoor
80600,Carex riparia,ForestWetPoor
80601,Carex riparia,ForestWetPoor
80602,Carex riparia,ForestWetPoor
81153,Carex riparia,ForestWetPoor
81154,Carex riparia,ForestWetPoor
81155,Carex riparia,ForestWetPoor
81156,Carex riparia,ForestWetPoor
81157,Carex riparia,ForestWetPoor
81158,Carex riparia,ForestWetPoor
81159,Carex riparia,ForestWetPoor
81160,Carex riparia,ForestWetPoor
81161,Carex riparia,ForestWetPoor
81162,Carex riparia,ForestWetPoor
81163,Carex riparia,ForestWetPoor
81164,Carex riparia,ForestWetPoor
81165,Carex riparia,ForestWetPoor
81166,Carex riparia,ForestWetPoor
81167,Carex riparia,ForestWetPoor
81168,Carex riparia,ForestWetPoor
81169,Carex riparia,ForestWetPoor
81170,Carex riparia,ForestWetPoor
81171,Carex riparia,ForestWetPoor
81172,Carex riparia,ForestWetPoor
81173,Carex riparia,ForestWetPoor
81174,Carex riparia,ForestWetPoor
81175,Carex riparia,ForestWetPoor
81176,Carex riparia,ForestWetPoor
81177,Carex riparia,ForestWetPoor
81178,Carex riparia,ForestWetPoor
81179,Carex riparia,ForestWetPoor
81180,Carex riparia,ForestWetPoor
81181,Carex riparia,ForestWetPoor
81182,Carex riparia,ForestWetPoor
81183,Carex riparia,ForestWetPoor
81184,Carex riparia,ForestWetPoor
81185,Carex riparia,ForestWetPoor
81186,Carex riparia,ForestWetPoor
81187,Carex riparia,ForestWetPoor
81188,Carex riparia,ForestWetPoor
81189,Carex riparia,ForestWetPoor
81190,Carex riparia,ForestWetPoor
81191,Carex riparia,ForestWetPoor
81192,Carex riparia,ForestWetPoor
81193,Carex riparia,ForestWetPoor
81194,Carex riparia,ForestWetPoor
81195,Carex riparia,ForestWetPoor
81196,Carex riparia,ForestWetPoor
81197,Carex riparia,ForestWetPoor
81198,Carex riparia,ForestWetPoor
81199,Carex riparia,ForestWetPoor
81200,Carex riparia,ForestWetPoor
81201,Carex riparia,ForestWetPoor
81753,Carex riparia,ForestWetPoor
81754,Carex riparia,ForestWetPoor
81755,Carex riparia,ForestWetPoor
81756,Carex riparia,ForestWetPoor
81757,Carex riparia,ForestWetPoor
81758,Carex riparia,ForestWetPoor
81759,Carex riparia,ForestWetPoor
81760,Carex riparia,ForestWetPoor
81761,Carex riparia,ForestWetPoor
81762,Carex riparia,ForestWetPoor
81763,Carex riparia,ForestWetPoor
81764,Carex riparia,ForestWetPoor
81765,Carex riparia,ForestWetPoor
81766,Carex riparia,ForestWetPoor
81767,Carex riparia,ForestWetPoor
81768,Carex riparia,ForestWetPoor
81769,Carex riparia,ForestWetPoor
81770,Carex riparia,ForestWetPoor
81771,Carex riparia,ForestWetPoor
81772,Carex riparia,ForestWetPoor
81773,Carex riparia,ForestWetPoor
81774,Carex riparia,ForestWetPoor
81775,Carex riparia,ForestWetPoor
81776,Carex riparia,ForestWetPoor
81777,Carex riparia,ForestWetPoor
81778,Carex riparia,ForestWetPoor
81779,Carex riparia,ForestWetPoor
81780,Carex riparia,ForestWetPoor
81781,Carex riparia,ForestWetPoor
81782,Carex riparia,ForestWetPoor
81783,Carex riparia,ForestWetPoor
81784,Carex riparia,ForestWetPoor
81785,Carex riparia,ForestWetPoor
81786,Carex riparia,ForestWetPoor
81787,Carex riparia,ForestWetPoor
81788,Carex riparia,ForestWetPoor
81789,Carex riparia,ForestWetPoor
81790,Carex riparia,ForestWetPoor
81791,Carex riparia,ForestWetPoor
81792,Carex riparia,ForestWetPoor
81793,Carex riparia,ForestWetPoor
81794,Carex riparia,ForestWetPoor
81795,Carex riparia,ForestWetPoor
81796,Carex riparia,ForestWetPoor
81797,Carex riparia,ForestWetPoor
81798,Carex riparia,ForestWetPoor
81799,Carex riparia,ForestWetPoor
81800,Carex riparia,ForestWetPoor
82353,Carex riparia,ForestWetPoor
82354,Carex riparia,ForestWetPoor
82355,Carex riparia,ForestWetPoor
82356,Carex riparia,ForestWetPoor
82357,Carex riparia,ForestWetPoor
82358,Carex riparia,ForestWetPoor
82359,Carex riparia,ForestWetPoor
82360,Carex riparia,ForestWetPoor
82361,Carex riparia,ForestWetPoor
82362,Carex riparia,ForestWetPoor
82363,Carex riparia,ForestWetPoor
82364,Carex riparia,ForestWetPoor
82365,Carex riparia,ForestWetPoor
82366,Carex riparia,ForestWetPoor
82367,Carex riparia,ForestWetPoor
82368,Carex riparia,ForestWetPoor
82369,Carex riparia,ForestWetPoor
82370,Carex riparia,ForestWetPoor
82371,Carex riparia,ForestWetPoor
82372,Carex riparia,ForestWetPoor
82373,Carex riparia,ForestWetPoor
82374,Carex riparia,ForestWetPoor
82375,Carex riparia,ForestWetPoor
82376,Carex riparia,ForestWetPoor
82377,Carex riparia,ForestWetPoor
82378,Carex riparia,ForestWetPoor
82379,Carex riparia,ForestWetPoor
82380,Carex riparia,ForestWetPoor
82381,Carex riparia,ForestWetPoor
82382,Carex riparia,ForestWetPoor
82383,Carex riparia,ForestWetPoor
82384,Carex riparia,ForestWetPoor
82385,Carex riparia,ForestWetPoor
82386,Carex riparia,ForestWetPoor
82387,Carex riparia,ForestWetPoor
82388,Carex riparia,ForestWetPoor
82389,Carex riparia,ForestWetPoor
82390,Carex riparia,ForestWetPoor
82391,Carex riparia,ForestWetPoor
82392,Carex riparia,ForestWetPoor
82393,Carex riparia,ForestWetPoor
82394,Carex riparia,ForestWetPoor
82395,Carex riparia,ForestWetPoor
82396,Carex riparia,ForestWetPoor
82397,Carex riparia,ForestWetPoor
82398,Carex riparia,ForestWetPoor
82399,Carex riparia,ForestWetPoor
82953,Carex riparia,ForestWetPoor
82954,Carex riparia,ForestWetPoor
82955,Carex riparia,ForestWetPoor
82956,Carex riparia,ForestWetPoor
82957,Carex riparia,ForestWetPoor
82958,Carex riparia,ForestWetPoor
82959,Carex riparia,ForestWetPoor
82960,Carex riparia,ForestWetPoor
82961,Carex riparia,ForestWetPoor
82962,Carex riparia,ForestWetPoor
82963,Carex riparia,ForestWetPoor
82964,Carex riparia,ForestWetPoor
82965,Carex riparia,ForestWetPoor
82966,Carex riparia,ForestWetPoor
82967,Carex riparia,ForestWetPoor
82968,Carex riparia,ForestWetPoor
82969,Carex riparia,ForestWetPoor
82970,Carex riparia,ForestWetPoor
82971,Carex riparia,ForestWetPoor
82972,Carex riparia,ForestWetPoor
82973,Carex riparia,ForestWetPoor
82974,Carex riparia,ForestWetPoor
82975,Carex riparia,ForestWetPoor
82976,Carex riparia,ForestWetPoor
82977,Carex riparia,ForestWetPoor
82978,Carex riparia,ForestWetPoor
82979,Carex riparia,ForestWetPoor
82980,Carex riparia,ForestWetPoor
82981,Carex riparia,ForestWetPoor
82982,Carex riparia,ForestWetPoor
82983,Carex riparia,ForestWetPoor
82984,Carex riparia,ForestWetPoor
82985,Carex riparia,ForestWetPoor
82986,Carex riparia,ForestWetPoor
82987,Carex riparia,ForestWetPoor
82988,Carex riparia,ForestWetPoor
82989,Carex riparia,ForestWetPoor
82990,Carex riparia,ForestWetPoor
82991,Carex riparia,ForestWetPoor
82992,Carex riparia,ForestWetPoor
82993,Carex riparia,ForestWetPoor
82994,Carex riparia,ForestWetPoor
82995,Carex riparia,ForestWetPoor
82996,Carex riparia,ForestWetPoor
82997,Carex riparia,ForestWetPoor
82998,Carex riparia,ForestWetPoor
83553,Carex riparia,ForestWetPoor
83554,Carex riparia,ForestWetPoor
83555,Carex riparia,ForestWetPoor
83556,Carex riparia,ForestWetPoor
83557,Carex riparia,ForestWetPoor
83558,Carex riparia,ForestWetPoor
83559,Carex riparia,ForestWetPoor
83560,Carex riparia,ForestWetPoor
83561,Carex riparia,ForestWetPoor
83562,Carex riparia,ForestWetPoor
83563,Carex riparia,ForestWetPoor
83564,Carex riparia,ForestWetPoor
83565,Carex riparia,ForestWetPoor
83566,Carex riparia,ForestWetPoor
83567,Carex riparia,ForestWetPoor
83568,Carex riparia,ForestWetPoor
83569,Carex riparia,ForestWetPoor
83570,Carex riparia,ForestWetPoor
83571,Carex riparia,ForestWetPoor
83572,Carex riparia,ForestWetPoor
83573,Carex riparia,ForestWetPoor
83574,Carex riparia,ForestWetPoor
83575,Carex riparia,ForestWetPoor
83576,Carex riparia,ForestWetPoor
83577,Carex riparia,ForestWetPoor
83578,Carex riparia,ForestWetPoor
83579,Carex riparia,ForestWetPoor
83580,Carex riparia,ForestWetPoor
83581,Carex riparia,ForestWetPoor
83582,Carex riparia,ForestWetPoor
83583,Carex riparia,ForestWetPoor
83584,Carex riparia,ForestWetPoor
83585,Carex riparia,ForestWetPoor
83586,Carex riparia,ForestWetPoor
83587,Carex riparia,ForestWetPoor
83588,Carex riparia,ForestWetPoor
83589,Carex riparia,ForestWetPoor
83590,Carex riparia,ForestWetPoor
83591,Carex riparia,ForestWetPoor
83592,Carex riparia,ForestWetPoor
83593,Carex riparia,ForestWetPoor
83594,Carex riparia,ForestWetPoor
83595,Carex riparia,ForestWetPoor
83596,Carex riparia,ForestWetPoor
83597,Carex riparia,ForestWetPoor
84154,Carex riparia,ForestWetPoor
84155,Carex riparia,ForestWetPoor
84156,Carex riparia,ForestWetPoor
84157,Carex riparia,ForestWetPoor
84158,Carex riparia,ForestWetPoor
84159,Carex riparia,ForestWetPoor
84160,Carex riparia,ForestWetPoor
84161,Carex riparia,ForestWetPoor
84162,Carex riparia,ForestWetPoor
84163,Carex riparia,ForestWetPoor
84164,Carex riparia,ForestWetPoor
84165,Carex riparia,ForestWetPoor
84166,Carex riparia,ForestWetPoor
84167,Carex riparia,ForestWetPoor
84168,Carex riparia,ForestWetPoor
84169,Carex riparia,ForestWetPoor
84170,Carex riparia,ForestWetPoor
84171,Carex riparia,ForestWetPoor
84172,Carex riparia,ForestWetPoor
84173,Carex riparia,ForestWetPoor
84174,Carex riparia,ForestWetPoor
84175,Carex riparia,ForestWetPoor
84176,Carex riparia,ForestWetPoor
84177,Carex riparia,ForestWetPoor
84178,Carex riparia,ForestWetPoor
84179,Carex riparia,ForestWetPoor
84180,Carex riparia,ForestWetPoor
84181,Carex riparia,ForestWetPoor
84182,Carex riparia,ForestWetPoor
84183,Carex riparia,ForestWetPoor
84184,Carex riparia,ForestWetPoor
84185,Carex riparia,ForestWetPoor
84186,Carex riparia,ForestWetPoor
84187,Carex riparia,ForestWetPoor
84188,Carex riparia,ForestWetPoor
84189,Carex riparia,ForestWetPoor
84190,Carex riparia,ForestWetPoor
84191,Carex riparia,ForestWetPoor
84192,Carex riparia,ForestWetPoor
84193,Carex riparia,ForestWetPoor
84194,Carex riparia,ForestWetPoor
84195,Carex riparia,ForestWetPoor
84196,Carex riparia,ForestWetPoor
84754,Carex riparia,ForestWetPoor
84755,Carex riparia,ForestWetPoor
84756,Carex riparia,ForestWetPoor
84757,Carex riparia,ForestWetPoor
84758,Carex riparia,ForestWetPoor
84759,Carex riparia,ForestWetPoor
84760,Carex riparia,ForestWetPoor
84761,Carex riparia,ForestWetPoor
84762,Carex riparia,ForestWetPoor
84763,Carex riparia,ForestWetPoor
84764,Carex riparia,ForestWetPoor
84765,Carex riparia,ForestWetPoor
84766,Carex riparia,ForestWetPoor
84767,Carex riparia,ForestWetPoor
84768,Carex riparia,ForestWetPoor
84769,Carex riparia,ForestWetPoor
84770,Carex riparia,ForestWetPoor
84771,Carex riparia,ForestWetPoor
84772,Carex riparia,ForestWetPoor
84773,Carex riparia,ForestWetPoor
84774,Carex riparia,ForestWetPoor
84775,Carex riparia,ForestWetPoor
84776,Carex riparia,ForestWetPoor
84777,Carex riparia,ForestWetPoor
84778,Carex riparia,ForestWetPoor
84779,Carex riparia,ForestWetPoor
84780,Carex riparia,ForestWetPoor
84781,Carex riparia,ForestWetPoor
84782,Carex riparia,ForestWetPoor
84783,Carex riparia,ForestWetPoor
84784,Carex riparia,ForestWetPoor
84785,Carex riparia,ForestWetPoor
84786,Carex riparia,ForestWetPoor
84787,Carex riparia,ForestWetPoor
84788,Carex riparia,ForestWetPoor
84789,Carex riparia,ForestWetPoor
84790,Carex riparia,ForestWetPoor
84791,Carex riparia,ForestWetPoor
84792,Carex riparia,ForestWetPoor
84793,Carex riparia,ForestWetPoor
84794,Carex riparia,ForestWetPoor
84795,Carex riparia,ForestWetPoor
85354,Carex riparia,ForestWetPoor
85355,Carex riparia,ForestWetPoor
85356,Carex riparia,ForestWetPoor
85357,Carex riparia,ForestWetPoor
85358,Carex riparia,ForestWetPoor
85359,Carex riparia,ForestWetPoor
85360,Carex riparia,ForestWetPoor
85361,Carex riparia,ForestWetPoor
85362,Carex riparia,ForestWetPoor
85363,Carex riparia,ForestWetPoor
85364,Carex riparia,ForestWetPoor
85365,Carex riparia,ForestWetPoor
85366,Carex riparia,ForestWetPoor
85367,Carex riparia,ForestWetPoor
85368,Carex riparia,ForestWetPoor
85369,Carex riparia,ForestWetPoor
85370,Carex riparia,ForestWetPoor
85371,Carex riparia,ForestWetPoor
85372,Carex riparia,ForestWetPoor
85373,Carex riparia,ForestWetPoor
85374,Carex riparia,ForestWetPoor
85375,Carex riparia,ForestWetPoor
85376,Carex riparia,ForestWetPoor
85377,Carex riparia,ForestWetPoor
85378,Carex riparia,ForestWetPoor
85379,Carex riparia,ForestWetPoor
85380,Carex riparia,ForestWetPoor
85381,Carex riparia,ForestWetPoor
85382,Carex riparia,ForestWetPoor
85383,Carex riparia,ForestWetPoor
85384,Carex riparia,ForestWetPoor
85385,Carex riparia,ForestWetPoor
85386,Carex riparia,ForestWetPoor
85387,Carex riparia,ForestWetPoor
85388,Carex riparia,ForestWetPoor
85389,Carex riparia,ForestWetPoor
85390,Carex riparia,ForestWetPoor
85391,Carex riparia,ForestWetPoor
85392,Carex riparia,ForestWetPoor
85393,Carex riparia,ForestWetPoor
85394,Carex riparia,ForestWetPoor
85955,Carex riparia,ForestWetPoor
85956,Carex riparia,ForestWetPoor
85957,Carex riparia,ForestWetPoor
85958,Carex riparia,ForestWetPoor
85959,Carex riparia,ForestWetPoor
85960,Carex riparia,ForestWetPoor
85961,Carex riparia,ForestWetPoor
85962,Carex riparia,ForestWetPoor
85963,Carex riparia,ForestWetPoor
85964,Carex riparia,ForestWetPoor
85965,Carex riparia,ForestWetPoor
85966,Carex riparia,ForestWetPoor
85967,Carex riparia,ForestWetPoor
85968,Carex riparia,ForestWetPoor
85969,Carex riparia,ForestWetPoor
85970,Carex riparia,ForestWetPoor
85971,Carex riparia,ForestWetPoor
85972,Carex riparia,ForestWetPoor
85973,Carex riparia,ForestWetPoor
85974,Carex riparia,ForestWetPoor
85975,Carex riparia,ForestWetPoor
85976,Carex riparia,ForestWetPoor
85977,Carex riparia,ForestWetPoor
85978,Carex riparia,ForestWetPoor
85979,Carex riparia,ForestWetPoor
85980,Carex riparia,ForestWetPoor
85981,Carex riparia,ForestWetPoor
85982,Carex riparia,ForestWetPoor
85983,Carex riparia,ForestWetPoor
85984,Carex riparia,ForestWetPoor
85985,Carex riparia,ForestWetPoor
85986,Carex riparia,ForestWetPoor
85987,Carex riparia,ForestWetPoor
85988,Carex riparia,ForestWetPoor
85989,Carex riparia,ForestWetPoor
85990,Carex riparia,ForestWetPoor
85991,Carex riparia,ForestWetPoor
85992,Carex riparia,ForestWetPoor
85993,Carex riparia,ForestWetPoor
86556,Carex riparia,ForestWetPoor
86557,Carex riparia,ForestWetPoor
86558,Carex riparia,ForestWetPoor
86559,Carex riparia,ForestWetPoor
86560,Carex riparia,ForestWetPoor
86561,Carex riparia,ForestWetPoor
86562,Carex riparia,ForestWetPoor
86563,Carex riparia,ForestWetPoor
86564,Carex riparia,ForestWetPoor
86565,Carex riparia,ForestWetPoor
86566,Carex riparia,ForestWetPoor
86567,Carex riparia,ForestWetPoor
86568,Carex riparia,ForestWetPoor
86569,Carex riparia,ForestWetPoor
86570,Carex riparia,ForestWetPoor
86571,Carex riparia,ForestWetPoor
86572,Carex riparia,ForestWetPoor
86573,Carex riparia,ForestWetPoor
86574,Carex riparia,ForestWetPoor
86575,Carex riparia,ForestWetPoor
86576,Carex riparia,ForestWetPoor
86577,Carex riparia,ForestWetPoor
86578,Carex riparia,ForestWetPoor
86579,Carex riparia,ForestWetPoor
86580,Carex riparia,ForestWetPoor
86581,Carex riparia,ForestWetPoor
86582,Carex riparia,ForestWetPoor
86583,Carex riparia,ForestWetPoor
86584,Carex riparia,ForestWetPoor
86585,Carex riparia,ForestWetPoor
86586,Carex riparia,ForestWetPoor
86587,Carex riparia,ForestWetPoor
86588,Carex riparia,ForestWetPoor
86589,Carex riparia,ForestWetPoor
86590,Carex riparia,ForestWetPoor
86591,Carex riparia,ForestWetPoor
86592,Carex riparia,ForestWetPoor
86593,Carex riparia,ForestWetPoor
86594,Carex riparia,ForestWetPoor
86595,Carex riparia,ForestWetPoor
86596,Carex riparia,ForestWetPoor
86597,Carex riparia,ForestWetPoor
86598,Carex riparia,ForestWetPoor
86599,Carex riparia,ForestWetPoor
86600,Carex riparia,ForestWetPoor
86601,Carex riparia,ForestWetPoor
86602,Carex riparia,ForestWetPoor
86603,Carex riparia,ForestWetPoor
86604,Carex riparia,ForestWetPoor
87156,Carex riparia,ForestWetPoor
87157,Carex riparia,ForestWetPoor
87158,Carex riparia,ForestWetPoor
87159,Carex riparia,ForestWetPoor
87160,Carex riparia,ForestWetPoor
87161,Carex riparia,ForestWetPoor
87162,Carex riparia,ForestWetPoor
87163,Carex riparia,ForestWetPoor
87164,Carex riparia,ForestWetPoor
87165,Carex riparia,ForestWetPoor
87166,Carex riparia,ForestWetPoor
87167,Carex riparia,ForestWetPoor
87168,Carex riparia,ForestWetPoor
87169,Carex riparia,ForestWetPoor
87170,Carex riparia,ForestWetPoor
87171,Carex riparia,ForestWetPoor
87172,Carex riparia,ForestWetPoor
87173,Carex riparia,ForestWetPoor
87174,Carex riparia,ForestWetPoor
87175,Carex riparia,ForestWetPoor
87176,Carex riparia,ForestWetPoor
87177,Carex riparia,ForestWetPoor
87178,Carex riparia,ForestWetPoor
87179,Carex riparia,ForestWetPoor
87180,Carex riparia,ForestWetPoor
87181,Carex riparia,ForestWetPoor
87182,Carex riparia,ForestWetPoor
87183,Carex riparia,ForestWetPoor
87184,Carex riparia,ForestWetPoor
87185,Carex riparia,ForestWetPoor
87186,Carex riparia,ForestWetPoor
87187,Carex riparia,ForestWetPoor
87188,Carex riparia,ForestWetPoor
87189,Carex riparia,ForestWetPoor
87190,Carex riparia,ForestWetPoor
87191,Carex riparia,ForestWetPoor
87192,Carex riparia,ForestWetPoor
87193,Carex riparia,ForestWetPoor
87194,Carex riparia,ForestWetPoor
87195,Carex riparia,ForestWetPoor
87196,Carex riparia,ForestWetPoor
87197,Carex riparia,ForestWetPoor
87198,Carex riparia,ForestWetPoor
87199,Carex riparia,ForestWetPoor
87200,Carex riparia,ForestWetPoor
87201,Carex riparia,ForestWetPoor
87757,Carex riparia,ForestWetPoor
87758,Carex riparia,ForestWetPoor
87759,Carex riparia,ForestWetPoor
87760,Carex riparia,ForestWetPoor
87761,Carex riparia,ForestWetPoor
87762,Carex riparia,ForestWetPoor
87763,Carex riparia,ForestWetPoor
87764,Carex riparia,ForestWetPoor
87765,Carex riparia,ForestWetPoor
87766,Carex riparia,ForestWetPoor
87767,Carex riparia,ForestWetPoor
87768,Carex riparia,ForestWetPoor
87769,Carex riparia,ForestWetPoor
87770,Carex riparia,ForestWetPoor
87771,Carex riparia,ForestWetPoor
87772,Carex riparia,ForestWetPoor
87773,Carex riparia,ForestWetPoor
87774,Carex riparia,ForestWetPoor
87775,Carex riparia,ForestWetPoor
87776,Carex riparia,ForestWetPoor
87777,Carex riparia,ForestWetPoor
87778,Carex riparia,ForestWetPoor
87779,Carex riparia,ForestWetPoor
87780,Carex riparia,ForestWetPoor
87781,Carex riparia,ForestWetPoor
87782,Carex riparia,ForestWetPoor
87783,Carex riparia,ForestWetPoor
87784,Carex riparia,ForestWetPoor
87785,Carex riparia,ForestWetPoor
87786,Carex riparia,ForestWetPoor
87787,Carex riparia,ForestWetPoor
87788,Carex riparia,ForestWetPoor
87789,Carex riparia,ForestWetPoor
87790,Carex riparia,ForestWetPoor
87791,Carex riparia,ForestWetPoor
87792,Carex riparia,ForestWetPoor
87793,Carex riparia,ForestWetPoor
87794,Carex riparia,ForestWetPoor
87795,Carex riparia,ForestWetPoor
87796,Carex riparia,ForestWetPoor
87797,Carex riparia,ForestWetPoor
87798,Carex riparia,ForestWetPoor
88359,Carex riparia,ForestWetPoor
88360,Carex riparia,ForestWetPoor
88361,Carex riparia,ForestWetPoor
88362,Carex riparia,ForestWetPoor
88363,Carex riparia,ForestWetPoor
88364,Carex riparia,ForestWetPoor
88365,Carex riparia,ForestWetPoor
88366,Carex riparia,ForestWetPoor
88367,Carex riparia,ForestWetPoor
88368,Carex riparia,ForestWetPoor
88369,Carex riparia,ForestWetPoor
88370,Carex riparia,ForestWetPoor
88371,Carex riparia,ForestWetPoor
88372,Carex riparia,ForestWetPoor
88373,Carex riparia,ForestWetPoor
88374,Carex riparia,ForestWetPoor
88375,Carex riparia,ForestWetPoor
88376,Carex riparia,ForestWetPoor
88377,Carex riparia,ForestWetPoor
88378,Carex riparia,ForestWetPoor
88379,Carex riparia,ForestWetPoor
88380,Carex riparia,ForestWetPoor
88381,Carex riparia,ForestWetPoor
88382,Carex riparia,ForestWetPoor
88383,Carex riparia,ForestWetPoor
88384,Carex riparia,ForestWetPoor
88385,Carex riparia,ForestWetPoor
88386,Carex riparia,ForestWetPoor
88387,Carex riparia,ForestWetPoor
88388,Carex riparia,ForestWetPoor
88389,Carex riparia,ForestWetPoor
88390,Carex riparia,ForestWetPoor
88391,Carex riparia,ForestWetPoor
88392,Carex riparia,ForestWetPoor
88393,Carex riparia,ForestWetPoor
88394,Carex riparia,ForestWetPoor
88960,Carex riparia,ForestWetPoor
88961,Carex riparia,ForestWetPoor
88962,Carex riparia,ForestWetPoor
88963,Carex riparia,ForestWetPoor
88964,Carex riparia,ForestWetPoor
88965,Carex riparia,ForestWetPoor
88966,Carex riparia,ForestWetPoor
88967,Carex riparia,ForestWetPoor
88968,Carex riparia,ForestWetPoor
88969,Carex riparia,ForestWetPoor
88970,Carex riparia,ForestWetPoor
88971,Carex riparia,ForestWetPoor
88972,Carex riparia,ForestWetPoor
88973,Carex riparia,ForestWetPoor
88974,Carex riparia,ForestWetPoor
88975,Carex riparia,ForestWetPoor
88976,Carex riparia,ForestWetPoor
88977,Carex riparia,ForestWetPoor
88978,Carex riparia,ForestWetPoor
88979,Carex riparia,ForestWetPoor
88980,Carex riparia,ForestWetPoor
88981,Carex riparia,ForestWetPoor
88982,Carex riparia,ForestWetPoor
88983,Carex riparia,ForestWetPoor
88984,Carex riparia,ForestWetPoor
88985,Carex riparia,ForestWetPoor
88986,Carex riparia,ForestWetPoor
88987,Carex riparia,ForestWetPoor
88988,Carex riparia,ForestWetPoor
88989,Carex riparia,ForestWetPoor
88990,Carex riparia,ForestWetPoor
88991,Carex riparia,ForestWetPoor
89563,Carex riparia,ForestWetPoor
89564,Carex riparia,ForestWetPoor
89565,Carex riparia,ForestWetPoor
89566,Carex riparia,ForestWetPoor
89567,Carex riparia,ForestWetPoor
89568,Carex riparia,ForestWetPoor
89569,Carex riparia,ForestWetPoor
89570,Carex riparia,ForestWetPoor
89571,Carex riparia,ForestWetPoor
89572,Carex riparia,ForestWetPoor
89573,Carex riparia,ForestWetPoor
89574,Carex riparia,ForestWetPoor
89575,Carex riparia,ForestWetPoor
89576,Carex riparia,ForestWetPoor
89577,Carex riparia,ForestWetPoor
89578,Carex riparia,ForestWetPoor
89579,Carex riparia,ForestWetPoor
89580,Carex riparia,ForestWetPoor
89581,Carex riparia,ForestWetPoor
89582,Carex riparia,ForestWetPoor
89583,Carex riparia,ForestWetPoor
89584,Carex riparia,ForestWetPoor
89585,Carex riparia,ForestWetPoor
89586,Carex riparia,ForestWetPoor
90167,Carex riparia,ForestWetPoor
90168,Carex riparia,ForestWetPoor
90169,Carex riparia,ForestWetPoor
90170,Carex riparia,ForestWetPoor
90171,Carex riparia,ForestWetPoor
90172,Carex riparia,ForestWetPoor
90173,Carex riparia,ForestWetPoor
90174,Carex riparia,ForestWetPoor
90175,Carex riparia,ForestWetPoor
90176,Carex riparia,ForestWetPoor
90177,Carex riparia,ForestWetPoor
90178,Carex riparia,ForestWetPoor
90179,Carex riparia,ForestWetPoor
90180,Carex riparia,ForestWetPoor
