62753,Luzula multiflora,ForestWetPoor
62754,Luzula multiflora,ForestWetPoor
62755,Luzula multiflora,ForestWetPoor
62756,Luzula multiflora,ForestWetPoor
62757,Luzula multiflora,ForestWetPoor
62758,Luzula multiflora,ForestWetPoor
62759,Luzula multiflora,ForestWetPoor
62760,Luzula multiflora,ForestWetPoor
62761,Luzula multiflora,ForestWetPoor
62762,Luzula multiflora,ForestWetPoor
62763,Luzula multiflora,ForestWetPoor
62764,Luzula multiflora,ForestWetPoor
62765,Luzula multiflora,ForestWetPoor
62766,Luzula multiflora,ForestWetPoor
62767,Luzula multiflora,ForestWetPoor
62768,Luzula multiflora,ForestWetPoor
62769,Luzula multiflora,ForestWetPoor
62770,Luzula multiflora,ForestWetPoor
62771,Luzula multiflora,ForestWetPoor
62772,Luzula multiflora,ForestWetPoor
62773,Luzula multiflora,ForestWetPoor
62774,Luzula multiflora,ForestWetPoor
62775,Luzula multiflora,ForestWetPoor
62776,Luzula multiflora,ForestWetPoor
62777,Luzula multiflora,ForestWetPoor
62778,Luzula multiflora,ForestWetPoor
62779,Luzula multiflora,ForestWetPoor
62780,Luzula multiflora,ForestWetPoor
62781,Luzula multiflora,ForestWetPoor
62782,Luzula multiflora,ForestWetPoor
62783,Luzula multiflora,ForestWetPoor
62784,Luzula multiflora,ForestWetPoor
62785,Luzula multiflora,ForestWetPoor
62786,Luzula multiflora,ForestWetPoor
62787,Luzula multiflora,ForestWetPoor
62788,Luzula multiflora,ForestWetPoor
62789,Luzula multiflora,ForestWetPoor
62790,Luzula multiflora,ForestWetPoor
62791,Luzula multiflora,ForestWetPoor
62792,Luzula multiflora,ForestWetPoor
63352,Luzula multiflora,ForestWetPoor
63353,Luzula multiflora,ForestWetPoor
63354,Luzula multiflora,ForestWetPoor
63355,Luzula multiflora,ForestWetPoor
63356,Luzula multiflora,ForestWetPoor
63357,Luzula multiflora,ForestWetPoor
63358,Luzula multiflora,ForestWetPoor
63359,Luzula multiflora,ForestWetPoor
63360,Luzula multiflora,ForestWetPoor
63361,Luzula multiflora,ForestWetPoor
63362,Luzula multiflora,ForestWetPoor
63363,Luzula multiflora,ForestWetPoor
63364,Luzula multiflora,ForestWetPoor
63365,Luzula multiflora,ForestWetPoor
63366,Luzula multiflora,ForestWetPoor
63367,Luzula multiflora,ForestWetPoor
63368,Luzula multiflora,ForestWetPoor
63369,Luzula multiflora,ForestWetPoor
63370,Luzula multiflora,ForestWetPoor
63371,Luzula multiflora,ForestWetPoor
63372,Luzula multiflora,ForestWetPoor
63373,Luzula multiflora,ForestWetPoor
63374,Luzula multiflora,ForestWetPoor
63375,Luzula multiflora,ForestWetPoor
63376,Luzula multiflora,ForestWetPoor
63377,Luzula multiflora,ForestWetPoor
63378,Luzula multiflora,ForestWetPoor
63379,Luzula multiflora,ForestWetPoor
63380,Luzula multiflora,ForestWetPoor
63381,Luzula multiflora,ForestWetPoor
63382,Luzula multiflora,ForestWetPoor
63383,Luzula multiflora,ForestWetPoor
63384,Luzula multiflora,ForestWetPoor
63385,Luzula multiflora,ForestWetPoor
63386,Luzula multiflora,ForestWetPoor
63387,Luzula multiflora,ForestWetPoor
63388,Luzula multiflora,ForestWetPoor
63389,Luzula multiflora,ForestWetPoor
63390,Luzula multiflora,ForestWetPoor
63391,Luzula multiflora,ForestWetPoor
63951,Luzula multiflora,ForestWetPoor
63952,Luzula multiflora,ForestWetPoor
63953,Luzula multiflora,ForestWetPoor
63954,Luzula multiflora,ForestWetPoor
63955,Luzula multiflora,ForestWetPoor
63956,Luzula multiflora,ForestWetPoor
63957,Luzula multiflora,ForestWetPoor
63958,Luzula multiflora,ForestWetPoor
63959,Luzula multiflora,ForestWetPoor
63960,Luzula multiflora,ForestWetPoor
63961,Luzula multiflora,ForestWetPoor
63962,Luzula multiflora,ForestWetPoor
63963,Luzula multiflora,ForestWetPoor
63964,Luzula multiflora,ForestWetPoor
63965,Luzula multiflora,ForestWetPoor
63966,Luzula multiflora,ForestWetPoor
63967,Luzula multiflora,ForestWetPoor
63968,Luzula multiflora,ForestWetPoor
63969,Luzula multiflora,ForestWetPoor
63970,Luzula multiflora,ForestWetPoor
63971,Luzula multiflora,ForestWetPoor
63972,Luzula multiflora,ForestWetPoor
63973,Luzula multiflora,ForestWetPoor
63974,Luzula multiflora,ForestWetPoor
63975,Luzula multiflora,ForestWetPoor
63976,Luzula multiflora,ForestWetPoor
63977,Luzula multiflora,ForestWetPoor
63978,Luzula multiflora,ForestWetPoor
63979,Luzula multiflora,ForestWetPoor
63980,Luzula multiflora,ForestWetPoor
63981,Luzula multiflora,ForestWetPoor
63982,Luzula multiflora,ForestWetPoor
63983,Luzula multiflora,ForestWetPoor
63984,Luzula multiflora,ForestWetPoor
63985,Luzula multiflora,ForestWetPoor
63986,Luzula multiflora,ForestWetPoor
63987,Luzula multiflora,ForestWetPoor
63988,Luzula multiflora,ForestWetPoor
63989,Luzula multiflora,ForestWetPoor
63990,Luzula multiflora,ForestWetPoor
64550,Luzula multiflora,ForestWetPoor
64551,Luzula multiflora,ForestWetPoor
64552,Luzula multiflora,ForestWetPoor
64553,Luzula multiflora,ForestWetPoor
64554,Luzula multiflora,ForestWetPoor
64555,Luzula multiflora,ForestWetPoor
64556,Luzula multiflora,ForestWetPoor
64557,Luzula multiflora,ForestWetPoor
64558,Luzula multiflora,ForestWetPoor
64559,Luzula multiflora,ForestWetPoor
64560,Luzula multiflora,ForestWetPoor
64561,Luzula multiflora,ForestWetPoor
64562,Luzula multiflora,ForestWetPoor
64563,Luzula multiflora,ForestWetPoor
64564,Luzula multiflora,ForestWetPoor
64565,Luzula multiflora,ForestWetPoor
64566,Luzula multiflora,ForestWetPoor
64567,Luzula multiflora,ForestWetPoor
64568,Luzula multiflora,ForestWetPoor
64569,Luzula multiflora,ForestWetPoor
64570,Luzula multiflora,ForestWetPoor
64571,Luzula multiflora,ForestWetPoor
64572,Luzula multiflora,ForestWetPoor
64573,Luzula multiflora,ForestWetPoor
64574,Luzula multiflora,ForestWetPoor
64575,Luzula multiflora,ForestWetPoor
64576,Luzula multiflora,ForestWetPoor
64577,Luzula multiflora,ForestWetPoor
64578,Luzula multiflora,ForestWetPoor
64579,Luzula multiflora,ForestWetPoor
64580,Luzula multiflora,ForestWetPoor
64581,Luzula multiflora,ForestWetPoor
64582,Luzula multiflora,ForestWetPoor
64583,Luzula multiflora,ForestWetPoor
64584,Luzula multiflora,ForestWetPoor
64585,Luzula multiflora,ForestWetPoor
64586,Luzula multiflora,ForestWetPoor
64587,Luzula multiflora,ForestWetPoor
64588,Luzula multiflora,ForestWetPoor
64589,Luzula multiflora,ForestWetPoor
65149,Luzula multiflora,ForestWetPoor
65150,Luzula multiflora,ForestWetPoor
65151,Luzula multiflora,ForestWetPoor
65152,Luzula multiflora,ForestWetPoor
65153,Luzula multiflora,ForestWetPoor
65154,Luzula multiflora,ForestWetPoor
65155,Luzula multiflora,ForestWetPoor
65156,Luzula multiflora,ForestWetPoor
65157,Luzula multiflora,ForestWetPoor
65158,Luzula multiflora,ForestWetPoor
65159,Luzula multiflora,ForestWetPoor
65160,Luzula multiflora,ForestWetPoor
65161,Luzula multiflora,ForestWetPoor
65162,Luzula multiflora,ForestWetPoor
65163,Luzula multiflora,ForestWetPoor
65164,Luzula multiflora,ForestWetPoor
65165,Luzula multiflora,ForestWetPoor
65166,Luzula multiflora,ForestWetPoor
65167,Luzula multiflora,ForestWetPoor
65168,Luzula multiflora,ForestWetPoor
65169,Luzula multiflora,ForestWetPoor
65170,Luzula multiflora,ForestWetPoor
65171,Luzula multiflora,ForestWetPoor
65172,Luzula multiflora,ForestWetPoor
65173,Luzula multiflora,ForestWetPoor
65174,Luzula multiflora,ForestWetPoor
65175,Luzula multiflora,ForestWetPoor
65176,Luzula multiflora,ForestWetPoor
65177,Luzula multiflora,ForestWetPoor
65178,Luzula multiflora,ForestWetPoor
65179,Luzula multiflora,ForestWetPoor
65180,Luzula multiflora,ForestWetPoor
65181,Luzula multiflora,ForestWetPoor
65182,Luzula multiflora,ForestWetPoor
65183,Luzula multiflora,ForestWetPoor
65184,Luzula multiflora,ForestWetPoor
65185,Luzula multiflora,ForestWetPoor
65186,Luzula multiflora,ForestWetPoor
65187,Luzula multiflora,ForestWetPoor
65188,Luzula multiflora,ForestWetPoor
65748,Luzula multiflora,ForestWetPoor
65749,Luzula multiflora,ForestWetPoor
65750,Luzula multiflora,ForestWetPoor
65751,Luzula multiflora,ForestWetPoor
65752,Luzula multiflora,ForestWetPoor
65753,Luzula multiflora,ForestWetPoor
65754,Luzula multiflora,ForestWetPoor
65755,Luzula multiflora,ForestWetPoor
65756,Luzula multiflora,ForestWetPoor
65757,Luzula multiflora,ForestWetPoor
65758,Luzula multiflora,ForestWetPoor
65759,Luzula multiflora,ForestWetPoor
65760,Luzula multiflora,ForestWetPoor
65761,Luzula multiflora,ForestWetPoor
65762,Luzula multiflora,ForestWetPoor
65763,Luzula multiflora,ForestWetPoor
65764,Luzula multiflora,ForestWetPoor
65765,Luzula multiflora,ForestWetPoor
65766,Luzula multiflora,ForestWetPoor
65767,Luzula multiflora,ForestWetPoor
65768,Luzula multiflora,ForestWetPoor
65769,Luzula multiflora,ForestWetPoor
65770,Luzula multiflora,ForestWetPoor
65771,Luzula multiflora,ForestWetPoor
65772,Luzula multiflora,ForestWetPoor
65773,Luzula multiflora,ForestWetPoor
65774,Luzula multiflora,ForestWetPoor
65775,Luzula multiflora,ForestWetPoor
65776,Luzula multiflora,ForestWetPoor
65777,Luzula multiflora,ForestWetPoor
65778,Luzula multiflora,ForestWetPoor
65779,Luzula multiflora,ForestWetPoor
65780,Luzula multiflora,ForestWetPoor
65781,Luzula multiflora,ForestWetPoor
65782,Luzula multiflora,ForestWetPoor
65783,Luzula multiflora,ForestWetPoor
65784,Luzula multiflora,ForestWetPoor
65785,Luzula multiflora,ForestWetPoor
65786,Luzula multiflora,ForestWetPoor
65787,Luzula multiflora,ForestWetPoor
66347,Luzula multiflora,ForestWetPoor
66348,Luzula multiflora,ForestWetPoor
66349,Luzula multiflora,ForestWetPoor
66350,Luzula multiflora,ForestWetPoor
66351,Luzula multiflora,ForestWetPoor
66352,Luzula multiflora,ForestWetPoor
66353,Luzula multiflora,ForestWetPoor
66354,Luzula multiflora,ForestWetPoor
66355,Luzula multiflora,ForestWetPoor
66356,Luzula multiflora,ForestWetPoor
66357,Luzula multiflora,ForestWetPoor
66358,Luzula multiflora,ForestWetPoor
66359,Luzula multiflora,ForestWetPoor
66360,Luzula multiflora,ForestWetPoor
66361,Luzula multiflora,ForestWetPoor
66362,Luzula multiflora,ForestWetPoor
66363,Luzula multiflora,ForestWetPoor
66364,Luzula multiflora,ForestWetPoor
66365,Luzula multiflora,ForestWetPoor
66366,Luzula multiflora,ForestWetPoor
66367,Luzula multiflora,ForestWetPoor
66368,Luzula multiflora,ForestWetPoor
66369,Luzula multiflora,ForestWetPoor
66370,Luzula multiflora,ForestWetPoor
66371,Luzula multiflora,ForestWetPoor
66372,Luzula multiflora,ForestWetPoor
66373,Luzula multiflora,ForestWetPoor
66374,Luzula multiflora,ForestWetPoor
66375,Luzula multiflora,ForestWetPoor
66376,Luzula multiflora,ForestWetPoor
66377,Luzula multiflora,ForestWetPoor
66378,Luzula multiflora,ForestWetPoor
66379,Luzula multiflora,ForestWetPoor
66380,Luzula multiflora,ForestWetPoor
66381,Luzula multiflora,ForestWetPoor
66382,Luzula multiflora,ForestWetPoor
66383,Luzula multiflora,ForestWetPoor
66384,Luzula multiflora,ForestWetPoor
66385,Luzula multiflora,ForestWetPoor
66386,Luzula multiflora,ForestWetPoor
66946,Luzula multiflora,ForestWetPoor
66947,Luzula multiflora,ForestWetPoor
66948,Luzula multiflora,ForestWetPoor
66949,Luzula multiflora,ForestWetPoor
66950,Luzula multiflora,ForestWetPoor
66951,Luzula multiflora,ForestWetPoor
66952,Luzula multiflora,ForestWetPoor
66953,Luzula multiflora,ForestWetPoor
66954,Luzula multiflora,ForestWetPoor
66955,Luzula multiflora,ForestWetPoor
66956,Luzula multiflora,ForestWetPoor
66957,Luzula multiflora,ForestWetPoor
66958,Luzula multiflora,ForestWetPoor
66959,Luzula multiflora,ForestWetPoor
66960,Luzula multiflora,ForestWetPoor
66961,Luzula multiflora,ForestWetPoor
66962,Luzula multiflora,ForestWetPoor
66963,Luzula multiflora,ForestWetPoor
66964,Luzula multiflora,ForestWetPoor
66965,Luzula multiflora,ForestWetPoor
66966,Luzula multiflora,ForestWetPoor
66967,Luzula multiflora,ForestWetPoor
66968,Luzula multiflora,ForestWetPoor
66969,Luzula multiflora,ForestWetPoor
66970,Luzula multiflora,ForestWetPoor
66971,Luzula multiflora,ForestWetPoor
66972,Luzula multiflora,ForestWetPoor
66973,Luzula multiflora,ForestWetPoor
66974,Luzula multiflora,ForestWetPoor
66975,Luzula multiflora,ForestWetPoor
66976,Luzula multiflora,ForestWetPoor
66977,Luzula multiflora,ForestWetPoor
66978,Luzula multiflora,ForestWetPoor
66979,Luzula multiflora,ForestWetPoor
66980,Luzula multiflora,ForestWetPoor
66981,Luzula multiflora,ForestWetPoor
66982,Luzula multiflora,ForestWetPoor
66983,Luzula multiflora,ForestWetPoor
66984,Luzula multiflora,ForestWetPoor
66985,Luzula multiflora,ForestWetPoor
67545,Luzula multiflora,ForestWetPoor
67546,Luzula multiflora,ForestWetPoor
67547,Luzula multiflora,ForestWetPoor
67548,Luzula multiflora,ForestWetPoor
67549,Luzula multiflora,ForestWetPoor
67550,Luzula multiflora,ForestWetPoor
67551,Luzula multiflora,ForestWetPoor
67552,Luzula multiflora,ForestWetPoor
67553,Luzula multiflora,ForestWetPoor
67554,Luzula multiflora,ForestWetPoor
67555,Luzula multiflora,ForestWetPoor
67556,Luzula multiflora,ForestWetPoor
67557,Luzula multiflora,ForestWetPoor
67558,Luzula multiflora,ForestWetPoor
67559,Luzula multiflora,ForestWetPoor
67560,Luzula multiflora,ForestWetPoor
67561,Luzula multiflora,ForestWetPoor
67562,Luzula multiflora,ForestWetPoor
67563,Luzula multiflora,ForestWetPoor
67564,Luzula multiflora,ForestWetPoor
67565,Luzula multiflora,ForestWetPoor
67566,Luzula multiflora,ForestWetPoor
67567,Luzula multiflora,ForestWetPoor
67568,Luzula multiflora,ForestWetPoor
67569,Luzula multiflora,ForestWetPoor
67570,Luzula multiflora,ForestWetPoor
67571,Luzula multiflora,ForestWetPoor
67572,Luzula multiflora,ForestWetPoor
67573,Luzula multiflora,ForestWetPoor
67574,Luzula multiflora,ForestWetPoor
67575,Luzula multiflora,ForestWetPoor
67576,Luzula multiflora,ForestWetPoor
67577,Luzula multiflora,ForestWetPoor
67578,Luzula multiflora,ForestWetPoor
67579,Luzula multiflora,ForestWetPoor
67580,Luzula multiflora,ForestWetPoor
67581,Luzula multiflora,ForestWetPoor
67582,Luzula multiflora,ForestWetPoor
67583,Luzula multiflora,ForestWetPoor
67584,Luzula multiflora,ForestWetPoor
68144,Luzula multiflora,ForestWetPoor
68145,Luzula multiflora,ForestWetPoor
68146,Luzula multiflora,ForestWetPoor
68147,Luzula multiflora,ForestWetPoor
68148,Luzula multiflora,ForestWetPoor
68149,Luzula multiflora,ForestWetPoor
68150,Luzula multiflora,ForestWetPoor
68151,Luzula multiflora,ForestWetPoor
68152,Luzula multiflora,ForestWetPoor
68153,Luzula multiflora,ForestWetPoor
68154,Luzula multiflora,ForestWetPoor
68155,Luzula multiflora,ForestWetPoor
68156,Luzula multiflora,ForestWetPoor
68157,Luzula multiflora,ForestWetPoor
68158,Luzula multiflora,ForestWetPoor
68159,Luzula multiflora,ForestWetPoor
68160,Luzula multiflora,ForestWetPoor
68161,Luzula multiflora,ForestWetPoor
68162,Luzula multiflora,ForestWetPoor
68163,Luzula multiflora,ForestWetPoor
68164,Luzula multiflora,ForestWetPoor
68165,Luzula multiflora,ForestWetPoor
68166,Luzula multiflora,ForestWetPoor
68167,Luzula multiflora,ForestWetPoor
68168,Luzula multiflora,ForestWetPoor
68169,Luzula multiflora,ForestWetPoor
68170,Luzula multiflora,ForestWetPoor
68171,Luzula multiflora,ForestWetPoor
68172,Luzula multiflora,ForestWetPoor
68173,Luzula multiflora,ForestWetPoor
68174,Luzula multiflora,ForestWetPoor
68175,Luzula multiflora,ForestWetPoor
68176,Luzula multiflora,ForestWetPoor
68177,Luzula multiflora,ForestWetPoor
68178,Luzula multiflora,ForestWetPoor
68179,Luzula multiflora,ForestWetPoor
68180,Luzula multiflora,ForestWetPoor
68181,Luzula multiflora,ForestWetPoor
68182,Luzula multiflora,ForestWetPoor
68183,Luzula multiflora,ForestWetPoor
68743,Luzula multiflora,ForestWetPoor
68744,Luzula multiflora,ForestWetPoor
68745,Luzula multiflora,ForestWetPoor
68746,Luzula multiflora,ForestWetPoor
68747,Luzula multiflora,ForestWetPoor
68748,Luzula multiflora,ForestWetPoor
68749,Luzula multiflora,ForestWetPoor
68750,Luzula multiflora,ForestWetPoor
68751,Luzula multiflora,ForestWetPoor
68752,Luzula multiflora,ForestWetPoor
68753,Luzula multiflora,ForestWetPoor
68754,Luzula multiflora,ForestWetPoor
68755,Luzula multiflora,ForestWetPoor
68756,Luzula multiflora,ForestWetPoor
68757,Luzula multiflora,ForestWetPoor
68758,Luzula multiflora,ForestWetPoor
68759,Luzula multiflora,ForestWetPoor
68760,Luzula multiflora,ForestWetPoor
68761,Luzula multiflora,ForestWetPoor
68762,Luzula multiflora,ForestWetPoor
68763,Luzula multiflora,ForestWetPoor
68764,Luzula multiflora,ForestWetPoor
68765,Luzula multiflora,ForestWetPoor
68766,Luzula multiflora,ForestWetPoor
68767,Luzula multiflora,ForestWetPoor
68768,Luzula multiflora,ForestWetPoor
68769,Luzula multiflora,ForestWetPoor
68770,Luzula multiflora,ForestWetPoor
68771,Luzula multiflora,ForestWetPoor
68772,Luzula multiflora,ForestWetPoor
68773,Luzula multiflora,ForestWetPoor
68774,Luzula multiflora,ForestWetPoor
68775,Luzula multiflora,ForestWetPoor
68776,Luzula multiflora,ForestWetPoor
68777,Luzula multiflora,ForestWetPoor
68778,Luzula multiflora,ForestWetPoor
68779,Luzula multiflora,ForestWetPoor
68780,Luzula multiflora,ForestWetPoor
68781,Luzula multiflora,ForestWetPoor
68782,Luzula multiflora,ForestWetPoor
69342,Luzula multiflora,ForestWetPoor
69343,Luzula multiflora,ForestWetPoor
69344,Luzula multiflora,ForestWetPoor
69345,Luzula multiflora,ForestWetPoor
69346,Luzula multiflora,ForestWetPoor
69347,Luzula multiflora,ForestWetPoor
69348,Luzula multiflora,ForestWetPoor
69349,Luzula multiflora,ForestWetPoor
69350,Luzula multiflora,ForestWetPoor
69351,Luzula multiflora,ForestWetPoor
69352,Luzula multiflora,ForestWetPoor
69353,Luzula multiflora,ForestWetPoor
69354,Luzula multiflora,ForestWetPoor
69355,Luzula multiflora,ForestWetPoor
69356,Luzula multiflora,ForestWetPoor
69357,Luzula multiflora,ForestWetPoor
69358,Luzula multiflora,ForestWetPoor
69359,Luzula multiflora,ForestWetPoor
69360,Luzula multiflora,ForestWetPoor
69361,Luzula multiflora,ForestWetPoor
69362,Luzula multiflora,ForestWetPoor
69363,Luzula multiflora,ForestWetPoor
69364,Luzula multiflora,ForestWetPoor
69365,Luzula multiflora,ForestWetPoor
69366,Luzula multiflora,ForestWetPoor
69367,Luzula multiflora,ForestWetPoor
69368,Luzula multiflora,ForestWetPoor
69369,Luzula multiflora,ForestWetPoor
69370,Luzula multiflora,ForestWetPoor
69371,Luzula multiflora,ForestWetPoor
69372,Luzula multiflora,ForestWetPoor
69373,Luzula multiflora,ForestWetPoor
69374,Luzula multiflora,ForestWetPoor
69375,Luzula multiflora,ForestWetPoor
69376,Luzula multiflora,ForestWetPoor
69377,Luzula multiflora,ForestWetPoor
69378,Luzula multiflora,ForestWetPoor
69379,Luzula multiflora,ForestWetPoor
69380,Luzula multiflora,ForestWetPoor
69381,Luzula multiflora,ForestWetPoor
69941,Luzula multiflora,ForestWetPoor
69942,Luzula multiflora,ForestWetPoor
69943,Luzula multiflora,ForestWetPoor
69944,Luzula multiflora,ForestWetPoor
69945,Luzula multiflora,ForestWetPoor
69946,Luzula multiflora,ForestWetPoor
69947,Luzula multiflora,ForestWetPoor
69948,Luzula multiflora,ForestWetPoor
69949,Luzula multiflora,ForestWetPoor
69950,Luzula multiflora,ForestWetPoor
69951,Luzula multiflora,ForestWetPoor
69952,Luzula multiflora,ForestWetPoor
69953,Luzula multiflora,ForestWetPoor
69954,Luzula multiflora,ForestWetPoor
69955,Luzula multiflora,ForestWetPoor
69956,Luzula multiflora,ForestWetPoor
69957,Luzula multiflora,ForestWetPoor
69958,Luzula multiflora,ForestWetPoor
69959,Luzula multiflora,ForestWetPoor
69960,Luzula multiflora,ForestWetPoor
69961,Luzula multiflora,ForestWetPoor
69962,Luzula multiflora,ForestWetPoor
69963,Luzula multiflora,ForestWetPoor
69964,Luzula multiflora,ForestWetPoor
69965,Luzula multiflora,ForestWetPoor
69966,Luzula multiflora,ForestWetPoor
69967,Luzula multiflora,ForestWetPoor
69968,Luzula multiflora,ForestWetPoor
69969,Luzula multiflora,ForestWetPoor
69970,Luzula multiflora,ForestWetPoor
69971,Luzula multiflora,ForestWetPoor
69972,Luzula multiflora,ForestWetPoor
69973,Luzula multiflora,ForestWetPoor
69974,Luzula multiflora,ForestWetPoor
69975,Luzula multiflora,ForestWetPoor
69976,Luzula multiflora,ForestWetPoor
69977,Luzula multiflora,ForestWetPoor
69978,Luzula multiflora,ForestWetPoor
69979,Luzula multiflora,ForestWetPoor
69980,Luzula multiflora,ForestWetPoor
70540,Luzula multiflora,ForestWetPoor
70541,Luzula multiflora,ForestWetPoor
70542,Luzula multiflora,ForestWetPoor
70543,Luzula multiflora,ForestWetPoor
70544,Luzula multiflora,ForestWetPoor
70545,Luzula multiflora,ForestWetPoor
70546,Luzula multiflora,ForestWetPoor
70547,Luzula multiflora,ForestWetPoor
70548,Luzula multiflora,ForestWetPoor
70549,Luzula multiflora,ForestWetPoor
70550,Luzula multiflora,ForestWetPoor
70551,Luzula multiflora,ForestWetPoor
70552,Luzula multiflora,ForestWetPoor
70553,Luzula multiflora,ForestWetPoor
70554,Luzula multiflora,ForestWetPoor
70555,Luzula multiflora,ForestWetPoor
70556,Luzula multiflora,ForestWetPoor
70557,Luzula multiflora,ForestWetPoor
70558,Luzula multiflora,ForestWetPoor
70559,Luzula multiflora,ForestWetPoor
70560,Luzula multiflora,ForestWetPoor
70561,Luzula multiflora,ForestWetPoor
70562,Luzula multiflora,ForestWetPoor
70563,Luzula multiflora,ForestWetPoor
70564,Luzula multiflora,ForestWetPoor
70565,Luzula multiflora,ForestWetPoor
70566,Luzula multiflora,ForestWetPoor
70567,Luzula multiflora,ForestWetPoor
70568,Luzula multiflora,ForestWetPoor
70569,Luzula multiflora,ForestWetPoor
70570,Luzula multiflora,ForestWetPoor
70571,Luzula multiflora,ForestWetPoor
70572,Luzula multiflora,ForestWetPoor
70573,Luzula multiflora,ForestWetPoor
70574,Luzula multiflora,ForestWetPoor
70575,Luzula multiflora,ForestWetPoor
70576,Luzula multiflora,ForestWetPoor
70577,Luzula multiflora,ForestWetPoor
70578,Luzula multiflora,ForestWetPoor
70579,Luzula multiflora,ForestWetPoor
71139,Luzula multiflora,ForestWetPoor
71140,Luzula multiflora,ForestWetPoor
71141,Luzula multiflora,ForestWetPoor
71142,Luzula multiflora,ForestWetPoor
71143,Luzula multiflora,ForestWetPoor
71144,Luzula multiflora,ForestWetPoor
71145,Luzula multiflora,ForestWetPoor
71146,Luzula multiflora,ForestWetPoor
71147,Luzula multiflora,ForestWetPoor
71148,Luzula multiflora,ForestWetPoor
71149,Luzula multiflora,ForestWetPoor
71150,Luzula multiflora,ForestWetPoor
71151,Luzula multiflora,ForestWetPoor
71152,Luzula multiflora,ForestWetPoor
71153,Luzula multiflora,ForestWetPoor
71154,Luzula multiflora,ForestWetPoor
71155,Luzula multiflora,ForestWetPoor
71156,Luzula multiflora,ForestWetPoor
71157,Luzula multiflora,ForestWetPoor
71158,Luzula multiflora,ForestWetPoor
71159,Luzula multiflora,ForestWetPoor
71160,Luzula multiflora,ForestWetPoor
71161,Luzula multiflora,ForestWetPoor
71162,Luzula multiflora,ForestWetPoor
71163,Luzula multiflora,ForestWetPoor
71164,Luzula multiflora,ForestWetPoor
71165,Luzula multiflora,ForestWetPoor
71166,Luzula multiflora,ForestWetPoor
71167,Luzula multiflora,ForestWetPoor
71168,Luzula multiflora,ForestWetPoor
71169,Luzula multiflora,ForestWetPoor
71170,Luzula multiflora,ForestWetPoor
71171,Luzula multiflora,ForestWetPoor
71172,Luzula multiflora,ForestWetPoor
71173,Luzula multiflora,ForestWetPoor
71174,Luzula multiflora,ForestWetPoor
71175,Luzula multiflora,ForestWetPoor
71176,Luzula multiflora,ForestWetPoor
71177,Luzula multiflora,ForestWetPoor
71178,Luzula multiflora,ForestWetPoor
71738,Luzula multiflora,ForestWetPoor
71739,Luzula multiflora,ForestWetPoor
71740,Luzula multiflora,ForestWetPoor
71741,Luzula multiflora,ForestWetPoor
71742,Luzula multiflora,ForestWetPoor
71743,Luzula multiflora,ForestWetPoor
71744,Luzula multiflora,ForestWetPoor
71745,Luzula multiflora,ForestWetPoor
71746,Luzula multiflora,ForestWetPoor
71747,Luzula multiflora,ForestWetPoor
71748,Luzula multiflora,ForestWetPoor
71749,Luzula multiflora,ForestWetPoor
71750,Luzula multiflora,ForestWetPoor
71751,Luzula multiflora,ForestWetPoor
71752,Luzula multiflora,ForestWetPoor
71753,Luzula multiflora,ForestWetPoor
71754,Luzula multiflora,ForestWetPoor
71755,Luzula multiflora,ForestWetPoor
71756,Luzula multiflora,ForestWetPoor
71757,Luzula multiflora,ForestWetPoor
71758,Luzula multiflora,ForestWetPoor
71759,Luzula multiflora,ForestWetPoor
71760,Luzula multiflora,ForestWetPoor
71761,Luzula multiflora,ForestWetPoor
71762,Luzula multiflora,ForestWetPoor
71763,Luzula multiflora,ForestWetPoor
71764,Luzula multiflora,ForestWetPoor
71765,Luzula multiflora,ForestWetPoor
71766,Luzula multiflora,ForestWetPoor
71767,Luzula multiflora,ForestWetPoor
71768,Luzula multiflora,ForestWetPoor
71769,Luzula multiflora,ForestWetPoor
71770,Luzula multiflora,ForestWetPoor
71771,Luzula multiflora,ForestWetPoor
71772,Luzula multiflora,ForestWetPoor
71773,Luzula multiflora,ForestWetPoor
71774,Luzula multiflora,ForestWetPoor
71775,Luzula multiflora,ForestWetPoor
71776,Luzula multiflora,ForestWetPoor
71777,Luzula multiflora,ForestWetPoor
72337,Luzula multiflora,ForestWetPoor
72338,Luzula multiflora,ForestWetPoor
72339,Luzula multiflora,ForestWetPoor
72340,Luzula multiflora,ForestWetPoor
72341,Luzula multiflora,ForestWetPoor
72342,Luzula multiflora,ForestWetPoor
72343,Luzula multiflora,ForestWetPoor
72344,Luzula multiflora,ForestWetPoor
72345,Luzula multiflora,ForestWetPoor
72346,Luzula multiflora,ForestWetPoor
72347,Luzula multiflora,ForestWetPoor
72348,Luzula multiflora,ForestWetPoor
72349,Luzula multiflora,ForestWetPoor
72350,Luzula multiflora,ForestWetPoor
72351,Luzula multiflora,ForestWetPoor
72352,Luzula multiflora,ForestWetPoor
72353,Luzula multiflora,ForestWetPoor
72354,Luzula multiflora,ForestWetPoor
72355,Luzula multiflora,ForestWetPoor
72356,Luzula multiflora,ForestWetPoor
72357,Luzula multiflora,ForestWetPoor
72358,Luzula multiflora,ForestWetPoor
72359,Luzula multiflora,ForestWetPoor
72360,Luzula multiflora,ForestWetPoor
72361,Luzula multiflora,ForestWetPoor
72362,Luzula multiflora,ForestWetPoor
72363,Luzula multiflora,ForestWetPoor
72364,Luzula multiflora,ForestWetPoor
72365,Luzula multiflora,ForestWetPoor
72366,Luzula multiflora,ForestWetPoor
72367,Luzula multiflora,ForestWetPoor
72368,Luzula multiflora,ForestWetPoor
72369,Luzula multiflora,ForestWetPoor
72370,Luzula multiflora,ForestWetPoor
72371,Luzula multiflora,ForestWetPoor
72372,Luzula multiflora,ForestWetPoor
72373,Luzula multiflora,ForestWetPoor
72374,Luzula multiflora,ForestWetPoor
72375,Luzula multiflora,ForestWetPoor
72376,Luzula multiflora,ForestWetPoor
72936,Luzula multiflora,ForestWetPoor
72937,Luzula multiflora,ForestWetPoor
72938,Luzula multiflora,ForestWetPoor
72939,Luzula multiflora,ForestWetPoor
72940,Luzula multiflora,ForestWetPoor
72941,Luzula multiflora,ForestWetPoor
72942,Luzula multiflora,ForestWetPoor
72943,Luzula multiflora,ForestWetPoor
72944,Luzula multiflora,ForestWetPoor
72945,Luzula multiflora,ForestWetPoor
72946,Luzula multiflora,ForestWetPoor
72947,Luzula multiflora,ForestWetPoor
72948,Luzula multiflora,ForestWetPoor
72949,Luzula multiflora,ForestWetPoor
72950,Luzula multiflora,ForestWetPoor
72951,Luzula multiflora,ForestWetPoor
72952,Luzula multiflora,ForestWetPoor
72953,Luzula multiflora,ForestWetPoor
72954,Luzula multiflora,ForestWetPoor
72955,Luzula multiflora,ForestWetPoor
72956,Luzula multiflora,ForestWetPoor
72957,Luzula multiflora,ForestWetPoor
72958,Luzula multiflora,ForestWetPoor
72959,Luzula multiflora,ForestWetPoor
72960,Luzula multiflora,ForestWetPoor
72961,Luzula multiflora,ForestWetPoor
72962,Luzula multiflora,ForestWetPoor
72963,Luzula multiflora,ForestWetPoor
72964,Luzula multiflora,ForestWetPoor
72965,Luzula multiflora,ForestWetPoor
72966,Luzula multiflora,ForestWetPoor
72967,Luzula multiflora,ForestWetPoor
72968,Luzula multiflora,ForestWetPoor
72969,Luzula multiflora,ForestWetPoor
72970,Luzula multiflora,ForestWetPoor
72971,Luzula multiflora,ForestWetPoor
72972,Luzula multiflora,ForestWetPoor
72973,Luzula multiflora,ForestWetPoor
72974,Luzula multiflora,ForestWetPoor
72975,Luzula multiflora,ForestWetPoor
73535,Luzula multiflora,ForestWetPoor
73536,Luzula multiflora,ForestWetPoor
73537,Luzula multiflora,ForestWetPoor
73538,Luzula multiflora,ForestWetPoor
73539,Luzula multiflora,ForestWetPoor
73540,Luzula multiflora,ForestWetPoor
73541,Luzula multiflora,ForestWetPoor
73542,Luzula multiflora,ForestWetPoor
73543,Luzula multiflora,ForestWetPoor
73544,Luzula multiflora,ForestWetPoor
73545,Luzula multiflora,ForestWetPoor
73546,Luzula multiflora,ForestWetPoor
73547,Luzula multiflora,ForestWetPoor
73548,Luzula multiflora,ForestWetPoor
73549,Luzula multiflora,ForestWetPoor
73550,Luzula multiflora,ForestWetPoor
73551,Luzula multiflora,ForestWetPoor
73552,Luzula multiflora,ForestWetPoor
73553,Luzula multiflora,ForestWetPoor
73554,Luzula multiflora,ForestWetPoor
73555,Luzula multiflora,ForestWetPoor
73556,Luzula multiflora,ForestWetPoor
73557,Luzula multiflora,ForestWetPoor
73558,Luzula multiflora,ForestWetPoor
73559,Luzula multiflora,ForestWetPoor
73560,Luzula multiflora,ForestWetPoor
73561,Luzula multiflora,ForestWetPoor
73562,Luzula multiflora,ForestWetPoor
73563,Luzula multiflora,ForestWetPoor
73564,Luzula multiflora,ForestWetPoor
73565,Luzula multiflora,ForestWetPoor
73566,Luzula multiflora,ForestWetPoor
73567,Luzula multiflora,ForestWetPoor
73568,Luzula multiflora,ForestWetPoor
73569,Luzula multiflora,ForestWetPoor
73570,Luzula multiflora,ForestWetPoor
73571,Luzula multiflora,ForestWetPoor
73572,Luzula multiflora,ForestWetPoor
73573,Luzula multiflora,ForestWetPoor
73574,Luzula multiflora,ForestWetPoor
74134,Luzula multiflora,ForestWetPoor
74135,Luzula multiflora,ForestWetPoor
74136,Luzula multiflora,ForestWetPoor
74137,Luzula multiflora,ForestWetPoor
74138,Luzula multiflora,ForestWetPoor
74139,Luzula multiflora,ForestWetPoor
74140,Luzula multiflora,ForestWetPoor
74141,Luzula multiflora,ForestWetPoor
74142,Luzula multiflora,ForestWetPoor
74143,Luzula multiflora,ForestWetPoor
74144,Luzula multiflora,ForestWetPoor
74145,Luzula multiflora,ForestWetPoor
74146,Luzula multiflora,ForestWetPoor
74147,Luzula multiflora,ForestWetPoor
74148,Luzula multiflora,ForestWetPoor
74149,Luzula multiflora,ForestWetPoor
74150,Luzula multiflora,ForestWetPoor
74151,Luzula multiflora,ForestWetPoor
74152,Luzula multiflora,ForestWetPoor
74153,Luzula multiflora,ForestWetPoor
74154,Luzula multiflora,ForestWetPoor
74155,Luzula multiflora,ForestWetPoor
74156,Luzula multiflora,ForestWetPoor
74157,Luzula multiflora,ForestWetPoor
74158,Luzula multiflora,ForestWetPoor
74159,Luzula multiflora,ForestWetPoor
74160,Luzula multiflora,ForestWetPoor
74161,Luzula multiflora,ForestWetPoor
74162,Luzula multiflora,ForestWetPoor
74163,Luzula multiflora,ForestWetPoor
74164,Luzula multiflora,ForestWetPoor
74165,Luzula multiflora,ForestWetPoor
74166,Luzula multiflora,ForestWetPoor
74167,Luzula multiflora,ForestWetPoor
74168,Luzula multiflora,ForestWetPoor
74169,Luzula multiflora,ForestWetPoor
74170,Luzula multiflora,ForestWetPoor
74171,Luzula multiflora,ForestWetPoor
74172,Luzula multiflora,ForestWetPoor
74173,Luzula multiflora,ForestWetPoor
74733,Luzula multiflora,ForestWetPoor
74734,Luzula multiflora,ForestWetPoor
74735,Luzula multiflora,ForestWetPoor
74736,Luzula multiflora,ForestWetPoor
74737,Luzula multiflora,ForestWetPoor
74738,Luzula multiflora,ForestWetPoor
74739,Luzula multiflora,ForestWetPoor
74740,Luzula multiflora,ForestWetPoor
74741,Luzula multiflora,ForestWetPoor
74742,Luzula multiflora,ForestWetPoor
74743,Luzula multiflora,ForestWetPoor
74744,Luzula multiflora,ForestWetPoor
74745,Luzula multiflora,ForestWetPoor
74746,Luzula multiflora,ForestWetPoor
74747,Luzula multiflora,ForestWetPoor
74748,Luzula multiflora,ForestWetPoor
74749,Luzula multiflora,ForestWetPoor
74750,Luzula multiflora,ForestWetPoor
74751,Luzula multiflora,ForestWetPoor
74752,Luzula multiflora,ForestWetPoor
75332,Luzula multiflora,ForestWetPoor
75333,Luzula multiflora,ForestWetPoor
75334,Luzula multiflora,ForestWetPoor
75335,Luzula multiflora,ForestWetPoor
75336,Luzula multiflora,ForestWetPoor
75337,Luzula multiflora,ForestWetPoor
75338,Luzula multiflora,ForestWetPoor
75339,Luzula multiflora,ForestWetPoor
75340,Luzula multiflora,ForestWetPoor
75341,Luzula multiflora,ForestWetPoor
75342,Luzula multiflora,ForestWetPoor
75343,Luzula multiflora,ForestWetPoor
75344,Luzula multiflora,ForestWetPoor
75345,Luzula multiflora,ForestWetPoor
75346,Luzula multiflora,ForestWetPoor
75347,Luzula multiflora,ForestWetPoor
75348,Luzula multiflora,ForestWetPoor
75349,Luzula multiflora,ForestWetPoor
75350,Luzula multiflora,ForestWetPoor
75351,Luzula multiflora,ForestWetPoor
75931,Luzula multiflora,ForestWetPoor
75932,Luzula multiflora,ForestWetPoor
75933,Luzula multiflora,ForestWetPoor
75934,Luzula multiflora,ForestWetPoor
75935,Luzula multiflora,ForestWetPoor
75936,Luzula multiflora,ForestWetPoor
75937,Luzula multiflora,ForestWetPoor
75938,Luzula multiflora,ForestWetPoor
75939,Luzula multiflora,ForestWetPoor
75940,Luzula multiflora,ForestWetPoor
75941,Luzula multiflora,ForestWetPoor
75942,Luzula multiflora,ForestWetPoor
75943,Luzula multiflora,ForestWetPoor
75944,Luzula multiflora,ForestWetPoor
75945,Luzula multiflora,ForestWetPoor
75946,Luzula multiflora,ForestWetPoor
75947,Luzula multiflora,ForestWetPoor
75948,Luzula multiflora,ForestWetPoor
75949,Luzula multiflora,ForestWetPoor
75950,Luzula multiflora,ForestWetPoor
76530,Luzula multiflora,ForestWetPoor
76531,Luzula multiflora,ForestWetPoor
76532,Luzula multiflora,ForestWetPoor
76533,Luzula multiflora,ForestWetPoor
76534,Luzula multiflora,ForestWetPoor
76535,Luzula multiflora,ForestWetPoor
76536,Luzula multiflora,ForestWetPoor
76537,Luzula multiflora,ForestWetPoor
76538,Luzula multiflora,ForestWetPoor
76539,Luzula multiflora,ForestWetPoor
76540,Luzula multiflora,ForestWetPoor
76541,Luzula multiflora,ForestWetPoor
76542,Luzula multiflora,ForestWetPoor
76543,Luzula multiflora,ForestWetPoor
76544,Luzula multiflora,ForestWetPoor
76545,Luzula multiflora,ForestWetPoor
76546,Luzula multiflora,ForestWetPoor
76547,Luzula multiflora,ForestWetPoor
76548,Luzula multiflora,ForestWetPoor
76549,Luzula multiflora,ForestWetPoor
77129,Luzula multiflora,ForestWetPoor
77130,Luzula multiflora,ForestWetPoor
77131,Luzula multiflora,ForestWetPoor
77132,Luzula multiflora,ForestWetPoor
77133,Luzula multiflora,ForestWetPoor
77134,Luzula multiflora,ForestWetPoor
77135,Luzula multiflora,ForestWetPoor
77136,Luzula multiflora,ForestWetPoor
77137,Luzula multiflora,ForestWetPoor
77138,Luzula multiflora,ForestWetPoor
77139,Luzula multiflora,ForestWetPoor
77140,Luzula multiflora,ForestWetPoor
77141,Luzula multiflora,ForestWetPoor
77142,Luzula multiflora,ForestWetPoor
77143,Luzula multiflora,ForestWetPoor
77144,Luzula multiflora,ForestWetPoor
77145,Luzula multiflora,ForestWetPoor
77146,Luzula multiflora,ForestWetPoor
77147,Luzula multiflora,ForestWetPoor
77148,Luzula multiflora,ForestWetPoor
77728,Luzula multiflora,ForestWetPoor
77729,Luzula multiflora,ForestWetPoor
77730,Luzula multiflora,ForestWetPoor
77731,Luzula multiflora,ForestWetPoor
77732,Luzula multiflora,ForestWetPoor
77733,Luzula multiflora,ForestWetPoor
77734,Luzula multiflora,ForestWetPoor
77735,Luzula multiflora,ForestWetPoor
77736,Luzula multiflora,ForestWetPoor
77737,Luzula multiflora,ForestWetPoor
77738,Luzula multiflora,ForestWetPoor
77739,Luzula multiflora,ForestWetPoor
77740,Luzula multiflora,ForestWetPoor
77741,Luzula multiflora,ForestWetPoor
77742,Luzula multiflora,ForestWetPoor
77743,Luzula multiflora,ForestWetPoor
77744,Luzula multiflora,ForestWetPoor
77745,Luzula multiflora,ForestWetPoor
77746,Luzula multiflora,ForestWetPoor
77747,Luzula multiflora,ForestWetPoor
78327,Luzula multiflora,ForestWetPoor
78328,Luzula multiflora,ForestWetPoor
78329,Luzula multiflora,ForestWetPoor
78330,Luzula multiflora,ForestWetPoor
78331,Luzula multiflora,ForestWetPoor
78332,Luzula multiflora,ForestWetPoor
78333,Luzula multiflora,ForestWetPoor
78334,Luzula multiflora,ForestWetPoor
78335,Luzula multiflora,ForestWetPoor
78336,Luzula multiflora,ForestWetPoor
78337,Luzula multiflora,ForestWetPoor
78338,Luzula multiflora,ForestWetPoor
78339,Luzula multiflora,ForestWetPoor
78340,Luzula multiflora,ForestWetPoor
78341,Luzula multiflora,ForestWetPoor
78342,Luzula multiflora,ForestWetPoor
78343,Luzula multiflora,ForestWetPoor
78344,Luzula multiflora,ForestWetPoor
78345,Luzula multiflora,ForestWetPoor
78346,Luzula multiflora,ForestWetPoor
78926,Luzula multiflora,ForestWetPoor
78927,Luzula multiflora,ForestWetPoor
78928,Luzula multiflora,ForestWetPoor
78929,Luzula multiflora,ForestWetPoor
78930,Luzula multiflora,ForestWetPoor
78931,Luzula multiflora,ForestWetPoor
78932,Luzula multiflora,ForestWetPoor
78933,Luzula multiflora,ForestWetPoor
78934,Luzula multiflora,ForestWetPoor
78935,Luzula multiflora,ForestWetPoor
78936,Luzula multiflora,ForestWetPoor
78937,Luzula multiflora,ForestWetPoor
78938,Luzula multiflora,ForestWetPoor
78939,Luzula multiflora,ForestWetPoor
78940,Luzula multiflora,ForestWetPoor
78941,Luzula multiflora,ForestWetPoor
78942,Luzula multiflora,ForestWetPoor
78943,Luzula multiflora,ForestWetPoor
78944,Luzula multiflora,ForestWetPoor
78945,Luzula multiflora,ForestWetPoor
79525,Luzula multiflora,ForestWetPoor
79526,Luzula multiflora,ForestWetPoor
79527,Luzula multiflora,ForestWetPoor
79528,Luzula multiflora,ForestWetPoor
79529,Luzula multiflora,ForestWetPoor
79530,Luzula multiflora,ForestWetPoor
79531,Luzula multiflora,ForestWetPoor
79532,Luzula multiflora,ForestWetPoor
79533,Luzula multiflora,ForestWetPoor
79534,Luzula multiflora,ForestWetPoor
79535,Luzula multiflora,ForestWetPoor
79536,Luzula multiflora,ForestWetPoor
79537,Luzula multiflora,ForestWetPoor
79538,Luzula multiflora,ForestWetPoor
79539,Luzula multiflora,ForestWetPoor
79540,Luzula multiflora,ForestWetPoor
79541,Luzula multiflora,ForestWetPoor
79542,Luzula multiflora,ForestWetPoor
79543,Luzula multiflora,ForestWetPoor
79544,Luzula multiflora,ForestWetPoor
80124,Luzula multiflora,ForestWetPoor
80125,Luzula multiflora,ForestWetPoor
80126,Luzula multiflora,ForestWetPoor
80127,Luzula multiflora,ForestWetPoor
80128,Luzula multiflora,ForestWetPoor
80129,Luzula multiflora,ForestWetPoor
80130,Luzula multiflora,ForestWetPoor
80131,Luzula multiflora,ForestWetPoor
80132,Luzula multiflora,ForestWetPoor
80133,Luzula multiflora,ForestWetPoor
80134,Luzula multiflora,ForestWetPoor
80135,Luzula multiflora,ForestWetPoor
80136,Luzula multiflora,ForestWetPoor
80137,Luzula multiflora,ForestWetPoor
80138,Luzula multiflora,ForestWetPoor
80139,Luzula multiflora,ForestWetPoor
80140,Luzula multiflora,ForestWetPoor
80141,Luzula multiflora,ForestWetPoor
80142,Luzula multiflora,ForestWetPoor
80143,Luzula multiflora,ForestWetPoor
80723,Luzula multiflora,ForestWetPoor
80724,Luzula multiflora,ForestWetPoor
80725,Luzula multiflora,ForestWetPoor
80726,Luzula multiflora,ForestWetPoor
80727,Luzula multiflora,ForestWetPoor
80728,Luzula multiflora,ForestWetPoor
80729,Luzula multiflora,ForestWetPoor
80730,Luzula multiflora,ForestWetPoor
80731,Luzula multiflora,ForestWetPoor
80732,Luzula multiflora,ForestWetPoor
80733,Luzula multiflora,ForestWetPoor
80734,Luzula multiflora,ForestWetPoor
80735,Luzula multiflora,ForestWetPoor
80736,Luzula multiflora,ForestWetPoor
80737,Luzula multiflora,ForestWetPoor
80738,Luzula multiflora,ForestWetPoor
80739,Luzula multiflora,ForestWetPoor
80740,Luzula multiflora,ForestWetPoor
80741,Luzula multiflora,ForestWetPoor
80742,Luzula multiflora,ForestWetPoor
81322,Luzula multiflora,ForestWetPoor
81323,Luzula multiflora,ForestWetPoor
81324,Luzula multiflora,ForestWetPoor
81325,Luzula multiflora,ForestWetPoor
81326,Luzula multiflora,ForestWetPoor
81327,Luzula multiflora,ForestWetPoor
81328,Luzula multiflora,ForestWetPoor
81329,Luzula multiflora,ForestWetPoor
81330,Luzula multiflora,ForestWetPoor
81331,Luzula multiflora,ForestWetPoor
81332,Luzula multiflora,ForestWetPoor
81333,Luzula multiflora,ForestWetPoor
81334,Luzula multiflora,ForestWetPoor
81335,Luzula multiflora,ForestWetPoor
81336,Luzula multiflora,ForestWetPoor
81337,Luzula multiflora,ForestWetPoor
81338,Luzula multiflora,ForestWetPoor
81339,Luzula multiflora,ForestWetPoor
81340,Luzula multiflora,ForestWetPoor
81341,Luzula multiflora,ForestWetPoor
81921,Luzula multiflora,ForestWetPoor
81922,Luzula multiflora,ForestWetPoor
81923,Luzula multiflora,ForestWetPoor
81924,Luzula multiflora,ForestWetPoor
81925,Luzula multiflora,ForestWetPoor
81926,Luzula multiflora,ForestWetPoor
81927,Luzula multiflora,ForestWetPoor
81928,Luzula multiflora,ForestWetPoor
81929,Luzula multiflora,ForestWetPoor
81930,Luzula multiflora,ForestWetPoor
81931,Luzula multiflora,ForestWetPoor
81932,Luzula multiflora,ForestWetPoor
81933,Luzula multiflora,ForestWetPoor
81934,Luzula multiflora,ForestWetPoor
81935,Luzula multiflora,ForestWetPoor
81936,Luzula multiflora,ForestWetPoor
81937,Luzula multiflora,ForestWetPoor
81938,Luzula multiflora,ForestWetPoor
81939,Luzula multiflora,ForestWetPoor
81940,Luzula multiflora,ForestWetPoor
82520,Luzula multiflora,ForestWetPoor
82521,Luzula multiflora,ForestWetPoor
82522,Luzula multiflora,ForestWetPoor
82523,Luzula multiflora,ForestWetPoor
82524,Luzula multiflora,ForestWetPoor
82525,Luzula multiflora,ForestWetPoor
82526,Luzula multiflora,ForestWetPoor
82527,Luzula multiflora,ForestWetPoor
82528,Luzula multiflora,ForestWetPoor
82529,Luzula multiflora,ForestWetPoor
82530,Luzula multiflora,ForestWetPoor
82531,Luzula multiflora,ForestWetPoor
82532,Luzula multiflora,ForestWetPoor
82533,Luzula multiflora,ForestWetPoor
82534,Luzula multiflora,ForestWetPoor
82535,Luzula multiflora,ForestWetPoor
82536,Luzula multiflora,ForestWetPoor
82537,Luzula multiflora,ForestWetPoor
82538,Luzula multiflora,ForestWetPoor
82539,Luzula multiflora,ForestWetPoor
83119,Luzula multiflora,ForestWetPoor
83120,Luzula multiflora,ForestWetPoor
83121,Luzula multiflora,ForestWetPoor
83122,Luzula multiflora,ForestWetPoor
83123,Luzula multiflora,ForestWetPoor
83124,Luzula multiflora,ForestWetPoor
83125,Luzula multiflora,ForestWetPoor
83126,Luzula multiflora,ForestWetPoor
83127,Luzula multiflora,ForestWetPoor
83128,Luzula multiflora,ForestWetPoor
83129,Luzula multiflora,ForestWetPoor
83130,Luzula multiflora,ForestWetPoor
83131,Luzula multiflora,ForestWetPoor
83132,Luzula multiflora,ForestWetPoor
83133,Luzula multiflora,ForestWetPoor
83134,Luzula multiflora,ForestWetPoor
83135,Luzula multiflora,ForestWetPoor
83136,Luzula multiflora,ForestWetPoor
83137,Luzula multiflora,ForestWetPoor
83138,Luzula multiflora,ForestWetPoor
83718,Luzula multiflora,ForestWetPoor
83719,Luzula multiflora,ForestWetPoor
83720,Luzula multiflora,ForestWetPoor
83721,Luzula multiflora,ForestWetPoor
83722,Luzula multiflora,ForestWetPoor
83723,Luzula multiflora,ForestWetPoor
83724,Luzula multiflora,ForestWetPoor
83725,Luzula multiflora,ForestWetPoor
83726,Luzula multiflora,ForestWetPoor
83727,Luzula multiflora,ForestWetPoor
83728,Luzula multiflora,ForestWetPoor
83729,Luzula multiflora,ForestWetPoor
83730,Luzula multiflora,ForestWetPoor
83731,Luzula multiflora,ForestWetPoor
83732,Luzula multiflora,ForestWetPoor
83733,Luzula multiflora,ForestWetPoor
83734,Luzula multiflora,ForestWetPoor
83735,Luzula multiflora,ForestWetPoor
83736,Luzula multiflora,ForestWetPoor
83737,Luzula multiflora,ForestWetPoor
84317,Luzula multiflora,ForestWetPoor
84318,Luzula multiflora,ForestWetPoor
84319,Luzula multiflora,ForestWetPoor
84320,Luzula multiflora,ForestWetPoor
84321,Luzula multiflora,ForestWetPoor
84322,Luzula multiflora,ForestWetPoor
84323,Luzula multiflora,ForestWetPoor
84324,Luzula multiflora,ForestWetPoor
84325,Luzula multiflora,ForestWetPoor
84326,Luzula multiflora,ForestWetPoor
84327,Luzula multiflora,ForestWetPoor
84328,Luzula multiflora,ForestWetPoor
84329,Luzula multiflora,ForestWetPoor
84330,Luzula multiflora,ForestWetPoor
84331,Luzula multiflora,ForestWetPoor
84332,Luzula multiflora,ForestWetPoor
84333,Luzula multiflora,ForestWetPoor
84334,Luzula multiflora,ForestWetPoor
84335,Luzula multiflora,ForestWetPoor
84336,Luzula multiflora,ForestWetPoor
84916,Luzula multiflora,ForestWetPoor
84917,Luzula multiflora,ForestWetPoor
84918,Luzula multiflora,ForestWetPoor
84919,Luzula multiflora,ForestWetPoor
84920,Luzula multiflora,ForestWetPoor
84921,Luzula multiflora,ForestWetPoor
84922,Luzula multiflora,ForestWetPoor
84923,Luzula multiflora,ForestWetPoor
84924,Luzula multiflora,ForestWetPoor
84925,Luzula multiflora,ForestWetPoor
84926,Luzula multiflora,ForestWetPoor
84927,Luzula multiflora,ForestWetPoor
84928,Luzula multiflora,ForestWetPoor
84929,Luzula multiflora,ForestWetPoor
84930,Luzula multiflora,ForestWetPoor
84931,Luzula multiflora,ForestWetPoor
84932,Luzula multiflora,ForestWetPoor
84933,Luzula multiflora,ForestWetPoor
84934,Luzula multiflora,ForestWetPoor
84935,Luzula multiflora,ForestWetPoor
85515,Luzula multiflora,ForestWetPoor
85516,Luzula multiflora,ForestWetPoor
85517,Luzula multiflora,ForestWetPoor
85518,Luzula multiflora,ForestWetPoor
85519,Luzula multiflora,ForestWetPoor
85520,Luzula multiflora,ForestWetPoor
85521,Luzula multiflora,ForestWetPoor
85522,Luzula multiflora,ForestWetPoor
85523,Luzula multiflora,ForestWetPoor
85524,Luzula multiflora,ForestWetPoor
85525,Luzula multiflora,ForestWetPoor
85526,Luzula multiflora,ForestWetPoor
85527,Luzula multiflora,ForestWetPoor
85528,Luzula multiflora,ForestWetPoor
85529,Luzula multiflora,ForestWetPoor
85530,Luzula multiflora,ForestWetPoor
85531,Luzula multiflora,ForestWetPoor
85532,Luzula multiflora,ForestWetPoor
85533,Luzula multiflora,ForestWetPoor
85534,Luzula multiflora,ForestWetPoor
86114,Luzula multiflora,ForestWetPoor
86115,Luzula multiflora,ForestWetPoor
86116,Luzula multiflora,ForestWetPoor
86117,Luzula multiflora,ForestWetPoor
86118,Luzula multiflora,ForestWetPoor
86119,Luzula multiflora,ForestWetPoor
86120,Luzula multiflora,ForestWetPoor
86121,Luzula multiflora,ForestWetPoor
86122,Luzula multiflora,ForestWetPoor
86123,Luzula multiflora,ForestWetPoor
86124,Luzula multiflora,ForestWetPoor
86125,Luzula multiflora,ForestWetPoor
86126,Luzula multiflora,ForestWetPoor
86127,Luzula multiflora,ForestWetPoor
86128,Luzula multiflora,ForestWetPoor
86129,Luzula multiflora,ForestWetPoor
86130,Luzula multiflora,ForestWetPoor
86131,Luzula multiflora,ForestWetPoor
86132,Luzula multiflora,ForestWetPoor
86133,Luzula multiflora,ForestWetPoor
86713,Luzula multiflora,ForestWetPoor
86714,Luzula multiflora,ForestWetPoor
86715,Luzula multiflora,ForestWetPoor
86716,Luzula multiflora,ForestWetPoor
86717,Luzula multiflora,ForestWetPoor
86718,Luzula multiflora,ForestWetPoor
86719,Luzula multiflora,ForestWetPoor
86720,Luzula multiflora,ForestWetPoor
86721,Luzula multiflora,ForestWetPoor
86722,Luzula multiflora,ForestWetPoor
86723,Luzula multiflora,ForestWetPoor
86724,Luzula multiflora,ForestWetPoor
86725,Luzula multiflora,ForestWetPoor
86726,Luzula multiflora,ForestWetPoor
86727,Luzula multiflora,ForestWetPoor
86728,Luzula multiflora,ForestWetPoor
86729,Luzula multiflora,ForestWetPoor
86730,Luzula multiflora,ForestWetPoor
86731,Luzula multiflora,ForestWetPoor
86732,Luzula multiflora,ForestWetPoor
87312,Luzula multiflora,ForestWetPoor
87313,Luzula multiflora,ForestWetPoor
87314,Luzula multiflora,ForestWetPoor
87315,Luzula multiflora,ForestWetPoor
87316,Luzula multiflora,ForestWetPoor
87317,Luzula multiflora,ForestWetPoor
87318,Luzula multiflora,ForestWetPoor
87319,Luzula multiflora,ForestWetPoor
87320,Luzula multiflora,ForestWetPoor
87321,Luzula multiflora,ForestWetPoor
87322,Luzula multiflora,ForestWetPoor
87323,Luzula multiflora,ForestWetPoor
87324,Luzula multiflora,ForestWetPoor
87325,Luzula multiflora,ForestWetPoor
87326,Luzula multiflora,ForestWetPoor
87327,Luzula multiflora,ForestWetPoor
87328,Luzula multiflora,ForestWetPoor
87329,Luzula multiflora,ForestWetPoor
87330,Luzula multiflora,ForestWetPoor
87331,Luzula multiflora,ForestWetPoor
87911,Luzula multiflora,ForestWetPoor
87912,Luzula multiflora,ForestWetPoor
87913,Luzula multiflora,ForestWetPoor
87914,Luzula multiflora,ForestWetPoor
87915,Luzula multiflora,ForestWetPoor
87916,Luzula multiflora,ForestWetPoor
87917,Luzula multiflora,ForestWetPoor
87918,Luzula multiflora,ForestWetPoor
87919,Luzula multiflora,ForestWetPoor
87920,Luzula multiflora,ForestWetPoor
87921,Luzula multiflora,ForestWetPoor
87922,Luzula multiflora,ForestWetPoor
87923,Luzula multiflora,ForestWetPoor
87924,Luzula multiflora,ForestWetPoor
87925,Luzula multiflora,ForestWetPoor
87926,Luzula multiflora,ForestWetPoor
87927,Luzula multiflora,ForestWetPoor
87928,Luzula multiflora,ForestWetPoor
87929,Luzula multiflora,ForestWetPoor
87930,Luzula multiflora,ForestWetPoor
88510,Luzula multiflora,ForestWetPoor
88511,Luzula multiflora,ForestWetPoor
88512,Luzula multiflora,ForestWetPoor
88513,Luzula multiflora,ForestWetPoor
88514,Luzula multiflora,ForestWetPoor
88515,Luzula multiflora,ForestWetPoor
88516,Luzula multiflora,ForestWetPoor
88517,Luzula multiflora,ForestWetPoor
88518,Luzula multiflora,ForestWetPoor
88519,Luzula multiflora,ForestWetPoor
88520,Luzula multiflora,ForestWetPoor
88521,Luzula multiflora,ForestWetPoor
88522,Luzula multiflora,ForestWetPoor
88523,Luzula multiflora,ForestWetPoor
88524,Luzula multiflora,ForestWetPoor
88525,Luzula multiflora,ForestWetPoor
88526,Luzula multiflora,ForestWetPoor
88527,Luzula multiflora,ForestWetPoor
88528,Luzula multiflora,ForestWetPoor
88529,Luzula multiflora,ForestWetPoor
89109,Luzula multiflora,ForestWetPoor
89110,Luzula multiflora,ForestWetPoor
89111,Luzula multiflora,ForestWetPoor
89112,Luzula multiflora,ForestWetPoor
89113,Luzula multiflora,ForestWetPoor
89114,Luzula multiflora,ForestWetPoor
89115,Luzula multiflora,ForestWetPoor
89116,Luzula multiflora,ForestWetPoor
89117,Luzula multiflora,ForestWetPoor
89118,Luzula multiflora,ForestWetPoor
89119,Luzula multiflora,ForestWetPoor
89120,Luzula multiflora,ForestWetPoor
89121,Luzula multiflora,ForestWetPoor
89122,Luzula multiflora,ForestWetPoor
89123,Luzula multiflora,ForestWetPoor
89124,Luzula multiflora,ForestWetPoor
89125,Luzula multiflora,ForestWetPoor
89126,Luzula multiflora,ForestWetPoor
89127,Luzula multiflora,ForestWetPoor
89128,Luzula multiflora,ForestWetPoor
89708,Luzula multiflora,ForestWetPoor
89709,Luzula multiflora,ForestWetPoor
89710,Luzula multiflora,ForestWetPoor
89711,Luzula multiflora,ForestWetPoor
89712,Luzula multiflora,ForestWetPoor
89713,Luzula multiflora,ForestWetPoor
89714,Luzula multiflora,ForestWetPoor
89715,Luzula multiflora,ForestWetPoor
89716,Luzula multiflora,ForestWetPoor
89717,Luzula multiflora,ForestWetPoor
89718,Luzula multiflora,ForestWetPoor
89719,Luzula multiflora,ForestWetPoor
89720,Luzula multiflora,ForestWetPoor
89721,Luzula multiflora,ForestWetPoor
89722,Luzula multiflora,ForestWetPoor
89723,Luzula multiflora,ForestWetPoor
89724,Luzula multiflora,ForestWetPoor
89725,Luzula multiflora,ForestWetPoor
89726,Luzula multiflora,ForestWetPoor
89727,Luzula multiflora,ForestWetPoor
90307,Luzula multiflora,ForestWetPoor
90308,Luzula multiflora,ForestWetPoor
90309,Luzula multiflora,ForestWetPoor
90310,Luzula multiflora,ForestWetPoor
90311,Luzula multiflora,ForestWetPoor
90312,Luzula multiflora,ForestWetPoor
90313,Luzula multiflora,ForestWetPoor
90314,Luzula multiflora,ForestWetPoor
90315,Luzula multiflora,ForestWetPoor
90316,Luzula multiflora,ForestWetPoor
90317,Luzula multiflora,ForestWetPoor
90318,Luzula multiflora,ForestWetPoor
90319,Luzula multiflora,ForestWetPoor
90320,Luzula multiflora,ForestWetPoor
90321,Luzula multiflora,ForestWetPoor
90322,Luzula multiflora,ForestWetPoor
90323,Luzula multiflora,ForestWetPoor
90324,Luzula multiflora,ForestWetPoor
90325,Luzula multiflora,ForestWetPoor
90326,Luzula multiflora,ForestWetPoor
90906,Luzula multiflora,ForestWetPoor
90907,Luzula multiflora,ForestWetPoor
90908,Luzula multiflora,ForestWetPoor
90909,Luzula multiflora,ForestWetPoor
90910,Luzula multiflora,ForestWetPoor
90911,Luzula multiflora,ForestWetPoor
90912,Luzula multiflora,ForestWetPoor
90913,Luzula multiflora,ForestWetPoor
90914,Luzula multiflora,ForestWetPoor
90915,Luzula multiflora,ForestWetPoor
90916,Luzula multiflora,ForestWetPoor
90917,Luzula multiflora,ForestWetPoor
90918,Luzula multiflora,ForestWetPoor
90919,Luzula multiflora,ForestWetPoor
90920,Luzula multiflora,ForestWetPoor
90921,Luzula multiflora,ForestWetPoor
90922,Luzula multiflora,ForestWetPoor
90923,Luzula multiflora,ForestWetPoor
90924,Luzula multiflora,ForestWetPoor
90925,Luzula multiflora,ForestWetPoor
91505,Luzula multiflora,ForestWetPoor
91506,Luzula multiflora,ForestWetPoor
91507,Luzula multiflora,ForestWetPoor
91508,Luzula multiflora,ForestWetPoor
91509,Luzula multiflora,ForestWetPoor
91510,Luzula multiflora,ForestWetPoor
91511,Luzula multiflora,ForestWetPoor
91512,Luzula multiflora,ForestWetPoor
91513,Luzula multiflora,ForestWetPoor
91514,Luzula multiflora,ForestWetPoor
91515,Luzula multiflora,ForestWetPoor
91516,Luzula multiflora,ForestWetPoor
91517,Luzula multiflora,ForestWetPoor
91518,Luzula multiflora,ForestWetPoor
91519,Luzula multiflora,ForestWetPoor
91520,Luzula multiflora,ForestWetPoor
91521,Luzula multiflora,ForestWetPoor
91522,Luzula multiflora,ForestWetPoor
91523,Luzula multiflora,ForestWetPoor
91524,Luzula multiflora,ForestWetPoor
92104,Luzula multiflora,ForestWetPoor
92105,Luzula multiflora,ForestWetPoor
92106,Luzula multiflora,ForestWetPoor
92107,Luzula multiflora,ForestWetPoor
92108,Luzula multiflora,ForestWetPoor
92109,Luzula multiflora,ForestWetPoor
92110,Luzula multiflora,ForestWetPoor
92111,Luzula multiflora,ForestWetPoor
92112,Luzula multiflora,ForestWetPoor
92113,Luzula multiflora,ForestWetPoor
92114,Luzula multiflora,ForestWetPoor
92115,Luzula multiflora,ForestWetPoor
92116,Luzula multiflora,ForestWetPoor
92117,Luzula multiflora,ForestWetPoor
92118,Luzula multiflora,ForestWetPoor
92119,Luzula multiflora,ForestWetPoor
92120,Luzula multiflora,ForestWetPoor
92121,Luzula multiflora,ForestWetPoor
92122,Luzula multiflora,ForestWetPoor
92123,Luzula multiflora,ForestWetPoor
92703,Luzula multiflora,ForestWetPoor
92704,Luzula multiflora,ForestWetPoor
92705,Luzula multiflora,ForestWetPoor
92706,Luzula multiflora,ForestWetPoor
92707,Luzula multiflora,ForestWetPoor
92708,Luzula multiflora,ForestWetPoor
92709,Luzula multiflora,ForestWetPoor
92710,Luzula multiflora,ForestWetPoor
92711,Luzula multiflora,ForestWetPoor
92712,Luzula multiflora,ForestWetPoor
92713,Luzula multiflora,ForestWetPoor
92714,Luzula multiflora,ForestWetPoor
92715,Luzula multiflora,ForestWetPoor
92716,Luzula multiflora,ForestWetPoor
92717,Luzula multiflora,ForestWetPoor
92718,Luzula multiflora,ForestWetPoor
92719,Luzula multiflora,ForestWetPoor
92720,Luzula multiflora,ForestWetPoor
92721,Luzula multiflora,ForestWetPoor
92722,Luzula multiflora,ForestWetPoor
93302,Luzula multiflora,ForestWetPoor
93303,Luzula multiflora,ForestWetPoor
93304,Luzula multiflora,ForestWetPoor
93305,Luzula multiflora,ForestWetPoor
93306,Luzula multiflora,ForestWetPoor
93307,Luzula multiflora,ForestWetPoor
93308,Luzula multiflora,ForestWetPoor
93309,Luzula multiflora,ForestWetPoor
93310,Luzula multiflora,ForestWetPoor
93311,Luzula multiflora,ForestWetPoor
93312,Luzula multiflora,ForestWetPoor
93313,Luzula multiflora,ForestWetPoor
93314,Luzula multiflora,ForestWetPoor
93315,Luzula multiflora,ForestWetPoor
93316,Luzula multiflora,ForestWetPoor
93317,Luzula multiflora,ForestWetPoor
93318,Luzula multiflora,ForestWetPoor
93319,Luzula multiflora,ForestWetPoor
93320,Luzula multiflora,ForestWetPoor
93321,Luzula multiflora,ForestWetPoor
93902,Luzula multiflora,ForestWetPoor
93903,Luzula multiflora,ForestWetPoor
93904,Luzula multiflora,ForestWetPoor
93905,Luzula multiflora,ForestWetPoor
93906,Luzula multiflora,ForestWetPoor
93907,Luzula multiflora,ForestWetPoor
93908,Luzula multiflora,ForestWetPoor
93909,Luzula multiflora,ForestWetPoor
93910,Luzula multiflora,ForestWetPoor
93911,Luzula multiflora,ForestWetPoor
93912,Luzula multiflora,ForestWetPoor
93913,Luzula multiflora,ForestWetPoor
93914,Luzula multiflora,ForestWetPoor
93915,Luzula multiflora,ForestWetPoor
93916,Luzula multiflora,ForestWetPoor
93917,Luzula multiflora,ForestWetPoor
93918,Luzula multiflora,ForestWetPoor
93919,Luzula multiflora,ForestWetPoor
93920,Luzula multiflora,ForestWetPoor
94502,Luzula multiflora,ForestWetPoor
94503,Luzula multiflora,ForestWetPoor
94504,Luzula multiflora,ForestWetPoor
94505,Luzula multiflora,ForestWetPoor
94506,Luzula multiflora,ForestWetPoor
94507,Luzula multiflora,ForestWetPoor
94508,Luzula multiflora,ForestWetPoor
94509,Luzula multiflora,ForestWetPoor
94510,Luzula multiflora,ForestWetPoor
94511,Luzula multiflora,ForestWetPoor
94512,Luzula multiflora,ForestWetPoor
94513,Luzula multiflora,ForestWetPoor
94514,Luzula multiflora,ForestWetPoor
94515,Luzula multiflora,ForestWetPoor
94516,Luzula multiflora,ForestWetPoor
94517,Luzula multiflora,ForestWetPoor
94518,Luzula multiflora,ForestWetPoor
94519,Luzula multiflora,ForestWetPoor
95103,Luzula multiflora,ForestWetPoor
95104,Luzula multiflora,ForestWetPoor
95105,Luzula multiflora,ForestWetPoor
95106,Luzula multiflora,ForestWetPoor
95107,Luzula multiflora,ForestWetPoor
95108,Luzula multiflora,ForestWetPoor
95109,Luzula multiflora,ForestWetPoor
95110,Luzula multiflora,ForestWetPoor
95111,Luzula multiflora,ForestWetPoor
95112,Luzula multiflora,ForestWetPoor
95113,Luzula multiflora,ForestWetPoor
95114,Luzula multiflora,ForestWetPoor
95115,Luzula multiflora,ForestWetPoor
95116,Luzula multiflora,ForestWetPoor
95117,Luzula multiflora,ForestWetPoor
95118,Luzula multiflora,ForestWetPoor
95703,Luzula multiflora,ForestWetPoor
95704,Luzula multiflora,ForestWetPoor
95705,Luzula multiflora,ForestWetPoor
95706,Luzula multiflora,ForestWetPoor
95707,Luzula multiflora,ForestWetPoor
95708,Luzula multiflora,ForestWetPoor
95709,Luzula multiflora,ForestWetPoor
95710,Luzula multiflora,ForestWetPoor
95711,Luzula multiflora,ForestWetPoor
95712,Luzula multiflora,ForestWetPoor
95713,Luzula multiflora,ForestWetPoor
95714,Luzula multiflora,ForestWetPoor
95715,Luzula multiflora,ForestWetPoor
95716,Luzula multiflora,ForestWetPoor
95717,Luzula multiflora,ForestWetPoor
96304,Luzula multiflora,ForestWetPoor
96305,Luzula multiflora,ForestWetPoor
96306,Luzula multiflora,ForestWetPoor
96307,Luzula multiflora,ForestWetPoor
96308,Luzula multiflora,ForestWetPoor
96309,Luzula multiflora,ForestWetPoor
96310,Luzula multiflora,ForestWetPoor
96311,Luzula multiflora,ForestWetPoor
96312,Luzula multiflora,ForestWetPoor
96313,Luzula multiflora,ForestWetPoor
96314,Luzula multiflora,ForestWetPoor
96315,Luzula multiflora,ForestWetPoor
96316,Luzula multiflora,ForestWetPoor
96904,Luzula multiflora,ForestWetPoor
96905,Luzula multiflora,ForestWetPoor
96906,Luzula multiflora,ForestWetPoor
96907,Luzula multiflora,ForestWetPoor
96908,Luzula multiflora,ForestWetPoor
96909,Luzula multiflora,ForestWetPoor
96910,Luzula multiflora,ForestWetPoor
96911,Luzula multiflora,ForestWetPoor
96912,Luzula multiflora,ForestWetPoor
96913,Luzula multiflora,ForestWetPoor
96914,Luzula multiflora,ForestWetPoor
96915,Luzula multiflora,ForestWetPoor
97505,Luzula multiflora,ForestWetPoor
97506,Luzula multiflora,ForestWetPoor
97507,Luzula multiflora,ForestWetPoor
97508,Luzula multiflora,ForestWetPoor
97509,Luzula multiflora,ForestWetPoor
97510,Luzula multiflora,ForestWetPoor
97511,Luzula multiflora,ForestWetPoor
97512,Luzula multiflora,ForestWetPoor
97513,Luzula multiflora,ForestWetPoor
97514,Luzula multiflora,ForestWetPoor
98106,Luzula multiflora,ForestWetPoor
98107,Luzula multiflora,ForestWetPoor
98108,Luzula multiflora,ForestWetPoor
98109,Luzula multiflora,ForestWetPoor
98110,Luzula multiflora,ForestWetPoor
98111,Luzula multiflora,ForestWetPoor
98112,Luzula multiflora,ForestWetPoor
98113,Luzula multiflora,ForestWetPoor
