50673,Populus tremula,ForestWetPoor
50674,Populus tremula,ForestWetPoor
50675,Populus tremula,ForestWetPoor
50676,Populus tremula,ForestWetPoor
50677,Populus tremula,ForestWetPoor
50678,Populus tremula,ForestWetPoor
50679,Populus tremula,ForestWetPoor
50680,Populus tremula,ForestWetPoor
50681,Populus tremula,ForestWetPoor
50682,Populus tremula,ForestWetPoor
50683,Populus tremula,ForestWetPoor
50684,Populus tremula,ForestWetPoor
50685,Populus tremula,ForestWetPoor
50686,Populus tremula,ForestWetPoor
50687,Populus tremula,ForestWetPoor
50688,Populus tremula,ForestWetPoor
50689,Populus tremula,ForestWetPoor
50690,Populus tremula,ForestWetPoor
50691,Populus tremula,ForestWetPoor
50692,Populus tremula,ForestWetPoor
51272,Populus tremula,ForestWetPoor
51273,Populus tremula,ForestWetPoor
51274,Populus tremula,ForestWetPoor
51275,Populus tremula,ForestWetPoor
51276,Populus tremula,ForestWetPoor
51277,Populus tremula,ForestWetPoor
51278,Populus tremula,ForestWetPoor
51279,Populus tremula,ForestWetPoor
51280,Populus tremula,ForestWetPoor
51281,Populus tremula,ForestWetPoor
51282,Populus tremula,ForestWetPoor
51283,Populus tremula,ForestWetPoor
51284,Populus tremula,ForestWetPoor
51285,Populus tremula,ForestWetPoor
51286,Populus tremula,ForestWetPoor
51287,Populus tremula,ForestWetPoor
51288,Populus tremula,ForestWetPoor
51289,Populus tremula,ForestWetPoor
51290,Populus tremula,ForestWetPoor
51291,Populus tremula,ForestWetPoor
51871,Populus tremula,ForestWetPoor
51872,Populus tremula,ForestWetPoor
51873,Populus tremula,ForestWetPoor
51874,Populus tremula,ForestWetPoor
51875,Populus tremula,ForestWetPoor
51876,Populus tremula,ForestWetPoor
51877,Populus tremula,ForestWetPoor
51878,Populus tremula,ForestWetPoor
51879,Populus tremula,ForestWetPoor
51880,Populus tremula,ForestWetPoor
51881,Populus tremula,ForestWetPoor
51882,Populus tremula,ForestWetPoor
51883,Populus tremula,ForestWetPoor
51884,Populus tremula,ForestWetPoor
51885,Populus tremula,ForestWetPoor
51886,Populus tremula,ForestWetPoor
51887,Populus tremula,ForestWetPoor
51888,Populus tremula,ForestWetPoor
51889,Populus tremula,ForestWetPoor
51890,Populus tremula,ForestWetPoor
52470,Populus tremula,ForestWetPoor
52471,Populus tremula,ForestWetPoor
52472,Populus tremula,ForestWetPoor
52473,Populus tremula,ForestWetPoor
52474,Populus tremula,ForestWetPoor
52475,Populus tremula,ForestWetPoor
52476,Populus tremula,ForestWetPoor
52477,Populus tremula,ForestWetPoor
52478,Populus tremula,ForestWetPoor
52479,Populus tremula,ForestWetPoor
52480,Populus tremula,ForestWetPoor
52481,Populus tremula,ForestWetPoor
52482,Populus tremula,ForestWetPoor
52483,Populus tremula,ForestWetPoor
52484,Populus tremula,ForestWetPoor
52485,Populus tremula,ForestWetPoor
52486,Populus tremula,ForestWetPoor
52487,Populus tremula,ForestWetPoor
52488,Populus tremula,ForestWetPoor
52489,Populus tremula,ForestWetPoor
53069,Populus tremula,ForestWetPoor
53070,Populus tremula,ForestWetPoor
53071,Populus tremula,ForestWetPoor
53072,Populus tremula,ForestWetPoor
53073,Populus tremula,ForestWetPoor
53074,Populus tremula,ForestWetPoor
53075,Populus tremula,ForestWetPoor
53076,Populus tremula,ForestWetPoor
53077,Populus tremula,ForestWetPoor
53078,Populus tremula,ForestWetPoor
53079,Populus tremula,ForestWetPoor
53080,Populus tremula,ForestWetPoor
53081,Populus tremula,ForestWetPoor
53082,Populus tremula,ForestWetPoor
53083,Populus tremula,ForestWetPoor
53084,Populus tremula,ForestWetPoor
53085,Populus tremula,ForestWetPoor
53086,Populus tremula,ForestWetPoor
53087,Populus tremula,ForestWetPoor
53088,Populus tremula,ForestWetPoor
53668,Populus tremula,ForestWetPoor
53669,Populus tremula,ForestWetPoor
53670,Populus tremula,ForestWetPoor
53671,Populus tremula,ForestWetPoor
53672,Populus tremula,ForestWetPoor
53673,Populus tremula,ForestWetPoor
53674,Populus tremula,ForestWetPoor
53675,Populus tremula,ForestWetPoor
53676,Populus tremula,ForestWetPoor
53677,Populus tremula,ForestWetPoor
53678,Populus tremula,ForestWetPoor
53679,Populus tremula,ForestWetPoor
53680,Populus tremula,ForestWetPoor
53681,Populus tremula,ForestWetPoor
53682,Populus tremula,ForestWetPoor
53683,Populus tremula,ForestWetPoor
53684,Populus tremula,ForestWetPoor
53685,Populus tremula,ForestWetPoor
53686,Populus tremula,ForestWetPoor
53687,Populus tremula,ForestWetPoor
54267,Populus tremula,ForestWetPoor
54268,Populus tremula,ForestWetPoor
54269,Populus tremula,ForestWetPoor
54270,Populus tremula,ForestWetPoor
54271,Populus tremula,ForestWetPoor
54272,Populus tremula,ForestWetPoor
54273,Populus tremula,ForestWetPoor
54274,Populus tremula,ForestWetPoor
54275,Populus tremula,ForestWetPoor
54276,Populus tremula,ForestWetPoor
54277,Populus tremula,ForestWetPoor
54278,Populus tremula,ForestWetPoor
54279,Populus tremula,ForestWetPoor
54280,Populus tremula,ForestWetPoor
54281,Populus tremula,ForestWetPoor
54282,Populus tremula,ForestWetPoor
54283,Populus tremula,ForestWetPoor
54284,Populus tremula,ForestWetPoor
54285,Populus tremula,ForestWetPoor
54286,Populus tremula,ForestWetPoor
54866,Populus tremula,ForestWetPoor
54867,Populus tremula,ForestWetPoor
54868,Populus tremula,ForestWetPoor
54869,Populus tremula,ForestWetPoor
54870,Populus tremula,ForestWetPoor
54871,Populus tremula,ForestWetPoor
54872,Populus tremula,ForestWetPoor
54873,Populus tremula,ForestWetPoor
54874,Populus tremula,ForestWetPoor
54875,Populus tremula,ForestWetPoor
54876,Populus tremula,ForestWetPoor
54877,Populus tremula,ForestWetPoor
54878,Populus tremula,ForestWetPoor
54879,Populus tremula,ForestWetPoor
54880,Populus tremula,ForestWetPoor
54881,Populus tremula,ForestWetPoor
54882,Populus tremula,ForestWetPoor
54883,Populus tremula,ForestWetPoor
54884,Populus tremula,ForestWetPoor
54885,Populus tremula,ForestWetPoor
55465,Populus tremula,ForestWetPoor
55466,Populus tremula,ForestWetPoor
55467,Populus tremula,ForestWetPoor
55468,Populus tremula,ForestWetPoor
55469,Populus tremula,ForestWetPoor
55470,Populus tremula,ForestWetPoor
55471,Populus tremula,ForestWetPoor
55472,Populus tremula,ForestWetPoor
55473,Populus tremula,ForestWetPoor
55474,Populus tremula,ForestWetPoor
55475,Populus tremula,ForestWetPoor
55476,Populus tremula,ForestWetPoor
55477,Populus tremula,ForestWetPoor
55478,Populus tremula,ForestWetPoor
55479,Populus tremula,ForestWetPoor
55480,Populus tremula,ForestWetPoor
55481,Populus tremula,ForestWetPoor
55482,Populus tremula,ForestWetPoor
55483,Populus tremula,ForestWetPoor
55484,Populus tremula,ForestWetPoor
56064,Populus tremula,ForestWetPoor
56065,Populus tremula,ForestWetPoor
56066,Populus tremula,ForestWetPoor
56067,Populus tremula,ForestWetPoor
56068,Populus tremula,ForestWetPoor
56069,Populus tremula,ForestWetPoor
56070,Populus tremula,ForestWetPoor
56071,Populus tremula,ForestWetPoor
56072,Populus tremula,ForestWetPoor
56073,Populus tremula,ForestWetPoor
56074,Populus tremula,ForestWetPoor
56075,Populus tremula,ForestWetPoor
56076,Populus tremula,ForestWetPoor
56077,Populus tremula,ForestWetPoor
56078,Populus tremula,ForestWetPoor
56079,Populus tremula,ForestWetPoor
56080,Populus tremula,ForestWetPoor
56081,Populus tremula,ForestWetPoor
56082,Populus tremula,ForestWetPoor
56083,Populus tremula,ForestWetPoor
56663,Populus tremula,ForestWetPoor
56664,Populus tremula,ForestWetPoor
56665,Populus tremula,ForestWetPoor
56666,Populus tremula,ForestWetPoor
56667,Populus tremula,ForestWetPoor
56668,Populus tremula,ForestWetPoor
56669,Populus tremula,ForestWetPoor
56670,Populus tremula,ForestWetPoor
56671,Populus tremula,ForestWetPoor
56672,Populus tremula,ForestWetPoor
56673,Populus tremula,ForestWetPoor
56674,Populus tremula,ForestWetPoor
56675,Populus tremula,ForestWetPoor
56676,Populus tremula,ForestWetPoor
56677,Populus tremula,ForestWetPoor
56678,Populus tremula,ForestWetPoor
56679,Populus tremula,ForestWetPoor
56680,Populus tremula,ForestWetPoor
56681,Populus tremula,ForestWetPoor
56682,Populus tremula,ForestWetPoor
57262,Populus tremula,ForestWetPoor
57263,Populus tremula,ForestWetPoor
57264,Populus tremula,ForestWetPoor
57265,Populus tremula,ForestWetPoor
57266,Populus tremula,ForestWetPoor
57267,Populus tremula,ForestWetPoor
57268,Populus tremula,ForestWetPoor
57269,Populus tremula,ForestWetPoor
57270,Populus tremula,ForestWetPoor
57271,Populus tremula,ForestWetPoor
57272,Populus tremula,ForestWetPoor
57273,Populus tremula,ForestWetPoor
57274,Populus tremula,ForestWetPoor
57275,Populus tremula,ForestWetPoor
57276,Populus tremula,ForestWetPoor
57277,Populus tremula,ForestWetPoor
57278,Populus tremula,ForestWetPoor
57279,Populus tremula,ForestWetPoor
57280,Populus tremula,ForestWetPoor
57281,Populus tremula,ForestWetPoor
57861,Populus tremula,ForestWetPoor
57862,Populus tremula,ForestWetPoor
57863,Populus tremula,ForestWetPoor
57864,Populus tremula,ForestWetPoor
57865,Populus tremula,ForestWetPoor
57866,Populus tremula,ForestWetPoor
57867,Populus tremula,ForestWetPoor
57868,Populus tremula,ForestWetPoor
57869,Populus tremula,ForestWetPoor
57870,Populus tremula,ForestWetPoor
57871,Populus tremula,ForestWetPoor
57872,Populus tremula,ForestWetPoor
57873,Populus tremula,ForestWetPoor
57874,Populus tremula,ForestWetPoor
57875,Populus tremula,ForestWetPoor
57876,Populus tremula,ForestWetPoor
57877,Populus tremula,ForestWetPoor
57878,Populus tremula,ForestWetPoor
57879,Populus tremula,ForestWetPoor
57880,Populus tremula,ForestWetPoor
58460,Populus tremula,ForestWetPoor
58461,Populus tremula,ForestWetPoor
58462,Populus tremula,ForestWetPoor
58463,Populus tremula,ForestWetPoor
58464,Populus tremula,ForestWetPoor
58465,Populus tremula,ForestWetPoor
58466,Populus tremula,ForestWetPoor
58467,Populus tremula,ForestWetPoor
58468,Populus tremula,ForestWetPoor
58469,Populus tremula,ForestWetPoor
58470,Populus tremula,ForestWetPoor
58471,Populus tremula,ForestWetPoor
58472,Populus tremula,ForestWetPoor
58473,Populus tremula,ForestWetPoor
58474,Populus tremula,ForestWetPoor
58475,Populus tremula,ForestWetPoor
58476,Populus tremula,ForestWetPoor
58477,Populus tremula,ForestWetPoor
58478,Populus tremula,ForestWetPoor
58479,Populus tremula,ForestWetPoor
59059,Populus tremula,ForestWetPoor
59060,Populus tremula,ForestWetPoor
59061,Populus tremula,ForestWetPoor
59062,Populus tremula,ForestWetPoor
59063,Populus tremula,ForestWetPoor
59064,Populus tremula,ForestWetPoor
59065,Populus tremula,ForestWetPoor
59066,Populus tremula,ForestWetPoor
59067,Populus tremula,ForestWetPoor
59068,Populus tremula,ForestWetPoor
59069,Populus tremula,ForestWetPoor
59070,Populus tremula,ForestWetPoor
59071,Populus tremula,ForestWetPoor
59072,Populus tremula,ForestWetPoor
59073,Populus tremula,ForestWetPoor
59074,Populus tremula,ForestWetPoor
59075,Populus tremula,ForestWetPoor
59076,Populus tremula,ForestWetPoor
59077,Populus tremula,ForestWetPoor
59078,Populus tremula,ForestWetPoor
59658,Populus tremula,ForestWetPoor
59659,Populus tremula,ForestWetPoor
59660,Populus tremula,ForestWetPoor
59661,Populus tremula,ForestWetPoor
59662,Populus tremula,ForestWetPoor
59663,Populus tremula,ForestWetPoor
59664,Populus tremula,ForestWetPoor
59665,Populus tremula,ForestWetPoor
59666,Populus tremula,ForestWetPoor
59667,Populus tremula,ForestWetPoor
59668,Populus tremula,ForestWetPoor
59669,Populus tremula,ForestWetPoor
59670,Populus tremula,ForestWetPoor
59671,Populus tremula,ForestWetPoor
59672,Populus tremula,ForestWetPoor
59673,Populus tremula,ForestWetPoor
59674,Populus tremula,ForestWetPoor
59675,Populus tremula,ForestWetPoor
59676,Populus tremula,ForestWetPoor
59677,Populus tremula,ForestWetPoor
60257,Populus tremula,ForestWetPoor
60258,Populus tremula,ForestWetPoor
60259,Populus tremula,ForestWetPoor
60260,Populus tremula,ForestWetPoor
60261,Populus tremula,ForestWetPoor
60262,Populus tremula,ForestWetPoor
60263,Populus tremula,ForestWetPoor
60264,Populus tremula,ForestWetPoor
60265,Populus tremula,ForestWetPoor
60266,Populus tremula,ForestWetPoor
60267,Populus tremula,ForestWetPoor
60268,Populus tremula,ForestWetPoor
60269,Populus tremula,ForestWetPoor
60270,Populus tremula,ForestWetPoor
60271,Populus tremula,ForestWetPoor
60272,Populus tremula,ForestWetPoor
60273,Populus tremula,ForestWetPoor
60274,Populus tremula,ForestWetPoor
60275,Populus tremula,ForestWetPoor
60276,Populus tremula,ForestWetPoor
60856,Populus tremula,ForestWetPoor
60857,Populus tremula,ForestWetPoor
60858,Populus tremula,ForestWetPoor
60859,Populus tremula,ForestWetPoor
60860,Populus tremula,ForestWetPoor
60861,Populus tremula,ForestWetPoor
60862,Populus tremula,ForestWetPoor
60863,Populus tremula,ForestWetPoor
60864,Populus tremula,ForestWetPoor
60865,Populus tremula,ForestWetPoor
60866,Populus tremula,ForestWetPoor
60867,Populus tremula,ForestWetPoor
60868,Populus tremula,ForestWetPoor
60869,Populus tremula,ForestWetPoor
60870,Populus tremula,ForestWetPoor
60871,Populus tremula,ForestWetPoor
60872,Populus tremula,ForestWetPoor
60873,Populus tremula,ForestWetPoor
60874,Populus tremula,ForestWetPoor
60875,Populus tremula,ForestWetPoor
61455,Populus tremula,ForestWetPoor
61456,Populus tremula,ForestWetPoor
61457,Populus tremula,ForestWetPoor
61458,Populus tremula,ForestWetPoor
61459,Populus tremula,ForestWetPoor
61460,Populus tremula,ForestWetPoor
61461,Populus tremula,ForestWetPoor
61462,Populus tremula,ForestWetPoor
61463,Populus tremula,ForestWetPoor
61464,Populus tremula,ForestWetPoor
61465,Populus tremula,ForestWetPoor
61466,Populus tremula,ForestWetPoor
61467,Populus tremula,ForestWetPoor
61468,Populus tremula,ForestWetPoor
61469,Populus tremula,ForestWetPoor
61470,Populus tremula,ForestWetPoor
61471,Populus tremula,ForestWetPoor
61472,Populus tremula,ForestWetPoor
61473,Populus tremula,ForestWetPoor
61474,Populus tremula,ForestWetPoor
62054,Populus tremula,ForestWetPoor
62055,Populus tremula,ForestWetPoor
62056,Populus tremula,ForestWetPoor
62057,Populus tremula,ForestWetPoor
62058,Populus tremula,ForestWetPoor
62059,Populus tremula,ForestWetPoor
62060,Populus tremula,ForestWetPoor
62061,Populus tremula,ForestWetPoor
62062,Populus tremula,ForestWetPoor
62063,Populus tremula,ForestWetPoor
62064,Populus tremula,ForestWetPoor
62065,Populus tremula,ForestWetPoor
62066,Populus tremula,ForestWetPoor
62067,Populus tremula,ForestWetPoor
62068,Populus tremula,ForestWetPoor
62069,Populus tremula,ForestWetPoor
62070,Populus tremula,ForestWetPoor
62071,Populus tremula,ForestWetPoor
62072,Populus tremula,ForestWetPoor
62073,Populus tremula,ForestWetPoor
74579,Populus tremula,ForestWetPoor
74580,Populus tremula,ForestWetPoor
74581,Populus tremula,ForestWetPoor
74582,Populus tremula,ForestWetPoor
74583,Populus tremula,ForestWetPoor
74584,Populus tremula,ForestWetPoor
74585,Populus tremula,ForestWetPoor
74586,Populus tremula,ForestWetPoor
74587,Populus tremula,ForestWetPoor
74588,Populus tremula,ForestWetPoor
74589,Populus tremula,ForestWetPoor
74590,Populus tremula,ForestWetPoor
74591,Populus tremula,ForestWetPoor
74592,Populus tremula,ForestWetPoor
74593,Populus tremula,ForestWetPoor
74594,Populus tremula,ForestWetPoor
74595,Populus tremula,ForestWetPoor
74596,Populus tremula,ForestWetPoor
74597,Populus tremula,ForestWetPoor
74598,Populus tremula,ForestWetPoor
74599,Populus tremula,ForestWetPoor
74600,Populus tremula,ForestWetPoor
74601,Populus tremula,ForestWetPoor
74602,Populus tremula,ForestWetPoor
74603,Populus tremula,ForestWetPoor
74604,Populus tremula,ForestWetPoor
74605,Populus tremula,ForestWetPoor
74606,Populus tremula,ForestWetPoor
74607,Populus tremula,ForestWetPoor
74608,Populus tremula,ForestWetPoor
74609,Populus tremula,ForestWetPoor
74610,Populus tremula,ForestWetPoor
74611,Populus tremula,ForestWetPoor
74612,Populus tremula,ForestWetPoor
75178,Populus tremula,ForestWetPoor
75179,Populus tremula,ForestWetPoor
75180,Populus tremula,ForestWetPoor
75181,Populus tremula,ForestWetPoor
75182,Populus tremula,ForestWetPoor
75183,Populus tremula,ForestWetPoor
75184,Populus tremula,ForestWetPoor
75185,Populus tremula,ForestWetPoor
75186,Populus tremula,ForestWetPoor
75187,Populus tremula,ForestWetPoor
75188,Populus tremula,ForestWetPoor
75189,Populus tremula,ForestWetPoor
75190,Populus tremula,ForestWetPoor
75191,Populus tremula,ForestWetPoor
75192,Populus tremula,ForestWetPoor
75193,Populus tremula,ForestWetPoor
75194,Populus tremula,ForestWetPoor
75195,Populus tremula,ForestWetPoor
75196,Populus tremula,ForestWetPoor
75197,Populus tremula,ForestWetPoor
75198,Populus tremula,ForestWetPoor
75199,Populus tremula,ForestWetPoor
75200,Populus tremula,ForestWetPoor
75201,Populus tremula,ForestWetPoor
75202,Populus tremula,ForestWetPoor
75203,Populus tremula,ForestWetPoor
75204,Populus tremula,ForestWetPoor
75205,Populus tremula,ForestWetPoor
75206,Populus tremula,ForestWetPoor
75207,Populus tremula,ForestWetPoor
75208,Populus tremula,ForestWetPoor
75209,Populus tremula,ForestWetPoor
75210,Populus tremula,ForestWetPoor
75211,Populus tremula,ForestWetPoor
75777,Populus tremula,ForestWetPoor
75778,Populus tremula,ForestWetPoor
75779,Populus tremula,ForestWetPoor
75780,Populus tremula,ForestWetPoor
75781,Populus tremula,ForestWetPoor
75782,Populus tremula,ForestWetPoor
75783,Populus tremula,ForestWetPoor
75784,Populus tremula,ForestWetPoor
75785,Populus tremula,ForestWetPoor
75786,Populus tremula,ForestWetPoor
75787,Populus tremula,ForestWetPoor
75788,Populus tremula,ForestWetPoor
75789,Populus tremula,ForestWetPoor
75790,Populus tremula,ForestWetPoor
75791,Populus tremula,ForestWetPoor
75792,Populus tremula,ForestWetPoor
75793,Populus tremula,ForestWetPoor
75794,Populus tremula,ForestWetPoor
75795,Populus tremula,ForestWetPoor
75796,Populus tremula,ForestWetPoor
75797,Populus tremula,ForestWetPoor
75798,Populus tremula,ForestWetPoor
75799,Populus tremula,ForestWetPoor
75800,Populus tremula,ForestWetPoor
75801,Populus tremula,ForestWetPoor
75802,Populus tremula,ForestWetPoor
75803,Populus tremula,ForestWetPoor
75804,Populus tremula,ForestWetPoor
75805,Populus tremula,ForestWetPoor
75806,Populus tremula,ForestWetPoor
75807,Populus tremula,ForestWetPoor
75808,Populus tremula,ForestWetPoor
75809,Populus tremula,ForestWetPoor
75810,Populus tremula,ForestWetPoor
76376,Populus tremula,ForestWetPoor
76377,Populus tremula,ForestWetPoor
76378,Populus tremula,ForestWetPoor
76379,Populus tremula,ForestWetPoor
76380,Populus tremula,ForestWetPoor
76381,Populus tremula,ForestWetPoor
76382,Populus tremula,ForestWetPoor
76383,Populus tremula,ForestWetPoor
76384,Populus tremula,ForestWetPoor
76385,Populus tremula,ForestWetPoor
76386,Populus tremula,ForestWetPoor
76387,Populus tremula,ForestWetPoor
76388,Populus tremula,ForestWetPoor
76389,Populus tremula,ForestWetPoor
76390,Populus tremula,ForestWetPoor
76391,Populus tremula,ForestWetPoor
76392,Populus tremula,ForestWetPoor
76393,Populus tremula,ForestWetPoor
76394,Populus tremula,ForestWetPoor
76395,Populus tremula,ForestWetPoor
76396,Populus tremula,ForestWetPoor
76397,Populus tremula,ForestWetPoor
76398,Populus tremula,ForestWetPoor
76399,Populus tremula,ForestWetPoor
76400,Populus tremula,ForestWetPoor
76401,Populus tremula,ForestWetPoor
76402,Populus tremula,ForestWetPoor
76403,Populus tremula,ForestWetPoor
76404,Populus tremula,ForestWetPoor
76405,Populus tremula,ForestWetPoor
76406,Populus tremula,ForestWetPoor
76407,Populus tremula,ForestWetPoor
76408,Populus tremula,ForestWetPoor
76409,Populus tremula,ForestWetPoor
76975,Populus tremula,ForestWetPoor
76976,Populus tremula,ForestWetPoor
76977,Populus tremula,ForestWetPoor
76978,Populus tremula,ForestWetPoor
76979,Populus tremula,ForestWetPoor
76980,Populus tremula,ForestWetPoor
76981,Populus tremula,ForestWetPoor
76982,Populus tremula,ForestWetPoor
76983,Populus tremula,ForestWetPoor
76984,Populus tremula,ForestWetPoor
76985,Populus tremula,ForestWetPoor
76986,Populus tremula,ForestWetPoor
76987,Populus tremula,ForestWetPoor
76988,Populus tremula,ForestWetPoor
76989,Populus tremula,ForestWetPoor
76990,Populus tremula,ForestWetPoor
76991,Populus tremula,ForestWetPoor
76992,Populus tremula,ForestWetPoor
76993,Populus tremula,ForestWetPoor
76994,Populus tremula,ForestWetPoor
76995,Populus tremula,ForestWetPoor
76996,Populus tremula,ForestWetPoor
76997,Populus tremula,ForestWetPoor
76998,Populus tremula,ForestWetPoor
76999,Populus tremula,ForestWetPoor
77000,Populus tremula,ForestWetPoor
77001,Populus tremula,ForestWetPoor
77002,Populus tremula,ForestWetPoor
77003,Populus tremula,ForestWetPoor
77004,Populus tremula,ForestWetPoor
77005,Populus tremula,ForestWetPoor
77006,Populus tremula,ForestWetPoor
77007,Populus tremula,ForestWetPoor
77008,Populus tremula,ForestWetPoor
77574,Populus tremula,ForestWetPoor
77575,Populus tremula,ForestWetPoor
77576,Populus tremula,ForestWetPoor
77577,Populus tremula,ForestWetPoor
77578,Populus tremula,ForestWetPoor
77579,Populus tremula,ForestWetPoor
77580,Populus tremula,ForestWetPoor
77581,Populus tremula,ForestWetPoor
77582,Populus tremula,ForestWetPoor
77583,Populus tremula,ForestWetPoor
77584,Populus tremula,ForestWetPoor
77585,Populus tremula,ForestWetPoor
77586,Populus tremula,ForestWetPoor
77587,Populus tremula,ForestWetPoor
77588,Populus tremula,ForestWetPoor
77589,Populus tremula,ForestWetPoor
77590,Populus tremula,ForestWetPoor
77591,Populus tremula,ForestWetPoor
77592,Populus tremula,ForestWetPoor
77593,Populus tremula,ForestWetPoor
77594,Populus tremula,ForestWetPoor
77595,Populus tremula,ForestWetPoor
77596,Populus tremula,ForestWetPoor
77597,Populus tremula,ForestWetPoor
77598,Populus tremula,ForestWetPoor
77599,Populus tremula,ForestWetPoor
77600,Populus tremula,ForestWetPoor
77601,Populus tremula,ForestWetPoor
77602,Populus tremula,ForestWetPoor
77603,Populus tremula,ForestWetPoor
77604,Populus tremula,ForestWetPoor
77605,Populus tremula,ForestWetPoor
77606,Populus tremula,ForestWetPoor
77607,Populus tremula,ForestWetPoor
78173,Populus tremula,ForestWetPoor
78174,Populus tremula,ForestWetPoor
78175,Populus tremula,ForestWetPoor
78176,Populus tremula,ForestWetPoor
78177,Populus tremula,ForestWetPoor
78178,Populus tremula,ForestWetPoor
78179,Populus tremula,ForestWetPoor
78180,Populus tremula,ForestWetPoor
78181,Populus tremula,ForestWetPoor
78182,Populus tremula,ForestWetPoor
78183,Populus tremula,ForestWetPoor
78184,Populus tremula,ForestWetPoor
78185,Populus tremula,ForestWetPoor
78186,Populus tremula,ForestWetPoor
78187,Populus tremula,ForestWetPoor
78188,Populus tremula,ForestWetPoor
78189,Populus tremula,ForestWetPoor
78190,Populus tremula,ForestWetPoor
78191,Populus tremula,ForestWetPoor
78192,Populus tremula,ForestWetPoor
78193,Populus tremula,ForestWetPoor
78194,Populus tremula,ForestWetPoor
78195,Populus tremula,ForestWetPoor
78196,Populus tremula,ForestWetPoor
78197,Populus tremula,ForestWetPoor
78198,Populus tremula,ForestWetPoor
78199,Populus tremula,ForestWetPoor
78200,Populus tremula,ForestWetPoor
78201,Populus tremula,ForestWetPoor
78202,Populus tremula,ForestWetPoor
78203,Populus tremula,ForestWetPoor
78204,Populus tremula,ForestWetPoor
78205,Populus tremula,ForestWetPoor
78206,Populus tremula,ForestWetPoor
78773,Populus tremula,ForestWetPoor
78774,Populus tremula,ForestWetPoor
78775,Populus tremula,ForestWetPoor
78776,Populus tremula,ForestWetPoor
78777,Populus tremula,ForestWetPoor
78778,Populus tremula,ForestWetPoor
78779,Populus tremula,ForestWetPoor
78780,Populus tremula,ForestWetPoor
78781,Populus tremula,ForestWetPoor
78782,Populus tremula,ForestWetPoor
78783,Populus tremula,ForestWetPoor
78784,Populus tremula,ForestWetPoor
78785,Populus tremula,ForestWetPoor
78786,Populus tremula,ForestWetPoor
78787,Populus tremula,ForestWetPoor
78788,Populus tremula,ForestWetPoor
78789,Populus tremula,ForestWetPoor
78790,Populus tremula,ForestWetPoor
78791,Populus tremula,ForestWetPoor
78792,Populus tremula,ForestWetPoor
78793,Populus tremula,ForestWetPoor
78794,Populus tremula,ForestWetPoor
78795,Populus tremula,ForestWetPoor
78796,Populus tremula,ForestWetPoor
78797,Populus tremula,ForestWetPoor
78798,Populus tremula,ForestWetPoor
78799,Populus tremula,ForestWetPoor
78800,Populus tremula,ForestWetPoor
78801,Populus tremula,ForestWetPoor
78802,Populus tremula,ForestWetPoor
78803,Populus tremula,ForestWetPoor
78804,Populus tremula,ForestWetPoor
78805,Populus tremula,ForestWetPoor
79372,Populus tremula,ForestWetPoor
79373,Populus tremula,ForestWetPoor
79374,Populus tremula,ForestWetPoor
79375,Populus tremula,ForestWetPoor
79376,Populus tremula,ForestWetPoor
79377,Populus tremula,ForestWetPoor
79378,Populus tremula,ForestWetPoor
79379,Populus tremula,ForestWetPoor
79380,Populus tremula,ForestWetPoor
79381,Populus tremula,ForestWetPoor
79382,Populus tremula,ForestWetPoor
79383,Populus tremula,ForestWetPoor
79384,Populus tremula,ForestWetPoor
79385,Populus tremula,ForestWetPoor
79386,Populus tremula,ForestWetPoor
79387,Populus tremula,ForestWetPoor
79388,Populus tremula,ForestWetPoor
79389,Populus tremula,ForestWetPoor
79390,Populus tremula,ForestWetPoor
79391,Populus tremula,ForestWetPoor
79392,Populus tremula,ForestWetPoor
79393,Populus tremula,ForestWetPoor
79394,Populus tremula,ForestWetPoor
79395,Populus tremula,ForestWetPoor
79396,Populus tremula,ForestWetPoor
79397,Populus tremula,ForestWetPoor
79398,Populus tremula,ForestWetPoor
79399,Populus tremula,ForestWetPoor
79400,Populus tremula,ForestWetPoor
79401,Populus tremula,ForestWetPoor
79402,Populus tremula,ForestWetPoor
79403,Populus tremula,ForestWetPoor
79404,Populus tremula,ForestWetPoor
79971,Populus tremula,ForestWetPoor
79972,Populus tremula,ForestWetPoor
79973,Populus tremula,ForestWetPoor
79974,Populus tremula,ForestWetPoor
79975,Populus tremula,ForestWetPoor
79976,Populus tremula,ForestWetPoor
79977,Populus tremula,ForestWetPoor
79978,Populus tremula,ForestWetPoor
79979,Populus tremula,ForestWetPoor
79980,Populus tremula,ForestWetPoor
79981,Populus tremula,ForestWetPoor
79982,Populus tremula,ForestWetPoor
79983,Populus tremula,ForestWetPoor
79984,Populus tremula,ForestWetPoor
79985,Populus tremula,ForestWetPoor
79986,Populus tremula,ForestWetPoor
79987,Populus tremula,ForestWetPoor
79988,Populus tremula,ForestWetPoor
79989,Populus tremula,ForestWetPoor
79990,Populus tremula,ForestWetPoor
79991,Populus tremula,ForestWetPoor
79992,Populus tremula,ForestWetPoor
79993,Populus tremula,ForestWetPoor
79994,Populus tremula,ForestWetPoor
79995,Populus tremula,ForestWetPoor
79996,Populus tremula,ForestWetPoor
79997,Populus tremula,ForestWetPoor
79998,Populus tremula,ForestWetPoor
79999,Populus tremula,ForestWetPoor
80000,Populus tremula,ForestWetPoor
80001,Populus tremula,ForestWetPoor
80002,Populus tremula,ForestWetPoor
80003,Populus tremula,ForestWetPoor
80570,Populus tremula,ForestWetPoor
80571,Populus tremula,ForestWetPoor
80572,Populus tremula,ForestWetPoor
80573,Populus tremula,ForestWetPoor
80574,Populus tremula,ForestWetPoor
80575,Populus tremula,ForestWetPoor
80576,Populus tremula,ForestWetPoor
80577,Populus tremula,ForestWetPoor
80578,Populus tremula,ForestWetPoor
80579,Populus tremula,ForestWetPoor
80580,Populus tremula,ForestWetPoor
80581,Populus tremula,ForestWetPoor
80582,Populus tremula,ForestWetPoor
80583,Populus tremula,ForestWetPoor
80584,Populus tremula,ForestWetPoor
80585,Populus tremula,ForestWetPoor
80586,Populus tremula,ForestWetPoor
80587,Populus tremula,ForestWetPoor
80588,Populus tremula,ForestWetPoor
80589,Populus tremula,ForestWetPoor
80590,Populus tremula,ForestWetPoor
80591,Populus tremula,ForestWetPoor
80592,Populus tremula,ForestWetPoor
80593,Populus tremula,ForestWetPoor
80594,Populus tremula,ForestWetPoor
80595,Populus tremula,ForestWetPoor
80596,Populus tremula,ForestWetPoor
80597,Populus tremula,ForestWetPoor
80598,Populus tremula,ForestWetPoor
80599,Populus tremula,ForestWetPoor
80600,Populus tremula,ForestWetPoor
80601,Populus tremula,ForestWetPoor
80602,Populus tremula,ForestWetPoor
81169,Populus tremula,ForestWetPoor
81170,Populus tremula,ForestWetPoor
81171,Populus tremula,ForestWetPoor
81172,Populus tremula,ForestWetPoor
81173,Populus tremula,ForestWetPoor
81174,Populus tremula,ForestWetPoor
81175,Populus tremula,ForestWetPoor
81176,Populus tremula,ForestWetPoor
81177,Populus tremula,ForestWetPoor
81178,Populus tremula,ForestWetPoor
81179,Populus tremula,ForestWetPoor
81180,Populus tremula,ForestWetPoor
81181,Populus tremula,ForestWetPoor
81182,Populus tremula,ForestWetPoor
81183,Populus tremula,ForestWetPoor
81184,Populus tremula,ForestWetPoor
81185,Populus tremula,ForestWetPoor
81186,Populus tremula,ForestWetPoor
81187,Populus tremula,ForestWetPoor
81188,Populus tremula,ForestWetPoor
81189,Populus tremula,ForestWetPoor
81190,Populus tremula,ForestWetPoor
81191,Populus tremula,ForestWetPoor
81192,Populus tremula,ForestWetPoor
81193,Populus tremula,ForestWetPoor
81194,Populus tremula,ForestWetPoor
81195,Populus tremula,ForestWetPoor
81196,Populus tremula,ForestWetPoor
81197,Populus tremula,ForestWetPoor
81198,Populus tremula,ForestWetPoor
81199,Populus tremula,ForestWetPoor
81200,Populus tremula,ForestWetPoor
81201,Populus tremula,ForestWetPoor
81768,Populus tremula,ForestWetPoor
81769,Populus tremula,ForestWetPoor
81770,Populus tremula,ForestWetPoor
81771,Populus tremula,ForestWetPoor
81772,Populus tremula,ForestWetPoor
81773,Populus tremula,ForestWetPoor
81774,Populus tremula,ForestWetPoor
81775,Populus tremula,ForestWetPoor
81776,Populus tremula,ForestWetPoor
81777,Populus tremula,ForestWetPoor
81778,Populus tremula,ForestWetPoor
81779,Populus tremula,ForestWetPoor
81780,Populus tremula,ForestWetPoor
81781,Populus tremula,ForestWetPoor
81782,Populus tremula,ForestWetPoor
81783,Populus tremula,ForestWetPoor
81784,Populus tremula,ForestWetPoor
81785,Populus tremula,ForestWetPoor
81786,Populus tremula,ForestWetPoor
81787,Populus tremula,ForestWetPoor
81788,Populus tremula,ForestWetPoor
81789,Populus tremula,ForestWetPoor
81790,Populus tremula,ForestWetPoor
81791,Populus tremula,ForestWetPoor
81792,Populus tremula,ForestWetPoor
81793,Populus tremula,ForestWetPoor
81794,Populus tremula,ForestWetPoor
81795,Populus tremula,ForestWetPoor
81796,Populus tremula,ForestWetPoor
81797,Populus tremula,ForestWetPoor
81798,Populus tremula,ForestWetPoor
81799,Populus tremula,ForestWetPoor
81800,Populus tremula,ForestWetPoor
82368,Populus tremula,ForestWetPoor
82369,Populus tremula,ForestWetPoor
82370,Populus tremula,ForestWetPoor
82371,Populus tremula,ForestWetPoor
82372,Populus tremula,ForestWetPoor
82373,Populus tremula,ForestWetPoor
82374,Populus tremula,ForestWetPoor
82375,Populus tremula,ForestWetPoor
82376,Populus tremula,ForestWetPoor
82377,Populus tremula,ForestWetPoor
82378,Populus tremula,ForestWetPoor
82379,Populus tremula,ForestWetPoor
82380,Populus tremula,ForestWetPoor
82381,Populus tremula,ForestWetPoor
82382,Populus tremula,ForestWetPoor
82383,Populus tremula,ForestWetPoor
82384,Populus tremula,ForestWetPoor
82385,Populus tremula,ForestWetPoor
82386,Populus tremula,ForestWetPoor
82387,Populus tremula,ForestWetPoor
82388,Populus tremula,ForestWetPoor
82389,Populus tremula,ForestWetPoor
82390,Populus tremula,ForestWetPoor
82391,Populus tremula,ForestWetPoor
82392,Populus tremula,ForestWetPoor
82393,Populus tremula,ForestWetPoor
82394,Populus tremula,ForestWetPoor
82395,Populus tremula,ForestWetPoor
82396,Populus tremula,ForestWetPoor
82397,Populus tremula,ForestWetPoor
82398,Populus tremula,ForestWetPoor
82399,Populus tremula,ForestWetPoor
82967,Populus tremula,ForestWetPoor
82968,Populus tremula,ForestWetPoor
82969,Populus tremula,ForestWetPoor
82970,Populus tremula,ForestWetPoor
82971,Populus tremula,ForestWetPoor
82972,Populus tremula,ForestWetPoor
82973,Populus tremula,ForestWetPoor
82974,Populus tremula,ForestWetPoor
82975,Populus tremula,ForestWetPoor
82976,Populus tremula,ForestWetPoor
82977,Populus tremula,ForestWetPoor
82978,Populus tremula,ForestWetPoor
82979,Populus tremula,ForestWetPoor
82980,Populus tremula,ForestWetPoor
82981,Populus tremula,ForestWetPoor
82982,Populus tremula,ForestWetPoor
82983,Populus tremula,ForestWetPoor
82984,Populus tremula,ForestWetPoor
82985,Populus tremula,ForestWetPoor
82986,Populus tremula,ForestWetPoor
82987,Populus tremula,ForestWetPoor
82988,Populus tremula,ForestWetPoor
82989,Populus tremula,ForestWetPoor
82990,Populus tremula,ForestWetPoor
82991,Populus tremula,ForestWetPoor
82992,Populus tremula,ForestWetPoor
82993,Populus tremula,ForestWetPoor
82994,Populus tremula,ForestWetPoor
82995,Populus tremula,ForestWetPoor
82996,Populus tremula,ForestWetPoor
82997,Populus tremula,ForestWetPoor
82998,Populus tremula,ForestWetPoor
83566,Populus tremula,ForestWetPoor
83567,Populus tremula,ForestWetPoor
83568,Populus tremula,ForestWetPoor
83569,Populus tremula,ForestWetPoor
83570,Populus tremula,ForestWetPoor
83571,Populus tremula,ForestWetPoor
83572,Populus tremula,ForestWetPoor
83573,Populus tremula,ForestWetPoor
83574,Populus tremula,ForestWetPoor
83575,Populus tremula,ForestWetPoor
83576,Populus tremula,ForestWetPoor
83577,Populus tremula,ForestWetPoor
83578,Populus tremula,ForestWetPoor
83579,Populus tremula,ForestWetPoor
83580,Populus tremula,ForestWetPoor
83581,Populus tremula,ForestWetPoor
83582,Populus tremula,ForestWetPoor
83583,Populus tremula,ForestWetPoor
83584,Populus tremula,ForestWetPoor
83585,Populus tremula,ForestWetPoor
83586,Populus tremula,ForestWetPoor
83587,Populus tremula,ForestWetPoor
83588,Populus tremula,ForestWetPoor
83589,Populus tremula,ForestWetPoor
83590,Populus tremula,ForestWetPoor
83591,Populus tremula,ForestWetPoor
83592,Populus tremula,ForestWetPoor
83593,Populus tremula,ForestWetPoor
83594,Populus tremula,ForestWetPoor
83595,Populus tremula,ForestWetPoor
83596,Populus tremula,ForestWetPoor
83597,Populus tremula,ForestWetPoor
84165,Populus tremula,ForestWetPoor
84166,Populus tremula,ForestWetPoor
84167,Populus tremula,ForestWetPoor
84168,Populus tremula,ForestWetPoor
84169,Populus tremula,ForestWetPoor
84170,Populus tremula,ForestWetPoor
84171,Populus tremula,ForestWetPoor
84172,Populus tremula,ForestWetPoor
84173,Populus tremula,ForestWetPoor
84174,Populus tremula,ForestWetPoor
84175,Populus tremula,ForestWetPoor
84176,Populus tremula,ForestWetPoor
84177,Populus tremula,ForestWetPoor
84178,Populus tremula,ForestWetPoor
84179,Populus tremula,ForestWetPoor
84180,Populus tremula,ForestWetPoor
84181,Populus tremula,ForestWetPoor
84182,Populus tremula,ForestWetPoor
84183,Populus tremula,ForestWetPoor
84184,Populus tremula,ForestWetPoor
84185,Populus tremula,ForestWetPoor
84186,Populus tremula,ForestWetPoor
84187,Populus tremula,ForestWetPoor
84188,Populus tremula,ForestWetPoor
84189,Populus tremula,ForestWetPoor
84190,Populus tremula,ForestWetPoor
84191,Populus tremula,ForestWetPoor
84192,Populus tremula,ForestWetPoor
84193,Populus tremula,ForestWetPoor
84194,Populus tremula,ForestWetPoor
84195,Populus tremula,ForestWetPoor
84196,Populus tremula,ForestWetPoor
84765,Populus tremula,ForestWetPoor
84766,Populus tremula,ForestWetPoor
84767,Populus tremula,ForestWetPoor
84768,Populus tremula,ForestWetPoor
84769,Populus tremula,ForestWetPoor
84770,Populus tremula,ForestWetPoor
84771,Populus tremula,ForestWetPoor
84772,Populus tremula,ForestWetPoor
84773,Populus tremula,ForestWetPoor
84774,Populus tremula,ForestWetPoor
84775,Populus tremula,ForestWetPoor
84776,Populus tremula,ForestWetPoor
84777,Populus tremula,ForestWetPoor
84778,Populus tremula,ForestWetPoor
84779,Populus tremula,ForestWetPoor
84780,Populus tremula,ForestWetPoor
84781,Populus tremula,ForestWetPoor
84782,Populus tremula,ForestWetPoor
84783,Populus tremula,ForestWetPoor
84784,Populus tremula,ForestWetPoor
84785,Populus tremula,ForestWetPoor
84786,Populus tremula,ForestWetPoor
84787,Populus tremula,ForestWetPoor
84788,Populus tremula,ForestWetPoor
84789,Populus tremula,ForestWetPoor
84790,Populus tremula,ForestWetPoor
84791,Populus tremula,ForestWetPoor
84792,Populus tremula,ForestWetPoor
84793,Populus tremula,ForestWetPoor
84794,Populus tremula,ForestWetPoor
84795,Populus tremula,ForestWetPoor
85364,Populus tremula,ForestWetPoor
85365,Populus tremula,ForestWetPoor
85366,Populus tremula,ForestWetPoor
85367,Populus tremula,ForestWetPoor
85368,Populus tremula,ForestWetPoor
85369,Populus tremula,ForestWetPoor
85370,Populus tremula,ForestWetPoor
85371,Populus tremula,ForestWetPoor
85372,Populus tremula,ForestWetPoor
85373,Populus tremula,ForestWetPoor
85374,Populus tremula,ForestWetPoor
85375,Populus tremula,ForestWetPoor
85376,Populus tremula,ForestWetPoor
85377,Populus tremula,ForestWetPoor
85378,Populus tremula,ForestWetPoor
85379,Populus tremula,ForestWetPoor
85380,Populus tremula,ForestWetPoor
85381,Populus tremula,ForestWetPoor
85382,Populus tremula,ForestWetPoor
85383,Populus tremula,ForestWetPoor
85384,Populus tremula,ForestWetPoor
85385,Populus tremula,ForestWetPoor
85386,Populus tremula,ForestWetPoor
85387,Populus tremula,ForestWetPoor
85388,Populus tremula,ForestWetPoor
85389,Populus tremula,ForestWetPoor
85390,Populus tremula,ForestWetPoor
85391,Populus tremula,ForestWetPoor
85392,Populus tremula,ForestWetPoor
85393,Populus tremula,ForestWetPoor
85394,Populus tremula,ForestWetPoor
85964,Populus tremula,ForestWetPoor
85965,Populus tremula,ForestWetPoor
85966,Populus tremula,ForestWetPoor
85967,Populus tremula,ForestWetPoor
85968,Populus tremula,ForestWetPoor
85969,Populus tremula,ForestWetPoor
85970,Populus tremula,ForestWetPoor
85971,Populus tremula,ForestWetPoor
85972,Populus tremula,ForestWetPoor
85973,Populus tremula,ForestWetPoor
85974,Populus tremula,ForestWetPoor
85975,Populus tremula,ForestWetPoor
85976,Populus tremula,ForestWetPoor
85977,Populus tremula,ForestWetPoor
85978,Populus tremula,ForestWetPoor
85979,Populus tremula,ForestWetPoor
85980,Populus tremula,ForestWetPoor
85981,Populus tremula,ForestWetPoor
85982,Populus tremula,ForestWetPoor
85983,Populus tremula,ForestWetPoor
85984,Populus tremula,ForestWetPoor
85985,Populus tremula,ForestWetPoor
85986,Populus tremula,ForestWetPoor
85987,Populus tremula,ForestWetPoor
85988,Populus tremula,ForestWetPoor
85989,Populus tremula,ForestWetPoor
85990,Populus tremula,ForestWetPoor
85991,Populus tremula,ForestWetPoor
85992,Populus tremula,ForestWetPoor
85993,Populus tremula,ForestWetPoor
86563,Populus tremula,ForestWetPoor
86564,Populus tremula,ForestWetPoor
86565,Populus tremula,ForestWetPoor
86566,Populus tremula,ForestWetPoor
86567,Populus tremula,ForestWetPoor
86568,Populus tremula,ForestWetPoor
86569,Populus tremula,ForestWetPoor
86570,Populus tremula,ForestWetPoor
86571,Populus tremula,ForestWetPoor
86572,Populus tremula,ForestWetPoor
86573,Populus tremula,ForestWetPoor
86574,Populus tremula,ForestWetPoor
86575,Populus tremula,ForestWetPoor
86576,Populus tremula,ForestWetPoor
86577,Populus tremula,ForestWetPoor
86578,Populus tremula,ForestWetPoor
86579,Populus tremula,ForestWetPoor
86580,Populus tremula,ForestWetPoor
86581,Populus tremula,ForestWetPoor
86582,Populus tremula,ForestWetPoor
86583,Populus tremula,ForestWetPoor
86584,Populus tremula,ForestWetPoor
86585,Populus tremula,ForestWetPoor
86586,Populus tremula,ForestWetPoor
86587,Populus tremula,ForestWetPoor
86588,Populus tremula,ForestWetPoor
86589,Populus tremula,ForestWetPoor
86590,Populus tremula,ForestWetPoor
86591,Populus tremula,ForestWetPoor
86592,Populus tremula,ForestWetPoor
86593,Populus tremula,ForestWetPoor
86594,Populus tremula,ForestWetPoor
86595,Populus tremula,ForestWetPoor
86596,Populus tremula,ForestWetPoor
86597,Populus tremula,ForestWetPoor
86598,Populus tremula,ForestWetPoor
86599,Populus tremula,ForestWetPoor
86600,Populus tremula,ForestWetPoor
86601,Populus tremula,ForestWetPoor
86602,Populus tremula,ForestWetPoor
86603,Populus tremula,ForestWetPoor
86604,Populus tremula,ForestWetPoor
86605,Populus tremula,ForestWetPoor
86606,Populus tremula,ForestWetPoor
86607,Populus tremula,ForestWetPoor
86608,Populus tremula,ForestWetPoor
86609,Populus tremula,ForestWetPoor
86610,Populus tremula,ForestWetPoor
86611,Populus tremula,ForestWetPoor
86612,Populus tremula,ForestWetPoor
86613,Populus tremula,ForestWetPoor
86614,Populus tremula,ForestWetPoor
86615,Populus tremula,ForestWetPoor
86616,Populus tremula,ForestWetPoor
86617,Populus tremula,ForestWetPoor
86618,Populus tremula,ForestWetPoor
86619,Populus tremula,ForestWetPoor
86620,Populus tremula,ForestWetPoor
86621,Populus tremula,ForestWetPoor
86622,Populus tremula,ForestWetPoor
86623,Populus tremula,ForestWetPoor
86624,Populus tremula,ForestWetPoor
86625,Populus tremula,ForestWetPoor
86626,Populus tremula,ForestWetPoor
86627,Populus tremula,ForestWetPoor
86628,Populus tremula,ForestWetPoor
86629,Populus tremula,ForestWetPoor
86630,Populus tremula,ForestWetPoor
86631,Populus tremula,ForestWetPoor
86632,Populus tremula,ForestWetPoor
87162,Populus tremula,ForestWetPoor
87163,Populus tremula,ForestWetPoor
87164,Populus tremula,ForestWetPoor
87165,Populus tremula,ForestWetPoor
87166,Populus tremula,ForestWetPoor
87167,Populus tremula,ForestWetPoor
87168,Populus tremula,ForestWetPoor
87169,Populus tremula,ForestWetPoor
87170,Populus tremula,ForestWetPoor
87171,Populus tremula,ForestWetPoor
87172,Populus tremula,ForestWetPoor
87173,Populus tremula,ForestWetPoor
87174,Populus tremula,ForestWetPoor
87175,Populus tremula,ForestWetPoor
87176,Populus tremula,ForestWetPoor
87177,Populus tremula,ForestWetPoor
87178,Populus tremula,ForestWetPoor
87179,Populus tremula,ForestWetPoor
87180,Populus tremula,ForestWetPoor
87181,Populus tremula,ForestWetPoor
87182,Populus tremula,ForestWetPoor
87183,Populus tremula,ForestWetPoor
87184,Populus tremula,ForestWetPoor
87185,Populus tremula,ForestWetPoor
87186,Populus tremula,ForestWetPoor
87187,Populus tremula,ForestWetPoor
87188,Populus tremula,ForestWetPoor
87189,Populus tremula,ForestWetPoor
87190,Populus tremula,ForestWetPoor
87191,Populus tremula,ForestWetPoor
87192,Populus tremula,ForestWetPoor
87193,Populus tremula,ForestWetPoor
87194,Populus tremula,ForestWetPoor
87195,Populus tremula,ForestWetPoor
87196,Populus tremula,ForestWetPoor
87197,Populus tremula,ForestWetPoor
87198,Populus tremula,ForestWetPoor
87199,Populus tremula,ForestWetPoor
87200,Populus tremula,ForestWetPoor
87201,Populus tremula,ForestWetPoor
87202,Populus tremula,ForestWetPoor
87203,Populus tremula,ForestWetPoor
87204,Populus tremula,ForestWetPoor
87205,Populus tremula,ForestWetPoor
87206,Populus tremula,ForestWetPoor
87207,Populus tremula,ForestWetPoor
87208,Populus tremula,ForestWetPoor
87209,Populus tremula,ForestWetPoor
87210,Populus tremula,ForestWetPoor
87211,Populus tremula,ForestWetPoor
87212,Populus tremula,ForestWetPoor
87213,Populus tremula,ForestWetPoor
87214,Populus tremula,ForestWetPoor
87215,Populus tremula,ForestWetPoor
87216,Populus tremula,ForestWetPoor
87217,Populus tremula,ForestWetPoor
87218,Populus tremula,ForestWetPoor
87219,Populus tremula,ForestWetPoor
87220,Populus tremula,ForestWetPoor
87221,Populus tremula,ForestWetPoor
87222,Populus tremula,ForestWetPoor
87223,Populus tremula,ForestWetPoor
87224,Populus tremula,ForestWetPoor
87225,Populus tremula,ForestWetPoor
87226,Populus tremula,ForestWetPoor
87227,Populus tremula,ForestWetPoor
87228,Populus tremula,ForestWetPoor
87229,Populus tremula,ForestWetPoor
87230,Populus tremula,ForestWetPoor
87231,Populus tremula,ForestWetPoor
87762,Populus tremula,ForestWetPoor
87763,Populus tremula,ForestWetPoor
87764,Populus tremula,ForestWetPoor
87765,Populus tremula,ForestWetPoor
87766,Populus tremula,ForestWetPoor
87767,Populus tremula,ForestWetPoor
87768,Populus tremula,ForestWetPoor
87769,Populus tremula,ForestWetPoor
87770,Populus tremula,ForestWetPoor
87771,Populus tremula,ForestWetPoor
87772,Populus tremula,ForestWetPoor
87773,Populus tremula,ForestWetPoor
87774,Populus tremula,ForestWetPoor
87775,Populus tremula,ForestWetPoor
87776,Populus tremula,ForestWetPoor
87777,Populus tremula,ForestWetPoor
87778,Populus tremula,ForestWetPoor
87779,Populus tremula,ForestWetPoor
87780,Populus tremula,ForestWetPoor
87781,Populus tremula,ForestWetPoor
87782,Populus tremula,ForestWetPoor
87783,Populus tremula,ForestWetPoor
87784,Populus tremula,ForestWetPoor
87785,Populus tremula,ForestWetPoor
87786,Populus tremula,ForestWetPoor
87787,Populus tremula,ForestWetPoor
87788,Populus tremula,ForestWetPoor
87789,Populus tremula,ForestWetPoor
87790,Populus tremula,ForestWetPoor
87791,Populus tremula,ForestWetPoor
87792,Populus tremula,ForestWetPoor
87793,Populus tremula,ForestWetPoor
87794,Populus tremula,ForestWetPoor
87795,Populus tremula,ForestWetPoor
87796,Populus tremula,ForestWetPoor
87797,Populus tremula,ForestWetPoor
87798,Populus tremula,ForestWetPoor
87799,Populus tremula,ForestWetPoor
87800,Populus tremula,ForestWetPoor
87801,Populus tremula,ForestWetPoor
87802,Populus tremula,ForestWetPoor
87803,Populus tremula,ForestWetPoor
87804,Populus tremula,ForestWetPoor
87805,Populus tremula,ForestWetPoor
87806,Populus tremula,ForestWetPoor
87807,Populus tremula,ForestWetPoor
87808,Populus tremula,ForestWetPoor
87809,Populus tremula,ForestWetPoor
87810,Populus tremula,ForestWetPoor
87811,Populus tremula,ForestWetPoor
87812,Populus tremula,ForestWetPoor
87813,Populus tremula,ForestWetPoor
87814,Populus tremula,ForestWetPoor
87815,Populus tremula,ForestWetPoor
87816,Populus tremula,ForestWetPoor
87817,Populus tremula,ForestWetPoor
87818,Populus tremula,ForestWetPoor
87819,Populus tremula,ForestWetPoor
87820,Populus tremula,ForestWetPoor
87821,Populus tremula,ForestWetPoor
87822,Populus tremula,ForestWetPoor
87823,Populus tremula,ForestWetPoor
87824,Populus tremula,ForestWetPoor
87825,Populus tremula,ForestWetPoor
87826,Populus tremula,ForestWetPoor
87827,Populus tremula,ForestWetPoor
87828,Populus tremula,ForestWetPoor
87829,Populus tremula,ForestWetPoor
87830,Populus tremula,ForestWetPoor
88361,Populus tremula,ForestWetPoor
88362,Populus tremula,ForestWetPoor
88363,Populus tremula,ForestWetPoor
88364,Populus tremula,ForestWetPoor
88365,Populus tremula,ForestWetPoor
88366,Populus tremula,ForestWetPoor
88367,Populus tremula,ForestWetPoor
88368,Populus tremula,ForestWetPoor
88369,Populus tremula,ForestWetPoor
88370,Populus tremula,ForestWetPoor
88371,Populus tremula,ForestWetPoor
88372,Populus tremula,ForestWetPoor
88373,Populus tremula,ForestWetPoor
88374,Populus tremula,ForestWetPoor
88375,Populus tremula,ForestWetPoor
88376,Populus tremula,ForestWetPoor
88377,Populus tremula,ForestWetPoor
88378,Populus tremula,ForestWetPoor
88379,Populus tremula,ForestWetPoor
88380,Populus tremula,ForestWetPoor
88381,Populus tremula,ForestWetPoor
88382,Populus tremula,ForestWetPoor
88383,Populus tremula,ForestWetPoor
88384,Populus tremula,ForestWetPoor
88385,Populus tremula,ForestWetPoor
88386,Populus tremula,ForestWetPoor
88387,Populus tremula,ForestWetPoor
88388,Populus tremula,ForestWetPoor
88389,Populus tremula,ForestWetPoor
88390,Populus tremula,ForestWetPoor
88391,Populus tremula,ForestWetPoor
88392,Populus tremula,ForestWetPoor
88393,Populus tremula,ForestWetPoor
88394,Populus tremula,ForestWetPoor
88395,Populus tremula,ForestWetPoor
88396,Populus tremula,ForestWetPoor
88397,Populus tremula,ForestWetPoor
88398,Populus tremula,ForestWetPoor
88399,Populus tremula,ForestWetPoor
88400,Populus tremula,ForestWetPoor
88401,Populus tremula,ForestWetPoor
88402,Populus tremula,ForestWetPoor
88403,Populus tremula,ForestWetPoor
88404,Populus tremula,ForestWetPoor
88405,Populus tremula,ForestWetPoor
88406,Populus tremula,ForestWetPoor
88407,Populus tremula,ForestWetPoor
88408,Populus tremula,ForestWetPoor
88409,Populus tremula,ForestWetPoor
88410,Populus tremula,ForestWetPoor
88411,Populus tremula,ForestWetPoor
88412,Populus tremula,ForestWetPoor
88413,Populus tremula,ForestWetPoor
88414,Populus tremula,ForestWetPoor
88415,Populus tremula,ForestWetPoor
88416,Populus tremula,ForestWetPoor
88417,Populus tremula,ForestWetPoor
88418,Populus tremula,ForestWetPoor
88419,Populus tremula,ForestWetPoor
88420,Populus tremula,ForestWetPoor
88421,Populus tremula,ForestWetPoor
88422,Populus tremula,ForestWetPoor
88423,Populus tremula,ForestWetPoor
88424,Populus tremula,ForestWetPoor
88425,Populus tremula,ForestWetPoor
88426,Populus tremula,ForestWetPoor
88427,Populus tremula,ForestWetPoor
88428,Populus tremula,ForestWetPoor
88429,Populus tremula,ForestWetPoor
88961,Populus tremula,ForestWetPoor
88962,Populus tremula,ForestWetPoor
88963,Populus tremula,ForestWetPoor
88964,Populus tremula,ForestWetPoor
88965,Populus tremula,ForestWetPoor
88966,Populus tremula,ForestWetPoor
88967,Populus tremula,ForestWetPoor
88968,Populus tremula,ForestWetPoor
88969,Populus tremula,ForestWetPoor
88970,Populus tremula,ForestWetPoor
88971,Populus tremula,ForestWetPoor
88972,Populus tremula,ForestWetPoor
88973,Populus tremula,ForestWetPoor
88974,Populus tremula,ForestWetPoor
88975,Populus tremula,ForestWetPoor
88976,Populus tremula,ForestWetPoor
88977,Populus tremula,ForestWetPoor
88978,Populus tremula,ForestWetPoor
88979,Populus tremula,ForestWetPoor
88980,Populus tremula,ForestWetPoor
88981,Populus tremula,ForestWetPoor
88982,Populus tremula,ForestWetPoor
88983,Populus tremula,ForestWetPoor
88984,Populus tremula,ForestWetPoor
88985,Populus tremula,ForestWetPoor
88986,Populus tremula,ForestWetPoor
88987,Populus tremula,ForestWetPoor
88988,Populus tremula,ForestWetPoor
88989,Populus tremula,ForestWetPoor
88990,Populus tremula,ForestWetPoor
88991,Populus tremula,ForestWetPoor
88992,Populus tremula,ForestWetPoor
88993,Populus tremula,ForestWetPoor
88994,Populus tremula,ForestWetPoor
88995,Populus tremula,ForestWetPoor
88996,Populus tremula,ForestWetPoor
88997,Populus tremula,ForestWetPoor
88998,Populus tremula,ForestWetPoor
88999,Populus tremula,ForestWetPoor
89000,Populus tremula,ForestWetPoor
89001,Populus tremula,ForestWetPoor
89002,Populus tremula,ForestWetPoor
89003,Populus tremula,ForestWetPoor
89004,Populus tremula,ForestWetPoor
89005,Populus tremula,ForestWetPoor
89006,Populus tremula,ForestWetPoor
89007,Populus tremula,ForestWetPoor
89008,Populus tremula,ForestWetPoor
89009,Populus tremula,ForestWetPoor
89010,Populus tremula,ForestWetPoor
89011,Populus tremula,ForestWetPoor
89012,Populus tremula,ForestWetPoor
89013,Populus tremula,ForestWetPoor
89014,Populus tremula,ForestWetPoor
89015,Populus tremula,ForestWetPoor
89016,Populus tremula,ForestWetPoor
89017,Populus tremula,ForestWetPoor
89018,Populus tremula,ForestWetPoor
89019,Populus tremula,ForestWetPoor
89020,Populus tremula,ForestWetPoor
89021,Populus tremula,ForestWetPoor
89022,Populus tremula,ForestWetPoor
89023,Populus tremula,ForestWetPoor
89024,Populus tremula,ForestWetPoor
89025,Populus tremula,ForestWetPoor
89026,Populus tremula,ForestWetPoor
89027,Populus tremula,ForestWetPoor
89028,Populus tremula,ForestWetPoor
89560,Populus tremula,ForestWetPoor
89561,Populus tremula,ForestWetPoor
89562,Populus tremula,ForestWetPoor
89563,Populus tremula,ForestWetPoor
89564,Populus tremula,ForestWetPoor
89565,Populus tremula,ForestWetPoor
89566,Populus tremula,ForestWetPoor
89567,Populus tremula,ForestWetPoor
89568,Populus tremula,ForestWetPoor
89569,Populus tremula,ForestWetPoor
89570,Populus tremula,ForestWetPoor
89571,Populus tremula,ForestWetPoor
89572,Populus tremula,ForestWetPoor
89573,Populus tremula,ForestWetPoor
89574,Populus tremula,ForestWetPoor
89575,Populus tremula,ForestWetPoor
89576,Populus tremula,ForestWetPoor
89577,Populus tremula,ForestWetPoor
89578,Populus tremula,ForestWetPoor
89579,Populus tremula,ForestWetPoor
89580,Populus tremula,ForestWetPoor
89581,Populus tremula,ForestWetPoor
89582,Populus tremula,ForestWetPoor
89583,Populus tremula,ForestWetPoor
89584,Populus tremula,ForestWetPoor
89585,Populus tremula,ForestWetPoor
89586,Populus tremula,ForestWetPoor
89587,Populus tremula,ForestWetPoor
89588,Populus tremula,ForestWetPoor
89589,Populus tremula,ForestWetPoor
89590,Populus tremula,ForestWetPoor
89591,Populus tremula,ForestWetPoor
89592,Populus tremula,ForestWetPoor
89593,Populus tremula,ForestWetPoor
89594,Populus tremula,ForestWetPoor
89595,Populus tremula,ForestWetPoor
89596,Populus tremula,ForestWetPoor
89597,Populus tremula,ForestWetPoor
89598,Populus tremula,ForestWetPoor
89599,Populus tremula,ForestWetPoor
89600,Populus tremula,ForestWetPoor
89601,Populus tremula,ForestWetPoor
89602,Populus tremula,ForestWetPoor
89603,Populus tremula,ForestWetPoor
89604,Populus tremula,ForestWetPoor
89605,Populus tremula,ForestWetPoor
89606,Populus tremula,ForestWetPoor
89607,Populus tremula,ForestWetPoor
89608,Populus tremula,ForestWetPoor
89609,Populus tremula,ForestWetPoor
89610,Populus tremula,ForestWetPoor
89611,Populus tremula,ForestWetPoor
89612,Populus tremula,ForestWetPoor
89613,Populus tremula,ForestWetPoor
89614,Populus tremula,ForestWetPoor
89615,Populus tremula,ForestWetPoor
89616,Populus tremula,ForestWetPoor
89617,Populus tremula,ForestWetPoor
89618,Populus tremula,ForestWetPoor
89619,Populus tremula,ForestWetPoor
89620,Populus tremula,ForestWetPoor
89621,Populus tremula,ForestWetPoor
89622,Populus tremula,ForestWetPoor
89623,Populus tremula,ForestWetPoor
89624,Populus tremula,ForestWetPoor
89625,Populus tremula,ForestWetPoor
89626,Populus tremula,ForestWetPoor
89627,Populus tremula,ForestWetPoor
90160,Populus tremula,ForestWetPoor
90161,Populus tremula,ForestWetPoor
90162,Populus tremula,ForestWetPoor
90163,Populus tremula,ForestWetPoor
90164,Populus tremula,ForestWetPoor
90165,Populus tremula,ForestWetPoor
90166,Populus tremula,ForestWetPoor
90167,Populus tremula,ForestWetPoor
90168,Populus tremula,ForestWetPoor
90169,Populus tremula,ForestWetPoor
90170,Populus tremula,ForestWetPoor
90171,Populus tremula,ForestWetPoor
90172,Populus tremula,ForestWetPoor
90173,Populus tremula,ForestWetPoor
90174,Populus tremula,ForestWetPoor
90175,Populus tremula,ForestWetPoor
90176,Populus tremula,ForestWetPoor
90177,Populus tremula,ForestWetPoor
90178,Populus tremula,ForestWetPoor
90179,Populus tremula,ForestWetPoor
90180,Populus tremula,ForestWetPoor
90181,Populus tremula,ForestWetPoor
90182,Populus tremula,ForestWetPoor
90183,Populus tremula,ForestWetPoor
90184,Populus tremula,ForestWetPoor
90185,Populus tremula,ForestWetPoor
90186,Populus tremula,ForestWetPoor
90187,Populus tremula,ForestWetPoor
90188,Populus tremula,ForestWetPoor
90189,Populus tremula,ForestWetPoor
90190,Populus tremula,ForestWetPoor
90191,Populus tremula,ForestWetPoor
90192,Populus tremula,ForestWetPoor
90193,Populus tremula,ForestWetPoor
90194,Populus tremula,ForestWetPoor
90195,Populus tremula,ForestWetPoor
90196,Populus tremula,ForestWetPoor
90197,Populus tremula,ForestWetPoor
90198,Populus tremula,ForestWetPoor
90199,Populus tremula,ForestWetPoor
90200,Populus tremula,ForestWetPoor
90201,Populus tremula,ForestWetPoor
90202,Populus tremula,ForestWetPoor
90203,Populus tremula,ForestWetPoor
90204,Populus tremula,ForestWetPoor
90205,Populus tremula,ForestWetPoor
90206,Populus tremula,ForestWetPoor
90207,Populus tremula,ForestWetPoor
90208,Populus tremula,ForestWetPoor
90209,Populus tremula,ForestWetPoor
90210,Populus tremula,ForestWetPoor
90211,Populus tremula,ForestWetPoor
90212,Populus tremula,ForestWetPoor
90213,Populus tremula,ForestWetPoor
90214,Populus tremula,ForestWetPoor
90215,Populus tremula,ForestWetPoor
90216,Populus tremula,ForestWetPoor
90217,Populus tremula,ForestWetPoor
90218,Populus tremula,ForestWetPoor
90219,Populus tremula,ForestWetPoor
90220,Populus tremula,ForestWetPoor
90221,Populus tremula,ForestWetPoor
90222,Populus tremula,ForestWetPoor
90223,Populus tremula,ForestWetPoor
90224,Populus tremula,ForestWetPoor
90225,Populus tremula,ForestWetPoor
90226,Populus tremula,ForestWetPoor
90760,Populus tremula,ForestWetPoor
90761,Populus tremula,ForestWetPoor
90762,Populus tremula,ForestWetPoor
90763,Populus tremula,ForestWetPoor
90764,Populus tremula,ForestWetPoor
90765,Populus tremula,ForestWetPoor
90766,Populus tremula,ForestWetPoor
90767,Populus tremula,ForestWetPoor
90768,Populus tremula,ForestWetPoor
90769,Populus tremula,ForestWetPoor
90770,Populus tremula,ForestWetPoor
90771,Populus tremula,ForestWetPoor
90772,Populus tremula,ForestWetPoor
90773,Populus tremula,ForestWetPoor
90774,Populus tremula,ForestWetPoor
90775,Populus tremula,ForestWetPoor
90776,Populus tremula,ForestWetPoor
90777,Populus tremula,ForestWetPoor
90778,Populus tremula,ForestWetPoor
90779,Populus tremula,ForestWetPoor
90780,Populus tremula,ForestWetPoor
90781,Populus tremula,ForestWetPoor
90782,Populus tremula,ForestWetPoor
90783,Populus tremula,ForestWetPoor
90784,Populus tremula,ForestWetPoor
90785,Populus tremula,ForestWetPoor
90786,Populus tremula,ForestWetPoor
90787,Populus tremula,ForestWetPoor
90788,Populus tremula,ForestWetPoor
90789,Populus tremula,ForestWetPoor
90790,Populus tremula,ForestWetPoor
90791,Populus tremula,ForestWetPoor
90792,Populus tremula,ForestWetPoor
90793,Populus tremula,ForestWetPoor
90794,Populus tremula,ForestWetPoor
90795,Populus tremula,ForestWetPoor
90796,Populus tremula,ForestWetPoor
90797,Populus tremula,ForestWetPoor
90798,Populus tremula,ForestWetPoor
90799,Populus tremula,ForestWetPoor
90800,Populus tremula,ForestWetPoor
90801,Populus tremula,ForestWetPoor
90802,Populus tremula,ForestWetPoor
90803,Populus tremula,ForestWetPoor
90804,Populus tremula,ForestWetPoor
90805,Populus tremula,ForestWetPoor
90806,Populus tremula,ForestWetPoor
90807,Populus tremula,ForestWetPoor
90808,Populus tremula,ForestWetPoor
90809,Populus tremula,ForestWetPoor
90810,Populus tremula,ForestWetPoor
90811,Populus tremula,ForestWetPoor
90812,Populus tremula,ForestWetPoor
90813,Populus tremula,ForestWetPoor
90814,Populus tremula,ForestWetPoor
90815,Populus tremula,ForestWetPoor
90816,Populus tremula,ForestWetPoor
90817,Populus tremula,ForestWetPoor
90818,Populus tremula,ForestWetPoor
90819,Populus tremula,ForestWetPoor
90820,Populus tremula,ForestWetPoor
90821,Populus tremula,ForestWetPoor
90822,Populus tremula,ForestWetPoor
90823,Populus tremula,ForestWetPoor
90824,Populus tremula,ForestWetPoor
90825,Populus tremula,ForestWetPoor
91359,Populus tremula,ForestWetPoor
91360,Populus tremula,ForestWetPoor
91361,Populus tremula,ForestWetPoor
91362,Populus tremula,ForestWetPoor
91363,Populus tremula,ForestWetPoor
91364,Populus tremula,ForestWetPoor
91365,Populus tremula,ForestWetPoor
91366,Populus tremula,ForestWetPoor
91367,Populus tremula,ForestWetPoor
91368,Populus tremula,ForestWetPoor
91369,Populus tremula,ForestWetPoor
91370,Populus tremula,ForestWetPoor
91371,Populus tremula,ForestWetPoor
91372,Populus tremula,ForestWetPoor
91373,Populus tremula,ForestWetPoor
91374,Populus tremula,ForestWetPoor
91375,Populus tremula,ForestWetPoor
91376,Populus tremula,ForestWetPoor
91377,Populus tremula,ForestWetPoor
91378,Populus tremula,ForestWetPoor
91379,Populus tremula,ForestWetPoor
91380,Populus tremula,ForestWetPoor
91381,Populus tremula,ForestWetPoor
91382,Populus tremula,ForestWetPoor
91383,Populus tremula,ForestWetPoor
91384,Populus tremula,ForestWetPoor
91385,Populus tremula,ForestWetPoor
91386,Populus tremula,ForestWetPoor
91387,Populus tremula,ForestWetPoor
91388,Populus tremula,ForestWetPoor
91389,Populus tremula,ForestWetPoor
91390,Populus tremula,ForestWetPoor
91391,Populus tremula,ForestWetPoor
91392,Populus tremula,ForestWetPoor
91393,Populus tremula,ForestWetPoor
91394,Populus tremula,ForestWetPoor
91395,Populus tremula,ForestWetPoor
91396,Populus tremula,ForestWetPoor
91397,Populus tremula,ForestWetPoor
91398,Populus tremula,ForestWetPoor
91399,Populus tremula,ForestWetPoor
91400,Populus tremula,ForestWetPoor
91401,Populus tremula,ForestWetPoor
91402,Populus tremula,ForestWetPoor
91403,Populus tremula,ForestWetPoor
91404,Populus tremula,ForestWetPoor
91405,Populus tremula,ForestWetPoor
91406,Populus tremula,ForestWetPoor
91407,Populus tremula,ForestWetPoor
91408,Populus tremula,ForestWetPoor
91409,Populus tremula,ForestWetPoor
91410,Populus tremula,ForestWetPoor
91411,Populus tremula,ForestWetPoor
91412,Populus tremula,ForestWetPoor
91413,Populus tremula,ForestWetPoor
91414,Populus tremula,ForestWetPoor
91415,Populus tremula,ForestWetPoor
91416,Populus tremula,ForestWetPoor
91417,Populus tremula,ForestWetPoor
91418,Populus tremula,ForestWetPoor
91419,Populus tremula,ForestWetPoor
91420,Populus tremula,ForestWetPoor
91421,Populus tremula,ForestWetPoor
91422,Populus tremula,ForestWetPoor
91423,Populus tremula,ForestWetPoor
91424,Populus tremula,ForestWetPoor
91959,Populus tremula,ForestWetPoor
91960,Populus tremula,ForestWetPoor
91961,Populus tremula,ForestWetPoor
91962,Populus tremula,ForestWetPoor
91963,Populus tremula,ForestWetPoor
91964,Populus tremula,ForestWetPoor
91965,Populus tremula,ForestWetPoor
91966,Populus tremula,ForestWetPoor
91967,Populus tremula,ForestWetPoor
91968,Populus tremula,ForestWetPoor
91969,Populus tremula,ForestWetPoor
91970,Populus tremula,ForestWetPoor
91971,Populus tremula,ForestWetPoor
91972,Populus tremula,ForestWetPoor
91973,Populus tremula,ForestWetPoor
91974,Populus tremula,ForestWetPoor
91975,Populus tremula,ForestWetPoor
91976,Populus tremula,ForestWetPoor
91977,Populus tremula,ForestWetPoor
91978,Populus tremula,ForestWetPoor
91979,Populus tremula,ForestWetPoor
91980,Populus tremula,ForestWetPoor
91981,Populus tremula,ForestWetPoor
91982,Populus tremula,ForestWetPoor
91983,Populus tremula,ForestWetPoor
91984,Populus tremula,ForestWetPoor
91985,Populus tremula,ForestWetPoor
91986,Populus tremula,ForestWetPoor
91987,Populus tremula,ForestWetPoor
91988,Populus tremula,ForestWetPoor
91989,Populus tremula,ForestWetPoor
91990,Populus tremula,ForestWetPoor
91991,Populus tremula,ForestWetPoor
91992,Populus tremula,ForestWetPoor
91993,Populus tremula,ForestWetPoor
91994,Populus tremula,ForestWetPoor
91995,Populus tremula,ForestWetPoor
91996,Populus tremula,ForestWetPoor
91997,Populus tremula,ForestWetPoor
91998,Populus tremula,ForestWetPoor
91999,Populus tremula,ForestWetPoor
92000,Populus tremula,ForestWetPoor
92001,Populus tremula,ForestWetPoor
92002,Populus tremula,ForestWetPoor
92003,Populus tremula,ForestWetPoor
92004,Populus tremula,ForestWetPoor
92005,Populus tremula,ForestWetPoor
92006,Populus tremula,ForestWetPoor
92007,Populus tremula,ForestWetPoor
92008,Populus tremula,ForestWetPoor
92009,Populus tremula,ForestWetPoor
92010,Populus tremula,ForestWetPoor
92011,Populus tremula,ForestWetPoor
92012,Populus tremula,ForestWetPoor
92013,Populus tremula,ForestWetPoor
92014,Populus tremula,ForestWetPoor
92015,Populus tremula,ForestWetPoor
92016,Populus tremula,ForestWetPoor
92017,Populus tremula,ForestWetPoor
92018,Populus tremula,ForestWetPoor
92019,Populus tremula,ForestWetPoor
92020,Populus tremula,ForestWetPoor
92021,Populus tremula,ForestWetPoor
92022,Populus tremula,ForestWetPoor
92023,Populus tremula,ForestWetPoor
92559,Populus tremula,ForestWetPoor
92560,Populus tremula,ForestWetPoor
92561,Populus tremula,ForestWetPoor
92562,Populus tremula,ForestWetPoor
92563,Populus tremula,ForestWetPoor
92564,Populus tremula,ForestWetPoor
92565,Populus tremula,ForestWetPoor
92566,Populus tremula,ForestWetPoor
92567,Populus tremula,ForestWetPoor
92568,Populus tremula,ForestWetPoor
92569,Populus tremula,ForestWetPoor
92570,Populus tremula,ForestWetPoor
92571,Populus tremula,ForestWetPoor
92572,Populus tremula,ForestWetPoor
92573,Populus tremula,ForestWetPoor
92574,Populus tremula,ForestWetPoor
92575,Populus tremula,ForestWetPoor
92576,Populus tremula,ForestWetPoor
92577,Populus tremula,ForestWetPoor
92578,Populus tremula,ForestWetPoor
92579,Populus tremula,ForestWetPoor
92580,Populus tremula,ForestWetPoor
92581,Populus tremula,ForestWetPoor
92582,Populus tremula,ForestWetPoor
92583,Populus tremula,ForestWetPoor
92584,Populus tremula,ForestWetPoor
92585,Populus tremula,ForestWetPoor
92586,Populus tremula,ForestWetPoor
92587,Populus tremula,ForestWetPoor
92588,Populus tremula,ForestWetPoor
92589,Populus tremula,ForestWetPoor
92590,Populus tremula,ForestWetPoor
92591,Populus tremula,ForestWetPoor
92592,Populus tremula,ForestWetPoor
92593,Populus tremula,ForestWetPoor
92594,Populus tremula,ForestWetPoor
92595,Populus tremula,ForestWetPoor
92596,Populus tremula,ForestWetPoor
92597,Populus tremula,ForestWetPoor
92598,Populus tremula,ForestWetPoor
92599,Populus tremula,ForestWetPoor
92600,Populus tremula,ForestWetPoor
92601,Populus tremula,ForestWetPoor
92602,Populus tremula,ForestWetPoor
92603,Populus tremula,ForestWetPoor
92604,Populus tremula,ForestWetPoor
92605,Populus tremula,ForestWetPoor
92606,Populus tremula,ForestWetPoor
92607,Populus tremula,ForestWetPoor
92608,Populus tremula,ForestWetPoor
92609,Populus tremula,ForestWetPoor
92610,Populus tremula,ForestWetPoor
92611,Populus tremula,ForestWetPoor
92612,Populus tremula,ForestWetPoor
92613,Populus tremula,ForestWetPoor
92614,Populus tremula,ForestWetPoor
92615,Populus tremula,ForestWetPoor
92616,Populus tremula,ForestWetPoor
92617,Populus tremula,ForestWetPoor
92618,Populus tremula,ForestWetPoor
92619,Populus tremula,ForestWetPoor
92620,Populus tremula,ForestWetPoor
92621,Populus tremula,ForestWetPoor
92622,Populus tremula,ForestWetPoor
93158,Populus tremula,ForestWetPoor
93159,Populus tremula,ForestWetPoor
93160,Populus tremula,ForestWetPoor
93161,Populus tremula,ForestWetPoor
93162,Populus tremula,ForestWetPoor
93163,Populus tremula,ForestWetPoor
93164,Populus tremula,ForestWetPoor
93165,Populus tremula,ForestWetPoor
93166,Populus tremula,ForestWetPoor
93167,Populus tremula,ForestWetPoor
93168,Populus tremula,ForestWetPoor
93169,Populus tremula,ForestWetPoor
93170,Populus tremula,ForestWetPoor
93171,Populus tremula,ForestWetPoor
93172,Populus tremula,ForestWetPoor
93173,Populus tremula,ForestWetPoor
93174,Populus tremula,ForestWetPoor
93175,Populus tremula,ForestWetPoor
93176,Populus tremula,ForestWetPoor
93177,Populus tremula,ForestWetPoor
93178,Populus tremula,ForestWetPoor
93179,Populus tremula,ForestWetPoor
93180,Populus tremula,ForestWetPoor
93181,Populus tremula,ForestWetPoor
93182,Populus tremula,ForestWetPoor
93183,Populus tremula,ForestWetPoor
93184,Populus tremula,ForestWetPoor
93185,Populus tremula,ForestWetPoor
93186,Populus tremula,ForestWetPoor
93187,Populus tremula,ForestWetPoor
93188,Populus tremula,ForestWetPoor
93189,Populus tremula,ForestWetPoor
93190,Populus tremula,ForestWetPoor
93191,Populus tremula,ForestWetPoor
93192,Populus tremula,ForestWetPoor
93193,Populus tremula,ForestWetPoor
93194,Populus tremula,ForestWetPoor
93195,Populus tremula,ForestWetPoor
93196,Populus tremula,ForestWetPoor
93197,Populus tremula,ForestWetPoor
93198,Populus tremula,ForestWetPoor
93199,Populus tremula,ForestWetPoor
93200,Populus tremula,ForestWetPoor
93201,Populus tremula,ForestWetPoor
93202,Populus tremula,ForestWetPoor
93203,Populus tremula,ForestWetPoor
93204,Populus tremula,ForestWetPoor
93205,Populus tremula,ForestWetPoor
93206,Populus tremula,ForestWetPoor
93207,Populus tremula,ForestWetPoor
93208,Populus tremula,ForestWetPoor
93209,Populus tremula,ForestWetPoor
93210,Populus tremula,ForestWetPoor
93211,Populus tremula,ForestWetPoor
93212,Populus tremula,ForestWetPoor
93213,Populus tremula,ForestWetPoor
93214,Populus tremula,ForestWetPoor
93215,Populus tremula,ForestWetPoor
93216,Populus tremula,ForestWetPoor
93217,Populus tremula,ForestWetPoor
93218,Populus tremula,ForestWetPoor
93219,Populus tremula,ForestWetPoor
93220,Populus tremula,ForestWetPoor
93221,Populus tremula,ForestWetPoor
93758,Populus tremula,ForestWetPoor
93759,Populus tremula,ForestWetPoor
93760,Populus tremula,ForestWetPoor
93761,Populus tremula,ForestWetPoor
93762,Populus tremula,ForestWetPoor
93763,Populus tremula,ForestWetPoor
93764,Populus tremula,ForestWetPoor
93765,Populus tremula,ForestWetPoor
93766,Populus tremula,ForestWetPoor
93767,Populus tremula,ForestWetPoor
93768,Populus tremula,ForestWetPoor
93769,Populus tremula,ForestWetPoor
93770,Populus tremula,ForestWetPoor
93771,Populus tremula,ForestWetPoor
93772,Populus tremula,ForestWetPoor
93773,Populus tremula,ForestWetPoor
93774,Populus tremula,ForestWetPoor
93775,Populus tremula,ForestWetPoor
93776,Populus tremula,ForestWetPoor
93777,Populus tremula,ForestWetPoor
93778,Populus tremula,ForestWetPoor
93779,Populus tremula,ForestWetPoor
93780,Populus tremula,ForestWetPoor
93781,Populus tremula,ForestWetPoor
93782,Populus tremula,ForestWetPoor
93783,Populus tremula,ForestWetPoor
93784,Populus tremula,ForestWetPoor
93785,Populus tremula,ForestWetPoor
93786,Populus tremula,ForestWetPoor
93787,Populus tremula,ForestWetPoor
93788,Populus tremula,ForestWetPoor
93789,Populus tremula,ForestWetPoor
93790,Populus tremula,ForestWetPoor
93791,Populus tremula,ForestWetPoor
93792,Populus tremula,ForestWetPoor
93793,Populus tremula,ForestWetPoor
93794,Populus tremula,ForestWetPoor
93795,Populus tremula,ForestWetPoor
93796,Populus tremula,ForestWetPoor
93797,Populus tremula,ForestWetPoor
93798,Populus tremula,ForestWetPoor
93799,Populus tremula,ForestWetPoor
93800,Populus tremula,ForestWetPoor
93801,Populus tremula,ForestWetPoor
93802,Populus tremula,ForestWetPoor
93803,Populus tremula,ForestWetPoor
93804,Populus tremula,ForestWetPoor
93805,Populus tremula,ForestWetPoor
93806,Populus tremula,ForestWetPoor
93807,Populus tremula,ForestWetPoor
93808,Populus tremula,ForestWetPoor
93809,Populus tremula,ForestWetPoor
93810,Populus tremula,ForestWetPoor
93811,Populus tremula,ForestWetPoor
93812,Populus tremula,ForestWetPoor
93813,Populus tremula,ForestWetPoor
93814,Populus tremula,ForestWetPoor
93815,Populus tremula,ForestWetPoor
93816,Populus tremula,ForestWetPoor
93817,Populus tremula,ForestWetPoor
93818,Populus tremula,ForestWetPoor
93819,Populus tremula,ForestWetPoor
93820,Populus tremula,ForestWetPoor
94358,Populus tremula,ForestWetPoor
94359,Populus tremula,ForestWetPoor
94360,Populus tremula,ForestWetPoor
94361,Populus tremula,ForestWetPoor
94362,Populus tremula,ForestWetPoor
94363,Populus tremula,ForestWetPoor
94364,Populus tremula,ForestWetPoor
94365,Populus tremula,ForestWetPoor
94366,Populus tremula,ForestWetPoor
94367,Populus tremula,ForestWetPoor
94368,Populus tremula,ForestWetPoor
94369,Populus tremula,ForestWetPoor
94370,Populus tremula,ForestWetPoor
94371,Populus tremula,ForestWetPoor
94372,Populus tremula,ForestWetPoor
94373,Populus tremula,ForestWetPoor
94374,Populus tremula,ForestWetPoor
94375,Populus tremula,ForestWetPoor
94376,Populus tremula,ForestWetPoor
94377,Populus tremula,ForestWetPoor
94378,Populus tremula,ForestWetPoor
94379,Populus tremula,ForestWetPoor
94380,Populus tremula,ForestWetPoor
94381,Populus tremula,ForestWetPoor
94382,Populus tremula,ForestWetPoor
94383,Populus tremula,ForestWetPoor
94384,Populus tremula,ForestWetPoor
94385,Populus tremula,ForestWetPoor
94386,Populus tremula,ForestWetPoor
94387,Populus tremula,ForestWetPoor
94388,Populus tremula,ForestWetPoor
94389,Populus tremula,ForestWetPoor
94390,Populus tremula,ForestWetPoor
94391,Populus tremula,ForestWetPoor
94392,Populus tremula,ForestWetPoor
94393,Populus tremula,ForestWetPoor
94394,Populus tremula,ForestWetPoor
94395,Populus tremula,ForestWetPoor
94396,Populus tremula,ForestWetPoor
94397,Populus tremula,ForestWetPoor
94398,Populus tremula,ForestWetPoor
94399,Populus tremula,ForestWetPoor
94400,Populus tremula,ForestWetPoor
94401,Populus tremula,ForestWetPoor
94402,Populus tremula,ForestWetPoor
94403,Populus tremula,ForestWetPoor
94404,Populus tremula,ForestWetPoor
94405,Populus tremula,ForestWetPoor
94406,Populus tremula,ForestWetPoor
94407,Populus tremula,ForestWetPoor
94408,Populus tremula,ForestWetPoor
94409,Populus tremula,ForestWetPoor
94410,Populus tremula,ForestWetPoor
94411,Populus tremula,ForestWetPoor
94412,Populus tremula,ForestWetPoor
94413,Populus tremula,ForestWetPoor
94414,Populus tremula,ForestWetPoor
94415,Populus tremula,ForestWetPoor
94416,Populus tremula,ForestWetPoor
94417,Populus tremula,ForestWetPoor
94418,Populus tremula,ForestWetPoor
94419,Populus tremula,ForestWetPoor
94958,Populus tremula,ForestWetPoor
94959,Populus tremula,ForestWetPoor
94960,Populus tremula,ForestWetPoor
94961,Populus tremula,ForestWetPoor
94962,Populus tremula,ForestWetPoor
94963,Populus tremula,ForestWetPoor
94964,Populus tremula,ForestWetPoor
94965,Populus tremula,ForestWetPoor
94966,Populus tremula,ForestWetPoor
94967,Populus tremula,ForestWetPoor
94968,Populus tremula,ForestWetPoor
94969,Populus tremula,ForestWetPoor
94970,Populus tremula,ForestWetPoor
94971,Populus tremula,ForestWetPoor
94972,Populus tremula,ForestWetPoor
94973,Populus tremula,ForestWetPoor
94974,Populus tremula,ForestWetPoor
94975,Populus tremula,ForestWetPoor
94976,Populus tremula,ForestWetPoor
94977,Populus tremula,ForestWetPoor
94978,Populus tremula,ForestWetPoor
94979,Populus tremula,ForestWetPoor
94980,Populus tremula,ForestWetPoor
94981,Populus tremula,ForestWetPoor
94982,Populus tremula,ForestWetPoor
94983,Populus tremula,ForestWetPoor
94984,Populus tremula,ForestWetPoor
94985,Populus tremula,ForestWetPoor
94986,Populus tremula,ForestWetPoor
94987,Populus tremula,ForestWetPoor
94988,Populus tremula,ForestWetPoor
94989,Populus tremula,ForestWetPoor
94990,Populus tremula,ForestWetPoor
94991,Populus tremula,ForestWetPoor
94992,Populus tremula,ForestWetPoor
94993,Populus tremula,ForestWetPoor
94994,Populus tremula,ForestWetPoor
94995,Populus tremula,ForestWetPoor
94996,Populus tremula,ForestWetPoor
94997,Populus tremula,ForestWetPoor
94998,Populus tremula,ForestWetPoor
94999,Populus tremula,ForestWetPoor
95000,Populus tremula,ForestWetPoor
95001,Populus tremula,ForestWetPoor
95002,Populus tremula,ForestWetPoor
95003,Populus tremula,ForestWetPoor
95004,Populus tremula,ForestWetPoor
95005,Populus tremula,ForestWetPoor
95006,Populus tremula,ForestWetPoor
95007,Populus tremula,ForestWetPoor
95008,Populus tremula,ForestWetPoor
95009,Populus tremula,ForestWetPoor
95010,Populus tremula,ForestWetPoor
95011,Populus tremula,ForestWetPoor
95012,Populus tremula,ForestWetPoor
95013,Populus tremula,ForestWetPoor
95014,Populus tremula,ForestWetPoor
95015,Populus tremula,ForestWetPoor
95016,Populus tremula,ForestWetPoor
95017,Populus tremula,ForestWetPoor
95018,Populus tremula,ForestWetPoor
95558,Populus tremula,ForestWetPoor
95559,Populus tremula,ForestWetPoor
95560,Populus tremula,ForestWetPoor
95561,Populus tremula,ForestWetPoor
95562,Populus tremula,ForestWetPoor
95563,Populus tremula,ForestWetPoor
95564,Populus tremula,ForestWetPoor
95565,Populus tremula,ForestWetPoor
95566,Populus tremula,ForestWetPoor
95567,Populus tremula,ForestWetPoor
95568,Populus tremula,ForestWetPoor
95569,Populus tremula,ForestWetPoor
95570,Populus tremula,ForestWetPoor
95571,Populus tremula,ForestWetPoor
95572,Populus tremula,ForestWetPoor
95573,Populus tremula,ForestWetPoor
95574,Populus tremula,ForestWetPoor
95575,Populus tremula,ForestWetPoor
95576,Populus tremula,ForestWetPoor
95577,Populus tremula,ForestWetPoor
95578,Populus tremula,ForestWetPoor
95579,Populus tremula,ForestWetPoor
95580,Populus tremula,ForestWetPoor
95581,Populus tremula,ForestWetPoor
95582,Populus tremula,ForestWetPoor
95583,Populus tremula,ForestWetPoor
95584,Populus tremula,ForestWetPoor
95585,Populus tremula,ForestWetPoor
95586,Populus tremula,ForestWetPoor
95587,Populus tremula,ForestWetPoor
95588,Populus tremula,ForestWetPoor
95589,Populus tremula,ForestWetPoor
95590,Populus tremula,ForestWetPoor
95591,Populus tremula,ForestWetPoor
95592,Populus tremula,ForestWetPoor
95593,Populus tremula,ForestWetPoor
95594,Populus tremula,ForestWetPoor
95595,Populus tremula,ForestWetPoor
95596,Populus tremula,ForestWetPoor
95597,Populus tremula,ForestWetPoor
95598,Populus tremula,ForestWetPoor
95599,Populus tremula,ForestWetPoor
95600,Populus tremula,ForestWetPoor
95601,Populus tremula,ForestWetPoor
95602,Populus tremula,ForestWetPoor
95603,Populus tremula,ForestWetPoor
95604,Populus tremula,ForestWetPoor
95605,Populus tremula,ForestWetPoor
95606,Populus tremula,ForestWetPoor
95607,Populus tremula,ForestWetPoor
95608,Populus tremula,ForestWetPoor
95609,Populus tremula,ForestWetPoor
95610,Populus tremula,ForestWetPoor
95611,Populus tremula,ForestWetPoor
95612,Populus tremula,ForestWetPoor
95613,Populus tremula,ForestWetPoor
95614,Populus tremula,ForestWetPoor
95615,Populus tremula,ForestWetPoor
95616,Populus tremula,ForestWetPoor
95617,Populus tremula,ForestWetPoor
96158,Populus tremula,ForestWetPoor
96159,Populus tremula,ForestWetPoor
96160,Populus tremula,ForestWetPoor
96161,Populus tremula,ForestWetPoor
96162,Populus tremula,ForestWetPoor
96163,Populus tremula,ForestWetPoor
96164,Populus tremula,ForestWetPoor
96165,Populus tremula,ForestWetPoor
96166,Populus tremula,ForestWetPoor
96167,Populus tremula,ForestWetPoor
96168,Populus tremula,ForestWetPoor
96169,Populus tremula,ForestWetPoor
96170,Populus tremula,ForestWetPoor
96171,Populus tremula,ForestWetPoor
96172,Populus tremula,ForestWetPoor
96173,Populus tremula,ForestWetPoor
96174,Populus tremula,ForestWetPoor
96175,Populus tremula,ForestWetPoor
96176,Populus tremula,ForestWetPoor
96177,Populus tremula,ForestWetPoor
96178,Populus tremula,ForestWetPoor
96179,Populus tremula,ForestWetPoor
96180,Populus tremula,ForestWetPoor
96181,Populus tremula,ForestWetPoor
96182,Populus tremula,ForestWetPoor
96183,Populus tremula,ForestWetPoor
96184,Populus tremula,ForestWetPoor
96185,Populus tremula,ForestWetPoor
96186,Populus tremula,ForestWetPoor
96187,Populus tremula,ForestWetPoor
96188,Populus tremula,ForestWetPoor
96189,Populus tremula,ForestWetPoor
96190,Populus tremula,ForestWetPoor
96191,Populus tremula,ForestWetPoor
96192,Populus tremula,ForestWetPoor
96193,Populus tremula,ForestWetPoor
96194,Populus tremula,ForestWetPoor
96195,Populus tremula,ForestWetPoor
96196,Populus tremula,ForestWetPoor
96197,Populus tremula,ForestWetPoor
96198,Populus tremula,ForestWetPoor
96199,Populus tremula,ForestWetPoor
96200,Populus tremula,ForestWetPoor
96201,Populus tremula,ForestWetPoor
96202,Populus tremula,ForestWetPoor
96203,Populus tremula,ForestWetPoor
96204,Populus tremula,ForestWetPoor
96205,Populus tremula,ForestWetPoor
96206,Populus tremula,ForestWetPoor
96207,Populus tremula,ForestWetPoor
96208,Populus tremula,ForestWetPoor
96209,Populus tremula,ForestWetPoor
96210,Populus tremula,ForestWetPoor
96211,Populus tremula,ForestWetPoor
96212,Populus tremula,ForestWetPoor
96213,Populus tremula,ForestWetPoor
96214,Populus tremula,ForestWetPoor
96215,Populus tremula,ForestWetPoor
96216,Populus tremula,ForestWetPoor
96758,Populus tremula,ForestWetPoor
96759,Populus tremula,ForestWetPoor
96760,Populus tremula,ForestWetPoor
96761,Populus tremula,ForestWetPoor
96762,Populus tremula,ForestWetPoor
96763,Populus tremula,ForestWetPoor
96764,Populus tremula,ForestWetPoor
96765,Populus tremula,ForestWetPoor
96766,Populus tremula,ForestWetPoor
96767,Populus tremula,ForestWetPoor
96768,Populus tremula,ForestWetPoor
96769,Populus tremula,ForestWetPoor
96770,Populus tremula,ForestWetPoor
96771,Populus tremula,ForestWetPoor
96772,Populus tremula,ForestWetPoor
96773,Populus tremula,ForestWetPoor
96774,Populus tremula,ForestWetPoor
96775,Populus tremula,ForestWetPoor
96776,Populus tremula,ForestWetPoor
96777,Populus tremula,ForestWetPoor
96778,Populus tremula,ForestWetPoor
96779,Populus tremula,ForestWetPoor
96780,Populus tremula,ForestWetPoor
96781,Populus tremula,ForestWetPoor
96782,Populus tremula,ForestWetPoor
96783,Populus tremula,ForestWetPoor
96784,Populus tremula,ForestWetPoor
96785,Populus tremula,ForestWetPoor
96786,Populus tremula,ForestWetPoor
96787,Populus tremula,ForestWetPoor
96788,Populus tremula,ForestWetPoor
96789,Populus tremula,ForestWetPoor
96790,Populus tremula,ForestWetPoor
96791,Populus tremula,ForestWetPoor
96792,Populus tremula,ForestWetPoor
96793,Populus tremula,ForestWetPoor
96794,Populus tremula,ForestWetPoor
96795,Populus tremula,ForestWetPoor
96796,Populus tremula,ForestWetPoor
96797,Populus tremula,ForestWetPoor
96798,Populus tremula,ForestWetPoor
96799,Populus tremula,ForestWetPoor
96800,Populus tremula,ForestWetPoor
96801,Populus tremula,ForestWetPoor
96802,Populus tremula,ForestWetPoor
96803,Populus tremula,ForestWetPoor
96804,Populus tremula,ForestWetPoor
96805,Populus tremula,ForestWetPoor
96806,Populus tremula,ForestWetPoor
96807,Populus tremula,ForestWetPoor
96808,Populus tremula,ForestWetPoor
96809,Populus tremula,ForestWetPoor
96810,Populus tremula,ForestWetPoor
96811,Populus tremula,ForestWetPoor
96812,Populus tremula,ForestWetPoor
96813,Populus tremula,ForestWetPoor
96814,Populus tremula,ForestWetPoor
96815,Populus tremula,ForestWetPoor
97358,Populus tremula,ForestWetPoor
97359,Populus tremula,ForestWetPoor
97360,Populus tremula,ForestWetPoor
97361,Populus tremula,ForestWetPoor
97362,Populus tremula,ForestWetPoor
97363,Populus tremula,ForestWetPoor
97364,Populus tremula,ForestWetPoor
97365,Populus tremula,ForestWetPoor
97366,Populus tremula,ForestWetPoor
97367,Populus tremula,ForestWetPoor
97368,Populus tremula,ForestWetPoor
97369,Populus tremula,ForestWetPoor
97370,Populus tremula,ForestWetPoor
97371,Populus tremula,ForestWetPoor
97372,Populus tremula,ForestWetPoor
97373,Populus tremula,ForestWetPoor
97374,Populus tremula,ForestWetPoor
97375,Populus tremula,ForestWetPoor
97376,Populus tremula,ForestWetPoor
97377,Populus tremula,ForestWetPoor
97378,Populus tremula,ForestWetPoor
97379,Populus tremula,ForestWetPoor
97380,Populus tremula,ForestWetPoor
97381,Populus tremula,ForestWetPoor
97382,Populus tremula,ForestWetPoor
97383,Populus tremula,ForestWetPoor
97384,Populus tremula,ForestWetPoor
97385,Populus tremula,ForestWetPoor
97386,Populus tremula,ForestWetPoor
97387,Populus tremula,ForestWetPoor
97388,Populus tremula,ForestWetPoor
97389,Populus tremula,ForestWetPoor
97390,Populus tremula,ForestWetPoor
97391,Populus tremula,ForestWetPoor
97392,Populus tremula,ForestWetPoor
97393,Populus tremula,ForestWetPoor
97394,Populus tremula,ForestWetPoor
97395,Populus tremula,ForestWetPoor
97396,Populus tremula,ForestWetPoor
97397,Populus tremula,ForestWetPoor
97398,Populus tremula,ForestWetPoor
97399,Populus tremula,ForestWetPoor
97400,Populus tremula,ForestWetPoor
97401,Populus tremula,ForestWetPoor
97402,Populus tremula,ForestWetPoor
97403,Populus tremula,ForestWetPoor
97404,Populus tremula,ForestWetPoor
97405,Populus tremula,ForestWetPoor
97406,Populus tremula,ForestWetPoor
97407,Populus tremula,ForestWetPoor
97408,Populus tremula,ForestWetPoor
97409,Populus tremula,ForestWetPoor
97410,Populus tremula,ForestWetPoor
97411,Populus tremula,ForestWetPoor
97412,Populus tremula,ForestWetPoor
97413,Populus tremula,ForestWetPoor
97414,Populus tremula,ForestWetPoor
97958,Populus tremula,ForestWetPoor
97959,Populus tremula,ForestWetPoor
97960,Populus tremula,ForestWetPoor
97961,Populus tremula,ForestWetPoor
97962,Populus tremula,ForestWetPoor
97963,Populus tremula,ForestWetPoor
97964,Populus tremula,ForestWetPoor
97965,Populus tremula,ForestWetPoor
97966,Populus tremula,ForestWetPoor
97967,Populus tremula,ForestWetPoor
97968,Populus tremula,ForestWetPoor
97969,Populus tremula,ForestWetPoor
97970,Populus tremula,ForestWetPoor
97971,Populus tremula,ForestWetPoor
97972,Populus tremula,ForestWetPoor
97973,Populus tremula,ForestWetPoor
97974,Populus tremula,ForestWetPoor
97975,Populus tremula,ForestWetPoor
97976,Populus tremula,ForestWetPoor
97977,Populus tremula,ForestWetPoor
97978,Populus tremula,ForestWetPoor
97979,Populus tremula,ForestWetPoor
97980,Populus tremula,ForestWetPoor
97981,Populus tremula,ForestWetPoor
97982,Populus tremula,ForestWetPoor
97983,Populus tremula,ForestWetPoor
97984,Populus tremula,ForestWetPoor
97985,Populus tremula,ForestWetPoor
97986,Populus tremula,ForestWetPoor
97987,Populus tremula,ForestWetPoor
97988,Populus tremula,ForestWetPoor
97989,Populus tremula,ForestWetPoor
97990,Populus tremula,ForestWetPoor
97991,Populus tremula,ForestWetPoor
97992,Populus tremula,ForestWetPoor
97993,Populus tremula,ForestWetPoor
97994,Populus tremula,ForestWetPoor
97995,Populus tremula,ForestWetPoor
97996,Populus tremula,ForestWetPoor
97997,Populus tremula,ForestWetPoor
97998,Populus tremula,ForestWetPoor
97999,Populus tremula,ForestWetPoor
98000,Populus tremula,ForestWetPoor
98001,Populus tremula,ForestWetPoor
98002,Populus tremula,ForestWetPoor
98003,Populus tremula,ForestWetPoor
98004,Populus tremula,ForestWetPoor
98005,Populus tremula,ForestWetPoor
98006,Populus tremula,ForestWetPoor
98007,Populus tremula,ForestWetPoor
98008,Populus tremula,ForestWetPoor
98009,Populus tremula,ForestWetPoor
98010,Populus tremula,ForestWetPoor
98011,Populus tremula,ForestWetPoor
98012,Populus tremula,ForestWetPoor
98013,Populus tremula,ForestWetPoor
