266453,Saponaria officinalis,ForestWetPoor
266454,Saponaria officinalis,ForestWetPoor
266455,Saponaria officinalis,ForestWetPoor
266456,Saponaria officinalis,ForestWetPoor
266457,Saponaria officinalis,ForestWetPoor
266458,Saponaria officinalis,ForestWetPoor
266459,Saponaria officinalis,ForestWetPoor
266460,Saponaria officinalis,ForestWetPoor
266461,Saponaria officinalis,ForestWetPoor
267052,Saponaria officinalis,ForestWetPoor
267053,Saponaria officinalis,ForestWetPoor
267054,Saponaria officinalis,ForestWetPoor
267055,Saponaria officinalis,ForestWetPoor
267056,Saponaria officinalis,ForestWetPoor
267057,Saponaria officinalis,ForestWetPoor
267058,Saponaria officinalis,ForestWetPoor
267059,Saponaria officinalis,ForestWetPoor
267060,Saponaria officinalis,ForestWetPoor
267651,Saponaria officinalis,ForestWetPoor
267652,Saponaria officinalis,ForestWetPoor
267653,Saponaria officinalis,ForestWetPoor
267654,Saponaria officinalis,ForestWetPoor
267655,Saponaria officinalis,ForestWetPoor
267656,Saponaria officinalis,ForestWetPoor
267657,Saponaria officinalis,ForestWetPoor
267658,Saponaria officinalis,ForestWetPoor
268250,Saponaria officinalis,ForestWetPoor
268251,Saponaria officinalis,ForestWetPoor
268252,Saponaria officinalis,ForestWetPoor
268253,Saponaria officinalis,ForestWetPoor
268254,Saponaria officinalis,ForestWetPoor
268255,Saponaria officinalis,ForestWetPoor
268256,Saponaria officinalis,ForestWetPoor
268257,Saponaria officinalis,ForestWetPoor
268849,Saponaria officinalis,ForestWetPoor
268850,Saponaria officinalis,ForestWetPoor
268851,Saponaria officinalis,ForestWetPoor
268852,Saponaria officinalis,ForestWetPoor
268853,Saponaria officinalis,ForestWetPoor
268854,Saponaria officinalis,ForestWetPoor
268855,Saponaria officinalis,ForestWetPoor
268856,Saponaria officinalis,ForestWetPoor
269448,Saponaria officinalis,ForestWetPoor
269449,Saponaria officinalis,ForestWetPoor
269450,Saponaria officinalis,ForestWetPoor
269451,Saponaria officinalis,ForestWetPoor
269452,Saponaria officinalis,ForestWetPoor
269453,Saponaria officinalis,ForestWetPoor
269454,Saponaria officinalis,ForestWetPoor
270047,Saponaria officinalis,ForestWetPoor
270048,Saponaria officinalis,ForestWetPoor
270049,Saponaria officinalis,ForestWetPoor
270050,Saponaria officinalis,ForestWetPoor
270051,Saponaria officinalis,ForestWetPoor
270052,Saponaria officinalis,ForestWetPoor
270053,Saponaria officinalis,ForestWetPoor
270646,Saponaria officinalis,ForestWetPoor
270647,Saponaria officinalis,ForestWetPoor
270648,Saponaria officinalis,ForestWetPoor
270649,Saponaria officinalis,ForestWetPoor
270650,Saponaria officinalis,ForestWetPoor
270651,Saponaria officinalis,ForestWetPoor
271245,Saponaria officinalis,ForestWetPoor
271246,Saponaria officinalis,ForestWetPoor
271247,Saponaria officinalis,ForestWetPoor
271248,Saponaria officinalis,ForestWetPoor
271249,Saponaria officinalis,ForestWetPoor
271250,Saponaria officinalis,ForestWetPoor
271844,Saponaria officinalis,ForestWetPoor
271845,Saponaria officinalis,ForestWetPoor
271846,Saponaria officinalis,ForestWetPoor
271847,Saponaria officinalis,ForestWetPoor
271848,Saponaria officinalis,ForestWetPoor
272443,Saponaria officinalis,ForestWetPoor
272444,Saponaria officinalis,ForestWetPoor
272445,Saponaria officinalis,ForestWetPoor
272446,Saponaria officinalis,ForestWetPoor
272447,Saponaria officinalis,ForestWetPoor
273042,Saponaria officinalis,ForestWetPoor
273043,Saponaria officinalis,ForestWetPoor
273044,Saponaria officinalis,ForestWetPoor
273045,Saponaria officinalis,ForestWetPoor
273641,Saponaria officinalis,ForestWetPoor
273642,Saponaria officinalis,ForestWetPoor
273643,Saponaria officinalis,ForestWetPoor
273644,Saponaria officinalis,ForestWetPoor
274240,Saponaria officinalis,ForestWetPoor
274241,Saponaria officinalis,ForestWetPoor
274242,Saponaria officinalis,ForestWetPoor
274839,Saponaria officinalis,ForestWetPoor
274840,Saponaria officinalis,ForestWetPoor
275438,Saponaria officinalis,ForestWetPoor
275439,Saponaria officinalis,ForestWetPoor
276037,Saponaria officinalis,ForestWetPoor
278413,Saponaria officinalis,ForestWetPoor
278414,Saponaria officinalis,ForestWetPoor
278415,Saponaria officinalis,ForestWetPoor
278416,Saponaria officinalis,ForestWetPoor
278417,Saponaria officinalis,ForestWetPoor
278418,Saponaria officinalis,ForestWetPoor
278419,Saponaria officinalis,ForestWetPoor
278420,Saponaria officinalis,ForestWetPoor
278421,Saponaria officinalis,ForestWetPoor
278422,Saponaria officinalis,ForestWetPoor
278423,Saponaria officinalis,ForestWetPoor
278424,Saponaria officinalis,ForestWetPoor
278425,Saponaria officinalis,ForestWetPoor
278426,Saponaria officinalis,ForestWetPoor
278427,Saponaria officinalis,ForestWetPoor
278428,Saponaria officinalis,ForestWetPoor
278429,Saponaria officinalis,ForestWetPoor
279012,Saponaria officinalis,ForestWetPoor
279013,Saponaria officinalis,ForestWetPoor
279014,Saponaria officinalis,ForestWetPoor
279015,Saponaria officinalis,ForestWetPoor
279016,Saponaria officinalis,ForestWetPoor
279017,Saponaria officinalis,ForestWetPoor
279018,Saponaria officinalis,ForestWetPoor
279019,Saponaria officinalis,ForestWetPoor
279020,Saponaria officinalis,ForestWetPoor
279021,Saponaria officinalis,ForestWetPoor
279022,Saponaria officinalis,ForestWetPoor
279023,Saponaria officinalis,ForestWetPoor
279024,Saponaria officinalis,ForestWetPoor
279025,Saponaria officinalis,ForestWetPoor
279026,Saponaria officinalis,ForestWetPoor
279027,Saponaria officinalis,ForestWetPoor
279611,Saponaria officinalis,ForestWetPoor
279612,Saponaria officinalis,ForestWetPoor
279613,Saponaria officinalis,ForestWetPoor
279614,Saponaria officinalis,ForestWetPoor
279615,Saponaria officinalis,ForestWetPoor
279616,Saponaria officinalis,ForestWetPoor
279617,Saponaria officinalis,ForestWetPoor
279618,Saponaria officinalis,ForestWetPoor
279619,Saponaria officinalis,ForestWetPoor
279620,Saponaria officinalis,ForestWetPoor
279621,Saponaria officinalis,ForestWetPoor
279622,Saponaria officinalis,ForestWetPoor
279623,Saponaria officinalis,ForestWetPoor
279624,Saponaria officinalis,ForestWetPoor
279625,Saponaria officinalis,ForestWetPoor
280210,Saponaria officinalis,ForestWetPoor
280211,Saponaria officinalis,ForestWetPoor
280212,Saponaria officinalis,ForestWetPoor
280213,Saponaria officinalis,ForestWetPoor
280214,Saponaria officinalis,ForestWetPoor
280215,Saponaria officinalis,ForestWetPoor
280216,Saponaria officinalis,ForestWetPoor
280217,Saponaria officinalis,ForestWetPoor
280218,Saponaria officinalis,ForestWetPoor
280219,Saponaria officinalis,ForestWetPoor
280220,Saponaria officinalis,ForestWetPoor
280221,Saponaria officinalis,ForestWetPoor
280222,Saponaria officinalis,ForestWetPoor
280223,Saponaria officinalis,ForestWetPoor
280809,Saponaria officinalis,ForestWetPoor
280810,Saponaria officinalis,ForestWetPoor
280811,Saponaria officinalis,ForestWetPoor
280812,Saponaria officinalis,ForestWetPoor
280813,Saponaria officinalis,ForestWetPoor
280814,Saponaria officinalis,ForestWetPoor
280815,Saponaria officinalis,ForestWetPoor
280816,Saponaria officinalis,ForestWetPoor
280817,Saponaria officinalis,ForestWetPoor
280818,Saponaria officinalis,ForestWetPoor
280819,Saponaria officinalis,ForestWetPoor
280820,Saponaria officinalis,ForestWetPoor
280821,Saponaria officinalis,ForestWetPoor
281408,Saponaria officinalis,ForestWetPoor
281409,Saponaria officinalis,ForestWetPoor
281410,Saponaria officinalis,ForestWetPoor
281411,Saponaria officinalis,ForestWetPoor
281412,Saponaria officinalis,ForestWetPoor
281413,Saponaria officinalis,ForestWetPoor
281414,Saponaria officinalis,ForestWetPoor
281415,Saponaria officinalis,ForestWetPoor
281416,Saponaria officinalis,ForestWetPoor
281417,Saponaria officinalis,ForestWetPoor
281418,Saponaria officinalis,ForestWetPoor
281419,Saponaria officinalis,ForestWetPoor
282007,Saponaria officinalis,ForestWetPoor
282008,Saponaria officinalis,ForestWetPoor
282009,Saponaria officinalis,ForestWetPoor
282010,Saponaria officinalis,ForestWetPoor
282011,Saponaria officinalis,ForestWetPoor
282012,Saponaria officinalis,ForestWetPoor
282013,Saponaria officinalis,ForestWetPoor
282014,Saponaria officinalis,ForestWetPoor
282015,Saponaria officinalis,ForestWetPoor
282016,Saponaria officinalis,ForestWetPoor
282017,Saponaria officinalis,ForestWetPoor
282606,Saponaria officinalis,ForestWetPoor
282607,Saponaria officinalis,ForestWetPoor
282608,Saponaria officinalis,ForestWetPoor
282609,Saponaria officinalis,ForestWetPoor
282610,Saponaria officinalis,ForestWetPoor
282611,Saponaria officinalis,ForestWetPoor
282612,Saponaria officinalis,ForestWetPoor
282613,Saponaria officinalis,ForestWetPoor
282614,Saponaria officinalis,ForestWetPoor
283205,Saponaria officinalis,ForestWetPoor
283206,Saponaria officinalis,ForestWetPoor
283207,Saponaria officinalis,ForestWetPoor
283208,Saponaria officinalis,ForestWetPoor
283209,Saponaria officinalis,ForestWetPoor
283210,Saponaria officinalis,ForestWetPoor
283211,Saponaria officinalis,ForestWetPoor
283804,Saponaria officinalis,ForestWetPoor
283805,Saponaria officinalis,ForestWetPoor
283806,Saponaria officinalis,ForestWetPoor
283807,Saponaria officinalis,ForestWetPoor
283808,Saponaria officinalis,ForestWetPoor
283809,Saponaria officinalis,ForestWetPoor
284403,Saponaria officinalis,ForestWetPoor
284404,Saponaria officinalis,ForestWetPoor
284405,Saponaria officinalis,ForestWetPoor
284406,Saponaria officinalis,ForestWetPoor
285002,Saponaria officinalis,ForestWetPoor
285003,Saponaria officinalis,ForestWetPoor
302293,Saponaria officinalis,ForestWetPoor
302294,Saponaria officinalis,ForestWetPoor
302295,Saponaria officinalis,ForestWetPoor
302296,Saponaria officinalis,ForestWetPoor
302297,Saponaria officinalis,ForestWetPoor
302298,Saponaria officinalis,ForestWetPoor
302299,Saponaria officinalis,ForestWetPoor
302300,Saponaria officinalis,ForestWetPoor
302301,Saponaria officinalis,ForestWetPoor
302302,Saponaria officinalis,ForestWetPoor
302303,Saponaria officinalis,ForestWetPoor
302304,Saponaria officinalis,ForestWetPoor
302305,Saponaria officinalis,ForestWetPoor
302306,Saponaria officinalis,ForestWetPoor
302307,Saponaria officinalis,ForestWetPoor
302308,Saponaria officinalis,ForestWetPoor
302309,Saponaria officinalis,ForestWetPoor
302310,Saponaria officinalis,ForestWetPoor
302311,Saponaria officinalis,ForestWetPoor
302312,Saponaria officinalis,ForestWetPoor
302313,Saponaria officinalis,ForestWetPoor
302314,Saponaria officinalis,ForestWetPoor
302315,Saponaria officinalis,ForestWetPoor
302316,Saponaria officinalis,ForestWetPoor
302317,Saponaria officinalis,ForestWetPoor
302318,Saponaria officinalis,ForestWetPoor
302319,Saponaria officinalis,ForestWetPoor
302320,Saponaria officinalis,ForestWetPoor
302321,Saponaria officinalis,ForestWetPoor
302322,Saponaria officinalis,ForestWetPoor
302323,Saponaria officinalis,ForestWetPoor
302324,Saponaria officinalis,ForestWetPoor
302325,Saponaria officinalis,ForestWetPoor
302326,Saponaria officinalis,ForestWetPoor
302327,Saponaria officinalis,ForestWetPoor
302328,Saponaria officinalis,ForestWetPoor
302329,Saponaria officinalis,ForestWetPoor
302330,Saponaria officinalis,ForestWetPoor
302331,Saponaria officinalis,ForestWetPoor
302332,Saponaria officinalis,ForestWetPoor
302894,Saponaria officinalis,ForestWetPoor
302895,Saponaria officinalis,ForestWetPoor
302896,Saponaria officinalis,ForestWetPoor
302897,Saponaria officinalis,ForestWetPoor
302898,Saponaria officinalis,ForestWetPoor
302899,Saponaria officinalis,ForestWetPoor
302900,Saponaria officinalis,ForestWetPoor
302901,Saponaria officinalis,ForestWetPoor
302902,Saponaria officinalis,ForestWetPoor
302903,Saponaria officinalis,ForestWetPoor
302904,Saponaria officinalis,ForestWetPoor
302905,Saponaria officinalis,ForestWetPoor
302906,Saponaria officinalis,ForestWetPoor
302907,Saponaria officinalis,ForestWetPoor
302908,Saponaria officinalis,ForestWetPoor
302909,Saponaria officinalis,ForestWetPoor
302910,Saponaria officinalis,ForestWetPoor
302911,Saponaria officinalis,ForestWetPoor
302912,Saponaria officinalis,ForestWetPoor
302913,Saponaria officinalis,ForestWetPoor
302914,Saponaria officinalis,ForestWetPoor
302915,Saponaria officinalis,ForestWetPoor
302916,Saponaria officinalis,ForestWetPoor
302917,Saponaria officinalis,ForestWetPoor
302918,Saponaria officinalis,ForestWetPoor
302919,Saponaria officinalis,ForestWetPoor
302920,Saponaria officinalis,ForestWetPoor
302921,Saponaria officinalis,ForestWetPoor
302922,Saponaria officinalis,ForestWetPoor
302923,Saponaria officinalis,ForestWetPoor
302924,Saponaria officinalis,ForestWetPoor
302925,Saponaria officinalis,ForestWetPoor
302926,Saponaria officinalis,ForestWetPoor
302927,Saponaria officinalis,ForestWetPoor
302928,Saponaria officinalis,ForestWetPoor
302929,Saponaria officinalis,ForestWetPoor
302930,Saponaria officinalis,ForestWetPoor
302931,Saponaria officinalis,ForestWetPoor
303495,Saponaria officinalis,ForestWetPoor
303496,Saponaria officinalis,ForestWetPoor
303497,Saponaria officinalis,ForestWetPoor
303498,Saponaria officinalis,ForestWetPoor
303499,Saponaria officinalis,ForestWetPoor
303500,Saponaria officinalis,ForestWetPoor
303501,Saponaria officinalis,ForestWetPoor
303502,Saponaria officinalis,ForestWetPoor
303503,Saponaria officinalis,ForestWetPoor
303504,Saponaria officinalis,ForestWetPoor
303505,Saponaria officinalis,ForestWetPoor
303506,Saponaria officinalis,ForestWetPoor
303507,Saponaria officinalis,ForestWetPoor
303508,Saponaria officinalis,ForestWetPoor
303509,Saponaria officinalis,ForestWetPoor
303510,Saponaria officinalis,ForestWetPoor
303511,Saponaria officinalis,ForestWetPoor
303512,Saponaria officinalis,ForestWetPoor
303513,Saponaria officinalis,ForestWetPoor
303514,Saponaria officinalis,ForestWetPoor
303515,Saponaria officinalis,ForestWetPoor
303516,Saponaria officinalis,ForestWetPoor
303517,Saponaria officinalis,ForestWetPoor
303518,Saponaria officinalis,ForestWetPoor
303519,Saponaria officinalis,ForestWetPoor
303520,Saponaria officinalis,ForestWetPoor
303521,Saponaria officinalis,ForestWetPoor
303522,Saponaria officinalis,ForestWetPoor
303523,Saponaria officinalis,ForestWetPoor
303524,Saponaria officinalis,ForestWetPoor
303525,Saponaria officinalis,ForestWetPoor
303526,Saponaria officinalis,ForestWetPoor
303527,Saponaria officinalis,ForestWetPoor
303528,Saponaria officinalis,ForestWetPoor
303529,Saponaria officinalis,ForestWetPoor
303530,Saponaria officinalis,ForestWetPoor
304095,Saponaria officinalis,ForestWetPoor
304096,Saponaria officinalis,ForestWetPoor
304097,Saponaria officinalis,ForestWetPoor
304098,Saponaria officinalis,ForestWetPoor
304099,Saponaria officinalis,ForestWetPoor
304100,Saponaria officinalis,ForestWetPoor
304101,Saponaria officinalis,ForestWetPoor
304102,Saponaria officinalis,ForestWetPoor
304103,Saponaria officinalis,ForestWetPoor
304104,Saponaria officinalis,ForestWetPoor
304105,Saponaria officinalis,ForestWetPoor
304106,Saponaria officinalis,ForestWetPoor
304107,Saponaria officinalis,ForestWetPoor
304108,Saponaria officinalis,ForestWetPoor
304109,Saponaria officinalis,ForestWetPoor
304110,Saponaria officinalis,ForestWetPoor
304111,Saponaria officinalis,ForestWetPoor
304112,Saponaria officinalis,ForestWetPoor
304113,Saponaria officinalis,ForestWetPoor
304114,Saponaria officinalis,ForestWetPoor
304115,Saponaria officinalis,ForestWetPoor
304116,Saponaria officinalis,ForestWetPoor
304117,Saponaria officinalis,ForestWetPoor
304118,Saponaria officinalis,ForestWetPoor
304119,Saponaria officinalis,ForestWetPoor
304120,Saponaria officinalis,ForestWetPoor
304121,Saponaria officinalis,ForestWetPoor
304122,Saponaria officinalis,ForestWetPoor
304123,Saponaria officinalis,ForestWetPoor
304124,Saponaria officinalis,ForestWetPoor
304125,Saponaria officinalis,ForestWetPoor
304126,Saponaria officinalis,ForestWetPoor
304127,Saponaria officinalis,ForestWetPoor
304128,Saponaria officinalis,ForestWetPoor
304129,Saponaria officinalis,ForestWetPoor
304697,Saponaria officinalis,ForestWetPoor
304698,Saponaria officinalis,ForestWetPoor
304699,Saponaria officinalis,ForestWetPoor
304700,Saponaria officinalis,ForestWetPoor
304701,Saponaria officinalis,ForestWetPoor
304702,Saponaria officinalis,ForestWetPoor
304703,Saponaria officinalis,ForestWetPoor
304704,Saponaria officinalis,ForestWetPoor
304705,Saponaria officinalis,ForestWetPoor
304706,Saponaria officinalis,ForestWetPoor
304707,Saponaria officinalis,ForestWetPoor
304708,Saponaria officinalis,ForestWetPoor
304709,Saponaria officinalis,ForestWetPoor
304710,Saponaria officinalis,ForestWetPoor
304711,Saponaria officinalis,ForestWetPoor
304712,Saponaria officinalis,ForestWetPoor
304713,Saponaria officinalis,ForestWetPoor
304714,Saponaria officinalis,ForestWetPoor
304715,Saponaria officinalis,ForestWetPoor
304716,Saponaria officinalis,ForestWetPoor
304717,Saponaria officinalis,ForestWetPoor
304718,Saponaria officinalis,ForestWetPoor
304719,Saponaria officinalis,ForestWetPoor
304720,Saponaria officinalis,ForestWetPoor
304721,Saponaria officinalis,ForestWetPoor
304722,Saponaria officinalis,ForestWetPoor
304723,Saponaria officinalis,ForestWetPoor
304724,Saponaria officinalis,ForestWetPoor
304725,Saponaria officinalis,ForestWetPoor
304726,Saponaria officinalis,ForestWetPoor
304727,Saponaria officinalis,ForestWetPoor
304728,Saponaria officinalis,ForestWetPoor
305298,Saponaria officinalis,ForestWetPoor
305299,Saponaria officinalis,ForestWetPoor
305300,Saponaria officinalis,ForestWetPoor
305301,Saponaria officinalis,ForestWetPoor
305302,Saponaria officinalis,ForestWetPoor
305303,Saponaria officinalis,ForestWetPoor
305304,Saponaria officinalis,ForestWetPoor
305305,Saponaria officinalis,ForestWetPoor
305306,Saponaria officinalis,ForestWetPoor
305307,Saponaria officinalis,ForestWetPoor
305308,Saponaria officinalis,ForestWetPoor
305309,Saponaria officinalis,ForestWetPoor
305310,Saponaria officinalis,ForestWetPoor
305311,Saponaria officinalis,ForestWetPoor
305312,Saponaria officinalis,ForestWetPoor
305313,Saponaria officinalis,ForestWetPoor
305314,Saponaria officinalis,ForestWetPoor
305315,Saponaria officinalis,ForestWetPoor
305316,Saponaria officinalis,ForestWetPoor
305317,Saponaria officinalis,ForestWetPoor
305318,Saponaria officinalis,ForestWetPoor
305319,Saponaria officinalis,ForestWetPoor
305320,Saponaria officinalis,ForestWetPoor
305321,Saponaria officinalis,ForestWetPoor
305322,Saponaria officinalis,ForestWetPoor
305323,Saponaria officinalis,ForestWetPoor
305324,Saponaria officinalis,ForestWetPoor
305325,Saponaria officinalis,ForestWetPoor
305326,Saponaria officinalis,ForestWetPoor
305327,Saponaria officinalis,ForestWetPoor
305900,Saponaria officinalis,ForestWetPoor
305901,Saponaria officinalis,ForestWetPoor
305902,Saponaria officinalis,ForestWetPoor
305903,Saponaria officinalis,ForestWetPoor
305904,Saponaria officinalis,ForestWetPoor
305905,Saponaria officinalis,ForestWetPoor
305906,Saponaria officinalis,ForestWetPoor
305907,Saponaria officinalis,ForestWetPoor
305908,Saponaria officinalis,ForestWetPoor
305909,Saponaria officinalis,ForestWetPoor
305910,Saponaria officinalis,ForestWetPoor
305911,Saponaria officinalis,ForestWetPoor
305912,Saponaria officinalis,ForestWetPoor
305913,Saponaria officinalis,ForestWetPoor
305914,Saponaria officinalis,ForestWetPoor
305915,Saponaria officinalis,ForestWetPoor
305916,Saponaria officinalis,ForestWetPoor
305917,Saponaria officinalis,ForestWetPoor
305918,Saponaria officinalis,ForestWetPoor
305919,Saponaria officinalis,ForestWetPoor
305920,Saponaria officinalis,ForestWetPoor
305921,Saponaria officinalis,ForestWetPoor
305922,Saponaria officinalis,ForestWetPoor
305923,Saponaria officinalis,ForestWetPoor
305924,Saponaria officinalis,ForestWetPoor
305925,Saponaria officinalis,ForestWetPoor
305926,Saponaria officinalis,ForestWetPoor
306503,Saponaria officinalis,ForestWetPoor
306504,Saponaria officinalis,ForestWetPoor
306505,Saponaria officinalis,ForestWetPoor
306506,Saponaria officinalis,ForestWetPoor
306507,Saponaria officinalis,ForestWetPoor
306508,Saponaria officinalis,ForestWetPoor
306509,Saponaria officinalis,ForestWetPoor
306510,Saponaria officinalis,ForestWetPoor
306511,Saponaria officinalis,ForestWetPoor
306512,Saponaria officinalis,ForestWetPoor
306513,Saponaria officinalis,ForestWetPoor
306514,Saponaria officinalis,ForestWetPoor
306515,Saponaria officinalis,ForestWetPoor
306516,Saponaria officinalis,ForestWetPoor
306517,Saponaria officinalis,ForestWetPoor
306518,Saponaria officinalis,ForestWetPoor
306519,Saponaria officinalis,ForestWetPoor
306520,Saponaria officinalis,ForestWetPoor
306521,Saponaria officinalis,ForestWetPoor
306522,Saponaria officinalis,ForestWetPoor
307111,Saponaria officinalis,ForestWetPoor
307112,Saponaria officinalis,ForestWetPoor
307113,Saponaria officinalis,ForestWetPoor
