83597,Dipsacus fullonum,ForestWetPoor
84196,Dipsacus fullonum,ForestWetPoor
84794,Dipsacus fullonum,ForestWetPoor
84795,Dipsacus fullonum,ForestWetPoor
85392,Dipsacus fullonum,ForestWetPoor
85393,Dipsacus fullonum,ForestWetPoor
85394,Dipsacus fullonum,ForestWetPoor
85991,Dipsacus fullonum,ForestWetPoor
85992,Dipsacus fullonum,ForestWetPoor
85993,Dipsacus fullonum,ForestWetPoor
86589,Dipsacus fullonum,ForestWetPoor
86590,Dipsacus fullonum,ForestWetPoor
86591,Dipsacus fullonum,ForestWetPoor
86592,Dipsacus fullonum,ForestWetPoor
86593,Dipsacus fullonum,ForestWetPoor
86594,Dipsacus fullonum,ForestWetPoor
86595,Dipsacus fullonum,ForestWetPoor
86596,Dipsacus fullonum,ForestWetPoor
86597,Dipsacus fullonum,ForestWetPoor
86598,Dipsacus fullonum,ForestWetPoor
86599,Dipsacus fullonum,ForestWetPoor
86600,Dipsacus fullonum,ForestWetPoor
86601,Dipsacus fullonum,ForestWetPoor
86602,Dipsacus fullonum,ForestWetPoor
86603,Dipsacus fullonum,ForestWetPoor
86604,Dipsacus fullonum,ForestWetPoor
86605,Dipsacus fullonum,ForestWetPoor
86606,Dipsacus fullonum,ForestWetPoor
86607,Dipsacus fullonum,ForestWetPoor
86608,Dipsacus fullonum,ForestWetPoor
86609,Dipsacus fullonum,ForestWetPoor
86610,Dipsacus fullonum,ForestWetPoor
86611,Dipsacus fullonum,ForestWetPoor
86612,Dipsacus fullonum,ForestWetPoor
86613,Dipsacus fullonum,ForestWetPoor
86614,Dipsacus fullonum,ForestWetPoor
86615,Dipsacus fullonum,ForestWetPoor
86616,Dipsacus fullonum,ForestWetPoor
86617,Dipsacus fullonum,ForestWetPoor
86618,Dipsacus fullonum,ForestWetPoor
86619,Dipsacus fullonum,ForestWetPoor
86620,Dipsacus fullonum,ForestWetPoor
86621,Dipsacus fullonum,ForestWetPoor
86622,Dipsacus fullonum,ForestWetPoor
86623,Dipsacus fullonum,ForestWetPoor
86624,Dipsacus fullonum,ForestWetPoor
86625,Dipsacus fullonum,ForestWetPoor
86626,Dipsacus fullonum,ForestWetPoor
86627,Dipsacus fullonum,ForestWetPoor
86628,Dipsacus fullonum,ForestWetPoor
86629,Dipsacus fullonum,ForestWetPoor
86630,Dipsacus fullonum,ForestWetPoor
86631,Dipsacus fullonum,ForestWetPoor
86632,Dipsacus fullonum,ForestWetPoor
87188,Dipsacus fullonum,ForestWetPoor
87189,Dipsacus fullonum,ForestWetPoor
87190,Dipsacus fullonum,ForestWetPoor
87191,Dipsacus fullonum,ForestWetPoor
87192,Dipsacus fullonum,ForestWetPoor
87193,Dipsacus fullonum,ForestWetPoor
87194,Dipsacus fullonum,ForestWetPoor
87195,Dipsacus fullonum,ForestWetPoor
87196,Dipsacus fullonum,ForestWetPoor
87197,Dipsacus fullonum,ForestWetPoor
87198,Dipsacus fullonum,ForestWetPoor
87199,Dipsacus fullonum,ForestWetPoor
87200,Dipsacus fullonum,ForestWetPoor
87201,Dipsacus fullonum,ForestWetPoor
87202,Dipsacus fullonum,ForestWetPoor
87203,Dipsacus fullonum,ForestWetPoor
87204,Dipsacus fullonum,ForestWetPoor
87205,Dipsacus fullonum,ForestWetPoor
87206,Dipsacus fullonum,ForestWetPoor
87207,Dipsacus fullonum,ForestWetPoor
87208,Dipsacus fullonum,ForestWetPoor
87209,Dipsacus fullonum,ForestWetPoor
87210,Dipsacus fullonum,ForestWetPoor
87211,Dipsacus fullonum,ForestWetPoor
87212,Dipsacus fullonum,ForestWetPoor
87213,Dipsacus fullonum,ForestWetPoor
87214,Dipsacus fullonum,ForestWetPoor
87215,Dipsacus fullonum,ForestWetPoor
87216,Dipsacus fullonum,ForestWetPoor
87217,Dipsacus fullonum,ForestWetPoor
87218,Dipsacus fullonum,ForestWetPoor
87219,Dipsacus fullonum,ForestWetPoor
87220,Dipsacus fullonum,ForestWetPoor
87221,Dipsacus fullonum,ForestWetPoor
87222,Dipsacus fullonum,ForestWetPoor
87223,Dipsacus fullonum,ForestWetPoor
87224,Dipsacus fullonum,ForestWetPoor
87225,Dipsacus fullonum,ForestWetPoor
87226,Dipsacus fullonum,ForestWetPoor
87227,Dipsacus fullonum,ForestWetPoor
87228,Dipsacus fullonum,ForestWetPoor
87229,Dipsacus fullonum,ForestWetPoor
87230,Dipsacus fullonum,ForestWetPoor
87231,Dipsacus fullonum,ForestWetPoor
87786,Dipsacus fullonum,ForestWetPoor
87787,Dipsacus fullonum,ForestWetPoor
87788,Dipsacus fullonum,ForestWetPoor
87789,Dipsacus fullonum,ForestWetPoor
87790,Dipsacus fullonum,ForestWetPoor
87791,Dipsacus fullonum,ForestWetPoor
87792,Dipsacus fullonum,ForestWetPoor
87793,Dipsacus fullonum,ForestWetPoor
87794,Dipsacus fullonum,ForestWetPoor
87795,Dipsacus fullonum,ForestWetPoor
87796,Dipsacus fullonum,ForestWetPoor
87797,Dipsacus fullonum,ForestWetPoor
87798,Dipsacus fullonum,ForestWetPoor
87799,Dipsacus fullonum,ForestWetPoor
87800,Dipsacus fullonum,ForestWetPoor
87801,Dipsacus fullonum,ForestWetPoor
87802,Dipsacus fullonum,ForestWetPoor
87803,Dipsacus fullonum,ForestWetPoor
87804,Dipsacus fullonum,ForestWetPoor
87805,Dipsacus fullonum,ForestWetPoor
87806,Dipsacus fullonum,ForestWetPoor
87807,Dipsacus fullonum,ForestWetPoor
87808,Dipsacus fullonum,ForestWetPoor
87809,Dipsacus fullonum,ForestWetPoor
87810,Dipsacus fullonum,ForestWetPoor
87811,Dipsacus fullonum,ForestWetPoor
87812,Dipsacus fullonum,ForestWetPoor
87813,Dipsacus fullonum,ForestWetPoor
87814,Dipsacus fullonum,ForestWetPoor
87815,Dipsacus fullonum,ForestWetPoor
87816,Dipsacus fullonum,ForestWetPoor
87817,Dipsacus fullonum,ForestWetPoor
87818,Dipsacus fullonum,ForestWetPoor
87819,Dipsacus fullonum,ForestWetPoor
87820,Dipsacus fullonum,ForestWetPoor
87821,Dipsacus fullonum,ForestWetPoor
87822,Dipsacus fullonum,ForestWetPoor
87823,Dipsacus fullonum,ForestWetPoor
87824,Dipsacus fullonum,ForestWetPoor
87825,Dipsacus fullonum,ForestWetPoor
87826,Dipsacus fullonum,ForestWetPoor
87827,Dipsacus fullonum,ForestWetPoor
87828,Dipsacus fullonum,ForestWetPoor
87829,Dipsacus fullonum,ForestWetPoor
87830,Dipsacus fullonum,ForestWetPoor
88385,Dipsacus fullonum,ForestWetPoor
88386,Dipsacus fullonum,ForestWetPoor
88387,Dipsacus fullonum,ForestWetPoor
88388,Dipsacus fullonum,ForestWetPoor
88389,Dipsacus fullonum,ForestWetPoor
88390,Dipsacus fullonum,ForestWetPoor
88391,Dipsacus fullonum,ForestWetPoor
88392,Dipsacus fullonum,ForestWetPoor
88393,Dipsacus fullonum,ForestWetPoor
88394,Dipsacus fullonum,ForestWetPoor
88395,Dipsacus fullonum,ForestWetPoor
88396,Dipsacus fullonum,ForestWetPoor
88397,Dipsacus fullonum,ForestWetPoor
88398,Dipsacus fullonum,ForestWetPoor
88399,Dipsacus fullonum,ForestWetPoor
88400,Dipsacus fullonum,ForestWetPoor
88401,Dipsacus fullonum,ForestWetPoor
88402,Dipsacus fullonum,ForestWetPoor
88403,Dipsacus fullonum,ForestWetPoor
88404,Dipsacus fullonum,ForestWetPoor
88405,Dipsacus fullonum,ForestWetPoor
88406,Dipsacus fullonum,ForestWetPoor
88407,Dipsacus fullonum,ForestWetPoor
88408,Dipsacus fullonum,ForestWetPoor
88409,Dipsacus fullonum,ForestWetPoor
88410,Dipsacus fullonum,ForestWetPoor
88411,Dipsacus fullonum,ForestWetPoor
88412,Dipsacus fullonum,ForestWetPoor
88413,Dipsacus fullonum,ForestWetPoor
88414,Dipsacus fullonum,ForestWetPoor
88415,Dipsacus fullonum,ForestWetPoor
88416,Dipsacus fullonum,ForestWetPoor
88417,Dipsacus fullonum,ForestWetPoor
88418,Dipsacus fullonum,ForestWetPoor
88419,Dipsacus fullonum,ForestWetPoor
88420,Dipsacus fullonum,ForestWetPoor
88421,Dipsacus fullonum,ForestWetPoor
88422,Dipsacus fullonum,ForestWetPoor
88423,Dipsacus fullonum,ForestWetPoor
88424,Dipsacus fullonum,ForestWetPoor
88425,Dipsacus fullonum,ForestWetPoor
88426,Dipsacus fullonum,ForestWetPoor
88427,Dipsacus fullonum,ForestWetPoor
88428,Dipsacus fullonum,ForestWetPoor
88429,Dipsacus fullonum,ForestWetPoor
88983,Dipsacus fullonum,ForestWetPoor
88984,Dipsacus fullonum,ForestWetPoor
88985,Dipsacus fullonum,ForestWetPoor
88986,Dipsacus fullonum,ForestWetPoor
88987,Dipsacus fullonum,ForestWetPoor
88988,Dipsacus fullonum,ForestWetPoor
88989,Dipsacus fullonum,ForestWetPoor
88990,Dipsacus fullonum,ForestWetPoor
88991,Dipsacus fullonum,ForestWetPoor
88992,Dipsacus fullonum,ForestWetPoor
88993,Dipsacus fullonum,ForestWetPoor
88994,Dipsacus fullonum,ForestWetPoor
88995,Dipsacus fullonum,ForestWetPoor
88996,Dipsacus fullonum,ForestWetPoor
88997,Dipsacus fullonum,ForestWetPoor
88998,Dipsacus fullonum,ForestWetPoor
88999,Dipsacus fullonum,ForestWetPoor
89000,Dipsacus fullonum,ForestWetPoor
89001,Dipsacus fullonum,ForestWetPoor
89002,Dipsacus fullonum,ForestWetPoor
89003,Dipsacus fullonum,ForestWetPoor
89004,Dipsacus fullonum,ForestWetPoor
89005,Dipsacus fullonum,ForestWetPoor
89006,Dipsacus fullonum,ForestWetPoor
89007,Dipsacus fullonum,ForestWetPoor
89008,Dipsacus fullonum,ForestWetPoor
89009,Dipsacus fullonum,ForestWetPoor
89010,Dipsacus fullonum,ForestWetPoor
89011,Dipsacus fullonum,ForestWetPoor
89012,Dipsacus fullonum,ForestWetPoor
89013,Dipsacus fullonum,ForestWetPoor
89014,Dipsacus fullonum,ForestWetPoor
89015,Dipsacus fullonum,ForestWetPoor
89016,Dipsacus fullonum,ForestWetPoor
89017,Dipsacus fullonum,ForestWetPoor
89018,Dipsacus fullonum,ForestWetPoor
89019,Dipsacus fullonum,ForestWetPoor
89020,Dipsacus fullonum,ForestWetPoor
89021,Dipsacus fullonum,ForestWetPoor
89022,Dipsacus fullonum,ForestWetPoor
89023,Dipsacus fullonum,ForestWetPoor
89024,Dipsacus fullonum,ForestWetPoor
89025,Dipsacus fullonum,ForestWetPoor
89026,Dipsacus fullonum,ForestWetPoor
89027,Dipsacus fullonum,ForestWetPoor
89028,Dipsacus fullonum,ForestWetPoor
89582,Dipsacus fullonum,ForestWetPoor
89583,Dipsacus fullonum,ForestWetPoor
89584,Dipsacus fullonum,ForestWetPoor
89585,Dipsacus fullonum,ForestWetPoor
89586,Dipsacus fullonum,ForestWetPoor
89587,Dipsacus fullonum,ForestWetPoor
89588,Dipsacus fullonum,ForestWetPoor
89589,Dipsacus fullonum,ForestWetPoor
89590,Dipsacus fullonum,ForestWetPoor
89591,Dipsacus fullonum,ForestWetPoor
89592,Dipsacus fullonum,ForestWetPoor
89593,Dipsacus fullonum,ForestWetPoor
89594,Dipsacus fullonum,ForestWetPoor
89595,Dipsacus fullonum,ForestWetPoor
89596,Dipsacus fullonum,ForestWetPoor
89597,Dipsacus fullonum,ForestWetPoor
89598,Dipsacus fullonum,ForestWetPoor
89599,Dipsacus fullonum,ForestWetPoor
89600,Dipsacus fullonum,ForestWetPoor
89601,Dipsacus fullonum,ForestWetPoor
89602,Dipsacus fullonum,ForestWetPoor
89603,Dipsacus fullonum,ForestWetPoor
89604,Dipsacus fullonum,ForestWetPoor
89605,Dipsacus fullonum,ForestWetPoor
89606,Dipsacus fullonum,ForestWetPoor
89607,Dipsacus fullonum,ForestWetPoor
89608,Dipsacus fullonum,ForestWetPoor
89609,Dipsacus fullonum,ForestWetPoor
89610,Dipsacus fullonum,ForestWetPoor
89611,Dipsacus fullonum,ForestWetPoor
89612,Dipsacus fullonum,ForestWetPoor
89613,Dipsacus fullonum,ForestWetPoor
89614,Dipsacus fullonum,ForestWetPoor
89615,Dipsacus fullonum,ForestWetPoor
89616,Dipsacus fullonum,ForestWetPoor
89617,Dipsacus fullonum,ForestWetPoor
89618,Dipsacus fullonum,ForestWetPoor
89619,Dipsacus fullonum,ForestWetPoor
89620,Dipsacus fullonum,ForestWetPoor
89621,Dipsacus fullonum,ForestWetPoor
89622,Dipsacus fullonum,ForestWetPoor
89623,Dipsacus fullonum,ForestWetPoor
89624,Dipsacus fullonum,ForestWetPoor
89625,Dipsacus fullonum,ForestWetPoor
89626,Dipsacus fullonum,ForestWetPoor
89627,Dipsacus fullonum,ForestWetPoor
90180,Dipsacus fullonum,ForestWetPoor
90181,Dipsacus fullonum,ForestWetPoor
90182,Dipsacus fullonum,ForestWetPoor
90183,Dipsacus fullonum,ForestWetPoor
90184,Dipsacus fullonum,ForestWetPoor
90185,Dipsacus fullonum,ForestWetPoor
90186,Dipsacus fullonum,ForestWetPoor
90187,Dipsacus fullonum,ForestWetPoor
90188,Dipsacus fullonum,ForestWetPoor
90189,Dipsacus fullonum,ForestWetPoor
90190,Dipsacus fullonum,ForestWetPoor
90191,Dipsacus fullonum,ForestWetPoor
90192,Dipsacus fullonum,ForestWetPoor
90193,Dipsacus fullonum,ForestWetPoor
90194,Dipsacus fullonum,ForestWetPoor
90195,Dipsacus fullonum,ForestWetPoor
90196,Dipsacus fullonum,ForestWetPoor
90197,Dipsacus fullonum,ForestWetPoor
90198,Dipsacus fullonum,ForestWetPoor
90199,Dipsacus fullonum,ForestWetPoor
90200,Dipsacus fullonum,ForestWetPoor
90201,Dipsacus fullonum,ForestWetPoor
90202,Dipsacus fullonum,ForestWetPoor
90203,Dipsacus fullonum,ForestWetPoor
90204,Dipsacus fullonum,ForestWetPoor
90205,Dipsacus fullonum,ForestWetPoor
90206,Dipsacus fullonum,ForestWetPoor
90207,Dipsacus fullonum,ForestWetPoor
90208,Dipsacus fullonum,ForestWetPoor
90209,Dipsacus fullonum,ForestWetPoor
90210,Dipsacus fullonum,ForestWetPoor
90211,Dipsacus fullonum,ForestWetPoor
90212,Dipsacus fullonum,ForestWetPoor
90213,Dipsacus fullonum,ForestWetPoor
90214,Dipsacus fullonum,ForestWetPoor
90215,Dipsacus fullonum,ForestWetPoor
90216,Dipsacus fullonum,ForestWetPoor
90217,Dipsacus fullonum,ForestWetPoor
90218,Dipsacus fullonum,ForestWetPoor
90219,Dipsacus fullonum,ForestWetPoor
90220,Dipsacus fullonum,ForestWetPoor
90221,Dipsacus fullonum,ForestWetPoor
90222,Dipsacus fullonum,ForestWetPoor
90223,Dipsacus fullonum,ForestWetPoor
90224,Dipsacus fullonum,ForestWetPoor
90225,Dipsacus fullonum,ForestWetPoor
90226,Dipsacus fullonum,ForestWetPoor
90779,Dipsacus fullonum,ForestWetPoor
90780,Dipsacus fullonum,ForestWetPoor
90781,Dipsacus fullonum,ForestWetPoor
90782,Dipsacus fullonum,ForestWetPoor
90783,Dipsacus fullonum,ForestWetPoor
90784,Dipsacus fullonum,ForestWetPoor
90785,Dipsacus fullonum,ForestWetPoor
90786,Dipsacus fullonum,ForestWetPoor
90787,Dipsacus fullonum,ForestWetPoor
90788,Dipsacus fullonum,ForestWetPoor
90789,Dipsacus fullonum,ForestWetPoor
90790,Dipsacus fullonum,ForestWetPoor
90791,Dipsacus fullonum,ForestWetPoor
90792,Dipsacus fullonum,ForestWetPoor
90793,Dipsacus fullonum,ForestWetPoor
90794,Dipsacus fullonum,ForestWetPoor
90795,Dipsacus fullonum,ForestWetPoor
90796,Dipsacus fullonum,ForestWetPoor
90797,Dipsacus fullonum,ForestWetPoor
90798,Dipsacus fullonum,ForestWetPoor
90799,Dipsacus fullonum,ForestWetPoor
90800,Dipsacus fullonum,ForestWetPoor
90801,Dipsacus fullonum,ForestWetPoor
90802,Dipsacus fullonum,ForestWetPoor
90803,Dipsacus fullonum,ForestWetPoor
90804,Dipsacus fullonum,ForestWetPoor
90805,Dipsacus fullonum,ForestWetPoor
90806,Dipsacus fullonum,ForestWetPoor
90807,Dipsacus fullonum,ForestWetPoor
90808,Dipsacus fullonum,ForestWetPoor
90809,Dipsacus fullonum,ForestWetPoor
90810,Dipsacus fullonum,ForestWetPoor
90811,Dipsacus fullonum,ForestWetPoor
90812,Dipsacus fullonum,ForestWetPoor
90813,Dipsacus fullonum,ForestWetPoor
90814,Dipsacus fullonum,ForestWetPoor
90815,Dipsacus fullonum,ForestWetPoor
90816,Dipsacus fullonum,ForestWetPoor
90817,Dipsacus fullonum,ForestWetPoor
90818,Dipsacus fullonum,ForestWetPoor
90819,Dipsacus fullonum,ForestWetPoor
90820,Dipsacus fullonum,ForestWetPoor
90821,Dipsacus fullonum,ForestWetPoor
90822,Dipsacus fullonum,ForestWetPoor
90823,Dipsacus fullonum,ForestWetPoor
90824,Dipsacus fullonum,ForestWetPoor
90825,Dipsacus fullonum,ForestWetPoor
91378,Dipsacus fullonum,ForestWetPoor
91379,Dipsacus fullonum,ForestWetPoor
91380,Dipsacus fullonum,ForestWetPoor
91381,Dipsacus fullonum,ForestWetPoor
91382,Dipsacus fullonum,ForestWetPoor
91383,Dipsacus fullonum,ForestWetPoor
91384,Dipsacus fullonum,ForestWetPoor
91385,Dipsacus fullonum,ForestWetPoor
91386,Dipsacus fullonum,ForestWetPoor
91387,Dipsacus fullonum,ForestWetPoor
91388,Dipsacus fullonum,ForestWetPoor
91389,Dipsacus fullonum,ForestWetPoor
91390,Dipsacus fullonum,ForestWetPoor
91391,Dipsacus fullonum,ForestWetPoor
91392,Dipsacus fullonum,ForestWetPoor
91393,Dipsacus fullonum,ForestWetPoor
91394,Dipsacus fullonum,ForestWetPoor
91395,Dipsacus fullonum,ForestWetPoor
91396,Dipsacus fullonum,ForestWetPoor
91397,Dipsacus fullonum,ForestWetPoor
91398,Dipsacus fullonum,ForestWetPoor
91399,Dipsacus fullonum,ForestWetPoor
91400,Dipsacus fullonum,ForestWetPoor
91401,Dipsacus fullonum,ForestWetPoor
91402,Dipsacus fullonum,ForestWetPoor
91403,Dipsacus fullonum,ForestWetPoor
91404,Dipsacus fullonum,ForestWetPoor
91405,Dipsacus fullonum,ForestWetPoor
91406,Dipsacus fullonum,ForestWetPoor
91407,Dipsacus fullonum,ForestWetPoor
91408,Dipsacus fullonum,ForestWetPoor
91409,Dipsacus fullonum,ForestWetPoor
91410,Dipsacus fullonum,ForestWetPoor
91411,Dipsacus fullonum,ForestWetPoor
91412,Dipsacus fullonum,ForestWetPoor
91413,Dipsacus fullonum,ForestWetPoor
91414,Dipsacus fullonum,ForestWetPoor
91415,Dipsacus fullonum,ForestWetPoor
91416,Dipsacus fullonum,ForestWetPoor
91417,Dipsacus fullonum,ForestWetPoor
91418,Dipsacus fullonum,ForestWetPoor
91419,Dipsacus fullonum,ForestWetPoor
91420,Dipsacus fullonum,ForestWetPoor
91421,Dipsacus fullonum,ForestWetPoor
91422,Dipsacus fullonum,ForestWetPoor
91423,Dipsacus fullonum,ForestWetPoor
91424,Dipsacus fullonum,ForestWetPoor
91976,Dipsacus fullonum,ForestWetPoor
91977,Dipsacus fullonum,ForestWetPoor
91978,Dipsacus fullonum,ForestWetPoor
91979,Dipsacus fullonum,ForestWetPoor
91980,Dipsacus fullonum,ForestWetPoor
91981,Dipsacus fullonum,ForestWetPoor
91982,Dipsacus fullonum,ForestWetPoor
91983,Dipsacus fullonum,ForestWetPoor
91984,Dipsacus fullonum,ForestWetPoor
91985,Dipsacus fullonum,ForestWetPoor
91986,Dipsacus fullonum,ForestWetPoor
91987,Dipsacus fullonum,ForestWetPoor
91988,Dipsacus fullonum,ForestWetPoor
91989,Dipsacus fullonum,ForestWetPoor
91990,Dipsacus fullonum,ForestWetPoor
91991,Dipsacus fullonum,ForestWetPoor
91992,Dipsacus fullonum,ForestWetPoor
91993,Dipsacus fullonum,ForestWetPoor
91994,Dipsacus fullonum,ForestWetPoor
91995,Dipsacus fullonum,ForestWetPoor
91996,Dipsacus fullonum,ForestWetPoor
91997,Dipsacus fullonum,ForestWetPoor
91998,Dipsacus fullonum,ForestWetPoor
91999,Dipsacus fullonum,ForestWetPoor
92000,Dipsacus fullonum,ForestWetPoor
92001,Dipsacus fullonum,ForestWetPoor
92002,Dipsacus fullonum,ForestWetPoor
92003,Dipsacus fullonum,ForestWetPoor
92004,Dipsacus fullonum,ForestWetPoor
92005,Dipsacus fullonum,ForestWetPoor
92006,Dipsacus fullonum,ForestWetPoor
92007,Dipsacus fullonum,ForestWetPoor
92008,Dipsacus fullonum,ForestWetPoor
92009,Dipsacus fullonum,ForestWetPoor
92010,Dipsacus fullonum,ForestWetPoor
92011,Dipsacus fullonum,ForestWetPoor
92012,Dipsacus fullonum,ForestWetPoor
92013,Dipsacus fullonum,ForestWetPoor
92014,Dipsacus fullonum,ForestWetPoor
92015,Dipsacus fullonum,ForestWetPoor
92016,Dipsacus fullonum,ForestWetPoor
92017,Dipsacus fullonum,ForestWetPoor
92018,Dipsacus fullonum,ForestWetPoor
92019,Dipsacus fullonum,ForestWetPoor
92020,Dipsacus fullonum,ForestWetPoor
92021,Dipsacus fullonum,ForestWetPoor
92022,Dipsacus fullonum,ForestWetPoor
92023,Dipsacus fullonum,ForestWetPoor
92575,Dipsacus fullonum,ForestWetPoor
92576,Dipsacus fullonum,ForestWetPoor
92577,Dipsacus fullonum,ForestWetPoor
92578,Dipsacus fullonum,ForestWetPoor
92579,Dipsacus fullonum,ForestWetPoor
92580,Dipsacus fullonum,ForestWetPoor
92581,Dipsacus fullonum,ForestWetPoor
92582,Dipsacus fullonum,ForestWetPoor
92583,Dipsacus fullonum,ForestWetPoor
92584,Dipsacus fullonum,ForestWetPoor
92585,Dipsacus fullonum,ForestWetPoor
92586,Dipsacus fullonum,ForestWetPoor
92587,Dipsacus fullonum,ForestWetPoor
92588,Dipsacus fullonum,ForestWetPoor
92589,Dipsacus fullonum,ForestWetPoor
92590,Dipsacus fullonum,ForestWetPoor
92591,Dipsacus fullonum,ForestWetPoor
92592,Dipsacus fullonum,ForestWetPoor
92593,Dipsacus fullonum,ForestWetPoor
92594,Dipsacus fullonum,ForestWetPoor
92595,Dipsacus fullonum,ForestWetPoor
92596,Dipsacus fullonum,ForestWetPoor
92597,Dipsacus fullonum,ForestWetPoor
92598,Dipsacus fullonum,ForestWetPoor
92599,Dipsacus fullonum,ForestWetPoor
92600,Dipsacus fullonum,ForestWetPoor
92601,Dipsacus fullonum,ForestWetPoor
92602,Dipsacus fullonum,ForestWetPoor
92603,Dipsacus fullonum,ForestWetPoor
92604,Dipsacus fullonum,ForestWetPoor
92605,Dipsacus fullonum,ForestWetPoor
92606,Dipsacus fullonum,ForestWetPoor
92607,Dipsacus fullonum,ForestWetPoor
92608,Dipsacus fullonum,ForestWetPoor
92609,Dipsacus fullonum,ForestWetPoor
92610,Dipsacus fullonum,ForestWetPoor
92611,Dipsacus fullonum,ForestWetPoor
92612,Dipsacus fullonum,ForestWetPoor
92613,Dipsacus fullonum,ForestWetPoor
92614,Dipsacus fullonum,ForestWetPoor
92615,Dipsacus fullonum,ForestWetPoor
92616,Dipsacus fullonum,ForestWetPoor
92617,Dipsacus fullonum,ForestWetPoor
92618,Dipsacus fullonum,ForestWetPoor
92619,Dipsacus fullonum,ForestWetPoor
92620,Dipsacus fullonum,ForestWetPoor
92621,Dipsacus fullonum,ForestWetPoor
92622,Dipsacus fullonum,ForestWetPoor
93174,Dipsacus fullonum,ForestWetPoor
93175,Dipsacus fullonum,ForestWetPoor
93176,Dipsacus fullonum,ForestWetPoor
93177,Dipsacus fullonum,ForestWetPoor
93178,Dipsacus fullonum,ForestWetPoor
93179,Dipsacus fullonum,ForestWetPoor
93180,Dipsacus fullonum,ForestWetPoor
93181,Dipsacus fullonum,ForestWetPoor
93182,Dipsacus fullonum,ForestWetPoor
93183,Dipsacus fullonum,ForestWetPoor
93184,Dipsacus fullonum,ForestWetPoor
93185,Dipsacus fullonum,ForestWetPoor
93186,Dipsacus fullonum,ForestWetPoor
93187,Dipsacus fullonum,ForestWetPoor
93188,Dipsacus fullonum,ForestWetPoor
93189,Dipsacus fullonum,ForestWetPoor
93190,Dipsacus fullonum,ForestWetPoor
93191,Dipsacus fullonum,ForestWetPoor
93192,Dipsacus fullonum,ForestWetPoor
93193,Dipsacus fullonum,ForestWetPoor
93194,Dipsacus fullonum,ForestWetPoor
93195,Dipsacus fullonum,ForestWetPoor
93196,Dipsacus fullonum,ForestWetPoor
93197,Dipsacus fullonum,ForestWetPoor
93198,Dipsacus fullonum,ForestWetPoor
93199,Dipsacus fullonum,ForestWetPoor
93200,Dipsacus fullonum,ForestWetPoor
93201,Dipsacus fullonum,ForestWetPoor
93202,Dipsacus fullonum,ForestWetPoor
93203,Dipsacus fullonum,ForestWetPoor
93204,Dipsacus fullonum,ForestWetPoor
93205,Dipsacus fullonum,ForestWetPoor
93206,Dipsacus fullonum,ForestWetPoor
93207,Dipsacus fullonum,ForestWetPoor
93208,Dipsacus fullonum,ForestWetPoor
93209,Dipsacus fullonum,ForestWetPoor
93210,Dipsacus fullonum,ForestWetPoor
93211,Dipsacus fullonum,ForestWetPoor
93212,Dipsacus fullonum,ForestWetPoor
93213,Dipsacus fullonum,ForestWetPoor
93214,Dipsacus fullonum,ForestWetPoor
93215,Dipsacus fullonum,ForestWetPoor
93216,Dipsacus fullonum,ForestWetPoor
93217,Dipsacus fullonum,ForestWetPoor
93218,Dipsacus fullonum,ForestWetPoor
93219,Dipsacus fullonum,ForestWetPoor
93220,Dipsacus fullonum,ForestWetPoor
93221,Dipsacus fullonum,ForestWetPoor
93773,Dipsacus fullonum,ForestWetPoor
93774,Dipsacus fullonum,ForestWetPoor
93775,Dipsacus fullonum,ForestWetPoor
93776,Dipsacus fullonum,ForestWetPoor
93777,Dipsacus fullonum,ForestWetPoor
93778,Dipsacus fullonum,ForestWetPoor
93779,Dipsacus fullonum,ForestWetPoor
93780,Dipsacus fullonum,ForestWetPoor
93781,Dipsacus fullonum,ForestWetPoor
93782,Dipsacus fullonum,ForestWetPoor
93783,Dipsacus fullonum,ForestWetPoor
93784,Dipsacus fullonum,ForestWetPoor
93785,Dipsacus fullonum,ForestWetPoor
93786,Dipsacus fullonum,ForestWetPoor
93787,Dipsacus fullonum,ForestWetPoor
93788,Dipsacus fullonum,ForestWetPoor
93789,Dipsacus fullonum,ForestWetPoor
93790,Dipsacus fullonum,ForestWetPoor
93791,Dipsacus fullonum,ForestWetPoor
93792,Dipsacus fullonum,ForestWetPoor
93793,Dipsacus fullonum,ForestWetPoor
93794,Dipsacus fullonum,ForestWetPoor
93795,Dipsacus fullonum,ForestWetPoor
93796,Dipsacus fullonum,ForestWetPoor
93797,Dipsacus fullonum,ForestWetPoor
93798,Dipsacus fullonum,ForestWetPoor
93799,Dipsacus fullonum,ForestWetPoor
93800,Dipsacus fullonum,ForestWetPoor
93801,Dipsacus fullonum,ForestWetPoor
93802,Dipsacus fullonum,ForestWetPoor
93803,Dipsacus fullonum,ForestWetPoor
93804,Dipsacus fullonum,ForestWetPoor
93805,Dipsacus fullonum,ForestWetPoor
93806,Dipsacus fullonum,ForestWetPoor
93807,Dipsacus fullonum,ForestWetPoor
93808,Dipsacus fullonum,ForestWetPoor
93809,Dipsacus fullonum,ForestWetPoor
93810,Dipsacus fullonum,ForestWetPoor
93811,Dipsacus fullonum,ForestWetPoor
93812,Dipsacus fullonum,ForestWetPoor
93813,Dipsacus fullonum,ForestWetPoor
93814,Dipsacus fullonum,ForestWetPoor
93815,Dipsacus fullonum,ForestWetPoor
93816,Dipsacus fullonum,ForestWetPoor
93817,Dipsacus fullonum,ForestWetPoor
93818,Dipsacus fullonum,ForestWetPoor
93819,Dipsacus fullonum,ForestWetPoor
93820,Dipsacus fullonum,ForestWetPoor
94371,Dipsacus fullonum,ForestWetPoor
94372,Dipsacus fullonum,ForestWetPoor
94373,Dipsacus fullonum,ForestWetPoor
94374,Dipsacus fullonum,ForestWetPoor
94375,Dipsacus fullonum,ForestWetPoor
94376,Dipsacus fullonum,ForestWetPoor
94377,Dipsacus fullonum,ForestWetPoor
94378,Dipsacus fullonum,ForestWetPoor
94379,Dipsacus fullonum,ForestWetPoor
94380,Dipsacus fullonum,ForestWetPoor
94381,Dipsacus fullonum,ForestWetPoor
94382,Dipsacus fullonum,ForestWetPoor
94383,Dipsacus fullonum,ForestWetPoor
94384,Dipsacus fullonum,ForestWetPoor
94385,Dipsacus fullonum,ForestWetPoor
94386,Dipsacus fullonum,ForestWetPoor
94387,Dipsacus fullonum,ForestWetPoor
94388,Dipsacus fullonum,ForestWetPoor
94389,Dipsacus fullonum,ForestWetPoor
94390,Dipsacus fullonum,ForestWetPoor
94391,Dipsacus fullonum,ForestWetPoor
94392,Dipsacus fullonum,ForestWetPoor
94393,Dipsacus fullonum,ForestWetPoor
94394,Dipsacus fullonum,ForestWetPoor
94395,Dipsacus fullonum,ForestWetPoor
94396,Dipsacus fullonum,ForestWetPoor
94397,Dipsacus fullonum,ForestWetPoor
94398,Dipsacus fullonum,ForestWetPoor
94399,Dipsacus fullonum,ForestWetPoor
94400,Dipsacus fullonum,ForestWetPoor
94401,Dipsacus fullonum,ForestWetPoor
94402,Dipsacus fullonum,ForestWetPoor
94403,Dipsacus fullonum,ForestWetPoor
94404,Dipsacus fullonum,ForestWetPoor
94405,Dipsacus fullonum,ForestWetPoor
94406,Dipsacus fullonum,ForestWetPoor
94407,Dipsacus fullonum,ForestWetPoor
94408,Dipsacus fullonum,ForestWetPoor
94409,Dipsacus fullonum,ForestWetPoor
94410,Dipsacus fullonum,ForestWetPoor
94411,Dipsacus fullonum,ForestWetPoor
94412,Dipsacus fullonum,ForestWetPoor
94413,Dipsacus fullonum,ForestWetPoor
94414,Dipsacus fullonum,ForestWetPoor
94415,Dipsacus fullonum,ForestWetPoor
94416,Dipsacus fullonum,ForestWetPoor
94417,Dipsacus fullonum,ForestWetPoor
94418,Dipsacus fullonum,ForestWetPoor
94419,Dipsacus fullonum,ForestWetPoor
94970,Dipsacus fullonum,ForestWetPoor
94971,Dipsacus fullonum,ForestWetPoor
94972,Dipsacus fullonum,ForestWetPoor
94973,Dipsacus fullonum,ForestWetPoor
94974,Dipsacus fullonum,ForestWetPoor
94975,Dipsacus fullonum,ForestWetPoor
94976,Dipsacus fullonum,ForestWetPoor
94977,Dipsacus fullonum,ForestWetPoor
94978,Dipsacus fullonum,ForestWetPoor
94979,Dipsacus fullonum,ForestWetPoor
94980,Dipsacus fullonum,ForestWetPoor
94981,Dipsacus fullonum,ForestWetPoor
94982,Dipsacus fullonum,ForestWetPoor
94983,Dipsacus fullonum,ForestWetPoor
94984,Dipsacus fullonum,ForestWetPoor
94985,Dipsacus fullonum,ForestWetPoor
94986,Dipsacus fullonum,ForestWetPoor
94987,Dipsacus fullonum,ForestWetPoor
94988,Dipsacus fullonum,ForestWetPoor
94989,Dipsacus fullonum,ForestWetPoor
94990,Dipsacus fullonum,ForestWetPoor
94991,Dipsacus fullonum,ForestWetPoor
94992,Dipsacus fullonum,ForestWetPoor
94993,Dipsacus fullonum,ForestWetPoor
94994,Dipsacus fullonum,ForestWetPoor
94995,Dipsacus fullonum,ForestWetPoor
94996,Dipsacus fullonum,ForestWetPoor
94997,Dipsacus fullonum,ForestWetPoor
94998,Dipsacus fullonum,ForestWetPoor
94999,Dipsacus fullonum,ForestWetPoor
95000,Dipsacus fullonum,ForestWetPoor
95001,Dipsacus fullonum,ForestWetPoor
95002,Dipsacus fullonum,ForestWetPoor
95003,Dipsacus fullonum,ForestWetPoor
95004,Dipsacus fullonum,ForestWetPoor
95005,Dipsacus fullonum,ForestWetPoor
95006,Dipsacus fullonum,ForestWetPoor
95007,Dipsacus fullonum,ForestWetPoor
95008,Dipsacus fullonum,ForestWetPoor
95009,Dipsacus fullonum,ForestWetPoor
95010,Dipsacus fullonum,ForestWetPoor
95011,Dipsacus fullonum,ForestWetPoor
95012,Dipsacus fullonum,ForestWetPoor
95013,Dipsacus fullonum,ForestWetPoor
95014,Dipsacus fullonum,ForestWetPoor
95015,Dipsacus fullonum,ForestWetPoor
95016,Dipsacus fullonum,ForestWetPoor
95017,Dipsacus fullonum,ForestWetPoor
95018,Dipsacus fullonum,ForestWetPoor
95569,Dipsacus fullonum,ForestWetPoor
95570,Dipsacus fullonum,ForestWetPoor
95571,Dipsacus fullonum,ForestWetPoor
95572,Dipsacus fullonum,ForestWetPoor
95573,Dipsacus fullonum,ForestWetPoor
95574,Dipsacus fullonum,ForestWetPoor
95575,Dipsacus fullonum,ForestWetPoor
95576,Dipsacus fullonum,ForestWetPoor
95577,Dipsacus fullonum,ForestWetPoor
95578,Dipsacus fullonum,ForestWetPoor
95579,Dipsacus fullonum,ForestWetPoor
95580,Dipsacus fullonum,ForestWetPoor
95581,Dipsacus fullonum,ForestWetPoor
95582,Dipsacus fullonum,ForestWetPoor
95583,Dipsacus fullonum,ForestWetPoor
95584,Dipsacus fullonum,ForestWetPoor
95585,Dipsacus fullonum,ForestWetPoor
95586,Dipsacus fullonum,ForestWetPoor
95587,Dipsacus fullonum,ForestWetPoor
95588,Dipsacus fullonum,ForestWetPoor
95589,Dipsacus fullonum,ForestWetPoor
95590,Dipsacus fullonum,ForestWetPoor
95591,Dipsacus fullonum,ForestWetPoor
95592,Dipsacus fullonum,ForestWetPoor
95593,Dipsacus fullonum,ForestWetPoor
95594,Dipsacus fullonum,ForestWetPoor
95595,Dipsacus fullonum,ForestWetPoor
95596,Dipsacus fullonum,ForestWetPoor
95597,Dipsacus fullonum,ForestWetPoor
95598,Dipsacus fullonum,ForestWetPoor
95599,Dipsacus fullonum,ForestWetPoor
95600,Dipsacus fullonum,ForestWetPoor
95601,Dipsacus fullonum,ForestWetPoor
95602,Dipsacus fullonum,ForestWetPoor
95603,Dipsacus fullonum,ForestWetPoor
95604,Dipsacus fullonum,ForestWetPoor
95605,Dipsacus fullonum,ForestWetPoor
95606,Dipsacus fullonum,ForestWetPoor
95607,Dipsacus fullonum,ForestWetPoor
95608,Dipsacus fullonum,ForestWetPoor
95609,Dipsacus fullonum,ForestWetPoor
95610,Dipsacus fullonum,ForestWetPoor
95611,Dipsacus fullonum,ForestWetPoor
95612,Dipsacus fullonum,ForestWetPoor
95613,Dipsacus fullonum,ForestWetPoor
95614,Dipsacus fullonum,ForestWetPoor
95615,Dipsacus fullonum,ForestWetPoor
95616,Dipsacus fullonum,ForestWetPoor
95617,Dipsacus fullonum,ForestWetPoor
96168,Dipsacus fullonum,ForestWetPoor
96169,Dipsacus fullonum,ForestWetPoor
96170,Dipsacus fullonum,ForestWetPoor
96171,Dipsacus fullonum,ForestWetPoor
96172,Dipsacus fullonum,ForestWetPoor
96173,Dipsacus fullonum,ForestWetPoor
96174,Dipsacus fullonum,ForestWetPoor
96175,Dipsacus fullonum,ForestWetPoor
96176,Dipsacus fullonum,ForestWetPoor
96177,Dipsacus fullonum,ForestWetPoor
96178,Dipsacus fullonum,ForestWetPoor
96179,Dipsacus fullonum,ForestWetPoor
96180,Dipsacus fullonum,ForestWetPoor
96181,Dipsacus fullonum,ForestWetPoor
96182,Dipsacus fullonum,ForestWetPoor
96183,Dipsacus fullonum,ForestWetPoor
96184,Dipsacus fullonum,ForestWetPoor
96185,Dipsacus fullonum,ForestWetPoor
96186,Dipsacus fullonum,ForestWetPoor
96187,Dipsacus fullonum,ForestWetPoor
96188,Dipsacus fullonum,ForestWetPoor
96189,Dipsacus fullonum,ForestWetPoor
96190,Dipsacus fullonum,ForestWetPoor
96191,Dipsacus fullonum,ForestWetPoor
96192,Dipsacus fullonum,ForestWetPoor
96193,Dipsacus fullonum,ForestWetPoor
96194,Dipsacus fullonum,ForestWetPoor
96195,Dipsacus fullonum,ForestWetPoor
96196,Dipsacus fullonum,ForestWetPoor
96197,Dipsacus fullonum,ForestWetPoor
96198,Dipsacus fullonum,ForestWetPoor
96199,Dipsacus fullonum,ForestWetPoor
96200,Dipsacus fullonum,ForestWetPoor
96201,Dipsacus fullonum,ForestWetPoor
96202,Dipsacus fullonum,ForestWetPoor
96203,Dipsacus fullonum,ForestWetPoor
96204,Dipsacus fullonum,ForestWetPoor
96205,Dipsacus fullonum,ForestWetPoor
96206,Dipsacus fullonum,ForestWetPoor
96207,Dipsacus fullonum,ForestWetPoor
96208,Dipsacus fullonum,ForestWetPoor
96209,Dipsacus fullonum,ForestWetPoor
96210,Dipsacus fullonum,ForestWetPoor
96211,Dipsacus fullonum,ForestWetPoor
96212,Dipsacus fullonum,ForestWetPoor
96213,Dipsacus fullonum,ForestWetPoor
96214,Dipsacus fullonum,ForestWetPoor
96215,Dipsacus fullonum,ForestWetPoor
96216,Dipsacus fullonum,ForestWetPoor
96766,Dipsacus fullonum,ForestWetPoor
96767,Dipsacus fullonum,ForestWetPoor
96768,Dipsacus fullonum,ForestWetPoor
96769,Dipsacus fullonum,ForestWetPoor
96770,Dipsacus fullonum,ForestWetPoor
96771,Dipsacus fullonum,ForestWetPoor
96772,Dipsacus fullonum,ForestWetPoor
96773,Dipsacus fullonum,ForestWetPoor
96774,Dipsacus fullonum,ForestWetPoor
96775,Dipsacus fullonum,ForestWetPoor
96776,Dipsacus fullonum,ForestWetPoor
96777,Dipsacus fullonum,ForestWetPoor
96778,Dipsacus fullonum,ForestWetPoor
96779,Dipsacus fullonum,ForestWetPoor
96780,Dipsacus fullonum,ForestWetPoor
96781,Dipsacus fullonum,ForestWetPoor
96782,Dipsacus fullonum,ForestWetPoor
96783,Dipsacus fullonum,ForestWetPoor
96784,Dipsacus fullonum,ForestWetPoor
96785,Dipsacus fullonum,ForestWetPoor
96786,Dipsacus fullonum,ForestWetPoor
96787,Dipsacus fullonum,ForestWetPoor
96788,Dipsacus fullonum,ForestWetPoor
96789,Dipsacus fullonum,ForestWetPoor
96790,Dipsacus fullonum,ForestWetPoor
96791,Dipsacus fullonum,ForestWetPoor
96792,Dipsacus fullonum,ForestWetPoor
96793,Dipsacus fullonum,ForestWetPoor
96794,Dipsacus fullonum,ForestWetPoor
96795,Dipsacus fullonum,ForestWetPoor
96796,Dipsacus fullonum,ForestWetPoor
96797,Dipsacus fullonum,ForestWetPoor
96798,Dipsacus fullonum,ForestWetPoor
96799,Dipsacus fullonum,ForestWetPoor
96800,Dipsacus fullonum,ForestWetPoor
96801,Dipsacus fullonum,ForestWetPoor
96802,Dipsacus fullonum,ForestWetPoor
96803,Dipsacus fullonum,ForestWetPoor
96804,Dipsacus fullonum,ForestWetPoor
96805,Dipsacus fullonum,ForestWetPoor
96806,Dipsacus fullonum,ForestWetPoor
96807,Dipsacus fullonum,ForestWetPoor
96808,Dipsacus fullonum,ForestWetPoor
96809,Dipsacus fullonum,ForestWetPoor
96810,Dipsacus fullonum,ForestWetPoor
96811,Dipsacus fullonum,ForestWetPoor
96812,Dipsacus fullonum,ForestWetPoor
96813,Dipsacus fullonum,ForestWetPoor
96814,Dipsacus fullonum,ForestWetPoor
96815,Dipsacus fullonum,ForestWetPoor
97365,Dipsacus fullonum,ForestWetPoor
97366,Dipsacus fullonum,ForestWetPoor
97367,Dipsacus fullonum,ForestWetPoor
97368,Dipsacus fullonum,ForestWetPoor
97369,Dipsacus fullonum,ForestWetPoor
97370,Dipsacus fullonum,ForestWetPoor
97371,Dipsacus fullonum,ForestWetPoor
97372,Dipsacus fullonum,ForestWetPoor
97373,Dipsacus fullonum,ForestWetPoor
97374,Dipsacus fullonum,ForestWetPoor
97375,Dipsacus fullonum,ForestWetPoor
97376,Dipsacus fullonum,ForestWetPoor
97377,Dipsacus fullonum,ForestWetPoor
97378,Dipsacus fullonum,ForestWetPoor
97379,Dipsacus fullonum,ForestWetPoor
97380,Dipsacus fullonum,ForestWetPoor
97381,Dipsacus fullonum,ForestWetPoor
97382,Dipsacus fullonum,ForestWetPoor
97383,Dipsacus fullonum,ForestWetPoor
97384,Dipsacus fullonum,ForestWetPoor
97385,Dipsacus fullonum,ForestWetPoor
97386,Dipsacus fullonum,ForestWetPoor
97387,Dipsacus fullonum,ForestWetPoor
97388,Dipsacus fullonum,ForestWetPoor
97389,Dipsacus fullonum,ForestWetPoor
97390,Dipsacus fullonum,ForestWetPoor
97391,Dipsacus fullonum,ForestWetPoor
97392,Dipsacus fullonum,ForestWetPoor
97393,Dipsacus fullonum,ForestWetPoor
97394,Dipsacus fullonum,ForestWetPoor
97395,Dipsacus fullonum,ForestWetPoor
97396,Dipsacus fullonum,ForestWetPoor
97397,Dipsacus fullonum,ForestWetPoor
97398,Dipsacus fullonum,ForestWetPoor
97399,Dipsacus fullonum,ForestWetPoor
97400,Dipsacus fullonum,ForestWetPoor
97401,Dipsacus fullonum,ForestWetPoor
97402,Dipsacus fullonum,ForestWetPoor
97403,Dipsacus fullonum,ForestWetPoor
97404,Dipsacus fullonum,ForestWetPoor
97405,Dipsacus fullonum,ForestWetPoor
97406,Dipsacus fullonum,ForestWetPoor
97407,Dipsacus fullonum,ForestWetPoor
97408,Dipsacus fullonum,ForestWetPoor
97409,Dipsacus fullonum,ForestWetPoor
97410,Dipsacus fullonum,ForestWetPoor
97411,Dipsacus fullonum,ForestWetPoor
97412,Dipsacus fullonum,ForestWetPoor
97413,Dipsacus fullonum,ForestWetPoor
97414,Dipsacus fullonum,ForestWetPoor
97964,Dipsacus fullonum,ForestWetPoor
97965,Dipsacus fullonum,ForestWetPoor
97966,Dipsacus fullonum,ForestWetPoor
97967,Dipsacus fullonum,ForestWetPoor
97968,Dipsacus fullonum,ForestWetPoor
97969,Dipsacus fullonum,ForestWetPoor
97970,Dipsacus fullonum,ForestWetPoor
97971,Dipsacus fullonum,ForestWetPoor
97972,Dipsacus fullonum,ForestWetPoor
97973,Dipsacus fullonum,ForestWetPoor
97974,Dipsacus fullonum,ForestWetPoor
97975,Dipsacus fullonum,ForestWetPoor
97976,Dipsacus fullonum,ForestWetPoor
97977,Dipsacus fullonum,ForestWetPoor
97978,Dipsacus fullonum,ForestWetPoor
97979,Dipsacus fullonum,ForestWetPoor
97980,Dipsacus fullonum,ForestWetPoor
97981,Dipsacus fullonum,ForestWetPoor
97982,Dipsacus fullonum,ForestWetPoor
97983,Dipsacus fullonum,ForestWetPoor
97984,Dipsacus fullonum,ForestWetPoor
97985,Dipsacus fullonum,ForestWetPoor
97986,Dipsacus fullonum,ForestWetPoor
97987,Dipsacus fullonum,ForestWetPoor
97988,Dipsacus fullonum,ForestWetPoor
97989,Dipsacus fullonum,ForestWetPoor
97990,Dipsacus fullonum,ForestWetPoor
97991,Dipsacus fullonum,ForestWetPoor
97992,Dipsacus fullonum,ForestWetPoor
97993,Dipsacus fullonum,ForestWetPoor
97994,Dipsacus fullonum,ForestWetPoor
97995,Dipsacus fullonum,ForestWetPoor
97996,Dipsacus fullonum,ForestWetPoor
97997,Dipsacus fullonum,ForestWetPoor
97998,Dipsacus fullonum,ForestWetPoor
97999,Dipsacus fullonum,ForestWetPoor
98000,Dipsacus fullonum,ForestWetPoor
98001,Dipsacus fullonum,ForestWetPoor
98002,Dipsacus fullonum,ForestWetPoor
98003,Dipsacus fullonum,ForestWetPoor
98004,Dipsacus fullonum,ForestWetPoor
98005,Dipsacus fullonum,ForestWetPoor
98006,Dipsacus fullonum,ForestWetPoor
98007,Dipsacus fullonum,ForestWetPoor
98008,Dipsacus fullonum,ForestWetPoor
98009,Dipsacus fullonum,ForestWetPoor
98010,Dipsacus fullonum,ForestWetPoor
98011,Dipsacus fullonum,ForestWetPoor
98012,Dipsacus fullonum,ForestWetPoor
98013,Dipsacus fullonum,ForestWetPoor
