122633,Equisetum sylvaticum,ForestWetPoor
122634,Equisetum sylvaticum,ForestWetPoor
122635,Equisetum sylvaticum,ForestWetPoor
122636,Equisetum sylvaticum,ForestWetPoor
122637,Equisetum sylvaticum,ForestWetPoor
122638,Equisetum sylvaticum,ForestWetPoor
122639,Equisetum sylvaticum,ForestWetPoor
122640,Equisetum sylvaticum,ForestWetPoor
122641,Equisetum sylvaticum,ForestWetPoor
122642,Equisetum sylvaticum,ForestWetPoor
122643,Equisetum sylvaticum,ForestWetPoor
122644,Equisetum sylvaticum,ForestWetPoor
122645,Equisetum sylvaticum,ForestWetPoor
122646,Equisetum sylvaticum,ForestWetPoor
122647,Equisetum sylvaticum,ForestWetPoor
122648,Equisetum sylvaticum,ForestWetPoor
122649,Equisetum sylvaticum,ForestWetPoor
122650,Equisetum sylvaticum,ForestWetPoor
122651,Equisetum sylvaticum,ForestWetPoor
122652,Equisetum sylvaticum,ForestWetPoor
122673,Equisetum sylvaticum,ForestWetPoor
122674,Equisetum sylvaticum,ForestWetPoor
122675,Equisetum sylvaticum,ForestWetPoor
122676,Equisetum sylvaticum,ForestWetPoor
122677,Equisetum sylvaticum,ForestWetPoor
122678,Equisetum sylvaticum,ForestWetPoor
122679,Equisetum sylvaticum,ForestWetPoor
122680,Equisetum sylvaticum,ForestWetPoor
122681,Equisetum sylvaticum,ForestWetPoor
122682,Equisetum sylvaticum,ForestWetPoor
122683,Equisetum sylvaticum,ForestWetPoor
123232,Equisetum sylvaticum,ForestWetPoor
123233,Equisetum sylvaticum,ForestWetPoor
123234,Equisetum sylvaticum,ForestWetPoor
123235,Equisetum sylvaticum,ForestWetPoor
123236,Equisetum sylvaticum,ForestWetPoor
123237,Equisetum sylvaticum,ForestWetPoor
123238,Equisetum sylvaticum,ForestWetPoor
123239,Equisetum sylvaticum,ForestWetPoor
123240,Equisetum sylvaticum,ForestWetPoor
123241,Equisetum sylvaticum,ForestWetPoor
123242,Equisetum sylvaticum,ForestWetPoor
123243,Equisetum sylvaticum,ForestWetPoor
123244,Equisetum sylvaticum,ForestWetPoor
123245,Equisetum sylvaticum,ForestWetPoor
123246,Equisetum sylvaticum,ForestWetPoor
123247,Equisetum sylvaticum,ForestWetPoor
123248,Equisetum sylvaticum,ForestWetPoor
123249,Equisetum sylvaticum,ForestWetPoor
123250,Equisetum sylvaticum,ForestWetPoor
123251,Equisetum sylvaticum,ForestWetPoor
123272,Equisetum sylvaticum,ForestWetPoor
123273,Equisetum sylvaticum,ForestWetPoor
123274,Equisetum sylvaticum,ForestWetPoor
123275,Equisetum sylvaticum,ForestWetPoor
123276,Equisetum sylvaticum,ForestWetPoor
123277,Equisetum sylvaticum,ForestWetPoor
123278,Equisetum sylvaticum,ForestWetPoor
123279,Equisetum sylvaticum,ForestWetPoor
123280,Equisetum sylvaticum,ForestWetPoor
123281,Equisetum sylvaticum,ForestWetPoor
123282,Equisetum sylvaticum,ForestWetPoor
123283,Equisetum sylvaticum,ForestWetPoor
123831,Equisetum sylvaticum,ForestWetPoor
123832,Equisetum sylvaticum,ForestWetPoor
123833,Equisetum sylvaticum,ForestWetPoor
123834,Equisetum sylvaticum,ForestWetPoor
123835,Equisetum sylvaticum,ForestWetPoor
123836,Equisetum sylvaticum,ForestWetPoor
123837,Equisetum sylvaticum,ForestWetPoor
123838,Equisetum sylvaticum,ForestWetPoor
123839,Equisetum sylvaticum,ForestWetPoor
123840,Equisetum sylvaticum,ForestWetPoor
123841,Equisetum sylvaticum,ForestWetPoor
123842,Equisetum sylvaticum,ForestWetPoor
123843,Equisetum sylvaticum,ForestWetPoor
123844,Equisetum sylvaticum,ForestWetPoor
123845,Equisetum sylvaticum,ForestWetPoor
123846,Equisetum sylvaticum,ForestWetPoor
123847,Equisetum sylvaticum,ForestWetPoor
123848,Equisetum sylvaticum,ForestWetPoor
123849,Equisetum sylvaticum,ForestWetPoor
123850,Equisetum sylvaticum,ForestWetPoor
123871,Equisetum sylvaticum,ForestWetPoor
123872,Equisetum sylvaticum,ForestWetPoor
123873,Equisetum sylvaticum,ForestWetPoor
123874,Equisetum sylvaticum,ForestWetPoor
123875,Equisetum sylvaticum,ForestWetPoor
123876,Equisetum sylvaticum,ForestWetPoor
123877,Equisetum sylvaticum,ForestWetPoor
123878,Equisetum sylvaticum,ForestWetPoor
123879,Equisetum sylvaticum,ForestWetPoor
123880,Equisetum sylvaticum,ForestWetPoor
123881,Equisetum sylvaticum,ForestWetPoor
123882,Equisetum sylvaticum,ForestWetPoor
123883,Equisetum sylvaticum,ForestWetPoor
123884,Equisetum sylvaticum,ForestWetPoor
124430,Equisetum sylvaticum,ForestWetPoor
124431,Equisetum sylvaticum,ForestWetPoor
124432,Equisetum sylvaticum,ForestWetPoor
124433,Equisetum sylvaticum,ForestWetPoor
124434,Equisetum sylvaticum,ForestWetPoor
124435,Equisetum sylvaticum,ForestWetPoor
124436,Equisetum sylvaticum,ForestWetPoor
124437,Equisetum sylvaticum,ForestWetPoor
124438,Equisetum sylvaticum,ForestWetPoor
124439,Equisetum sylvaticum,ForestWetPoor
124440,Equisetum sylvaticum,ForestWetPoor
124441,Equisetum sylvaticum,ForestWetPoor
124442,Equisetum sylvaticum,ForestWetPoor
124443,Equisetum sylvaticum,ForestWetPoor
124444,Equisetum sylvaticum,ForestWetPoor
124445,Equisetum sylvaticum,ForestWetPoor
124446,Equisetum sylvaticum,ForestWetPoor
124447,Equisetum sylvaticum,ForestWetPoor
124448,Equisetum sylvaticum,ForestWetPoor
124449,Equisetum sylvaticum,ForestWetPoor
124470,Equisetum sylvaticum,ForestWetPoor
124471,Equisetum sylvaticum,ForestWetPoor
124472,Equisetum sylvaticum,ForestWetPoor
124473,Equisetum sylvaticum,ForestWetPoor
124474,Equisetum sylvaticum,ForestWetPoor
124475,Equisetum sylvaticum,ForestWetPoor
124476,Equisetum sylvaticum,ForestWetPoor
124477,Equisetum sylvaticum,ForestWetPoor
124478,Equisetum sylvaticum,ForestWetPoor
124479,Equisetum sylvaticum,ForestWetPoor
124480,Equisetum sylvaticum,ForestWetPoor
124481,Equisetum sylvaticum,ForestWetPoor
124482,Equisetum sylvaticum,ForestWetPoor
124483,Equisetum sylvaticum,ForestWetPoor
124484,Equisetum sylvaticum,ForestWetPoor
125029,Equisetum sylvaticum,ForestWetPoor
125030,Equisetum sylvaticum,ForestWetPoor
125031,Equisetum sylvaticum,ForestWetPoor
125032,Equisetum sylvaticum,ForestWetPoor
125033,Equisetum sylvaticum,ForestWetPoor
125034,Equisetum sylvaticum,ForestWetPoor
125035,Equisetum sylvaticum,ForestWetPoor
125036,Equisetum sylvaticum,ForestWetPoor
125037,Equisetum sylvaticum,ForestWetPoor
125038,Equisetum sylvaticum,ForestWetPoor
125039,Equisetum sylvaticum,ForestWetPoor
125040,Equisetum sylvaticum,ForestWetPoor
125041,Equisetum sylvaticum,ForestWetPoor
125042,Equisetum sylvaticum,ForestWetPoor
125043,Equisetum sylvaticum,ForestWetPoor
125044,Equisetum sylvaticum,ForestWetPoor
125045,Equisetum sylvaticum,ForestWetPoor
125046,Equisetum sylvaticum,ForestWetPoor
125047,Equisetum sylvaticum,ForestWetPoor
125048,Equisetum sylvaticum,ForestWetPoor
125069,Equisetum sylvaticum,ForestWetPoor
125070,Equisetum sylvaticum,ForestWetPoor
125071,Equisetum sylvaticum,ForestWetPoor
125072,Equisetum sylvaticum,ForestWetPoor
125073,Equisetum sylvaticum,ForestWetPoor
125074,Equisetum sylvaticum,ForestWetPoor
125075,Equisetum sylvaticum,ForestWetPoor
125076,Equisetum sylvaticum,ForestWetPoor
125077,Equisetum sylvaticum,ForestWetPoor
125078,Equisetum sylvaticum,ForestWetPoor
125079,Equisetum sylvaticum,ForestWetPoor
125080,Equisetum sylvaticum,ForestWetPoor
125081,Equisetum sylvaticum,ForestWetPoor
125082,Equisetum sylvaticum,ForestWetPoor
125083,Equisetum sylvaticum,ForestWetPoor
125084,Equisetum sylvaticum,ForestWetPoor
125628,Equisetum sylvaticum,ForestWetPoor
125629,Equisetum sylvaticum,ForestWetPoor
125630,Equisetum sylvaticum,ForestWetPoor
125631,Equisetum sylvaticum,ForestWetPoor
125632,Equisetum sylvaticum,ForestWetPoor
125633,Equisetum sylvaticum,ForestWetPoor
125634,Equisetum sylvaticum,ForestWetPoor
125635,Equisetum sylvaticum,ForestWetPoor
125636,Equisetum sylvaticum,ForestWetPoor
125637,Equisetum sylvaticum,ForestWetPoor
125638,Equisetum sylvaticum,ForestWetPoor
125639,Equisetum sylvaticum,ForestWetPoor
125640,Equisetum sylvaticum,ForestWetPoor
125641,Equisetum sylvaticum,ForestWetPoor
125642,Equisetum sylvaticum,ForestWetPoor
125643,Equisetum sylvaticum,ForestWetPoor
125644,Equisetum sylvaticum,ForestWetPoor
125645,Equisetum sylvaticum,ForestWetPoor
125646,Equisetum sylvaticum,ForestWetPoor
125647,Equisetum sylvaticum,ForestWetPoor
125668,Equisetum sylvaticum,ForestWetPoor
125669,Equisetum sylvaticum,ForestWetPoor
125670,Equisetum sylvaticum,ForestWetPoor
125671,Equisetum sylvaticum,ForestWetPoor
125672,Equisetum sylvaticum,ForestWetPoor
125673,Equisetum sylvaticum,ForestWetPoor
125674,Equisetum sylvaticum,ForestWetPoor
125675,Equisetum sylvaticum,ForestWetPoor
125676,Equisetum sylvaticum,ForestWetPoor
125677,Equisetum sylvaticum,ForestWetPoor
125678,Equisetum sylvaticum,ForestWetPoor
125679,Equisetum sylvaticum,ForestWetPoor
125680,Equisetum sylvaticum,ForestWetPoor
125681,Equisetum sylvaticum,ForestWetPoor
125682,Equisetum sylvaticum,ForestWetPoor
125683,Equisetum sylvaticum,ForestWetPoor
125684,Equisetum sylvaticum,ForestWetPoor
126227,Equisetum sylvaticum,ForestWetPoor
126228,Equisetum sylvaticum,ForestWetPoor
126229,Equisetum sylvaticum,ForestWetPoor
126230,Equisetum sylvaticum,ForestWetPoor
126231,Equisetum sylvaticum,ForestWetPoor
126232,Equisetum sylvaticum,ForestWetPoor
126233,Equisetum sylvaticum,ForestWetPoor
126234,Equisetum sylvaticum,ForestWetPoor
126235,Equisetum sylvaticum,ForestWetPoor
126236,Equisetum sylvaticum,ForestWetPoor
126237,Equisetum sylvaticum,ForestWetPoor
126238,Equisetum sylvaticum,ForestWetPoor
126239,Equisetum sylvaticum,ForestWetPoor
126240,Equisetum sylvaticum,ForestWetPoor
126241,Equisetum sylvaticum,ForestWetPoor
126242,Equisetum sylvaticum,ForestWetPoor
126243,Equisetum sylvaticum,ForestWetPoor
126244,Equisetum sylvaticum,ForestWetPoor
126245,Equisetum sylvaticum,ForestWetPoor
126246,Equisetum sylvaticum,ForestWetPoor
126267,Equisetum sylvaticum,ForestWetPoor
126268,Equisetum sylvaticum,ForestWetPoor
126269,Equisetum sylvaticum,ForestWetPoor
126270,Equisetum sylvaticum,ForestWetPoor
126271,Equisetum sylvaticum,ForestWetPoor
126272,Equisetum sylvaticum,ForestWetPoor
126273,Equisetum sylvaticum,ForestWetPoor
126274,Equisetum sylvaticum,ForestWetPoor
126275,Equisetum sylvaticum,ForestWetPoor
126276,Equisetum sylvaticum,ForestWetPoor
126277,Equisetum sylvaticum,ForestWetPoor
126278,Equisetum sylvaticum,ForestWetPoor
126279,Equisetum sylvaticum,ForestWetPoor
126280,Equisetum sylvaticum,ForestWetPoor
126281,Equisetum sylvaticum,ForestWetPoor
126282,Equisetum sylvaticum,ForestWetPoor
126283,Equisetum sylvaticum,ForestWetPoor
126284,Equisetum sylvaticum,ForestWetPoor
126826,Equisetum sylvaticum,ForestWetPoor
126827,Equisetum sylvaticum,ForestWetPoor
126828,Equisetum sylvaticum,ForestWetPoor
126829,Equisetum sylvaticum,ForestWetPoor
126830,Equisetum sylvaticum,ForestWetPoor
126831,Equisetum sylvaticum,ForestWetPoor
126832,Equisetum sylvaticum,ForestWetPoor
126833,Equisetum sylvaticum,ForestWetPoor
126834,Equisetum sylvaticum,ForestWetPoor
126835,Equisetum sylvaticum,ForestWetPoor
126836,Equisetum sylvaticum,ForestWetPoor
126837,Equisetum sylvaticum,ForestWetPoor
126838,Equisetum sylvaticum,ForestWetPoor
126839,Equisetum sylvaticum,ForestWetPoor
126840,Equisetum sylvaticum,ForestWetPoor
126841,Equisetum sylvaticum,ForestWetPoor
126842,Equisetum sylvaticum,ForestWetPoor
126843,Equisetum sylvaticum,ForestWetPoor
126844,Equisetum sylvaticum,ForestWetPoor
126845,Equisetum sylvaticum,ForestWetPoor
126866,Equisetum sylvaticum,ForestWetPoor
126867,Equisetum sylvaticum,ForestWetPoor
126868,Equisetum sylvaticum,ForestWetPoor
126869,Equisetum sylvaticum,ForestWetPoor
126870,Equisetum sylvaticum,ForestWetPoor
126871,Equisetum sylvaticum,ForestWetPoor
126872,Equisetum sylvaticum,ForestWetPoor
126873,Equisetum sylvaticum,ForestWetPoor
126874,Equisetum sylvaticum,ForestWetPoor
126875,Equisetum sylvaticum,ForestWetPoor
126876,Equisetum sylvaticum,ForestWetPoor
126877,Equisetum sylvaticum,ForestWetPoor
126878,Equisetum sylvaticum,ForestWetPoor
126879,Equisetum sylvaticum,ForestWetPoor
126880,Equisetum sylvaticum,ForestWetPoor
126881,Equisetum sylvaticum,ForestWetPoor
126882,Equisetum sylvaticum,ForestWetPoor
126883,Equisetum sylvaticum,ForestWetPoor
127425,Equisetum sylvaticum,ForestWetPoor
127426,Equisetum sylvaticum,ForestWetPoor
127427,Equisetum sylvaticum,ForestWetPoor
127428,Equisetum sylvaticum,ForestWetPoor
127429,Equisetum sylvaticum,ForestWetPoor
127430,Equisetum sylvaticum,ForestWetPoor
127431,Equisetum sylvaticum,ForestWetPoor
127432,Equisetum sylvaticum,ForestWetPoor
127433,Equisetum sylvaticum,ForestWetPoor
127434,Equisetum sylvaticum,ForestWetPoor
127435,Equisetum sylvaticum,ForestWetPoor
127436,Equisetum sylvaticum,ForestWetPoor
127437,Equisetum sylvaticum,ForestWetPoor
127438,Equisetum sylvaticum,ForestWetPoor
127439,Equisetum sylvaticum,ForestWetPoor
127440,Equisetum sylvaticum,ForestWetPoor
127441,Equisetum sylvaticum,ForestWetPoor
127442,Equisetum sylvaticum,ForestWetPoor
127443,Equisetum sylvaticum,ForestWetPoor
127444,Equisetum sylvaticum,ForestWetPoor
127465,Equisetum sylvaticum,ForestWetPoor
127466,Equisetum sylvaticum,ForestWetPoor
127467,Equisetum sylvaticum,ForestWetPoor
127468,Equisetum sylvaticum,ForestWetPoor
127469,Equisetum sylvaticum,ForestWetPoor
127470,Equisetum sylvaticum,ForestWetPoor
127471,Equisetum sylvaticum,ForestWetPoor
127472,Equisetum sylvaticum,ForestWetPoor
127473,Equisetum sylvaticum,ForestWetPoor
127474,Equisetum sylvaticum,ForestWetPoor
127475,Equisetum sylvaticum,ForestWetPoor
127476,Equisetum sylvaticum,ForestWetPoor
127477,Equisetum sylvaticum,ForestWetPoor
127478,Equisetum sylvaticum,ForestWetPoor
127479,Equisetum sylvaticum,ForestWetPoor
127480,Equisetum sylvaticum,ForestWetPoor
127481,Equisetum sylvaticum,ForestWetPoor
127482,Equisetum sylvaticum,ForestWetPoor
127483,Equisetum sylvaticum,ForestWetPoor
128024,Equisetum sylvaticum,ForestWetPoor
128025,Equisetum sylvaticum,ForestWetPoor
128026,Equisetum sylvaticum,ForestWetPoor
128027,Equisetum sylvaticum,ForestWetPoor
128028,Equisetum sylvaticum,ForestWetPoor
128029,Equisetum sylvaticum,ForestWetPoor
128030,Equisetum sylvaticum,ForestWetPoor
128031,Equisetum sylvaticum,ForestWetPoor
128032,Equisetum sylvaticum,ForestWetPoor
128033,Equisetum sylvaticum,ForestWetPoor
128034,Equisetum sylvaticum,ForestWetPoor
128035,Equisetum sylvaticum,ForestWetPoor
128036,Equisetum sylvaticum,ForestWetPoor
128037,Equisetum sylvaticum,ForestWetPoor
128038,Equisetum sylvaticum,ForestWetPoor
128039,Equisetum sylvaticum,ForestWetPoor
128040,Equisetum sylvaticum,ForestWetPoor
128041,Equisetum sylvaticum,ForestWetPoor
128042,Equisetum sylvaticum,ForestWetPoor
128043,Equisetum sylvaticum,ForestWetPoor
128064,Equisetum sylvaticum,ForestWetPoor
128065,Equisetum sylvaticum,ForestWetPoor
128066,Equisetum sylvaticum,ForestWetPoor
128067,Equisetum sylvaticum,ForestWetPoor
128068,Equisetum sylvaticum,ForestWetPoor
128069,Equisetum sylvaticum,ForestWetPoor
128070,Equisetum sylvaticum,ForestWetPoor
128071,Equisetum sylvaticum,ForestWetPoor
128072,Equisetum sylvaticum,ForestWetPoor
128073,Equisetum sylvaticum,ForestWetPoor
128074,Equisetum sylvaticum,ForestWetPoor
128075,Equisetum sylvaticum,ForestWetPoor
128076,Equisetum sylvaticum,ForestWetPoor
128077,Equisetum sylvaticum,ForestWetPoor
128078,Equisetum sylvaticum,ForestWetPoor
128079,Equisetum sylvaticum,ForestWetPoor
128080,Equisetum sylvaticum,ForestWetPoor
128081,Equisetum sylvaticum,ForestWetPoor
128082,Equisetum sylvaticum,ForestWetPoor
128083,Equisetum sylvaticum,ForestWetPoor
128623,Equisetum sylvaticum,ForestWetPoor
128624,Equisetum sylvaticum,ForestWetPoor
128625,Equisetum sylvaticum,ForestWetPoor
128626,Equisetum sylvaticum,ForestWetPoor
128627,Equisetum sylvaticum,ForestWetPoor
128628,Equisetum sylvaticum,ForestWetPoor
128629,Equisetum sylvaticum,ForestWetPoor
128630,Equisetum sylvaticum,ForestWetPoor
128631,Equisetum sylvaticum,ForestWetPoor
128632,Equisetum sylvaticum,ForestWetPoor
128633,Equisetum sylvaticum,ForestWetPoor
128634,Equisetum sylvaticum,ForestWetPoor
128635,Equisetum sylvaticum,ForestWetPoor
128636,Equisetum sylvaticum,ForestWetPoor
128637,Equisetum sylvaticum,ForestWetPoor
128638,Equisetum sylvaticum,ForestWetPoor
128639,Equisetum sylvaticum,ForestWetPoor
128640,Equisetum sylvaticum,ForestWetPoor
128641,Equisetum sylvaticum,ForestWetPoor
128642,Equisetum sylvaticum,ForestWetPoor
128663,Equisetum sylvaticum,ForestWetPoor
128664,Equisetum sylvaticum,ForestWetPoor
128665,Equisetum sylvaticum,ForestWetPoor
128666,Equisetum sylvaticum,ForestWetPoor
128667,Equisetum sylvaticum,ForestWetPoor
128668,Equisetum sylvaticum,ForestWetPoor
128669,Equisetum sylvaticum,ForestWetPoor
128670,Equisetum sylvaticum,ForestWetPoor
128671,Equisetum sylvaticum,ForestWetPoor
128672,Equisetum sylvaticum,ForestWetPoor
128673,Equisetum sylvaticum,ForestWetPoor
128674,Equisetum sylvaticum,ForestWetPoor
128675,Equisetum sylvaticum,ForestWetPoor
128676,Equisetum sylvaticum,ForestWetPoor
128677,Equisetum sylvaticum,ForestWetPoor
128678,Equisetum sylvaticum,ForestWetPoor
128679,Equisetum sylvaticum,ForestWetPoor
128680,Equisetum sylvaticum,ForestWetPoor
128681,Equisetum sylvaticum,ForestWetPoor
128682,Equisetum sylvaticum,ForestWetPoor
128683,Equisetum sylvaticum,ForestWetPoor
129222,Equisetum sylvaticum,ForestWetPoor
129223,Equisetum sylvaticum,ForestWetPoor
129224,Equisetum sylvaticum,ForestWetPoor
129225,Equisetum sylvaticum,ForestWetPoor
129226,Equisetum sylvaticum,ForestWetPoor
129227,Equisetum sylvaticum,ForestWetPoor
129228,Equisetum sylvaticum,ForestWetPoor
129229,Equisetum sylvaticum,ForestWetPoor
129230,Equisetum sylvaticum,ForestWetPoor
129231,Equisetum sylvaticum,ForestWetPoor
129232,Equisetum sylvaticum,ForestWetPoor
129233,Equisetum sylvaticum,ForestWetPoor
129234,Equisetum sylvaticum,ForestWetPoor
129235,Equisetum sylvaticum,ForestWetPoor
129236,Equisetum sylvaticum,ForestWetPoor
129237,Equisetum sylvaticum,ForestWetPoor
129238,Equisetum sylvaticum,ForestWetPoor
129239,Equisetum sylvaticum,ForestWetPoor
129240,Equisetum sylvaticum,ForestWetPoor
129241,Equisetum sylvaticum,ForestWetPoor
129262,Equisetum sylvaticum,ForestWetPoor
129263,Equisetum sylvaticum,ForestWetPoor
129264,Equisetum sylvaticum,ForestWetPoor
129265,Equisetum sylvaticum,ForestWetPoor
129266,Equisetum sylvaticum,ForestWetPoor
129267,Equisetum sylvaticum,ForestWetPoor
129268,Equisetum sylvaticum,ForestWetPoor
129269,Equisetum sylvaticum,ForestWetPoor
129270,Equisetum sylvaticum,ForestWetPoor
129271,Equisetum sylvaticum,ForestWetPoor
129272,Equisetum sylvaticum,ForestWetPoor
129273,Equisetum sylvaticum,ForestWetPoor
129274,Equisetum sylvaticum,ForestWetPoor
129275,Equisetum sylvaticum,ForestWetPoor
129276,Equisetum sylvaticum,ForestWetPoor
129277,Equisetum sylvaticum,ForestWetPoor
129278,Equisetum sylvaticum,ForestWetPoor
129279,Equisetum sylvaticum,ForestWetPoor
129280,Equisetum sylvaticum,ForestWetPoor
129281,Equisetum sylvaticum,ForestWetPoor
129282,Equisetum sylvaticum,ForestWetPoor
129283,Equisetum sylvaticum,ForestWetPoor
129821,Equisetum sylvaticum,ForestWetPoor
129822,Equisetum sylvaticum,ForestWetPoor
129823,Equisetum sylvaticum,ForestWetPoor
129824,Equisetum sylvaticum,ForestWetPoor
129825,Equisetum sylvaticum,ForestWetPoor
129826,Equisetum sylvaticum,ForestWetPoor
129827,Equisetum sylvaticum,ForestWetPoor
129828,Equisetum sylvaticum,ForestWetPoor
129829,Equisetum sylvaticum,ForestWetPoor
129830,Equisetum sylvaticum,ForestWetPoor
129831,Equisetum sylvaticum,ForestWetPoor
129832,Equisetum sylvaticum,ForestWetPoor
129833,Equisetum sylvaticum,ForestWetPoor
129834,Equisetum sylvaticum,ForestWetPoor
129835,Equisetum sylvaticum,ForestWetPoor
129836,Equisetum sylvaticum,ForestWetPoor
129837,Equisetum sylvaticum,ForestWetPoor
129838,Equisetum sylvaticum,ForestWetPoor
129839,Equisetum sylvaticum,ForestWetPoor
129840,Equisetum sylvaticum,ForestWetPoor
129861,Equisetum sylvaticum,ForestWetPoor
129862,Equisetum sylvaticum,ForestWetPoor
129863,Equisetum sylvaticum,ForestWetPoor
129864,Equisetum sylvaticum,ForestWetPoor
129865,Equisetum sylvaticum,ForestWetPoor
129866,Equisetum sylvaticum,ForestWetPoor
129867,Equisetum sylvaticum,ForestWetPoor
129868,Equisetum sylvaticum,ForestWetPoor
129869,Equisetum sylvaticum,ForestWetPoor
129870,Equisetum sylvaticum,ForestWetPoor
129871,Equisetum sylvaticum,ForestWetPoor
129872,Equisetum sylvaticum,ForestWetPoor
129873,Equisetum sylvaticum,ForestWetPoor
129874,Equisetum sylvaticum,ForestWetPoor
129875,Equisetum sylvaticum,ForestWetPoor
129876,Equisetum sylvaticum,ForestWetPoor
129877,Equisetum sylvaticum,ForestWetPoor
129878,Equisetum sylvaticum,ForestWetPoor
129879,Equisetum sylvaticum,ForestWetPoor
129880,Equisetum sylvaticum,ForestWetPoor
129881,Equisetum sylvaticum,ForestWetPoor
129882,Equisetum sylvaticum,ForestWetPoor
130420,Equisetum sylvaticum,ForestWetPoor
130421,Equisetum sylvaticum,ForestWetPoor
130422,Equisetum sylvaticum,ForestWetPoor
130423,Equisetum sylvaticum,ForestWetPoor
130424,Equisetum sylvaticum,ForestWetPoor
130425,Equisetum sylvaticum,ForestWetPoor
130426,Equisetum sylvaticum,ForestWetPoor
130427,Equisetum sylvaticum,ForestWetPoor
130428,Equisetum sylvaticum,ForestWetPoor
130429,Equisetum sylvaticum,ForestWetPoor
130430,Equisetum sylvaticum,ForestWetPoor
130431,Equisetum sylvaticum,ForestWetPoor
130432,Equisetum sylvaticum,ForestWetPoor
130433,Equisetum sylvaticum,ForestWetPoor
130434,Equisetum sylvaticum,ForestWetPoor
130435,Equisetum sylvaticum,ForestWetPoor
130436,Equisetum sylvaticum,ForestWetPoor
130437,Equisetum sylvaticum,ForestWetPoor
130438,Equisetum sylvaticum,ForestWetPoor
130439,Equisetum sylvaticum,ForestWetPoor
130460,Equisetum sylvaticum,ForestWetPoor
130461,Equisetum sylvaticum,ForestWetPoor
130462,Equisetum sylvaticum,ForestWetPoor
130463,Equisetum sylvaticum,ForestWetPoor
130464,Equisetum sylvaticum,ForestWetPoor
130465,Equisetum sylvaticum,ForestWetPoor
130466,Equisetum sylvaticum,ForestWetPoor
130467,Equisetum sylvaticum,ForestWetPoor
130468,Equisetum sylvaticum,ForestWetPoor
130469,Equisetum sylvaticum,ForestWetPoor
130470,Equisetum sylvaticum,ForestWetPoor
130471,Equisetum sylvaticum,ForestWetPoor
130472,Equisetum sylvaticum,ForestWetPoor
130473,Equisetum sylvaticum,ForestWetPoor
130474,Equisetum sylvaticum,ForestWetPoor
130475,Equisetum sylvaticum,ForestWetPoor
130476,Equisetum sylvaticum,ForestWetPoor
130477,Equisetum sylvaticum,ForestWetPoor
130478,Equisetum sylvaticum,ForestWetPoor
130479,Equisetum sylvaticum,ForestWetPoor
130480,Equisetum sylvaticum,ForestWetPoor
130481,Equisetum sylvaticum,ForestWetPoor
130482,Equisetum sylvaticum,ForestWetPoor
131019,Equisetum sylvaticum,ForestWetPoor
131020,Equisetum sylvaticum,ForestWetPoor
131021,Equisetum sylvaticum,ForestWetPoor
131022,Equisetum sylvaticum,ForestWetPoor
131023,Equisetum sylvaticum,ForestWetPoor
131024,Equisetum sylvaticum,ForestWetPoor
131025,Equisetum sylvaticum,ForestWetPoor
131026,Equisetum sylvaticum,ForestWetPoor
131027,Equisetum sylvaticum,ForestWetPoor
131028,Equisetum sylvaticum,ForestWetPoor
131029,Equisetum sylvaticum,ForestWetPoor
131030,Equisetum sylvaticum,ForestWetPoor
131031,Equisetum sylvaticum,ForestWetPoor
131032,Equisetum sylvaticum,ForestWetPoor
131033,Equisetum sylvaticum,ForestWetPoor
131034,Equisetum sylvaticum,ForestWetPoor
131035,Equisetum sylvaticum,ForestWetPoor
131036,Equisetum sylvaticum,ForestWetPoor
131037,Equisetum sylvaticum,ForestWetPoor
131038,Equisetum sylvaticum,ForestWetPoor
131059,Equisetum sylvaticum,ForestWetPoor
131060,Equisetum sylvaticum,ForestWetPoor
131061,Equisetum sylvaticum,ForestWetPoor
131062,Equisetum sylvaticum,ForestWetPoor
131063,Equisetum sylvaticum,ForestWetPoor
131064,Equisetum sylvaticum,ForestWetPoor
131065,Equisetum sylvaticum,ForestWetPoor
131066,Equisetum sylvaticum,ForestWetPoor
131067,Equisetum sylvaticum,ForestWetPoor
131068,Equisetum sylvaticum,ForestWetPoor
131069,Equisetum sylvaticum,ForestWetPoor
131070,Equisetum sylvaticum,ForestWetPoor
131071,Equisetum sylvaticum,ForestWetPoor
131072,Equisetum sylvaticum,ForestWetPoor
131073,Equisetum sylvaticum,ForestWetPoor
131074,Equisetum sylvaticum,ForestWetPoor
131075,Equisetum sylvaticum,ForestWetPoor
131076,Equisetum sylvaticum,ForestWetPoor
131077,Equisetum sylvaticum,ForestWetPoor
131078,Equisetum sylvaticum,ForestWetPoor
131079,Equisetum sylvaticum,ForestWetPoor
131080,Equisetum sylvaticum,ForestWetPoor
131081,Equisetum sylvaticum,ForestWetPoor
131618,Equisetum sylvaticum,ForestWetPoor
131619,Equisetum sylvaticum,ForestWetPoor
131620,Equisetum sylvaticum,ForestWetPoor
131621,Equisetum sylvaticum,ForestWetPoor
131622,Equisetum sylvaticum,ForestWetPoor
131623,Equisetum sylvaticum,ForestWetPoor
131624,Equisetum sylvaticum,ForestWetPoor
131625,Equisetum sylvaticum,ForestWetPoor
131626,Equisetum sylvaticum,ForestWetPoor
131627,Equisetum sylvaticum,ForestWetPoor
131628,Equisetum sylvaticum,ForestWetPoor
131629,Equisetum sylvaticum,ForestWetPoor
131630,Equisetum sylvaticum,ForestWetPoor
131631,Equisetum sylvaticum,ForestWetPoor
131632,Equisetum sylvaticum,ForestWetPoor
131633,Equisetum sylvaticum,ForestWetPoor
131634,Equisetum sylvaticum,ForestWetPoor
131635,Equisetum sylvaticum,ForestWetPoor
131636,Equisetum sylvaticum,ForestWetPoor
131637,Equisetum sylvaticum,ForestWetPoor
131658,Equisetum sylvaticum,ForestWetPoor
131659,Equisetum sylvaticum,ForestWetPoor
131660,Equisetum sylvaticum,ForestWetPoor
131661,Equisetum sylvaticum,ForestWetPoor
131662,Equisetum sylvaticum,ForestWetPoor
131663,Equisetum sylvaticum,ForestWetPoor
131664,Equisetum sylvaticum,ForestWetPoor
131665,Equisetum sylvaticum,ForestWetPoor
131666,Equisetum sylvaticum,ForestWetPoor
131667,Equisetum sylvaticum,ForestWetPoor
131668,Equisetum sylvaticum,ForestWetPoor
131669,Equisetum sylvaticum,ForestWetPoor
131670,Equisetum sylvaticum,ForestWetPoor
131671,Equisetum sylvaticum,ForestWetPoor
131672,Equisetum sylvaticum,ForestWetPoor
131673,Equisetum sylvaticum,ForestWetPoor
131674,Equisetum sylvaticum,ForestWetPoor
131675,Equisetum sylvaticum,ForestWetPoor
131676,Equisetum sylvaticum,ForestWetPoor
131677,Equisetum sylvaticum,ForestWetPoor
131678,Equisetum sylvaticum,ForestWetPoor
131679,Equisetum sylvaticum,ForestWetPoor
131680,Equisetum sylvaticum,ForestWetPoor
131681,Equisetum sylvaticum,ForestWetPoor
132217,Equisetum sylvaticum,ForestWetPoor
132218,Equisetum sylvaticum,ForestWetPoor
132219,Equisetum sylvaticum,ForestWetPoor
132220,Equisetum sylvaticum,ForestWetPoor
132221,Equisetum sylvaticum,ForestWetPoor
132222,Equisetum sylvaticum,ForestWetPoor
132223,Equisetum sylvaticum,ForestWetPoor
132224,Equisetum sylvaticum,ForestWetPoor
132225,Equisetum sylvaticum,ForestWetPoor
132226,Equisetum sylvaticum,ForestWetPoor
132227,Equisetum sylvaticum,ForestWetPoor
132228,Equisetum sylvaticum,ForestWetPoor
132229,Equisetum sylvaticum,ForestWetPoor
132230,Equisetum sylvaticum,ForestWetPoor
132231,Equisetum sylvaticum,ForestWetPoor
132232,Equisetum sylvaticum,ForestWetPoor
132233,Equisetum sylvaticum,ForestWetPoor
132234,Equisetum sylvaticum,ForestWetPoor
132235,Equisetum sylvaticum,ForestWetPoor
132236,Equisetum sylvaticum,ForestWetPoor
132257,Equisetum sylvaticum,ForestWetPoor
132258,Equisetum sylvaticum,ForestWetPoor
132259,Equisetum sylvaticum,ForestWetPoor
132260,Equisetum sylvaticum,ForestWetPoor
132261,Equisetum sylvaticum,ForestWetPoor
132262,Equisetum sylvaticum,ForestWetPoor
132263,Equisetum sylvaticum,ForestWetPoor
132264,Equisetum sylvaticum,ForestWetPoor
132265,Equisetum sylvaticum,ForestWetPoor
132266,Equisetum sylvaticum,ForestWetPoor
132267,Equisetum sylvaticum,ForestWetPoor
132268,Equisetum sylvaticum,ForestWetPoor
132269,Equisetum sylvaticum,ForestWetPoor
132270,Equisetum sylvaticum,ForestWetPoor
132271,Equisetum sylvaticum,ForestWetPoor
132272,Equisetum sylvaticum,ForestWetPoor
132273,Equisetum sylvaticum,ForestWetPoor
132274,Equisetum sylvaticum,ForestWetPoor
132275,Equisetum sylvaticum,ForestWetPoor
132276,Equisetum sylvaticum,ForestWetPoor
132277,Equisetum sylvaticum,ForestWetPoor
132278,Equisetum sylvaticum,ForestWetPoor
132279,Equisetum sylvaticum,ForestWetPoor
132280,Equisetum sylvaticum,ForestWetPoor
132281,Equisetum sylvaticum,ForestWetPoor
132816,Equisetum sylvaticum,ForestWetPoor
132817,Equisetum sylvaticum,ForestWetPoor
132818,Equisetum sylvaticum,ForestWetPoor
132819,Equisetum sylvaticum,ForestWetPoor
132820,Equisetum sylvaticum,ForestWetPoor
132821,Equisetum sylvaticum,ForestWetPoor
132822,Equisetum sylvaticum,ForestWetPoor
132823,Equisetum sylvaticum,ForestWetPoor
132824,Equisetum sylvaticum,ForestWetPoor
132825,Equisetum sylvaticum,ForestWetPoor
132826,Equisetum sylvaticum,ForestWetPoor
132827,Equisetum sylvaticum,ForestWetPoor
132828,Equisetum sylvaticum,ForestWetPoor
132829,Equisetum sylvaticum,ForestWetPoor
132830,Equisetum sylvaticum,ForestWetPoor
132831,Equisetum sylvaticum,ForestWetPoor
132832,Equisetum sylvaticum,ForestWetPoor
132833,Equisetum sylvaticum,ForestWetPoor
132834,Equisetum sylvaticum,ForestWetPoor
132835,Equisetum sylvaticum,ForestWetPoor
132856,Equisetum sylvaticum,ForestWetPoor
132857,Equisetum sylvaticum,ForestWetPoor
132858,Equisetum sylvaticum,ForestWetPoor
132859,Equisetum sylvaticum,ForestWetPoor
132860,Equisetum sylvaticum,ForestWetPoor
132861,Equisetum sylvaticum,ForestWetPoor
132862,Equisetum sylvaticum,ForestWetPoor
132863,Equisetum sylvaticum,ForestWetPoor
132864,Equisetum sylvaticum,ForestWetPoor
132865,Equisetum sylvaticum,ForestWetPoor
132866,Equisetum sylvaticum,ForestWetPoor
132867,Equisetum sylvaticum,ForestWetPoor
132868,Equisetum sylvaticum,ForestWetPoor
132869,Equisetum sylvaticum,ForestWetPoor
132870,Equisetum sylvaticum,ForestWetPoor
132871,Equisetum sylvaticum,ForestWetPoor
132872,Equisetum sylvaticum,ForestWetPoor
132873,Equisetum sylvaticum,ForestWetPoor
132874,Equisetum sylvaticum,ForestWetPoor
132875,Equisetum sylvaticum,ForestWetPoor
132876,Equisetum sylvaticum,ForestWetPoor
132877,Equisetum sylvaticum,ForestWetPoor
132878,Equisetum sylvaticum,ForestWetPoor
132879,Equisetum sylvaticum,ForestWetPoor
132880,Equisetum sylvaticum,ForestWetPoor
133415,Equisetum sylvaticum,ForestWetPoor
133416,Equisetum sylvaticum,ForestWetPoor
133417,Equisetum sylvaticum,ForestWetPoor
133418,Equisetum sylvaticum,ForestWetPoor
133419,Equisetum sylvaticum,ForestWetPoor
133420,Equisetum sylvaticum,ForestWetPoor
133421,Equisetum sylvaticum,ForestWetPoor
133422,Equisetum sylvaticum,ForestWetPoor
133423,Equisetum sylvaticum,ForestWetPoor
133424,Equisetum sylvaticum,ForestWetPoor
133425,Equisetum sylvaticum,ForestWetPoor
133426,Equisetum sylvaticum,ForestWetPoor
133427,Equisetum sylvaticum,ForestWetPoor
133428,Equisetum sylvaticum,ForestWetPoor
133429,Equisetum sylvaticum,ForestWetPoor
133430,Equisetum sylvaticum,ForestWetPoor
133431,Equisetum sylvaticum,ForestWetPoor
133432,Equisetum sylvaticum,ForestWetPoor
133433,Equisetum sylvaticum,ForestWetPoor
133434,Equisetum sylvaticum,ForestWetPoor
133455,Equisetum sylvaticum,ForestWetPoor
133456,Equisetum sylvaticum,ForestWetPoor
133457,Equisetum sylvaticum,ForestWetPoor
133458,Equisetum sylvaticum,ForestWetPoor
133459,Equisetum sylvaticum,ForestWetPoor
133460,Equisetum sylvaticum,ForestWetPoor
133461,Equisetum sylvaticum,ForestWetPoor
133462,Equisetum sylvaticum,ForestWetPoor
133463,Equisetum sylvaticum,ForestWetPoor
133464,Equisetum sylvaticum,ForestWetPoor
133465,Equisetum sylvaticum,ForestWetPoor
133466,Equisetum sylvaticum,ForestWetPoor
133467,Equisetum sylvaticum,ForestWetPoor
133468,Equisetum sylvaticum,ForestWetPoor
133469,Equisetum sylvaticum,ForestWetPoor
133470,Equisetum sylvaticum,ForestWetPoor
133471,Equisetum sylvaticum,ForestWetPoor
133472,Equisetum sylvaticum,ForestWetPoor
133473,Equisetum sylvaticum,ForestWetPoor
133474,Equisetum sylvaticum,ForestWetPoor
133475,Equisetum sylvaticum,ForestWetPoor
133476,Equisetum sylvaticum,ForestWetPoor
133477,Equisetum sylvaticum,ForestWetPoor
133478,Equisetum sylvaticum,ForestWetPoor
133479,Equisetum sylvaticum,ForestWetPoor
133480,Equisetum sylvaticum,ForestWetPoor
134014,Equisetum sylvaticum,ForestWetPoor
134015,Equisetum sylvaticum,ForestWetPoor
134016,Equisetum sylvaticum,ForestWetPoor
134017,Equisetum sylvaticum,ForestWetPoor
134018,Equisetum sylvaticum,ForestWetPoor
134019,Equisetum sylvaticum,ForestWetPoor
134020,Equisetum sylvaticum,ForestWetPoor
134021,Equisetum sylvaticum,ForestWetPoor
134022,Equisetum sylvaticum,ForestWetPoor
134023,Equisetum sylvaticum,ForestWetPoor
134024,Equisetum sylvaticum,ForestWetPoor
134025,Equisetum sylvaticum,ForestWetPoor
134026,Equisetum sylvaticum,ForestWetPoor
134027,Equisetum sylvaticum,ForestWetPoor
134028,Equisetum sylvaticum,ForestWetPoor
134029,Equisetum sylvaticum,ForestWetPoor
134030,Equisetum sylvaticum,ForestWetPoor
134031,Equisetum sylvaticum,ForestWetPoor
134032,Equisetum sylvaticum,ForestWetPoor
134033,Equisetum sylvaticum,ForestWetPoor
134054,Equisetum sylvaticum,ForestWetPoor
134055,Equisetum sylvaticum,ForestWetPoor
134056,Equisetum sylvaticum,ForestWetPoor
134057,Equisetum sylvaticum,ForestWetPoor
134058,Equisetum sylvaticum,ForestWetPoor
134059,Equisetum sylvaticum,ForestWetPoor
134060,Equisetum sylvaticum,ForestWetPoor
134061,Equisetum sylvaticum,ForestWetPoor
134062,Equisetum sylvaticum,ForestWetPoor
134063,Equisetum sylvaticum,ForestWetPoor
134064,Equisetum sylvaticum,ForestWetPoor
134065,Equisetum sylvaticum,ForestWetPoor
134066,Equisetum sylvaticum,ForestWetPoor
134067,Equisetum sylvaticum,ForestWetPoor
134068,Equisetum sylvaticum,ForestWetPoor
134069,Equisetum sylvaticum,ForestWetPoor
134070,Equisetum sylvaticum,ForestWetPoor
134071,Equisetum sylvaticum,ForestWetPoor
134072,Equisetum sylvaticum,ForestWetPoor
134073,Equisetum sylvaticum,ForestWetPoor
134074,Equisetum sylvaticum,ForestWetPoor
134075,Equisetum sylvaticum,ForestWetPoor
134076,Equisetum sylvaticum,ForestWetPoor
134077,Equisetum sylvaticum,ForestWetPoor
134078,Equisetum sylvaticum,ForestWetPoor
134079,Equisetum sylvaticum,ForestWetPoor
146613,Equisetum sylvaticum,ForestWetPoor
146614,Equisetum sylvaticum,ForestWetPoor
146615,Equisetum sylvaticum,ForestWetPoor
146616,Equisetum sylvaticum,ForestWetPoor
146617,Equisetum sylvaticum,ForestWetPoor
146618,Equisetum sylvaticum,ForestWetPoor
146619,Equisetum sylvaticum,ForestWetPoor
146620,Equisetum sylvaticum,ForestWetPoor
146621,Equisetum sylvaticum,ForestWetPoor
146622,Equisetum sylvaticum,ForestWetPoor
146623,Equisetum sylvaticum,ForestWetPoor
146624,Equisetum sylvaticum,ForestWetPoor
146625,Equisetum sylvaticum,ForestWetPoor
146626,Equisetum sylvaticum,ForestWetPoor
146627,Equisetum sylvaticum,ForestWetPoor
146628,Equisetum sylvaticum,ForestWetPoor
146629,Equisetum sylvaticum,ForestWetPoor
146630,Equisetum sylvaticum,ForestWetPoor
146631,Equisetum sylvaticum,ForestWetPoor
146632,Equisetum sylvaticum,ForestWetPoor
147212,Equisetum sylvaticum,ForestWetPoor
147213,Equisetum sylvaticum,ForestWetPoor
147214,Equisetum sylvaticum,ForestWetPoor
147215,Equisetum sylvaticum,ForestWetPoor
147216,Equisetum sylvaticum,ForestWetPoor
147217,Equisetum sylvaticum,ForestWetPoor
147218,Equisetum sylvaticum,ForestWetPoor
147219,Equisetum sylvaticum,ForestWetPoor
147220,Equisetum sylvaticum,ForestWetPoor
147221,Equisetum sylvaticum,ForestWetPoor
147222,Equisetum sylvaticum,ForestWetPoor
147223,Equisetum sylvaticum,ForestWetPoor
147224,Equisetum sylvaticum,ForestWetPoor
147225,Equisetum sylvaticum,ForestWetPoor
147226,Equisetum sylvaticum,ForestWetPoor
147227,Equisetum sylvaticum,ForestWetPoor
147228,Equisetum sylvaticum,ForestWetPoor
147229,Equisetum sylvaticum,ForestWetPoor
147230,Equisetum sylvaticum,ForestWetPoor
147231,Equisetum sylvaticum,ForestWetPoor
147811,Equisetum sylvaticum,ForestWetPoor
147812,Equisetum sylvaticum,ForestWetPoor
147813,Equisetum sylvaticum,ForestWetPoor
147814,Equisetum sylvaticum,ForestWetPoor
147815,Equisetum sylvaticum,ForestWetPoor
147816,Equisetum sylvaticum,ForestWetPoor
147817,Equisetum sylvaticum,ForestWetPoor
147818,Equisetum sylvaticum,ForestWetPoor
147819,Equisetum sylvaticum,ForestWetPoor
147820,Equisetum sylvaticum,ForestWetPoor
147821,Equisetum sylvaticum,ForestWetPoor
147822,Equisetum sylvaticum,ForestWetPoor
147823,Equisetum sylvaticum,ForestWetPoor
147824,Equisetum sylvaticum,ForestWetPoor
147825,Equisetum sylvaticum,ForestWetPoor
147826,Equisetum sylvaticum,ForestWetPoor
147827,Equisetum sylvaticum,ForestWetPoor
147828,Equisetum sylvaticum,ForestWetPoor
147829,Equisetum sylvaticum,ForestWetPoor
147830,Equisetum sylvaticum,ForestWetPoor
148410,Equisetum sylvaticum,ForestWetPoor
148411,Equisetum sylvaticum,ForestWetPoor
148412,Equisetum sylvaticum,ForestWetPoor
148413,Equisetum sylvaticum,ForestWetPoor
148414,Equisetum sylvaticum,ForestWetPoor
148415,Equisetum sylvaticum,ForestWetPoor
148416,Equisetum sylvaticum,ForestWetPoor
148417,Equisetum sylvaticum,ForestWetPoor
148418,Equisetum sylvaticum,ForestWetPoor
148419,Equisetum sylvaticum,ForestWetPoor
148420,Equisetum sylvaticum,ForestWetPoor
148421,Equisetum sylvaticum,ForestWetPoor
148422,Equisetum sylvaticum,ForestWetPoor
148423,Equisetum sylvaticum,ForestWetPoor
148424,Equisetum sylvaticum,ForestWetPoor
148425,Equisetum sylvaticum,ForestWetPoor
148426,Equisetum sylvaticum,ForestWetPoor
148427,Equisetum sylvaticum,ForestWetPoor
148428,Equisetum sylvaticum,ForestWetPoor
148429,Equisetum sylvaticum,ForestWetPoor
149009,Equisetum sylvaticum,ForestWetPoor
149010,Equisetum sylvaticum,ForestWetPoor
149011,Equisetum sylvaticum,ForestWetPoor
149012,Equisetum sylvaticum,ForestWetPoor
149013,Equisetum sylvaticum,ForestWetPoor
149014,Equisetum sylvaticum,ForestWetPoor
149015,Equisetum sylvaticum,ForestWetPoor
149016,Equisetum sylvaticum,ForestWetPoor
149017,Equisetum sylvaticum,ForestWetPoor
149018,Equisetum sylvaticum,ForestWetPoor
149019,Equisetum sylvaticum,ForestWetPoor
149020,Equisetum sylvaticum,ForestWetPoor
149021,Equisetum sylvaticum,ForestWetPoor
149022,Equisetum sylvaticum,ForestWetPoor
149023,Equisetum sylvaticum,ForestWetPoor
149024,Equisetum sylvaticum,ForestWetPoor
149025,Equisetum sylvaticum,ForestWetPoor
149026,Equisetum sylvaticum,ForestWetPoor
149027,Equisetum sylvaticum,ForestWetPoor
149028,Equisetum sylvaticum,ForestWetPoor
149608,Equisetum sylvaticum,ForestWetPoor
149609,Equisetum sylvaticum,ForestWetPoor
149610,Equisetum sylvaticum,ForestWetPoor
149611,Equisetum sylvaticum,ForestWetPoor
149612,Equisetum sylvaticum,ForestWetPoor
149613,Equisetum sylvaticum,ForestWetPoor
149614,Equisetum sylvaticum,ForestWetPoor
149615,Equisetum sylvaticum,ForestWetPoor
149616,Equisetum sylvaticum,ForestWetPoor
149617,Equisetum sylvaticum,ForestWetPoor
149618,Equisetum sylvaticum,ForestWetPoor
149619,Equisetum sylvaticum,ForestWetPoor
149620,Equisetum sylvaticum,ForestWetPoor
149621,Equisetum sylvaticum,ForestWetPoor
149622,Equisetum sylvaticum,ForestWetPoor
149623,Equisetum sylvaticum,ForestWetPoor
149624,Equisetum sylvaticum,ForestWetPoor
149625,Equisetum sylvaticum,ForestWetPoor
149626,Equisetum sylvaticum,ForestWetPoor
149627,Equisetum sylvaticum,ForestWetPoor
150207,Equisetum sylvaticum,ForestWetPoor
150208,Equisetum sylvaticum,ForestWetPoor
150209,Equisetum sylvaticum,ForestWetPoor
150210,Equisetum sylvaticum,ForestWetPoor
150211,Equisetum sylvaticum,ForestWetPoor
150212,Equisetum sylvaticum,ForestWetPoor
150213,Equisetum sylvaticum,ForestWetPoor
150214,Equisetum sylvaticum,ForestWetPoor
150215,Equisetum sylvaticum,ForestWetPoor
150216,Equisetum sylvaticum,ForestWetPoor
150217,Equisetum sylvaticum,ForestWetPoor
150218,Equisetum sylvaticum,ForestWetPoor
150219,Equisetum sylvaticum,ForestWetPoor
150220,Equisetum sylvaticum,ForestWetPoor
150221,Equisetum sylvaticum,ForestWetPoor
150222,Equisetum sylvaticum,ForestWetPoor
150223,Equisetum sylvaticum,ForestWetPoor
150224,Equisetum sylvaticum,ForestWetPoor
150225,Equisetum sylvaticum,ForestWetPoor
150226,Equisetum sylvaticum,ForestWetPoor
150806,Equisetum sylvaticum,ForestWetPoor
150807,Equisetum sylvaticum,ForestWetPoor
150808,Equisetum sylvaticum,ForestWetPoor
150809,Equisetum sylvaticum,ForestWetPoor
150810,Equisetum sylvaticum,ForestWetPoor
150811,Equisetum sylvaticum,ForestWetPoor
150812,Equisetum sylvaticum,ForestWetPoor
150813,Equisetum sylvaticum,ForestWetPoor
150814,Equisetum sylvaticum,ForestWetPoor
150815,Equisetum sylvaticum,ForestWetPoor
150816,Equisetum sylvaticum,ForestWetPoor
150817,Equisetum sylvaticum,ForestWetPoor
150818,Equisetum sylvaticum,ForestWetPoor
150819,Equisetum sylvaticum,ForestWetPoor
150820,Equisetum sylvaticum,ForestWetPoor
150821,Equisetum sylvaticum,ForestWetPoor
150822,Equisetum sylvaticum,ForestWetPoor
150823,Equisetum sylvaticum,ForestWetPoor
150824,Equisetum sylvaticum,ForestWetPoor
150825,Equisetum sylvaticum,ForestWetPoor
151405,Equisetum sylvaticum,ForestWetPoor
151406,Equisetum sylvaticum,ForestWetPoor
151407,Equisetum sylvaticum,ForestWetPoor
151408,Equisetum sylvaticum,ForestWetPoor
151409,Equisetum sylvaticum,ForestWetPoor
151410,Equisetum sylvaticum,ForestWetPoor
151411,Equisetum sylvaticum,ForestWetPoor
151412,Equisetum sylvaticum,ForestWetPoor
151413,Equisetum sylvaticum,ForestWetPoor
151414,Equisetum sylvaticum,ForestWetPoor
151415,Equisetum sylvaticum,ForestWetPoor
151416,Equisetum sylvaticum,ForestWetPoor
151417,Equisetum sylvaticum,ForestWetPoor
151418,Equisetum sylvaticum,ForestWetPoor
151419,Equisetum sylvaticum,ForestWetPoor
151420,Equisetum sylvaticum,ForestWetPoor
151421,Equisetum sylvaticum,ForestWetPoor
151422,Equisetum sylvaticum,ForestWetPoor
151423,Equisetum sylvaticum,ForestWetPoor
151424,Equisetum sylvaticum,ForestWetPoor
152004,Equisetum sylvaticum,ForestWetPoor
152005,Equisetum sylvaticum,ForestWetPoor
152006,Equisetum sylvaticum,ForestWetPoor
152007,Equisetum sylvaticum,ForestWetPoor
152008,Equisetum sylvaticum,ForestWetPoor
152009,Equisetum sylvaticum,ForestWetPoor
152010,Equisetum sylvaticum,ForestWetPoor
152011,Equisetum sylvaticum,ForestWetPoor
152012,Equisetum sylvaticum,ForestWetPoor
152013,Equisetum sylvaticum,ForestWetPoor
152014,Equisetum sylvaticum,ForestWetPoor
152015,Equisetum sylvaticum,ForestWetPoor
152016,Equisetum sylvaticum,ForestWetPoor
152017,Equisetum sylvaticum,ForestWetPoor
152018,Equisetum sylvaticum,ForestWetPoor
152019,Equisetum sylvaticum,ForestWetPoor
152020,Equisetum sylvaticum,ForestWetPoor
152021,Equisetum sylvaticum,ForestWetPoor
152022,Equisetum sylvaticum,ForestWetPoor
152023,Equisetum sylvaticum,ForestWetPoor
152603,Equisetum sylvaticum,ForestWetPoor
152604,Equisetum sylvaticum,ForestWetPoor
152605,Equisetum sylvaticum,ForestWetPoor
152606,Equisetum sylvaticum,ForestWetPoor
152607,Equisetum sylvaticum,ForestWetPoor
152608,Equisetum sylvaticum,ForestWetPoor
152609,Equisetum sylvaticum,ForestWetPoor
152610,Equisetum sylvaticum,ForestWetPoor
152611,Equisetum sylvaticum,ForestWetPoor
152612,Equisetum sylvaticum,ForestWetPoor
152613,Equisetum sylvaticum,ForestWetPoor
152614,Equisetum sylvaticum,ForestWetPoor
152615,Equisetum sylvaticum,ForestWetPoor
152616,Equisetum sylvaticum,ForestWetPoor
152617,Equisetum sylvaticum,ForestWetPoor
152618,Equisetum sylvaticum,ForestWetPoor
152619,Equisetum sylvaticum,ForestWetPoor
152620,Equisetum sylvaticum,ForestWetPoor
152621,Equisetum sylvaticum,ForestWetPoor
152622,Equisetum sylvaticum,ForestWetPoor
153202,Equisetum sylvaticum,ForestWetPoor
153203,Equisetum sylvaticum,ForestWetPoor
153204,Equisetum sylvaticum,ForestWetPoor
153205,Equisetum sylvaticum,ForestWetPoor
153206,Equisetum sylvaticum,ForestWetPoor
153207,Equisetum sylvaticum,ForestWetPoor
153208,Equisetum sylvaticum,ForestWetPoor
153209,Equisetum sylvaticum,ForestWetPoor
153210,Equisetum sylvaticum,ForestWetPoor
153211,Equisetum sylvaticum,ForestWetPoor
153212,Equisetum sylvaticum,ForestWetPoor
153213,Equisetum sylvaticum,ForestWetPoor
153214,Equisetum sylvaticum,ForestWetPoor
153215,Equisetum sylvaticum,ForestWetPoor
153216,Equisetum sylvaticum,ForestWetPoor
153217,Equisetum sylvaticum,ForestWetPoor
153218,Equisetum sylvaticum,ForestWetPoor
153219,Equisetum sylvaticum,ForestWetPoor
153220,Equisetum sylvaticum,ForestWetPoor
153221,Equisetum sylvaticum,ForestWetPoor
153801,Equisetum sylvaticum,ForestWetPoor
153802,Equisetum sylvaticum,ForestWetPoor
153803,Equisetum sylvaticum,ForestWetPoor
153804,Equisetum sylvaticum,ForestWetPoor
153805,Equisetum sylvaticum,ForestWetPoor
153806,Equisetum sylvaticum,ForestWetPoor
153807,Equisetum sylvaticum,ForestWetPoor
153808,Equisetum sylvaticum,ForestWetPoor
153809,Equisetum sylvaticum,ForestWetPoor
153810,Equisetum sylvaticum,ForestWetPoor
153811,Equisetum sylvaticum,ForestWetPoor
153812,Equisetum sylvaticum,ForestWetPoor
153813,Equisetum sylvaticum,ForestWetPoor
153814,Equisetum sylvaticum,ForestWetPoor
153815,Equisetum sylvaticum,ForestWetPoor
153816,Equisetum sylvaticum,ForestWetPoor
153817,Equisetum sylvaticum,ForestWetPoor
153818,Equisetum sylvaticum,ForestWetPoor
153819,Equisetum sylvaticum,ForestWetPoor
153820,Equisetum sylvaticum,ForestWetPoor
154400,Equisetum sylvaticum,ForestWetPoor
154401,Equisetum sylvaticum,ForestWetPoor
154402,Equisetum sylvaticum,ForestWetPoor
154403,Equisetum sylvaticum,ForestWetPoor
154404,Equisetum sylvaticum,ForestWetPoor
154405,Equisetum sylvaticum,ForestWetPoor
154406,Equisetum sylvaticum,ForestWetPoor
154407,Equisetum sylvaticum,ForestWetPoor
154408,Equisetum sylvaticum,ForestWetPoor
154409,Equisetum sylvaticum,ForestWetPoor
154410,Equisetum sylvaticum,ForestWetPoor
154411,Equisetum sylvaticum,ForestWetPoor
154412,Equisetum sylvaticum,ForestWetPoor
154413,Equisetum sylvaticum,ForestWetPoor
154414,Equisetum sylvaticum,ForestWetPoor
154415,Equisetum sylvaticum,ForestWetPoor
154416,Equisetum sylvaticum,ForestWetPoor
154417,Equisetum sylvaticum,ForestWetPoor
154418,Equisetum sylvaticum,ForestWetPoor
154419,Equisetum sylvaticum,ForestWetPoor
154999,Equisetum sylvaticum,ForestWetPoor
155000,Equisetum sylvaticum,ForestWetPoor
155001,Equisetum sylvaticum,ForestWetPoor
155002,Equisetum sylvaticum,ForestWetPoor
155003,Equisetum sylvaticum,ForestWetPoor
155004,Equisetum sylvaticum,ForestWetPoor
155005,Equisetum sylvaticum,ForestWetPoor
155006,Equisetum sylvaticum,ForestWetPoor
155007,Equisetum sylvaticum,ForestWetPoor
155008,Equisetum sylvaticum,ForestWetPoor
155009,Equisetum sylvaticum,ForestWetPoor
155010,Equisetum sylvaticum,ForestWetPoor
155011,Equisetum sylvaticum,ForestWetPoor
155012,Equisetum sylvaticum,ForestWetPoor
155013,Equisetum sylvaticum,ForestWetPoor
155014,Equisetum sylvaticum,ForestWetPoor
155015,Equisetum sylvaticum,ForestWetPoor
155016,Equisetum sylvaticum,ForestWetPoor
155017,Equisetum sylvaticum,ForestWetPoor
155018,Equisetum sylvaticum,ForestWetPoor
155598,Equisetum sylvaticum,ForestWetPoor
155599,Equisetum sylvaticum,ForestWetPoor
155600,Equisetum sylvaticum,ForestWetPoor
155601,Equisetum sylvaticum,ForestWetPoor
155602,Equisetum sylvaticum,ForestWetPoor
155603,Equisetum sylvaticum,ForestWetPoor
155604,Equisetum sylvaticum,ForestWetPoor
155605,Equisetum sylvaticum,ForestWetPoor
155606,Equisetum sylvaticum,ForestWetPoor
155607,Equisetum sylvaticum,ForestWetPoor
155608,Equisetum sylvaticum,ForestWetPoor
155609,Equisetum sylvaticum,ForestWetPoor
155610,Equisetum sylvaticum,ForestWetPoor
155611,Equisetum sylvaticum,ForestWetPoor
155612,Equisetum sylvaticum,ForestWetPoor
155613,Equisetum sylvaticum,ForestWetPoor
155614,Equisetum sylvaticum,ForestWetPoor
155615,Equisetum sylvaticum,ForestWetPoor
155616,Equisetum sylvaticum,ForestWetPoor
155617,Equisetum sylvaticum,ForestWetPoor
156197,Equisetum sylvaticum,ForestWetPoor
156198,Equisetum sylvaticum,ForestWetPoor
156199,Equisetum sylvaticum,ForestWetPoor
156200,Equisetum sylvaticum,ForestWetPoor
156201,Equisetum sylvaticum,ForestWetPoor
156202,Equisetum sylvaticum,ForestWetPoor
156203,Equisetum sylvaticum,ForestWetPoor
156204,Equisetum sylvaticum,ForestWetPoor
156205,Equisetum sylvaticum,ForestWetPoor
156206,Equisetum sylvaticum,ForestWetPoor
156207,Equisetum sylvaticum,ForestWetPoor
156208,Equisetum sylvaticum,ForestWetPoor
156209,Equisetum sylvaticum,ForestWetPoor
156210,Equisetum sylvaticum,ForestWetPoor
156211,Equisetum sylvaticum,ForestWetPoor
156212,Equisetum sylvaticum,ForestWetPoor
156213,Equisetum sylvaticum,ForestWetPoor
156214,Equisetum sylvaticum,ForestWetPoor
156215,Equisetum sylvaticum,ForestWetPoor
156216,Equisetum sylvaticum,ForestWetPoor
156796,Equisetum sylvaticum,ForestWetPoor
156797,Equisetum sylvaticum,ForestWetPoor
156798,Equisetum sylvaticum,ForestWetPoor
156799,Equisetum sylvaticum,ForestWetPoor
156800,Equisetum sylvaticum,ForestWetPoor
156801,Equisetum sylvaticum,ForestWetPoor
156802,Equisetum sylvaticum,ForestWetPoor
156803,Equisetum sylvaticum,ForestWetPoor
156804,Equisetum sylvaticum,ForestWetPoor
156805,Equisetum sylvaticum,ForestWetPoor
156806,Equisetum sylvaticum,ForestWetPoor
156807,Equisetum sylvaticum,ForestWetPoor
156808,Equisetum sylvaticum,ForestWetPoor
156809,Equisetum sylvaticum,ForestWetPoor
156810,Equisetum sylvaticum,ForestWetPoor
156811,Equisetum sylvaticum,ForestWetPoor
156812,Equisetum sylvaticum,ForestWetPoor
156813,Equisetum sylvaticum,ForestWetPoor
156814,Equisetum sylvaticum,ForestWetPoor
156815,Equisetum sylvaticum,ForestWetPoor
157395,Equisetum sylvaticum,ForestWetPoor
157396,Equisetum sylvaticum,ForestWetPoor
157397,Equisetum sylvaticum,ForestWetPoor
157398,Equisetum sylvaticum,ForestWetPoor
157399,Equisetum sylvaticum,ForestWetPoor
157400,Equisetum sylvaticum,ForestWetPoor
157401,Equisetum sylvaticum,ForestWetPoor
157402,Equisetum sylvaticum,ForestWetPoor
157403,Equisetum sylvaticum,ForestWetPoor
157404,Equisetum sylvaticum,ForestWetPoor
157405,Equisetum sylvaticum,ForestWetPoor
157406,Equisetum sylvaticum,ForestWetPoor
157407,Equisetum sylvaticum,ForestWetPoor
157408,Equisetum sylvaticum,ForestWetPoor
157409,Equisetum sylvaticum,ForestWetPoor
157410,Equisetum sylvaticum,ForestWetPoor
157411,Equisetum sylvaticum,ForestWetPoor
157412,Equisetum sylvaticum,ForestWetPoor
157413,Equisetum sylvaticum,ForestWetPoor
157414,Equisetum sylvaticum,ForestWetPoor
157994,Equisetum sylvaticum,ForestWetPoor
157995,Equisetum sylvaticum,ForestWetPoor
157996,Equisetum sylvaticum,ForestWetPoor
157997,Equisetum sylvaticum,ForestWetPoor
157998,Equisetum sylvaticum,ForestWetPoor
157999,Equisetum sylvaticum,ForestWetPoor
158000,Equisetum sylvaticum,ForestWetPoor
158001,Equisetum sylvaticum,ForestWetPoor
158002,Equisetum sylvaticum,ForestWetPoor
158003,Equisetum sylvaticum,ForestWetPoor
158004,Equisetum sylvaticum,ForestWetPoor
158005,Equisetum sylvaticum,ForestWetPoor
158006,Equisetum sylvaticum,ForestWetPoor
158007,Equisetum sylvaticum,ForestWetPoor
158008,Equisetum sylvaticum,ForestWetPoor
158009,Equisetum sylvaticum,ForestWetPoor
158010,Equisetum sylvaticum,ForestWetPoor
158011,Equisetum sylvaticum,ForestWetPoor
158012,Equisetum sylvaticum,ForestWetPoor
158013,Equisetum sylvaticum,ForestWetPoor
