86601,Mercurialis perennis,ForestWetPoor
86602,Mercurialis perennis,ForestWetPoor
86603,Mercurialis perennis,ForestWetPoor
86604,Mercurialis perennis,ForestWetPoor
86605,Mercurialis perennis,ForestWetPoor
86606,Mercurialis perennis,ForestWetPoor
86607,Mercurialis perennis,ForestWetPoor
86608,Mercurialis perennis,ForestWetPoor
86609,Mercurialis perennis,ForestWetPoor
86610,Mercurialis perennis,ForestWetPoor
86611,Mercurialis perennis,ForestWetPoor
86612,Mercurialis perennis,ForestWetPoor
86613,Mercurialis perennis,ForestWetPoor
86614,Mercurialis perennis,ForestWetPoor
86615,Mercurialis perennis,ForestWetPoor
86616,Mercurialis perennis,ForestWetPoor
86617,Mercurialis perennis,ForestWetPoor
86618,Mercurialis perennis,ForestWetPoor
86619,Mercurialis perennis,ForestWetPoor
86620,Mercurialis perennis,ForestWetPoor
86621,Mercurialis perennis,ForestWetPoor
86622,Mercurialis perennis,ForestWetPoor
86623,Mercurialis perennis,ForestWetPoor
86624,Mercurialis perennis,ForestWetPoor
86625,Mercurialis perennis,ForestWetPoor
86626,Mercurialis perennis,ForestWetPoor
86627,Mercurialis perennis,ForestWetPoor
86628,Mercurialis perennis,ForestWetPoor
86629,Mercurialis perennis,ForestWetPoor
86630,Mercurialis perennis,ForestWetPoor
86631,Mercurialis perennis,ForestWetPoor
86632,Mercurialis perennis,ForestWetPoor
87200,Mercurialis perennis,ForestWetPoor
87201,Mercurialis perennis,ForestWetPoor
87202,Mercurialis perennis,ForestWetPoor
87203,Mercurialis perennis,ForestWetPoor
87204,Mercurialis perennis,ForestWetPoor
87205,Mercurialis perennis,ForestWetPoor
87206,Mercurialis perennis,ForestWetPoor
87207,Mercurialis perennis,ForestWetPoor
87208,Mercurialis perennis,ForestWetPoor
87209,Mercurialis perennis,ForestWetPoor
87210,Mercurialis perennis,ForestWetPoor
87211,Mercurialis perennis,ForestWetPoor
87212,Mercurialis perennis,ForestWetPoor
87213,Mercurialis perennis,ForestWetPoor
87214,Mercurialis perennis,ForestWetPoor
87215,Mercurialis perennis,ForestWetPoor
87216,Mercurialis perennis,ForestWetPoor
87217,Mercurialis perennis,ForestWetPoor
87218,Mercurialis perennis,ForestWetPoor
87219,Mercurialis perennis,ForestWetPoor
87220,Mercurialis perennis,ForestWetPoor
87221,Mercurialis perennis,ForestWetPoor
87222,Mercurialis perennis,ForestWetPoor
87223,Mercurialis perennis,ForestWetPoor
87224,Mercurialis perennis,ForestWetPoor
87225,Mercurialis perennis,ForestWetPoor
87226,Mercurialis perennis,ForestWetPoor
87227,Mercurialis perennis,ForestWetPoor
87228,Mercurialis perennis,ForestWetPoor
87229,Mercurialis perennis,ForestWetPoor
87230,Mercurialis perennis,ForestWetPoor
87231,Mercurialis perennis,ForestWetPoor
87799,Mercurialis perennis,ForestWetPoor
87800,Mercurialis perennis,ForestWetPoor
87801,Mercurialis perennis,ForestWetPoor
87802,Mercurialis perennis,ForestWetPoor
87803,Mercurialis perennis,ForestWetPoor
87804,Mercurialis perennis,ForestWetPoor
87805,Mercurialis perennis,ForestWetPoor
87806,Mercurialis perennis,ForestWetPoor
87807,Mercurialis perennis,ForestWetPoor
87808,Mercurialis perennis,ForestWetPoor
87809,Mercurialis perennis,ForestWetPoor
87810,Mercurialis perennis,ForestWetPoor
87811,Mercurialis perennis,ForestWetPoor
87812,Mercurialis perennis,ForestWetPoor
87813,Mercurialis perennis,ForestWetPoor
87814,Mercurialis perennis,ForestWetPoor
87815,Mercurialis perennis,ForestWetPoor
87816,Mercurialis perennis,ForestWetPoor
87817,Mercurialis perennis,ForestWetPoor
87818,Mercurialis perennis,ForestWetPoor
87819,Mercurialis perennis,ForestWetPoor
87820,Mercurialis perennis,ForestWetPoor
87821,Mercurialis perennis,ForestWetPoor
87822,Mercurialis perennis,ForestWetPoor
87823,Mercurialis perennis,ForestWetPoor
87824,Mercurialis perennis,ForestWetPoor
87825,Mercurialis perennis,ForestWetPoor
87826,Mercurialis perennis,ForestWetPoor
87827,Mercurialis perennis,ForestWetPoor
87828,Mercurialis perennis,ForestWetPoor
87829,Mercurialis perennis,ForestWetPoor
87830,Mercurialis perennis,ForestWetPoor
88398,Mercurialis perennis,ForestWetPoor
88399,Mercurialis perennis,ForestWetPoor
88400,Mercurialis perennis,ForestWetPoor
88401,Mercurialis perennis,ForestWetPoor
88402,Mercurialis perennis,ForestWetPoor
88403,Mercurialis perennis,ForestWetPoor
88404,Mercurialis perennis,ForestWetPoor
88405,Mercurialis perennis,ForestWetPoor
88406,Mercurialis perennis,ForestWetPoor
88407,Mercurialis perennis,ForestWetPoor
88408,Mercurialis perennis,ForestWetPoor
88409,Mercurialis perennis,ForestWetPoor
88410,Mercurialis perennis,ForestWetPoor
88411,Mercurialis perennis,ForestWetPoor
88412,Mercurialis perennis,ForestWetPoor
88413,Mercurialis perennis,ForestWetPoor
88414,Mercurialis perennis,ForestWetPoor
88415,Mercurialis perennis,ForestWetPoor
88416,Mercurialis perennis,ForestWetPoor
88417,Mercurialis perennis,ForestWetPoor
88418,Mercurialis perennis,ForestWetPoor
88419,Mercurialis perennis,ForestWetPoor
88420,Mercurialis perennis,ForestWetPoor
88421,Mercurialis perennis,ForestWetPoor
88422,Mercurialis perennis,ForestWetPoor
88423,Mercurialis perennis,ForestWetPoor
88424,Mercurialis perennis,ForestWetPoor
88425,Mercurialis perennis,ForestWetPoor
88426,Mercurialis perennis,ForestWetPoor
88427,Mercurialis perennis,ForestWetPoor
88428,Mercurialis perennis,ForestWetPoor
88429,Mercurialis perennis,ForestWetPoor
88997,Mercurialis perennis,ForestWetPoor
88998,Mercurialis perennis,ForestWetPoor
88999,Mercurialis perennis,ForestWetPoor
89000,Mercurialis perennis,ForestWetPoor
89001,Mercurialis perennis,ForestWetPoor
89002,Mercurialis perennis,ForestWetPoor
89003,Mercurialis perennis,ForestWetPoor
89004,Mercurialis perennis,ForestWetPoor
89005,Mercurialis perennis,ForestWetPoor
89006,Mercurialis perennis,ForestWetPoor
89007,Mercurialis perennis,ForestWetPoor
89008,Mercurialis perennis,ForestWetPoor
89009,Mercurialis perennis,ForestWetPoor
89010,Mercurialis perennis,ForestWetPoor
89011,Mercurialis perennis,ForestWetPoor
89012,Mercurialis perennis,ForestWetPoor
89013,Mercurialis perennis,ForestWetPoor
89014,Mercurialis perennis,ForestWetPoor
89015,Mercurialis perennis,ForestWetPoor
89016,Mercurialis perennis,ForestWetPoor
89017,Mercurialis perennis,ForestWetPoor
89018,Mercurialis perennis,ForestWetPoor
89019,Mercurialis perennis,ForestWetPoor
89020,Mercurialis perennis,ForestWetPoor
89021,Mercurialis perennis,ForestWetPoor
89022,Mercurialis perennis,ForestWetPoor
89023,Mercurialis perennis,ForestWetPoor
89024,Mercurialis perennis,ForestWetPoor
89025,Mercurialis perennis,ForestWetPoor
89026,Mercurialis perennis,ForestWetPoor
89027,Mercurialis perennis,ForestWetPoor
89028,Mercurialis perennis,ForestWetPoor
89595,Mercurialis perennis,ForestWetPoor
89596,Mercurialis perennis,ForestWetPoor
89597,Mercurialis perennis,ForestWetPoor
89598,Mercurialis perennis,ForestWetPoor
89599,Mercurialis perennis,ForestWetPoor
89600,Mercurialis perennis,ForestWetPoor
89601,Mercurialis perennis,ForestWetPoor
89602,Mercurialis perennis,ForestWetPoor
89603,Mercurialis perennis,ForestWetPoor
89604,Mercurialis perennis,ForestWetPoor
89605,Mercurialis perennis,ForestWetPoor
89606,Mercurialis perennis,ForestWetPoor
89607,Mercurialis perennis,ForestWetPoor
89608,Mercurialis perennis,ForestWetPoor
89609,Mercurialis perennis,ForestWetPoor
89610,Mercurialis perennis,ForestWetPoor
89611,Mercurialis perennis,ForestWetPoor
89612,Mercurialis perennis,ForestWetPoor
89613,Mercurialis perennis,ForestWetPoor
89614,Mercurialis perennis,ForestWetPoor
89615,Mercurialis perennis,ForestWetPoor
89616,Mercurialis perennis,ForestWetPoor
89617,Mercurialis perennis,ForestWetPoor
89618,Mercurialis perennis,ForestWetPoor
89619,Mercurialis perennis,ForestWetPoor
89620,Mercurialis perennis,ForestWetPoor
89621,Mercurialis perennis,ForestWetPoor
89622,Mercurialis perennis,ForestWetPoor
89623,Mercurialis perennis,ForestWetPoor
89624,Mercurialis perennis,ForestWetPoor
89625,Mercurialis perennis,ForestWetPoor
89626,Mercurialis perennis,ForestWetPoor
89627,Mercurialis perennis,ForestWetPoor
90194,Mercurialis perennis,ForestWetPoor
90195,Mercurialis perennis,ForestWetPoor
90196,Mercurialis perennis,ForestWetPoor
90197,Mercurialis perennis,ForestWetPoor
90198,Mercurialis perennis,ForestWetPoor
90199,Mercurialis perennis,ForestWetPoor
90200,Mercurialis perennis,ForestWetPoor
90201,Mercurialis perennis,ForestWetPoor
90202,Mercurialis perennis,ForestWetPoor
90203,Mercurialis perennis,ForestWetPoor
90204,Mercurialis perennis,ForestWetPoor
90205,Mercurialis perennis,ForestWetPoor
90206,Mercurialis perennis,ForestWetPoor
90207,Mercurialis perennis,ForestWetPoor
90208,Mercurialis perennis,ForestWetPoor
90209,Mercurialis perennis,ForestWetPoor
90210,Mercurialis perennis,ForestWetPoor
90211,Mercurialis perennis,ForestWetPoor
90212,Mercurialis perennis,ForestWetPoor
90213,Mercurialis perennis,ForestWetPoor
90214,Mercurialis perennis,ForestWetPoor
90215,Mercurialis perennis,ForestWetPoor
90216,Mercurialis perennis,ForestWetPoor
90217,Mercurialis perennis,ForestWetPoor
90218,Mercurialis perennis,ForestWetPoor
90219,Mercurialis perennis,ForestWetPoor
90220,Mercurialis perennis,ForestWetPoor
90221,Mercurialis perennis,ForestWetPoor
90222,Mercurialis perennis,ForestWetPoor
90223,Mercurialis perennis,ForestWetPoor
90224,Mercurialis perennis,ForestWetPoor
90225,Mercurialis perennis,ForestWetPoor
90226,Mercurialis perennis,ForestWetPoor
90793,Mercurialis perennis,ForestWetPoor
90794,Mercurialis perennis,ForestWetPoor
90795,Mercurialis perennis,ForestWetPoor
90796,Mercurialis perennis,ForestWetPoor
90797,Mercurialis perennis,ForestWetPoor
90798,Mercurialis perennis,ForestWetPoor
90799,Mercurialis perennis,ForestWetPoor
90800,Mercurialis perennis,ForestWetPoor
90801,Mercurialis perennis,ForestWetPoor
90802,Mercurialis perennis,ForestWetPoor
90803,Mercurialis perennis,ForestWetPoor
90804,Mercurialis perennis,ForestWetPoor
90805,Mercurialis perennis,ForestWetPoor
90806,Mercurialis perennis,ForestWetPoor
90807,Mercurialis perennis,ForestWetPoor
90808,Mercurialis perennis,ForestWetPoor
90809,Mercurialis perennis,ForestWetPoor
90810,Mercurialis perennis,ForestWetPoor
90811,Mercurialis perennis,ForestWetPoor
90812,Mercurialis perennis,ForestWetPoor
90813,Mercurialis perennis,ForestWetPoor
90814,Mercurialis perennis,ForestWetPoor
90815,Mercurialis perennis,ForestWetPoor
90816,Mercurialis perennis,ForestWetPoor
90817,Mercurialis perennis,ForestWetPoor
90818,Mercurialis perennis,ForestWetPoor
90819,Mercurialis perennis,ForestWetPoor
90820,Mercurialis perennis,ForestWetPoor
90821,Mercurialis perennis,ForestWetPoor
90822,Mercurialis perennis,ForestWetPoor
90823,Mercurialis perennis,ForestWetPoor
90824,Mercurialis perennis,ForestWetPoor
90825,Mercurialis perennis,ForestWetPoor
91393,Mercurialis perennis,ForestWetPoor
91394,Mercurialis perennis,ForestWetPoor
91395,Mercurialis perennis,ForestWetPoor
91396,Mercurialis perennis,ForestWetPoor
91397,Mercurialis perennis,ForestWetPoor
91398,Mercurialis perennis,ForestWetPoor
91399,Mercurialis perennis,ForestWetPoor
91400,Mercurialis perennis,ForestWetPoor
91401,Mercurialis perennis,ForestWetPoor
91402,Mercurialis perennis,ForestWetPoor
91403,Mercurialis perennis,ForestWetPoor
91404,Mercurialis perennis,ForestWetPoor
91405,Mercurialis perennis,ForestWetPoor
91406,Mercurialis perennis,ForestWetPoor
91407,Mercurialis perennis,ForestWetPoor
91408,Mercurialis perennis,ForestWetPoor
91409,Mercurialis perennis,ForestWetPoor
91410,Mercurialis perennis,ForestWetPoor
91411,Mercurialis perennis,ForestWetPoor
91412,Mercurialis perennis,ForestWetPoor
91413,Mercurialis perennis,ForestWetPoor
91414,Mercurialis perennis,ForestWetPoor
91415,Mercurialis perennis,ForestWetPoor
91416,Mercurialis perennis,ForestWetPoor
91417,Mercurialis perennis,ForestWetPoor
91418,Mercurialis perennis,ForestWetPoor
91419,Mercurialis perennis,ForestWetPoor
91420,Mercurialis perennis,ForestWetPoor
91421,Mercurialis perennis,ForestWetPoor
91422,Mercurialis perennis,ForestWetPoor
91423,Mercurialis perennis,ForestWetPoor
91424,Mercurialis perennis,ForestWetPoor
91992,Mercurialis perennis,ForestWetPoor
91993,Mercurialis perennis,ForestWetPoor
91994,Mercurialis perennis,ForestWetPoor
91995,Mercurialis perennis,ForestWetPoor
91996,Mercurialis perennis,ForestWetPoor
91997,Mercurialis perennis,ForestWetPoor
91998,Mercurialis perennis,ForestWetPoor
91999,Mercurialis perennis,ForestWetPoor
92000,Mercurialis perennis,ForestWetPoor
92001,Mercurialis perennis,ForestWetPoor
92002,Mercurialis perennis,ForestWetPoor
92003,Mercurialis perennis,ForestWetPoor
92004,Mercurialis perennis,ForestWetPoor
92005,Mercurialis perennis,ForestWetPoor
92006,Mercurialis perennis,ForestWetPoor
92007,Mercurialis perennis,ForestWetPoor
92008,Mercurialis perennis,ForestWetPoor
92009,Mercurialis perennis,ForestWetPoor
92010,Mercurialis perennis,ForestWetPoor
92011,Mercurialis perennis,ForestWetPoor
92012,Mercurialis perennis,ForestWetPoor
92013,Mercurialis perennis,ForestWetPoor
92014,Mercurialis perennis,ForestWetPoor
92015,Mercurialis perennis,ForestWetPoor
92016,Mercurialis perennis,ForestWetPoor
92017,Mercurialis perennis,ForestWetPoor
92018,Mercurialis perennis,ForestWetPoor
92019,Mercurialis perennis,ForestWetPoor
92020,Mercurialis perennis,ForestWetPoor
92021,Mercurialis perennis,ForestWetPoor
92022,Mercurialis perennis,ForestWetPoor
92023,Mercurialis perennis,ForestWetPoor
92591,Mercurialis perennis,ForestWetPoor
92592,Mercurialis perennis,ForestWetPoor
92593,Mercurialis perennis,ForestWetPoor
92594,Mercurialis perennis,ForestWetPoor
92595,Mercurialis perennis,ForestWetPoor
92596,Mercurialis perennis,ForestWetPoor
92597,Mercurialis perennis,ForestWetPoor
92598,Mercurialis perennis,ForestWetPoor
92599,Mercurialis perennis,ForestWetPoor
92600,Mercurialis perennis,ForestWetPoor
92601,Mercurialis perennis,ForestWetPoor
92602,Mercurialis perennis,ForestWetPoor
92603,Mercurialis perennis,ForestWetPoor
92604,Mercurialis perennis,ForestWetPoor
92605,Mercurialis perennis,ForestWetPoor
92606,Mercurialis perennis,ForestWetPoor
92607,Mercurialis perennis,ForestWetPoor
92608,Mercurialis perennis,ForestWetPoor
92609,Mercurialis perennis,ForestWetPoor
92610,Mercurialis perennis,ForestWetPoor
92611,Mercurialis perennis,ForestWetPoor
92612,Mercurialis perennis,ForestWetPoor
92613,Mercurialis perennis,ForestWetPoor
92614,Mercurialis perennis,ForestWetPoor
92615,Mercurialis perennis,ForestWetPoor
92616,Mercurialis perennis,ForestWetPoor
92617,Mercurialis perennis,ForestWetPoor
92618,Mercurialis perennis,ForestWetPoor
92619,Mercurialis perennis,ForestWetPoor
92620,Mercurialis perennis,ForestWetPoor
92621,Mercurialis perennis,ForestWetPoor
92622,Mercurialis perennis,ForestWetPoor
93190,Mercurialis perennis,ForestWetPoor
93191,Mercurialis perennis,ForestWetPoor
93192,Mercurialis perennis,ForestWetPoor
93193,Mercurialis perennis,ForestWetPoor
93194,Mercurialis perennis,ForestWetPoor
93195,Mercurialis perennis,ForestWetPoor
93196,Mercurialis perennis,ForestWetPoor
93197,Mercurialis perennis,ForestWetPoor
93198,Mercurialis perennis,ForestWetPoor
93199,Mercurialis perennis,ForestWetPoor
93200,Mercurialis perennis,ForestWetPoor
93201,Mercurialis perennis,ForestWetPoor
93202,Mercurialis perennis,ForestWetPoor
93203,Mercurialis perennis,ForestWetPoor
93204,Mercurialis perennis,ForestWetPoor
93205,Mercurialis perennis,ForestWetPoor
93206,Mercurialis perennis,ForestWetPoor
93207,Mercurialis perennis,ForestWetPoor
93208,Mercurialis perennis,ForestWetPoor
93209,Mercurialis perennis,ForestWetPoor
93210,Mercurialis perennis,ForestWetPoor
93211,Mercurialis perennis,ForestWetPoor
93212,Mercurialis perennis,ForestWetPoor
93213,Mercurialis perennis,ForestWetPoor
93214,Mercurialis perennis,ForestWetPoor
93215,Mercurialis perennis,ForestWetPoor
93216,Mercurialis perennis,ForestWetPoor
93217,Mercurialis perennis,ForestWetPoor
93218,Mercurialis perennis,ForestWetPoor
93219,Mercurialis perennis,ForestWetPoor
93220,Mercurialis perennis,ForestWetPoor
93221,Mercurialis perennis,ForestWetPoor
93789,Mercurialis perennis,ForestWetPoor
93790,Mercurialis perennis,ForestWetPoor
93791,Mercurialis perennis,ForestWetPoor
93792,Mercurialis perennis,ForestWetPoor
93793,Mercurialis perennis,ForestWetPoor
93794,Mercurialis perennis,ForestWetPoor
93795,Mercurialis perennis,ForestWetPoor
93796,Mercurialis perennis,ForestWetPoor
93797,Mercurialis perennis,ForestWetPoor
93798,Mercurialis perennis,ForestWetPoor
93799,Mercurialis perennis,ForestWetPoor
93800,Mercurialis perennis,ForestWetPoor
93801,Mercurialis perennis,ForestWetPoor
93802,Mercurialis perennis,ForestWetPoor
93803,Mercurialis perennis,ForestWetPoor
93804,Mercurialis perennis,ForestWetPoor
93805,Mercurialis perennis,ForestWetPoor
93806,Mercurialis perennis,ForestWetPoor
93807,Mercurialis perennis,ForestWetPoor
93808,Mercurialis perennis,ForestWetPoor
93809,Mercurialis perennis,ForestWetPoor
93810,Mercurialis perennis,ForestWetPoor
93811,Mercurialis perennis,ForestWetPoor
93812,Mercurialis perennis,ForestWetPoor
93813,Mercurialis perennis,ForestWetPoor
93814,Mercurialis perennis,ForestWetPoor
93815,Mercurialis perennis,ForestWetPoor
93816,Mercurialis perennis,ForestWetPoor
93817,Mercurialis perennis,ForestWetPoor
93818,Mercurialis perennis,ForestWetPoor
93819,Mercurialis perennis,ForestWetPoor
93820,Mercurialis perennis,ForestWetPoor
94388,Mercurialis perennis,ForestWetPoor
94389,Mercurialis perennis,ForestWetPoor
94390,Mercurialis perennis,ForestWetPoor
94391,Mercurialis perennis,ForestWetPoor
94392,Mercurialis perennis,ForestWetPoor
94393,Mercurialis perennis,ForestWetPoor
94394,Mercurialis perennis,ForestWetPoor
94395,Mercurialis perennis,ForestWetPoor
94396,Mercurialis perennis,ForestWetPoor
94397,Mercurialis perennis,ForestWetPoor
94398,Mercurialis perennis,ForestWetPoor
94399,Mercurialis perennis,ForestWetPoor
94400,Mercurialis perennis,ForestWetPoor
94401,Mercurialis perennis,ForestWetPoor
94402,Mercurialis perennis,ForestWetPoor
94403,Mercurialis perennis,ForestWetPoor
94404,Mercurialis perennis,ForestWetPoor
94405,Mercurialis perennis,ForestWetPoor
94406,Mercurialis perennis,ForestWetPoor
94407,Mercurialis perennis,ForestWetPoor
94408,Mercurialis perennis,ForestWetPoor
94409,Mercurialis perennis,ForestWetPoor
94410,Mercurialis perennis,ForestWetPoor
94411,Mercurialis perennis,ForestWetPoor
94412,Mercurialis perennis,ForestWetPoor
94413,Mercurialis perennis,ForestWetPoor
94414,Mercurialis perennis,ForestWetPoor
94415,Mercurialis perennis,ForestWetPoor
94416,Mercurialis perennis,ForestWetPoor
94417,Mercurialis perennis,ForestWetPoor
94418,Mercurialis perennis,ForestWetPoor
94419,Mercurialis perennis,ForestWetPoor
94987,Mercurialis perennis,ForestWetPoor
94988,Mercurialis perennis,ForestWetPoor
94989,Mercurialis perennis,ForestWetPoor
94990,Mercurialis perennis,ForestWetPoor
94991,Mercurialis perennis,ForestWetPoor
94992,Mercurialis perennis,ForestWetPoor
94993,Mercurialis perennis,ForestWetPoor
94994,Mercurialis perennis,ForestWetPoor
94995,Mercurialis perennis,ForestWetPoor
94996,Mercurialis perennis,ForestWetPoor
94997,Mercurialis perennis,ForestWetPoor
94998,Mercurialis perennis,ForestWetPoor
94999,Mercurialis perennis,ForestWetPoor
95000,Mercurialis perennis,ForestWetPoor
95001,Mercurialis perennis,ForestWetPoor
95002,Mercurialis perennis,ForestWetPoor
95003,Mercurialis perennis,ForestWetPoor
95004,Mercurialis perennis,ForestWetPoor
95005,Mercurialis perennis,ForestWetPoor
95006,Mercurialis perennis,ForestWetPoor
95007,Mercurialis perennis,ForestWetPoor
95008,Mercurialis perennis,ForestWetPoor
95009,Mercurialis perennis,ForestWetPoor
95010,Mercurialis perennis,ForestWetPoor
95011,Mercurialis perennis,ForestWetPoor
95012,Mercurialis perennis,ForestWetPoor
95013,Mercurialis perennis,ForestWetPoor
95014,Mercurialis perennis,ForestWetPoor
95015,Mercurialis perennis,ForestWetPoor
95016,Mercurialis perennis,ForestWetPoor
95017,Mercurialis perennis,ForestWetPoor
95018,Mercurialis perennis,ForestWetPoor
95586,Mercurialis perennis,ForestWetPoor
95587,Mercurialis perennis,ForestWetPoor
95588,Mercurialis perennis,ForestWetPoor
95589,Mercurialis perennis,ForestWetPoor
95590,Mercurialis perennis,ForestWetPoor
95591,Mercurialis perennis,ForestWetPoor
95592,Mercurialis perennis,ForestWetPoor
95593,Mercurialis perennis,ForestWetPoor
95594,Mercurialis perennis,ForestWetPoor
95595,Mercurialis perennis,ForestWetPoor
95596,Mercurialis perennis,ForestWetPoor
95597,Mercurialis perennis,ForestWetPoor
95598,Mercurialis perennis,ForestWetPoor
95599,Mercurialis perennis,ForestWetPoor
95600,Mercurialis perennis,ForestWetPoor
95601,Mercurialis perennis,ForestWetPoor
95602,Mercurialis perennis,ForestWetPoor
95603,Mercurialis perennis,ForestWetPoor
95604,Mercurialis perennis,ForestWetPoor
95605,Mercurialis perennis,ForestWetPoor
95606,Mercurialis perennis,ForestWetPoor
95607,Mercurialis perennis,ForestWetPoor
95608,Mercurialis perennis,ForestWetPoor
95609,Mercurialis perennis,ForestWetPoor
95610,Mercurialis perennis,ForestWetPoor
95611,Mercurialis perennis,ForestWetPoor
95612,Mercurialis perennis,ForestWetPoor
95613,Mercurialis perennis,ForestWetPoor
95614,Mercurialis perennis,ForestWetPoor
95615,Mercurialis perennis,ForestWetPoor
95616,Mercurialis perennis,ForestWetPoor
95617,Mercurialis perennis,ForestWetPoor
96186,Mercurialis perennis,ForestWetPoor
96187,Mercurialis perennis,ForestWetPoor
96188,Mercurialis perennis,ForestWetPoor
96189,Mercurialis perennis,ForestWetPoor
96190,Mercurialis perennis,ForestWetPoor
96191,Mercurialis perennis,ForestWetPoor
96192,Mercurialis perennis,ForestWetPoor
96193,Mercurialis perennis,ForestWetPoor
96194,Mercurialis perennis,ForestWetPoor
96195,Mercurialis perennis,ForestWetPoor
96196,Mercurialis perennis,ForestWetPoor
96197,Mercurialis perennis,ForestWetPoor
96198,Mercurialis perennis,ForestWetPoor
96199,Mercurialis perennis,ForestWetPoor
96200,Mercurialis perennis,ForestWetPoor
96201,Mercurialis perennis,ForestWetPoor
96202,Mercurialis perennis,ForestWetPoor
96203,Mercurialis perennis,ForestWetPoor
96204,Mercurialis perennis,ForestWetPoor
96205,Mercurialis perennis,ForestWetPoor
96206,Mercurialis perennis,ForestWetPoor
96207,Mercurialis perennis,ForestWetPoor
96208,Mercurialis perennis,ForestWetPoor
96209,Mercurialis perennis,ForestWetPoor
96210,Mercurialis perennis,ForestWetPoor
96211,Mercurialis perennis,ForestWetPoor
96212,Mercurialis perennis,ForestWetPoor
96213,Mercurialis perennis,ForestWetPoor
96214,Mercurialis perennis,ForestWetPoor
96215,Mercurialis perennis,ForestWetPoor
96216,Mercurialis perennis,ForestWetPoor
96785,Mercurialis perennis,ForestWetPoor
96786,Mercurialis perennis,ForestWetPoor
96787,Mercurialis perennis,ForestWetPoor
96788,Mercurialis perennis,ForestWetPoor
96789,Mercurialis perennis,ForestWetPoor
96790,Mercurialis perennis,ForestWetPoor
96791,Mercurialis perennis,ForestWetPoor
96792,Mercurialis perennis,ForestWetPoor
96793,Mercurialis perennis,ForestWetPoor
96794,Mercurialis perennis,ForestWetPoor
96795,Mercurialis perennis,ForestWetPoor
96796,Mercurialis perennis,ForestWetPoor
96797,Mercurialis perennis,ForestWetPoor
96798,Mercurialis perennis,ForestWetPoor
96799,Mercurialis perennis,ForestWetPoor
96800,Mercurialis perennis,ForestWetPoor
96801,Mercurialis perennis,ForestWetPoor
96802,Mercurialis perennis,ForestWetPoor
96803,Mercurialis perennis,ForestWetPoor
96804,Mercurialis perennis,ForestWetPoor
96805,Mercurialis perennis,ForestWetPoor
96806,Mercurialis perennis,ForestWetPoor
96807,Mercurialis perennis,ForestWetPoor
96808,Mercurialis perennis,ForestWetPoor
96809,Mercurialis perennis,ForestWetPoor
96810,Mercurialis perennis,ForestWetPoor
96811,Mercurialis perennis,ForestWetPoor
96812,Mercurialis perennis,ForestWetPoor
96813,Mercurialis perennis,ForestWetPoor
96814,Mercurialis perennis,ForestWetPoor
96815,Mercurialis perennis,ForestWetPoor
97384,Mercurialis perennis,ForestWetPoor
97385,Mercurialis perennis,ForestWetPoor
97386,Mercurialis perennis,ForestWetPoor
97387,Mercurialis perennis,ForestWetPoor
97388,Mercurialis perennis,ForestWetPoor
97389,Mercurialis perennis,ForestWetPoor
97390,Mercurialis perennis,ForestWetPoor
97391,Mercurialis perennis,ForestWetPoor
97392,Mercurialis perennis,ForestWetPoor
97393,Mercurialis perennis,ForestWetPoor
97394,Mercurialis perennis,ForestWetPoor
97395,Mercurialis perennis,ForestWetPoor
97396,Mercurialis perennis,ForestWetPoor
97397,Mercurialis perennis,ForestWetPoor
97398,Mercurialis perennis,ForestWetPoor
97399,Mercurialis perennis,ForestWetPoor
97400,Mercurialis perennis,ForestWetPoor
97401,Mercurialis perennis,ForestWetPoor
97402,Mercurialis perennis,ForestWetPoor
97403,Mercurialis perennis,ForestWetPoor
97404,Mercurialis perennis,ForestWetPoor
97405,Mercurialis perennis,ForestWetPoor
97406,Mercurialis perennis,ForestWetPoor
97407,Mercurialis perennis,ForestWetPoor
97408,Mercurialis perennis,ForestWetPoor
97409,Mercurialis perennis,ForestWetPoor
97410,Mercurialis perennis,ForestWetPoor
97411,Mercurialis perennis,ForestWetPoor
97412,Mercurialis perennis,ForestWetPoor
97413,Mercurialis perennis,ForestWetPoor
97414,Mercurialis perennis,ForestWetPoor
97983,Mercurialis perennis,ForestWetPoor
97984,Mercurialis perennis,ForestWetPoor
97985,Mercurialis perennis,ForestWetPoor
97986,Mercurialis perennis,ForestWetPoor
97987,Mercurialis perennis,ForestWetPoor
97988,Mercurialis perennis,ForestWetPoor
97989,Mercurialis perennis,ForestWetPoor
97990,Mercurialis perennis,ForestWetPoor
97991,Mercurialis perennis,ForestWetPoor
97992,Mercurialis perennis,ForestWetPoor
97993,Mercurialis perennis,ForestWetPoor
97994,Mercurialis perennis,ForestWetPoor
97995,Mercurialis perennis,ForestWetPoor
97996,Mercurialis perennis,ForestWetPoor
97997,Mercurialis perennis,ForestWetPoor
97998,Mercurialis perennis,ForestWetPoor
97999,Mercurialis perennis,ForestWetPoor
98000,Mercurialis perennis,ForestWetPoor
98001,Mercurialis perennis,ForestWetPoor
98002,Mercurialis perennis,ForestWetPoor
98003,Mercurialis perennis,ForestWetPoor
98004,Mercurialis perennis,ForestWetPoor
98005,Mercurialis perennis,ForestWetPoor
98006,Mercurialis perennis,ForestWetPoor
98007,Mercurialis perennis,ForestWetPoor
98008,Mercurialis perennis,ForestWetPoor
98009,Mercurialis perennis,ForestWetPoor
98010,Mercurialis perennis,ForestWetPoor
98011,Mercurialis perennis,ForestWetPoor
98012,Mercurialis perennis,ForestWetPoor
98013,Mercurialis perennis,ForestWetPoor
62771,Mercurialis perennis,ForestWetPoor
62772,Mercurialis perennis,ForestWetPoor
62773,Mercurialis perennis,ForestWetPoor
62774,Mercurialis perennis,ForestWetPoor
62775,Mercurialis perennis,ForestWetPoor
62776,Mercurialis perennis,ForestWetPoor
62777,Mercurialis perennis,ForestWetPoor
62778,Mercurialis perennis,ForestWetPoor
62779,Mercurialis perennis,ForestWetPoor
62780,Mercurialis perennis,ForestWetPoor
62781,Mercurialis perennis,ForestWetPoor
62782,Mercurialis perennis,ForestWetPoor
62783,Mercurialis perennis,ForestWetPoor
62784,Mercurialis perennis,ForestWetPoor
62785,Mercurialis perennis,ForestWetPoor
62786,Mercurialis perennis,ForestWetPoor
62787,Mercurialis perennis,ForestWetPoor
62788,Mercurialis perennis,ForestWetPoor
62789,Mercurialis perennis,ForestWetPoor
62790,Mercurialis perennis,ForestWetPoor
62791,Mercurialis perennis,ForestWetPoor
62792,Mercurialis perennis,ForestWetPoor
63367,Mercurialis perennis,ForestWetPoor
63368,Mercurialis perennis,ForestWetPoor
63369,Mercurialis perennis,ForestWetPoor
63370,Mercurialis perennis,ForestWetPoor
63371,Mercurialis perennis,ForestWetPoor
63372,Mercurialis perennis,ForestWetPoor
63373,Mercurialis perennis,ForestWetPoor
63374,Mercurialis perennis,ForestWetPoor
63375,Mercurialis perennis,ForestWetPoor
63376,Mercurialis perennis,ForestWetPoor
63377,Mercurialis perennis,ForestWetPoor
63378,Mercurialis perennis,ForestWetPoor
63379,Mercurialis perennis,ForestWetPoor
63380,Mercurialis perennis,ForestWetPoor
63381,Mercurialis perennis,ForestWetPoor
63382,Mercurialis perennis,ForestWetPoor
63383,Mercurialis perennis,ForestWetPoor
63384,Mercurialis perennis,ForestWetPoor
63385,Mercurialis perennis,ForestWetPoor
63386,Mercurialis perennis,ForestWetPoor
63387,Mercurialis perennis,ForestWetPoor
63388,Mercurialis perennis,ForestWetPoor
63389,Mercurialis perennis,ForestWetPoor
63390,Mercurialis perennis,ForestWetPoor
63391,Mercurialis perennis,ForestWetPoor
63964,Mercurialis perennis,ForestWetPoor
63965,Mercurialis perennis,ForestWetPoor
63966,Mercurialis perennis,ForestWetPoor
63967,Mercurialis perennis,ForestWetPoor
63968,Mercurialis perennis,ForestWetPoor
63969,Mercurialis perennis,ForestWetPoor
63970,Mercurialis perennis,ForestWetPoor
63971,Mercurialis perennis,ForestWetPoor
63972,Mercurialis perennis,ForestWetPoor
63973,Mercurialis perennis,ForestWetPoor
63974,Mercurialis perennis,ForestWetPoor
63975,Mercurialis perennis,ForestWetPoor
63976,Mercurialis perennis,ForestWetPoor
63977,Mercurialis perennis,ForestWetPoor
63978,Mercurialis perennis,ForestWetPoor
63979,Mercurialis perennis,ForestWetPoor
63980,Mercurialis perennis,ForestWetPoor
63981,Mercurialis perennis,ForestWetPoor
63982,Mercurialis perennis,ForestWetPoor
63983,Mercurialis perennis,ForestWetPoor
63984,Mercurialis perennis,ForestWetPoor
63985,Mercurialis perennis,ForestWetPoor
63986,Mercurialis perennis,ForestWetPoor
63987,Mercurialis perennis,ForestWetPoor
63988,Mercurialis perennis,ForestWetPoor
63989,Mercurialis perennis,ForestWetPoor
63990,Mercurialis perennis,ForestWetPoor
64560,Mercurialis perennis,ForestWetPoor
64561,Mercurialis perennis,ForestWetPoor
64562,Mercurialis perennis,ForestWetPoor
64563,Mercurialis perennis,ForestWetPoor
64564,Mercurialis perennis,ForestWetPoor
64565,Mercurialis perennis,ForestWetPoor
64566,Mercurialis perennis,ForestWetPoor
64567,Mercurialis perennis,ForestWetPoor
64568,Mercurialis perennis,ForestWetPoor
64569,Mercurialis perennis,ForestWetPoor
64570,Mercurialis perennis,ForestWetPoor
64571,Mercurialis perennis,ForestWetPoor
64572,Mercurialis perennis,ForestWetPoor
64573,Mercurialis perennis,ForestWetPoor
64574,Mercurialis perennis,ForestWetPoor
64575,Mercurialis perennis,ForestWetPoor
64576,Mercurialis perennis,ForestWetPoor
64577,Mercurialis perennis,ForestWetPoor
64578,Mercurialis perennis,ForestWetPoor
64579,Mercurialis perennis,ForestWetPoor
64580,Mercurialis perennis,ForestWetPoor
64581,Mercurialis perennis,ForestWetPoor
64582,Mercurialis perennis,ForestWetPoor
64583,Mercurialis perennis,ForestWetPoor
64584,Mercurialis perennis,ForestWetPoor
64585,Mercurialis perennis,ForestWetPoor
64586,Mercurialis perennis,ForestWetPoor
64587,Mercurialis perennis,ForestWetPoor
64588,Mercurialis perennis,ForestWetPoor
64589,Mercurialis perennis,ForestWetPoor
65157,Mercurialis perennis,ForestWetPoor
65158,Mercurialis perennis,ForestWetPoor
65159,Mercurialis perennis,ForestWetPoor
65160,Mercurialis perennis,ForestWetPoor
65161,Mercurialis perennis,ForestWetPoor
65162,Mercurialis perennis,ForestWetPoor
65163,Mercurialis perennis,ForestWetPoor
65164,Mercurialis perennis,ForestWetPoor
65165,Mercurialis perennis,ForestWetPoor
65166,Mercurialis perennis,ForestWetPoor
65167,Mercurialis perennis,ForestWetPoor
65168,Mercurialis perennis,ForestWetPoor
65169,Mercurialis perennis,ForestWetPoor
65170,Mercurialis perennis,ForestWetPoor
65171,Mercurialis perennis,ForestWetPoor
65172,Mercurialis perennis,ForestWetPoor
65173,Mercurialis perennis,ForestWetPoor
65174,Mercurialis perennis,ForestWetPoor
65175,Mercurialis perennis,ForestWetPoor
65176,Mercurialis perennis,ForestWetPoor
65177,Mercurialis perennis,ForestWetPoor
65178,Mercurialis perennis,ForestWetPoor
65179,Mercurialis perennis,ForestWetPoor
65180,Mercurialis perennis,ForestWetPoor
65181,Mercurialis perennis,ForestWetPoor
65182,Mercurialis perennis,ForestWetPoor
65183,Mercurialis perennis,ForestWetPoor
65184,Mercurialis perennis,ForestWetPoor
65185,Mercurialis perennis,ForestWetPoor
65186,Mercurialis perennis,ForestWetPoor
65187,Mercurialis perennis,ForestWetPoor
65188,Mercurialis perennis,ForestWetPoor
65755,Mercurialis perennis,ForestWetPoor
65756,Mercurialis perennis,ForestWetPoor
65757,Mercurialis perennis,ForestWetPoor
65758,Mercurialis perennis,ForestWetPoor
65759,Mercurialis perennis,ForestWetPoor
65760,Mercurialis perennis,ForestWetPoor
65761,Mercurialis perennis,ForestWetPoor
65762,Mercurialis perennis,ForestWetPoor
65763,Mercurialis perennis,ForestWetPoor
65764,Mercurialis perennis,ForestWetPoor
65765,Mercurialis perennis,ForestWetPoor
65766,Mercurialis perennis,ForestWetPoor
65767,Mercurialis perennis,ForestWetPoor
65768,Mercurialis perennis,ForestWetPoor
65769,Mercurialis perennis,ForestWetPoor
65770,Mercurialis perennis,ForestWetPoor
65771,Mercurialis perennis,ForestWetPoor
65772,Mercurialis perennis,ForestWetPoor
65773,Mercurialis perennis,ForestWetPoor
65774,Mercurialis perennis,ForestWetPoor
65775,Mercurialis perennis,ForestWetPoor
65776,Mercurialis perennis,ForestWetPoor
65777,Mercurialis perennis,ForestWetPoor
65778,Mercurialis perennis,ForestWetPoor
65779,Mercurialis perennis,ForestWetPoor
65780,Mercurialis perennis,ForestWetPoor
65781,Mercurialis perennis,ForestWetPoor
65782,Mercurialis perennis,ForestWetPoor
65783,Mercurialis perennis,ForestWetPoor
65784,Mercurialis perennis,ForestWetPoor
65785,Mercurialis perennis,ForestWetPoor
65786,Mercurialis perennis,ForestWetPoor
65787,Mercurialis perennis,ForestWetPoor
66352,Mercurialis perennis,ForestWetPoor
66353,Mercurialis perennis,ForestWetPoor
66354,Mercurialis perennis,ForestWetPoor
66355,Mercurialis perennis,ForestWetPoor
66356,Mercurialis perennis,ForestWetPoor
66357,Mercurialis perennis,ForestWetPoor
66358,Mercurialis perennis,ForestWetPoor
66359,Mercurialis perennis,ForestWetPoor
66360,Mercurialis perennis,ForestWetPoor
66361,Mercurialis perennis,ForestWetPoor
66362,Mercurialis perennis,ForestWetPoor
66363,Mercurialis perennis,ForestWetPoor
66364,Mercurialis perennis,ForestWetPoor
66365,Mercurialis perennis,ForestWetPoor
66366,Mercurialis perennis,ForestWetPoor
66367,Mercurialis perennis,ForestWetPoor
66368,Mercurialis perennis,ForestWetPoor
66369,Mercurialis perennis,ForestWetPoor
66370,Mercurialis perennis,ForestWetPoor
66371,Mercurialis perennis,ForestWetPoor
66372,Mercurialis perennis,ForestWetPoor
66373,Mercurialis perennis,ForestWetPoor
66374,Mercurialis perennis,ForestWetPoor
66375,Mercurialis perennis,ForestWetPoor
66376,Mercurialis perennis,ForestWetPoor
66377,Mercurialis perennis,ForestWetPoor
66378,Mercurialis perennis,ForestWetPoor
66379,Mercurialis perennis,ForestWetPoor
66380,Mercurialis perennis,ForestWetPoor
66381,Mercurialis perennis,ForestWetPoor
66382,Mercurialis perennis,ForestWetPoor
66383,Mercurialis perennis,ForestWetPoor
66384,Mercurialis perennis,ForestWetPoor
66385,Mercurialis perennis,ForestWetPoor
66386,Mercurialis perennis,ForestWetPoor
66949,Mercurialis perennis,ForestWetPoor
66950,Mercurialis perennis,ForestWetPoor
66951,Mercurialis perennis,ForestWetPoor
66952,Mercurialis perennis,ForestWetPoor
66953,Mercurialis perennis,ForestWetPoor
66954,Mercurialis perennis,ForestWetPoor
66955,Mercurialis perennis,ForestWetPoor
66956,Mercurialis perennis,ForestWetPoor
66957,Mercurialis perennis,ForestWetPoor
66958,Mercurialis perennis,ForestWetPoor
66959,Mercurialis perennis,ForestWetPoor
66960,Mercurialis perennis,ForestWetPoor
66961,Mercurialis perennis,ForestWetPoor
66962,Mercurialis perennis,ForestWetPoor
66963,Mercurialis perennis,ForestWetPoor
66964,Mercurialis perennis,ForestWetPoor
66965,Mercurialis perennis,ForestWetPoor
66966,Mercurialis perennis,ForestWetPoor
66967,Mercurialis perennis,ForestWetPoor
66968,Mercurialis perennis,ForestWetPoor
66969,Mercurialis perennis,ForestWetPoor
66970,Mercurialis perennis,ForestWetPoor
66971,Mercurialis perennis,ForestWetPoor
66972,Mercurialis perennis,ForestWetPoor
66973,Mercurialis perennis,ForestWetPoor
66974,Mercurialis perennis,ForestWetPoor
66975,Mercurialis perennis,ForestWetPoor
66976,Mercurialis perennis,ForestWetPoor
66977,Mercurialis perennis,ForestWetPoor
66978,Mercurialis perennis,ForestWetPoor
66979,Mercurialis perennis,ForestWetPoor
66980,Mercurialis perennis,ForestWetPoor
66981,Mercurialis perennis,ForestWetPoor
66982,Mercurialis perennis,ForestWetPoor
66983,Mercurialis perennis,ForestWetPoor
66984,Mercurialis perennis,ForestWetPoor
66985,Mercurialis perennis,ForestWetPoor
67547,Mercurialis perennis,ForestWetPoor
67548,Mercurialis perennis,ForestWetPoor
67549,Mercurialis perennis,ForestWetPoor
67550,Mercurialis perennis,ForestWetPoor
67551,Mercurialis perennis,ForestWetPoor
67552,Mercurialis perennis,ForestWetPoor
67553,Mercurialis perennis,ForestWetPoor
67554,Mercurialis perennis,ForestWetPoor
67555,Mercurialis perennis,ForestWetPoor
67556,Mercurialis perennis,ForestWetPoor
67557,Mercurialis perennis,ForestWetPoor
67558,Mercurialis perennis,ForestWetPoor
67559,Mercurialis perennis,ForestWetPoor
67560,Mercurialis perennis,ForestWetPoor
67561,Mercurialis perennis,ForestWetPoor
67562,Mercurialis perennis,ForestWetPoor
67563,Mercurialis perennis,ForestWetPoor
67564,Mercurialis perennis,ForestWetPoor
67565,Mercurialis perennis,ForestWetPoor
67566,Mercurialis perennis,ForestWetPoor
67567,Mercurialis perennis,ForestWetPoor
67568,Mercurialis perennis,ForestWetPoor
67569,Mercurialis perennis,ForestWetPoor
67570,Mercurialis perennis,ForestWetPoor
67571,Mercurialis perennis,ForestWetPoor
67572,Mercurialis perennis,ForestWetPoor
67573,Mercurialis perennis,ForestWetPoor
67574,Mercurialis perennis,ForestWetPoor
67575,Mercurialis perennis,ForestWetPoor
67576,Mercurialis perennis,ForestWetPoor
67577,Mercurialis perennis,ForestWetPoor
67578,Mercurialis perennis,ForestWetPoor
67579,Mercurialis perennis,ForestWetPoor
67580,Mercurialis perennis,ForestWetPoor
67581,Mercurialis perennis,ForestWetPoor
67582,Mercurialis perennis,ForestWetPoor
67583,Mercurialis perennis,ForestWetPoor
67584,Mercurialis perennis,ForestWetPoor
68145,Mercurialis perennis,ForestWetPoor
68146,Mercurialis perennis,ForestWetPoor
68147,Mercurialis perennis,ForestWetPoor
68148,Mercurialis perennis,ForestWetPoor
68149,Mercurialis perennis,ForestWetPoor
68150,Mercurialis perennis,ForestWetPoor
68151,Mercurialis perennis,ForestWetPoor
68152,Mercurialis perennis,ForestWetPoor
68153,Mercurialis perennis,ForestWetPoor
68154,Mercurialis perennis,ForestWetPoor
68155,Mercurialis perennis,ForestWetPoor
68156,Mercurialis perennis,ForestWetPoor
68157,Mercurialis perennis,ForestWetPoor
68158,Mercurialis perennis,ForestWetPoor
68159,Mercurialis perennis,ForestWetPoor
68160,Mercurialis perennis,ForestWetPoor
68161,Mercurialis perennis,ForestWetPoor
68162,Mercurialis perennis,ForestWetPoor
68163,Mercurialis perennis,ForestWetPoor
68164,Mercurialis perennis,ForestWetPoor
68165,Mercurialis perennis,ForestWetPoor
68166,Mercurialis perennis,ForestWetPoor
68167,Mercurialis perennis,ForestWetPoor
68168,Mercurialis perennis,ForestWetPoor
68169,Mercurialis perennis,ForestWetPoor
68170,Mercurialis perennis,ForestWetPoor
68171,Mercurialis perennis,ForestWetPoor
68172,Mercurialis perennis,ForestWetPoor
68173,Mercurialis perennis,ForestWetPoor
68174,Mercurialis perennis,ForestWetPoor
68175,Mercurialis perennis,ForestWetPoor
68176,Mercurialis perennis,ForestWetPoor
68177,Mercurialis perennis,ForestWetPoor
68178,Mercurialis perennis,ForestWetPoor
68179,Mercurialis perennis,ForestWetPoor
68180,Mercurialis perennis,ForestWetPoor
68181,Mercurialis perennis,ForestWetPoor
68182,Mercurialis perennis,ForestWetPoor
68183,Mercurialis perennis,ForestWetPoor
68743,Mercurialis perennis,ForestWetPoor
68744,Mercurialis perennis,ForestWetPoor
68745,Mercurialis perennis,ForestWetPoor
68746,Mercurialis perennis,ForestWetPoor
68747,Mercurialis perennis,ForestWetPoor
68748,Mercurialis perennis,ForestWetPoor
68749,Mercurialis perennis,ForestWetPoor
68750,Mercurialis perennis,ForestWetPoor
68751,Mercurialis perennis,ForestWetPoor
68752,Mercurialis perennis,ForestWetPoor
68753,Mercurialis perennis,ForestWetPoor
68754,Mercurialis perennis,ForestWetPoor
68755,Mercurialis perennis,ForestWetPoor
68756,Mercurialis perennis,ForestWetPoor
68757,Mercurialis perennis,ForestWetPoor
68758,Mercurialis perennis,ForestWetPoor
68759,Mercurialis perennis,ForestWetPoor
68760,Mercurialis perennis,ForestWetPoor
68761,Mercurialis perennis,ForestWetPoor
68762,Mercurialis perennis,ForestWetPoor
68763,Mercurialis perennis,ForestWetPoor
68764,Mercurialis perennis,ForestWetPoor
68765,Mercurialis perennis,ForestWetPoor
68766,Mercurialis perennis,ForestWetPoor
68767,Mercurialis perennis,ForestWetPoor
68768,Mercurialis perennis,ForestWetPoor
68769,Mercurialis perennis,ForestWetPoor
68770,Mercurialis perennis,ForestWetPoor
68771,Mercurialis perennis,ForestWetPoor
68772,Mercurialis perennis,ForestWetPoor
68773,Mercurialis perennis,ForestWetPoor
68774,Mercurialis perennis,ForestWetPoor
68775,Mercurialis perennis,ForestWetPoor
68776,Mercurialis perennis,ForestWetPoor
68777,Mercurialis perennis,ForestWetPoor
68778,Mercurialis perennis,ForestWetPoor
68779,Mercurialis perennis,ForestWetPoor
68780,Mercurialis perennis,ForestWetPoor
68781,Mercurialis perennis,ForestWetPoor
68782,Mercurialis perennis,ForestWetPoor
69342,Mercurialis perennis,ForestWetPoor
69343,Mercurialis perennis,ForestWetPoor
69344,Mercurialis perennis,ForestWetPoor
69345,Mercurialis perennis,ForestWetPoor
69346,Mercurialis perennis,ForestWetPoor
69347,Mercurialis perennis,ForestWetPoor
69348,Mercurialis perennis,ForestWetPoor
69349,Mercurialis perennis,ForestWetPoor
69350,Mercurialis perennis,ForestWetPoor
69351,Mercurialis perennis,ForestWetPoor
69352,Mercurialis perennis,ForestWetPoor
69353,Mercurialis perennis,ForestWetPoor
69354,Mercurialis perennis,ForestWetPoor
69355,Mercurialis perennis,ForestWetPoor
69356,Mercurialis perennis,ForestWetPoor
69357,Mercurialis perennis,ForestWetPoor
69358,Mercurialis perennis,ForestWetPoor
69359,Mercurialis perennis,ForestWetPoor
69360,Mercurialis perennis,ForestWetPoor
69361,Mercurialis perennis,ForestWetPoor
69362,Mercurialis perennis,ForestWetPoor
69363,Mercurialis perennis,ForestWetPoor
69364,Mercurialis perennis,ForestWetPoor
69365,Mercurialis perennis,ForestWetPoor
69366,Mercurialis perennis,ForestWetPoor
69367,Mercurialis perennis,ForestWetPoor
69368,Mercurialis perennis,ForestWetPoor
69369,Mercurialis perennis,ForestWetPoor
69370,Mercurialis perennis,ForestWetPoor
69371,Mercurialis perennis,ForestWetPoor
69372,Mercurialis perennis,ForestWetPoor
69373,Mercurialis perennis,ForestWetPoor
69374,Mercurialis perennis,ForestWetPoor
69375,Mercurialis perennis,ForestWetPoor
69376,Mercurialis perennis,ForestWetPoor
69377,Mercurialis perennis,ForestWetPoor
69378,Mercurialis perennis,ForestWetPoor
69379,Mercurialis perennis,ForestWetPoor
69380,Mercurialis perennis,ForestWetPoor
69381,Mercurialis perennis,ForestWetPoor
69941,Mercurialis perennis,ForestWetPoor
69942,Mercurialis perennis,ForestWetPoor
69943,Mercurialis perennis,ForestWetPoor
69944,Mercurialis perennis,ForestWetPoor
69945,Mercurialis perennis,ForestWetPoor
69946,Mercurialis perennis,ForestWetPoor
69947,Mercurialis perennis,ForestWetPoor
69948,Mercurialis perennis,ForestWetPoor
69949,Mercurialis perennis,ForestWetPoor
69950,Mercurialis perennis,ForestWetPoor
69951,Mercurialis perennis,ForestWetPoor
69952,Mercurialis perennis,ForestWetPoor
69953,Mercurialis perennis,ForestWetPoor
69954,Mercurialis perennis,ForestWetPoor
69955,Mercurialis perennis,ForestWetPoor
69956,Mercurialis perennis,ForestWetPoor
69957,Mercurialis perennis,ForestWetPoor
69958,Mercurialis perennis,ForestWetPoor
69959,Mercurialis perennis,ForestWetPoor
69960,Mercurialis perennis,ForestWetPoor
69961,Mercurialis perennis,ForestWetPoor
69962,Mercurialis perennis,ForestWetPoor
69963,Mercurialis perennis,ForestWetPoor
69964,Mercurialis perennis,ForestWetPoor
69965,Mercurialis perennis,ForestWetPoor
69966,Mercurialis perennis,ForestWetPoor
69967,Mercurialis perennis,ForestWetPoor
69968,Mercurialis perennis,ForestWetPoor
69969,Mercurialis perennis,ForestWetPoor
69970,Mercurialis perennis,ForestWetPoor
69971,Mercurialis perennis,ForestWetPoor
69972,Mercurialis perennis,ForestWetPoor
69973,Mercurialis perennis,ForestWetPoor
69974,Mercurialis perennis,ForestWetPoor
69975,Mercurialis perennis,ForestWetPoor
69976,Mercurialis perennis,ForestWetPoor
69977,Mercurialis perennis,ForestWetPoor
69978,Mercurialis perennis,ForestWetPoor
69979,Mercurialis perennis,ForestWetPoor
69980,Mercurialis perennis,ForestWetPoor
70540,Mercurialis perennis,ForestWetPoor
70541,Mercurialis perennis,ForestWetPoor
70542,Mercurialis perennis,ForestWetPoor
70543,Mercurialis perennis,ForestWetPoor
70544,Mercurialis perennis,ForestWetPoor
70545,Mercurialis perennis,ForestWetPoor
70546,Mercurialis perennis,ForestWetPoor
70547,Mercurialis perennis,ForestWetPoor
70548,Mercurialis perennis,ForestWetPoor
70549,Mercurialis perennis,ForestWetPoor
70550,Mercurialis perennis,ForestWetPoor
70551,Mercurialis perennis,ForestWetPoor
70552,Mercurialis perennis,ForestWetPoor
70553,Mercurialis perennis,ForestWetPoor
70554,Mercurialis perennis,ForestWetPoor
70555,Mercurialis perennis,ForestWetPoor
70556,Mercurialis perennis,ForestWetPoor
70557,Mercurialis perennis,ForestWetPoor
70558,Mercurialis perennis,ForestWetPoor
70559,Mercurialis perennis,ForestWetPoor
70560,Mercurialis perennis,ForestWetPoor
70561,Mercurialis perennis,ForestWetPoor
70562,Mercurialis perennis,ForestWetPoor
70563,Mercurialis perennis,ForestWetPoor
70564,Mercurialis perennis,ForestWetPoor
70565,Mercurialis perennis,ForestWetPoor
70566,Mercurialis perennis,ForestWetPoor
70567,Mercurialis perennis,ForestWetPoor
70568,Mercurialis perennis,ForestWetPoor
70569,Mercurialis perennis,ForestWetPoor
70570,Mercurialis perennis,ForestWetPoor
70571,Mercurialis perennis,ForestWetPoor
70572,Mercurialis perennis,ForestWetPoor
70573,Mercurialis perennis,ForestWetPoor
70574,Mercurialis perennis,ForestWetPoor
70575,Mercurialis perennis,ForestWetPoor
70576,Mercurialis perennis,ForestWetPoor
70577,Mercurialis perennis,ForestWetPoor
70578,Mercurialis perennis,ForestWetPoor
70579,Mercurialis perennis,ForestWetPoor
71139,Mercurialis perennis,ForestWetPoor
71140,Mercurialis perennis,ForestWetPoor
71141,Mercurialis perennis,ForestWetPoor
71142,Mercurialis perennis,ForestWetPoor
71143,Mercurialis perennis,ForestWetPoor
71144,Mercurialis perennis,ForestWetPoor
71145,Mercurialis perennis,ForestWetPoor
71146,Mercurialis perennis,ForestWetPoor
71147,Mercurialis perennis,ForestWetPoor
71148,Mercurialis perennis,ForestWetPoor
71149,Mercurialis perennis,ForestWetPoor
71150,Mercurialis perennis,ForestWetPoor
71151,Mercurialis perennis,ForestWetPoor
71152,Mercurialis perennis,ForestWetPoor
71153,Mercurialis perennis,ForestWetPoor
71154,Mercurialis perennis,ForestWetPoor
71155,Mercurialis perennis,ForestWetPoor
71156,Mercurialis perennis,ForestWetPoor
71157,Mercurialis perennis,ForestWetPoor
71158,Mercurialis perennis,ForestWetPoor
71159,Mercurialis perennis,ForestWetPoor
71160,Mercurialis perennis,ForestWetPoor
71161,Mercurialis perennis,ForestWetPoor
71162,Mercurialis perennis,ForestWetPoor
71163,Mercurialis perennis,ForestWetPoor
71164,Mercurialis perennis,ForestWetPoor
71165,Mercurialis perennis,ForestWetPoor
71166,Mercurialis perennis,ForestWetPoor
71167,Mercurialis perennis,ForestWetPoor
71168,Mercurialis perennis,ForestWetPoor
71169,Mercurialis perennis,ForestWetPoor
71170,Mercurialis perennis,ForestWetPoor
71171,Mercurialis perennis,ForestWetPoor
71172,Mercurialis perennis,ForestWetPoor
71173,Mercurialis perennis,ForestWetPoor
71174,Mercurialis perennis,ForestWetPoor
71175,Mercurialis perennis,ForestWetPoor
71176,Mercurialis perennis,ForestWetPoor
71177,Mercurialis perennis,ForestWetPoor
71178,Mercurialis perennis,ForestWetPoor
71738,Mercurialis perennis,ForestWetPoor
71739,Mercurialis perennis,ForestWetPoor
71740,Mercurialis perennis,ForestWetPoor
71741,Mercurialis perennis,ForestWetPoor
71742,Mercurialis perennis,ForestWetPoor
71743,Mercurialis perennis,ForestWetPoor
71744,Mercurialis perennis,ForestWetPoor
71745,Mercurialis perennis,ForestWetPoor
71746,Mercurialis perennis,ForestWetPoor
71747,Mercurialis perennis,ForestWetPoor
71748,Mercurialis perennis,ForestWetPoor
71749,Mercurialis perennis,ForestWetPoor
71750,Mercurialis perennis,ForestWetPoor
71751,Mercurialis perennis,ForestWetPoor
71752,Mercurialis perennis,ForestWetPoor
71753,Mercurialis perennis,ForestWetPoor
71754,Mercurialis perennis,ForestWetPoor
71755,Mercurialis perennis,ForestWetPoor
71756,Mercurialis perennis,ForestWetPoor
71757,Mercurialis perennis,ForestWetPoor
71758,Mercurialis perennis,ForestWetPoor
71759,Mercurialis perennis,ForestWetPoor
71760,Mercurialis perennis,ForestWetPoor
71761,Mercurialis perennis,ForestWetPoor
71762,Mercurialis perennis,ForestWetPoor
71763,Mercurialis perennis,ForestWetPoor
71764,Mercurialis perennis,ForestWetPoor
71765,Mercurialis perennis,ForestWetPoor
71766,Mercurialis perennis,ForestWetPoor
71767,Mercurialis perennis,ForestWetPoor
71768,Mercurialis perennis,ForestWetPoor
71769,Mercurialis perennis,ForestWetPoor
71770,Mercurialis perennis,ForestWetPoor
71771,Mercurialis perennis,ForestWetPoor
71772,Mercurialis perennis,ForestWetPoor
71773,Mercurialis perennis,ForestWetPoor
71774,Mercurialis perennis,ForestWetPoor
71775,Mercurialis perennis,ForestWetPoor
71776,Mercurialis perennis,ForestWetPoor
71777,Mercurialis perennis,ForestWetPoor
72337,Mercurialis perennis,ForestWetPoor
72338,Mercurialis perennis,ForestWetPoor
72339,Mercurialis perennis,ForestWetPoor
72340,Mercurialis perennis,ForestWetPoor
72341,Mercurialis perennis,ForestWetPoor
72342,Mercurialis perennis,ForestWetPoor
72343,Mercurialis perennis,ForestWetPoor
72344,Mercurialis perennis,ForestWetPoor
72345,Mercurialis perennis,ForestWetPoor
72346,Mercurialis perennis,ForestWetPoor
72347,Mercurialis perennis,ForestWetPoor
72348,Mercurialis perennis,ForestWetPoor
72349,Mercurialis perennis,ForestWetPoor
72350,Mercurialis perennis,ForestWetPoor
72351,Mercurialis perennis,ForestWetPoor
72352,Mercurialis perennis,ForestWetPoor
72353,Mercurialis perennis,ForestWetPoor
72354,Mercurialis perennis,ForestWetPoor
72355,Mercurialis perennis,ForestWetPoor
72356,Mercurialis perennis,ForestWetPoor
72357,Mercurialis perennis,ForestWetPoor
72358,Mercurialis perennis,ForestWetPoor
72359,Mercurialis perennis,ForestWetPoor
72360,Mercurialis perennis,ForestWetPoor
72361,Mercurialis perennis,ForestWetPoor
72362,Mercurialis perennis,ForestWetPoor
72363,Mercurialis perennis,ForestWetPoor
72364,Mercurialis perennis,ForestWetPoor
72365,Mercurialis perennis,ForestWetPoor
72366,Mercurialis perennis,ForestWetPoor
72367,Mercurialis perennis,ForestWetPoor
72368,Mercurialis perennis,ForestWetPoor
72369,Mercurialis perennis,ForestWetPoor
72370,Mercurialis perennis,ForestWetPoor
72371,Mercurialis perennis,ForestWetPoor
72372,Mercurialis perennis,ForestWetPoor
72373,Mercurialis perennis,ForestWetPoor
72374,Mercurialis perennis,ForestWetPoor
72375,Mercurialis perennis,ForestWetPoor
72376,Mercurialis perennis,ForestWetPoor
72936,Mercurialis perennis,ForestWetPoor
72937,Mercurialis perennis,ForestWetPoor
72938,Mercurialis perennis,ForestWetPoor
72939,Mercurialis perennis,ForestWetPoor
72940,Mercurialis perennis,ForestWetPoor
72941,Mercurialis perennis,ForestWetPoor
72942,Mercurialis perennis,ForestWetPoor
72943,Mercurialis perennis,ForestWetPoor
72944,Mercurialis perennis,ForestWetPoor
72945,Mercurialis perennis,ForestWetPoor
72946,Mercurialis perennis,ForestWetPoor
72947,Mercurialis perennis,ForestWetPoor
72948,Mercurialis perennis,ForestWetPoor
72949,Mercurialis perennis,ForestWetPoor
72950,Mercurialis perennis,ForestWetPoor
72951,Mercurialis perennis,ForestWetPoor
72952,Mercurialis perennis,ForestWetPoor
72953,Mercurialis perennis,ForestWetPoor
72954,Mercurialis perennis,ForestWetPoor
72955,Mercurialis perennis,ForestWetPoor
72956,Mercurialis perennis,ForestWetPoor
72957,Mercurialis perennis,ForestWetPoor
72958,Mercurialis perennis,ForestWetPoor
72959,Mercurialis perennis,ForestWetPoor
72960,Mercurialis perennis,ForestWetPoor
72961,Mercurialis perennis,ForestWetPoor
72962,Mercurialis perennis,ForestWetPoor
72963,Mercurialis perennis,ForestWetPoor
72964,Mercurialis perennis,ForestWetPoor
72965,Mercurialis perennis,ForestWetPoor
72966,Mercurialis perennis,ForestWetPoor
72967,Mercurialis perennis,ForestWetPoor
72968,Mercurialis perennis,ForestWetPoor
72969,Mercurialis perennis,ForestWetPoor
72970,Mercurialis perennis,ForestWetPoor
72971,Mercurialis perennis,ForestWetPoor
72972,Mercurialis perennis,ForestWetPoor
72973,Mercurialis perennis,ForestWetPoor
72974,Mercurialis perennis,ForestWetPoor
72975,Mercurialis perennis,ForestWetPoor
73535,Mercurialis perennis,ForestWetPoor
73536,Mercurialis perennis,ForestWetPoor
73537,Mercurialis perennis,ForestWetPoor
73538,Mercurialis perennis,ForestWetPoor
73539,Mercurialis perennis,ForestWetPoor
73540,Mercurialis perennis,ForestWetPoor
73541,Mercurialis perennis,ForestWetPoor
73542,Mercurialis perennis,ForestWetPoor
73543,Mercurialis perennis,ForestWetPoor
73544,Mercurialis perennis,ForestWetPoor
73545,Mercurialis perennis,ForestWetPoor
73546,Mercurialis perennis,ForestWetPoor
73547,Mercurialis perennis,ForestWetPoor
73548,Mercurialis perennis,ForestWetPoor
73549,Mercurialis perennis,ForestWetPoor
73550,Mercurialis perennis,ForestWetPoor
73551,Mercurialis perennis,ForestWetPoor
73552,Mercurialis perennis,ForestWetPoor
73553,Mercurialis perennis,ForestWetPoor
73554,Mercurialis perennis,ForestWetPoor
73555,Mercurialis perennis,ForestWetPoor
73556,Mercurialis perennis,ForestWetPoor
73557,Mercurialis perennis,ForestWetPoor
73558,Mercurialis perennis,ForestWetPoor
73559,Mercurialis perennis,ForestWetPoor
73560,Mercurialis perennis,ForestWetPoor
73561,Mercurialis perennis,ForestWetPoor
73562,Mercurialis perennis,ForestWetPoor
73563,Mercurialis perennis,ForestWetPoor
73564,Mercurialis perennis,ForestWetPoor
73565,Mercurialis perennis,ForestWetPoor
73566,Mercurialis perennis,ForestWetPoor
73567,Mercurialis perennis,ForestWetPoor
73568,Mercurialis perennis,ForestWetPoor
73569,Mercurialis perennis,ForestWetPoor
73570,Mercurialis perennis,ForestWetPoor
73571,Mercurialis perennis,ForestWetPoor
73572,Mercurialis perennis,ForestWetPoor
73573,Mercurialis perennis,ForestWetPoor
73574,Mercurialis perennis,ForestWetPoor
74134,Mercurialis perennis,ForestWetPoor
74135,Mercurialis perennis,ForestWetPoor
74136,Mercurialis perennis,ForestWetPoor
74137,Mercurialis perennis,ForestWetPoor
74138,Mercurialis perennis,ForestWetPoor
74139,Mercurialis perennis,ForestWetPoor
74140,Mercurialis perennis,ForestWetPoor
74141,Mercurialis perennis,ForestWetPoor
74142,Mercurialis perennis,ForestWetPoor
74143,Mercurialis perennis,ForestWetPoor
74144,Mercurialis perennis,ForestWetPoor
74145,Mercurialis perennis,ForestWetPoor
74146,Mercurialis perennis,ForestWetPoor
74147,Mercurialis perennis,ForestWetPoor
74148,Mercurialis perennis,ForestWetPoor
74149,Mercurialis perennis,ForestWetPoor
74150,Mercurialis perennis,ForestWetPoor
74151,Mercurialis perennis,ForestWetPoor
74152,Mercurialis perennis,ForestWetPoor
74153,Mercurialis perennis,ForestWetPoor
74154,Mercurialis perennis,ForestWetPoor
74155,Mercurialis perennis,ForestWetPoor
74156,Mercurialis perennis,ForestWetPoor
74157,Mercurialis perennis,ForestWetPoor
74158,Mercurialis perennis,ForestWetPoor
74159,Mercurialis perennis,ForestWetPoor
74160,Mercurialis perennis,ForestWetPoor
74161,Mercurialis perennis,ForestWetPoor
74162,Mercurialis perennis,ForestWetPoor
74163,Mercurialis perennis,ForestWetPoor
74164,Mercurialis perennis,ForestWetPoor
74165,Mercurialis perennis,ForestWetPoor
74166,Mercurialis perennis,ForestWetPoor
74167,Mercurialis perennis,ForestWetPoor
74168,Mercurialis perennis,ForestWetPoor
74169,Mercurialis perennis,ForestWetPoor
74170,Mercurialis perennis,ForestWetPoor
74171,Mercurialis perennis,ForestWetPoor
74172,Mercurialis perennis,ForestWetPoor
74173,Mercurialis perennis,ForestWetPoor
74733,Mercurialis perennis,ForestWetPoor
74734,Mercurialis perennis,ForestWetPoor
74735,Mercurialis perennis,ForestWetPoor
74736,Mercurialis perennis,ForestWetPoor
74737,Mercurialis perennis,ForestWetPoor
74738,Mercurialis perennis,ForestWetPoor
74739,Mercurialis perennis,ForestWetPoor
74740,Mercurialis perennis,ForestWetPoor
74741,Mercurialis perennis,ForestWetPoor
74742,Mercurialis perennis,ForestWetPoor
74743,Mercurialis perennis,ForestWetPoor
74744,Mercurialis perennis,ForestWetPoor
74745,Mercurialis perennis,ForestWetPoor
74746,Mercurialis perennis,ForestWetPoor
74747,Mercurialis perennis,ForestWetPoor
74748,Mercurialis perennis,ForestWetPoor
74749,Mercurialis perennis,ForestWetPoor
74750,Mercurialis perennis,ForestWetPoor
74751,Mercurialis perennis,ForestWetPoor
74752,Mercurialis perennis,ForestWetPoor
75332,Mercurialis perennis,ForestWetPoor
75333,Mercurialis perennis,ForestWetPoor
75334,Mercurialis perennis,ForestWetPoor
75335,Mercurialis perennis,ForestWetPoor
75336,Mercurialis perennis,ForestWetPoor
75337,Mercurialis perennis,ForestWetPoor
75338,Mercurialis perennis,ForestWetPoor
75339,Mercurialis perennis,ForestWetPoor
75340,Mercurialis perennis,ForestWetPoor
75341,Mercurialis perennis,ForestWetPoor
75342,Mercurialis perennis,ForestWetPoor
75343,Mercurialis perennis,ForestWetPoor
75344,Mercurialis perennis,ForestWetPoor
75345,Mercurialis perennis,ForestWetPoor
75346,Mercurialis perennis,ForestWetPoor
75347,Mercurialis perennis,ForestWetPoor
75348,Mercurialis perennis,ForestWetPoor
75349,Mercurialis perennis,ForestWetPoor
75350,Mercurialis perennis,ForestWetPoor
75351,Mercurialis perennis,ForestWetPoor
75931,Mercurialis perennis,ForestWetPoor
75932,Mercurialis perennis,ForestWetPoor
75933,Mercurialis perennis,ForestWetPoor
75934,Mercurialis perennis,ForestWetPoor
75935,Mercurialis perennis,ForestWetPoor
75936,Mercurialis perennis,ForestWetPoor
75937,Mercurialis perennis,ForestWetPoor
75938,Mercurialis perennis,ForestWetPoor
75939,Mercurialis perennis,ForestWetPoor
75940,Mercurialis perennis,ForestWetPoor
75941,Mercurialis perennis,ForestWetPoor
75942,Mercurialis perennis,ForestWetPoor
75943,Mercurialis perennis,ForestWetPoor
75944,Mercurialis perennis,ForestWetPoor
75945,Mercurialis perennis,ForestWetPoor
75946,Mercurialis perennis,ForestWetPoor
75947,Mercurialis perennis,ForestWetPoor
75948,Mercurialis perennis,ForestWetPoor
75949,Mercurialis perennis,ForestWetPoor
75950,Mercurialis perennis,ForestWetPoor
76530,Mercurialis perennis,ForestWetPoor
76531,Mercurialis perennis,ForestWetPoor
76532,Mercurialis perennis,ForestWetPoor
76533,Mercurialis perennis,ForestWetPoor
76534,Mercurialis perennis,ForestWetPoor
76535,Mercurialis perennis,ForestWetPoor
76536,Mercurialis perennis,ForestWetPoor
76537,Mercurialis perennis,ForestWetPoor
76538,Mercurialis perennis,ForestWetPoor
76539,Mercurialis perennis,ForestWetPoor
76540,Mercurialis perennis,ForestWetPoor
76541,Mercurialis perennis,ForestWetPoor
76542,Mercurialis perennis,ForestWetPoor
76543,Mercurialis perennis,ForestWetPoor
76544,Mercurialis perennis,ForestWetPoor
76545,Mercurialis perennis,ForestWetPoor
76546,Mercurialis perennis,ForestWetPoor
76547,Mercurialis perennis,ForestWetPoor
76548,Mercurialis perennis,ForestWetPoor
76549,Mercurialis perennis,ForestWetPoor
77129,Mercurialis perennis,ForestWetPoor
77130,Mercurialis perennis,ForestWetPoor
77131,Mercurialis perennis,ForestWetPoor
77132,Mercurialis perennis,ForestWetPoor
77133,Mercurialis perennis,ForestWetPoor
77134,Mercurialis perennis,ForestWetPoor
77135,Mercurialis perennis,ForestWetPoor
77136,Mercurialis perennis,ForestWetPoor
77137,Mercurialis perennis,ForestWetPoor
77138,Mercurialis perennis,ForestWetPoor
77139,Mercurialis perennis,ForestWetPoor
77140,Mercurialis perennis,ForestWetPoor
77141,Mercurialis perennis,ForestWetPoor
77142,Mercurialis perennis,ForestWetPoor
77143,Mercurialis perennis,ForestWetPoor
77144,Mercurialis perennis,ForestWetPoor
77145,Mercurialis perennis,ForestWetPoor
77146,Mercurialis perennis,ForestWetPoor
77147,Mercurialis perennis,ForestWetPoor
77148,Mercurialis perennis,ForestWetPoor
77728,Mercurialis perennis,ForestWetPoor
77729,Mercurialis perennis,ForestWetPoor
77730,Mercurialis perennis,ForestWetPoor
77731,Mercurialis perennis,ForestWetPoor
77732,Mercurialis perennis,ForestWetPoor
77733,Mercurialis perennis,ForestWetPoor
77734,Mercurialis perennis,ForestWetPoor
77735,Mercurialis perennis,ForestWetPoor
77736,Mercurialis perennis,ForestWetPoor
77737,Mercurialis perennis,ForestWetPoor
77738,Mercurialis perennis,ForestWetPoor
77739,Mercurialis perennis,ForestWetPoor
77740,Mercurialis perennis,ForestWetPoor
77741,Mercurialis perennis,ForestWetPoor
77742,Mercurialis perennis,ForestWetPoor
77743,Mercurialis perennis,ForestWetPoor
77744,Mercurialis perennis,ForestWetPoor
77745,Mercurialis perennis,ForestWetPoor
77746,Mercurialis perennis,ForestWetPoor
77747,Mercurialis perennis,ForestWetPoor
78327,Mercurialis perennis,ForestWetPoor
78328,Mercurialis perennis,ForestWetPoor
78329,Mercurialis perennis,ForestWetPoor
78330,Mercurialis perennis,ForestWetPoor
78331,Mercurialis perennis,ForestWetPoor
78332,Mercurialis perennis,ForestWetPoor
78333,Mercurialis perennis,ForestWetPoor
78334,Mercurialis perennis,ForestWetPoor
78335,Mercurialis perennis,ForestWetPoor
78336,Mercurialis perennis,ForestWetPoor
78337,Mercurialis perennis,ForestWetPoor
78338,Mercurialis perennis,ForestWetPoor
78339,Mercurialis perennis,ForestWetPoor
78340,Mercurialis perennis,ForestWetPoor
78341,Mercurialis perennis,ForestWetPoor
78342,Mercurialis perennis,ForestWetPoor
78343,Mercurialis perennis,ForestWetPoor
78344,Mercurialis perennis,ForestWetPoor
78345,Mercurialis perennis,ForestWetPoor
78346,Mercurialis perennis,ForestWetPoor
78926,Mercurialis perennis,ForestWetPoor
78927,Mercurialis perennis,ForestWetPoor
78928,Mercurialis perennis,ForestWetPoor
78929,Mercurialis perennis,ForestWetPoor
78930,Mercurialis perennis,ForestWetPoor
78931,Mercurialis perennis,ForestWetPoor
78932,Mercurialis perennis,ForestWetPoor
78933,Mercurialis perennis,ForestWetPoor
78934,Mercurialis perennis,ForestWetPoor
78935,Mercurialis perennis,ForestWetPoor
78936,Mercurialis perennis,ForestWetPoor
78937,Mercurialis perennis,ForestWetPoor
78938,Mercurialis perennis,ForestWetPoor
78939,Mercurialis perennis,ForestWetPoor
78940,Mercurialis perennis,ForestWetPoor
78941,Mercurialis perennis,ForestWetPoor
78942,Mercurialis perennis,ForestWetPoor
78943,Mercurialis perennis,ForestWetPoor
78944,Mercurialis perennis,ForestWetPoor
78945,Mercurialis perennis,ForestWetPoor
79525,Mercurialis perennis,ForestWetPoor
79526,Mercurialis perennis,ForestWetPoor
79527,Mercurialis perennis,ForestWetPoor
79528,Mercurialis perennis,ForestWetPoor
79529,Mercurialis perennis,ForestWetPoor
79530,Mercurialis perennis,ForestWetPoor
79531,Mercurialis perennis,ForestWetPoor
79532,Mercurialis perennis,ForestWetPoor
79533,Mercurialis perennis,ForestWetPoor
79534,Mercurialis perennis,ForestWetPoor
79535,Mercurialis perennis,ForestWetPoor
79536,Mercurialis perennis,ForestWetPoor
79537,Mercurialis perennis,ForestWetPoor
79538,Mercurialis perennis,ForestWetPoor
79539,Mercurialis perennis,ForestWetPoor
79540,Mercurialis perennis,ForestWetPoor
79541,Mercurialis perennis,ForestWetPoor
79542,Mercurialis perennis,ForestWetPoor
79543,Mercurialis perennis,ForestWetPoor
79544,Mercurialis perennis,ForestWetPoor
80124,Mercurialis perennis,ForestWetPoor
80125,Mercurialis perennis,ForestWetPoor
80126,Mercurialis perennis,ForestWetPoor
80127,Mercurialis perennis,ForestWetPoor
80128,Mercurialis perennis,ForestWetPoor
80129,Mercurialis perennis,ForestWetPoor
80130,Mercurialis perennis,ForestWetPoor
80131,Mercurialis perennis,ForestWetPoor
80132,Mercurialis perennis,ForestWetPoor
80133,Mercurialis perennis,ForestWetPoor
80134,Mercurialis perennis,ForestWetPoor
80135,Mercurialis perennis,ForestWetPoor
80136,Mercurialis perennis,ForestWetPoor
80137,Mercurialis perennis,ForestWetPoor
80138,Mercurialis perennis,ForestWetPoor
80139,Mercurialis perennis,ForestWetPoor
80140,Mercurialis perennis,ForestWetPoor
80141,Mercurialis perennis,ForestWetPoor
80142,Mercurialis perennis,ForestWetPoor
80143,Mercurialis perennis,ForestWetPoor
80723,Mercurialis perennis,ForestWetPoor
80724,Mercurialis perennis,ForestWetPoor
80725,Mercurialis perennis,ForestWetPoor
80726,Mercurialis perennis,ForestWetPoor
80727,Mercurialis perennis,ForestWetPoor
80728,Mercurialis perennis,ForestWetPoor
80729,Mercurialis perennis,ForestWetPoor
80730,Mercurialis perennis,ForestWetPoor
80731,Mercurialis perennis,ForestWetPoor
80732,Mercurialis perennis,ForestWetPoor
80733,Mercurialis perennis,ForestWetPoor
80734,Mercurialis perennis,ForestWetPoor
80735,Mercurialis perennis,ForestWetPoor
80736,Mercurialis perennis,ForestWetPoor
80737,Mercurialis perennis,ForestWetPoor
80738,Mercurialis perennis,ForestWetPoor
80739,Mercurialis perennis,ForestWetPoor
80740,Mercurialis perennis,ForestWetPoor
80741,Mercurialis perennis,ForestWetPoor
80742,Mercurialis perennis,ForestWetPoor
81322,Mercurialis perennis,ForestWetPoor
81323,Mercurialis perennis,ForestWetPoor
81324,Mercurialis perennis,ForestWetPoor
81325,Mercurialis perennis,ForestWetPoor
81326,Mercurialis perennis,ForestWetPoor
81327,Mercurialis perennis,ForestWetPoor
81328,Mercurialis perennis,ForestWetPoor
81329,Mercurialis perennis,ForestWetPoor
81330,Mercurialis perennis,ForestWetPoor
81331,Mercurialis perennis,ForestWetPoor
81332,Mercurialis perennis,ForestWetPoor
81333,Mercurialis perennis,ForestWetPoor
81334,Mercurialis perennis,ForestWetPoor
81335,Mercurialis perennis,ForestWetPoor
81336,Mercurialis perennis,ForestWetPoor
81337,Mercurialis perennis,ForestWetPoor
81338,Mercurialis perennis,ForestWetPoor
81339,Mercurialis perennis,ForestWetPoor
81340,Mercurialis perennis,ForestWetPoor
81341,Mercurialis perennis,ForestWetPoor
81921,Mercurialis perennis,ForestWetPoor
81922,Mercurialis perennis,ForestWetPoor
81923,Mercurialis perennis,ForestWetPoor
81924,Mercurialis perennis,ForestWetPoor
81925,Mercurialis perennis,ForestWetPoor
81926,Mercurialis perennis,ForestWetPoor
81927,Mercurialis perennis,ForestWetPoor
81928,Mercurialis perennis,ForestWetPoor
81929,Mercurialis perennis,ForestWetPoor
81930,Mercurialis perennis,ForestWetPoor
81931,Mercurialis perennis,ForestWetPoor
81932,Mercurialis perennis,ForestWetPoor
81933,Mercurialis perennis,ForestWetPoor
81934,Mercurialis perennis,ForestWetPoor
81935,Mercurialis perennis,ForestWetPoor
81936,Mercurialis perennis,ForestWetPoor
81937,Mercurialis perennis,ForestWetPoor
81938,Mercurialis perennis,ForestWetPoor
81939,Mercurialis perennis,ForestWetPoor
81940,Mercurialis perennis,ForestWetPoor
82520,Mercurialis perennis,ForestWetPoor
82521,Mercurialis perennis,ForestWetPoor
82522,Mercurialis perennis,ForestWetPoor
82523,Mercurialis perennis,ForestWetPoor
82524,Mercurialis perennis,ForestWetPoor
82525,Mercurialis perennis,ForestWetPoor
82526,Mercurialis perennis,ForestWetPoor
82527,Mercurialis perennis,ForestWetPoor
82528,Mercurialis perennis,ForestWetPoor
82529,Mercurialis perennis,ForestWetPoor
82530,Mercurialis perennis,ForestWetPoor
82531,Mercurialis perennis,ForestWetPoor
82532,Mercurialis perennis,ForestWetPoor
82533,Mercurialis perennis,ForestWetPoor
82534,Mercurialis perennis,ForestWetPoor
82535,Mercurialis perennis,ForestWetPoor
82536,Mercurialis perennis,ForestWetPoor
82537,Mercurialis perennis,ForestWetPoor
82538,Mercurialis perennis,ForestWetPoor
82539,Mercurialis perennis,ForestWetPoor
83119,Mercurialis perennis,ForestWetPoor
83120,Mercurialis perennis,ForestWetPoor
83121,Mercurialis perennis,ForestWetPoor
83122,Mercurialis perennis,ForestWetPoor
83123,Mercurialis perennis,ForestWetPoor
83124,Mercurialis perennis,ForestWetPoor
83125,Mercurialis perennis,ForestWetPoor
83126,Mercurialis perennis,ForestWetPoor
83127,Mercurialis perennis,ForestWetPoor
83128,Mercurialis perennis,ForestWetPoor
83129,Mercurialis perennis,ForestWetPoor
83130,Mercurialis perennis,ForestWetPoor
83131,Mercurialis perennis,ForestWetPoor
83132,Mercurialis perennis,ForestWetPoor
83133,Mercurialis perennis,ForestWetPoor
83134,Mercurialis perennis,ForestWetPoor
83135,Mercurialis perennis,ForestWetPoor
83136,Mercurialis perennis,ForestWetPoor
83137,Mercurialis perennis,ForestWetPoor
83138,Mercurialis perennis,ForestWetPoor
83718,Mercurialis perennis,ForestWetPoor
83719,Mercurialis perennis,ForestWetPoor
83720,Mercurialis perennis,ForestWetPoor
83721,Mercurialis perennis,ForestWetPoor
83722,Mercurialis perennis,ForestWetPoor
83723,Mercurialis perennis,ForestWetPoor
83724,Mercurialis perennis,ForestWetPoor
83725,Mercurialis perennis,ForestWetPoor
83726,Mercurialis perennis,ForestWetPoor
83727,Mercurialis perennis,ForestWetPoor
83728,Mercurialis perennis,ForestWetPoor
83729,Mercurialis perennis,ForestWetPoor
83730,Mercurialis perennis,ForestWetPoor
83731,Mercurialis perennis,ForestWetPoor
83732,Mercurialis perennis,ForestWetPoor
83733,Mercurialis perennis,ForestWetPoor
83734,Mercurialis perennis,ForestWetPoor
83735,Mercurialis perennis,ForestWetPoor
83736,Mercurialis perennis,ForestWetPoor
83737,Mercurialis perennis,ForestWetPoor
84317,Mercurialis perennis,ForestWetPoor
84318,Mercurialis perennis,ForestWetPoor
84319,Mercurialis perennis,ForestWetPoor
84320,Mercurialis perennis,ForestWetPoor
84321,Mercurialis perennis,ForestWetPoor
84322,Mercurialis perennis,ForestWetPoor
84323,Mercurialis perennis,ForestWetPoor
84324,Mercurialis perennis,ForestWetPoor
84325,Mercurialis perennis,ForestWetPoor
84326,Mercurialis perennis,ForestWetPoor
84327,Mercurialis perennis,ForestWetPoor
84328,Mercurialis perennis,ForestWetPoor
84329,Mercurialis perennis,ForestWetPoor
84330,Mercurialis perennis,ForestWetPoor
84331,Mercurialis perennis,ForestWetPoor
84332,Mercurialis perennis,ForestWetPoor
84333,Mercurialis perennis,ForestWetPoor
84334,Mercurialis perennis,ForestWetPoor
84335,Mercurialis perennis,ForestWetPoor
84336,Mercurialis perennis,ForestWetPoor
84916,Mercurialis perennis,ForestWetPoor
84917,Mercurialis perennis,ForestWetPoor
84918,Mercurialis perennis,ForestWetPoor
84919,Mercurialis perennis,ForestWetPoor
84920,Mercurialis perennis,ForestWetPoor
84921,Mercurialis perennis,ForestWetPoor
84922,Mercurialis perennis,ForestWetPoor
84923,Mercurialis perennis,ForestWetPoor
84924,Mercurialis perennis,ForestWetPoor
84925,Mercurialis perennis,ForestWetPoor
84926,Mercurialis perennis,ForestWetPoor
84927,Mercurialis perennis,ForestWetPoor
84928,Mercurialis perennis,ForestWetPoor
84929,Mercurialis perennis,ForestWetPoor
84930,Mercurialis perennis,ForestWetPoor
84931,Mercurialis perennis,ForestWetPoor
84932,Mercurialis perennis,ForestWetPoor
84933,Mercurialis perennis,ForestWetPoor
84934,Mercurialis perennis,ForestWetPoor
84935,Mercurialis perennis,ForestWetPoor
85515,Mercurialis perennis,ForestWetPoor
85516,Mercurialis perennis,ForestWetPoor
85517,Mercurialis perennis,ForestWetPoor
85518,Mercurialis perennis,ForestWetPoor
85519,Mercurialis perennis,ForestWetPoor
85520,Mercurialis perennis,ForestWetPoor
85521,Mercurialis perennis,ForestWetPoor
85522,Mercurialis perennis,ForestWetPoor
85523,Mercurialis perennis,ForestWetPoor
85524,Mercurialis perennis,ForestWetPoor
85525,Mercurialis perennis,ForestWetPoor
85526,Mercurialis perennis,ForestWetPoor
85527,Mercurialis perennis,ForestWetPoor
85528,Mercurialis perennis,ForestWetPoor
85529,Mercurialis perennis,ForestWetPoor
85530,Mercurialis perennis,ForestWetPoor
85531,Mercurialis perennis,ForestWetPoor
85532,Mercurialis perennis,ForestWetPoor
85533,Mercurialis perennis,ForestWetPoor
85534,Mercurialis perennis,ForestWetPoor
86114,Mercurialis perennis,ForestWetPoor
86115,Mercurialis perennis,ForestWetPoor
86116,Mercurialis perennis,ForestWetPoor
86117,Mercurialis perennis,ForestWetPoor
86118,Mercurialis perennis,ForestWetPoor
86119,Mercurialis perennis,ForestWetPoor
86120,Mercurialis perennis,ForestWetPoor
86121,Mercurialis perennis,ForestWetPoor
86122,Mercurialis perennis,ForestWetPoor
86123,Mercurialis perennis,ForestWetPoor
86124,Mercurialis perennis,ForestWetPoor
86125,Mercurialis perennis,ForestWetPoor
86126,Mercurialis perennis,ForestWetPoor
86127,Mercurialis perennis,ForestWetPoor
86128,Mercurialis perennis,ForestWetPoor
86129,Mercurialis perennis,ForestWetPoor
86130,Mercurialis perennis,ForestWetPoor
86131,Mercurialis perennis,ForestWetPoor
86132,Mercurialis perennis,ForestWetPoor
86133,Mercurialis perennis,ForestWetPoor
86713,Mercurialis perennis,ForestWetPoor
86714,Mercurialis perennis,ForestWetPoor
86715,Mercurialis perennis,ForestWetPoor
86716,Mercurialis perennis,ForestWetPoor
86717,Mercurialis perennis,ForestWetPoor
86718,Mercurialis perennis,ForestWetPoor
86719,Mercurialis perennis,ForestWetPoor
86720,Mercurialis perennis,ForestWetPoor
86721,Mercurialis perennis,ForestWetPoor
86722,Mercurialis perennis,ForestWetPoor
86723,Mercurialis perennis,ForestWetPoor
86724,Mercurialis perennis,ForestWetPoor
86725,Mercurialis perennis,ForestWetPoor
86726,Mercurialis perennis,ForestWetPoor
86727,Mercurialis perennis,ForestWetPoor
86728,Mercurialis perennis,ForestWetPoor
86729,Mercurialis perennis,ForestWetPoor
86730,Mercurialis perennis,ForestWetPoor
86731,Mercurialis perennis,ForestWetPoor
86732,Mercurialis perennis,ForestWetPoor
87312,Mercurialis perennis,ForestWetPoor
87313,Mercurialis perennis,ForestWetPoor
87314,Mercurialis perennis,ForestWetPoor
87315,Mercurialis perennis,ForestWetPoor
87316,Mercurialis perennis,ForestWetPoor
87317,Mercurialis perennis,ForestWetPoor
87318,Mercurialis perennis,ForestWetPoor
87319,Mercurialis perennis,ForestWetPoor
87320,Mercurialis perennis,ForestWetPoor
87321,Mercurialis perennis,ForestWetPoor
87322,Mercurialis perennis,ForestWetPoor
87323,Mercurialis perennis,ForestWetPoor
87324,Mercurialis perennis,ForestWetPoor
87325,Mercurialis perennis,ForestWetPoor
87326,Mercurialis perennis,ForestWetPoor
87327,Mercurialis perennis,ForestWetPoor
87328,Mercurialis perennis,ForestWetPoor
87329,Mercurialis perennis,ForestWetPoor
87330,Mercurialis perennis,ForestWetPoor
87331,Mercurialis perennis,ForestWetPoor
87911,Mercurialis perennis,ForestWetPoor
87912,Mercurialis perennis,ForestWetPoor
87913,Mercurialis perennis,ForestWetPoor
87914,Mercurialis perennis,ForestWetPoor
87915,Mercurialis perennis,ForestWetPoor
87916,Mercurialis perennis,ForestWetPoor
87917,Mercurialis perennis,ForestWetPoor
87918,Mercurialis perennis,ForestWetPoor
87919,Mercurialis perennis,ForestWetPoor
87920,Mercurialis perennis,ForestWetPoor
87921,Mercurialis perennis,ForestWetPoor
87922,Mercurialis perennis,ForestWetPoor
87923,Mercurialis perennis,ForestWetPoor
87924,Mercurialis perennis,ForestWetPoor
87925,Mercurialis perennis,ForestWetPoor
87926,Mercurialis perennis,ForestWetPoor
87927,Mercurialis perennis,ForestWetPoor
87928,Mercurialis perennis,ForestWetPoor
87929,Mercurialis perennis,ForestWetPoor
87930,Mercurialis perennis,ForestWetPoor
88510,Mercurialis perennis,ForestWetPoor
88511,Mercurialis perennis,ForestWetPoor
88512,Mercurialis perennis,ForestWetPoor
88513,Mercurialis perennis,ForestWetPoor
88514,Mercurialis perennis,ForestWetPoor
88515,Mercurialis perennis,ForestWetPoor
88516,Mercurialis perennis,ForestWetPoor
88517,Mercurialis perennis,ForestWetPoor
88518,Mercurialis perennis,ForestWetPoor
88519,Mercurialis perennis,ForestWetPoor
88520,Mercurialis perennis,ForestWetPoor
88521,Mercurialis perennis,ForestWetPoor
88522,Mercurialis perennis,ForestWetPoor
88523,Mercurialis perennis,ForestWetPoor
88524,Mercurialis perennis,ForestWetPoor
88525,Mercurialis perennis,ForestWetPoor
88526,Mercurialis perennis,ForestWetPoor
88527,Mercurialis perennis,ForestWetPoor
88528,Mercurialis perennis,ForestWetPoor
88529,Mercurialis perennis,ForestWetPoor
89109,Mercurialis perennis,ForestWetPoor
89110,Mercurialis perennis,ForestWetPoor
89111,Mercurialis perennis,ForestWetPoor
89112,Mercurialis perennis,ForestWetPoor
89113,Mercurialis perennis,ForestWetPoor
89114,Mercurialis perennis,ForestWetPoor
89115,Mercurialis perennis,ForestWetPoor
89116,Mercurialis perennis,ForestWetPoor
89117,Mercurialis perennis,ForestWetPoor
89118,Mercurialis perennis,ForestWetPoor
89119,Mercurialis perennis,ForestWetPoor
89120,Mercurialis perennis,ForestWetPoor
89121,Mercurialis perennis,ForestWetPoor
89122,Mercurialis perennis,ForestWetPoor
89123,Mercurialis perennis,ForestWetPoor
89124,Mercurialis perennis,ForestWetPoor
89125,Mercurialis perennis,ForestWetPoor
89126,Mercurialis perennis,ForestWetPoor
89127,Mercurialis perennis,ForestWetPoor
89128,Mercurialis perennis,ForestWetPoor
89708,Mercurialis perennis,ForestWetPoor
89709,Mercurialis perennis,ForestWetPoor
89710,Mercurialis perennis,ForestWetPoor
89711,Mercurialis perennis,ForestWetPoor
89712,Mercurialis perennis,ForestWetPoor
89713,Mercurialis perennis,ForestWetPoor
89714,Mercurialis perennis,ForestWetPoor
89715,Mercurialis perennis,ForestWetPoor
89716,Mercurialis perennis,ForestWetPoor
89717,Mercurialis perennis,ForestWetPoor
89718,Mercurialis perennis,ForestWetPoor
89719,Mercurialis perennis,ForestWetPoor
89720,Mercurialis perennis,ForestWetPoor
89721,Mercurialis perennis,ForestWetPoor
89722,Mercurialis perennis,ForestWetPoor
89723,Mercurialis perennis,ForestWetPoor
89724,Mercurialis perennis,ForestWetPoor
89725,Mercurialis perennis,ForestWetPoor
89726,Mercurialis perennis,ForestWetPoor
89727,Mercurialis perennis,ForestWetPoor
90307,Mercurialis perennis,ForestWetPoor
90308,Mercurialis perennis,ForestWetPoor
90309,Mercurialis perennis,ForestWetPoor
90310,Mercurialis perennis,ForestWetPoor
90311,Mercurialis perennis,ForestWetPoor
90312,Mercurialis perennis,ForestWetPoor
90313,Mercurialis perennis,ForestWetPoor
90314,Mercurialis perennis,ForestWetPoor
90315,Mercurialis perennis,ForestWetPoor
90316,Mercurialis perennis,ForestWetPoor
90317,Mercurialis perennis,ForestWetPoor
90318,Mercurialis perennis,ForestWetPoor
90319,Mercurialis perennis,ForestWetPoor
90320,Mercurialis perennis,ForestWetPoor
90321,Mercurialis perennis,ForestWetPoor
90322,Mercurialis perennis,ForestWetPoor
90323,Mercurialis perennis,ForestWetPoor
90324,Mercurialis perennis,ForestWetPoor
90325,Mercurialis perennis,ForestWetPoor
90326,Mercurialis perennis,ForestWetPoor
90906,Mercurialis perennis,ForestWetPoor
90907,Mercurialis perennis,ForestWetPoor
90908,Mercurialis perennis,ForestWetPoor
90909,Mercurialis perennis,ForestWetPoor
90910,Mercurialis perennis,ForestWetPoor
90911,Mercurialis perennis,ForestWetPoor
90912,Mercurialis perennis,ForestWetPoor
90913,Mercurialis perennis,ForestWetPoor
90914,Mercurialis perennis,ForestWetPoor
90915,Mercurialis perennis,ForestWetPoor
90916,Mercurialis perennis,ForestWetPoor
90917,Mercurialis perennis,ForestWetPoor
90918,Mercurialis perennis,ForestWetPoor
90919,Mercurialis perennis,ForestWetPoor
90920,Mercurialis perennis,ForestWetPoor
90921,Mercurialis perennis,ForestWetPoor
90922,Mercurialis perennis,ForestWetPoor
90923,Mercurialis perennis,ForestWetPoor
90924,Mercurialis perennis,ForestWetPoor
90925,Mercurialis perennis,ForestWetPoor
91505,Mercurialis perennis,ForestWetPoor
91506,Mercurialis perennis,ForestWetPoor
91507,Mercurialis perennis,ForestWetPoor
91508,Mercurialis perennis,ForestWetPoor
91509,Mercurialis perennis,ForestWetPoor
91510,Mercurialis perennis,ForestWetPoor
91511,Mercurialis perennis,ForestWetPoor
91512,Mercurialis perennis,ForestWetPoor
91513,Mercurialis perennis,ForestWetPoor
91514,Mercurialis perennis,ForestWetPoor
91515,Mercurialis perennis,ForestWetPoor
91516,Mercurialis perennis,ForestWetPoor
91517,Mercurialis perennis,ForestWetPoor
91518,Mercurialis perennis,ForestWetPoor
91519,Mercurialis perennis,ForestWetPoor
91520,Mercurialis perennis,ForestWetPoor
91521,Mercurialis perennis,ForestWetPoor
91522,Mercurialis perennis,ForestWetPoor
91523,Mercurialis perennis,ForestWetPoor
91524,Mercurialis perennis,ForestWetPoor
92104,Mercurialis perennis,ForestWetPoor
92105,Mercurialis perennis,ForestWetPoor
92106,Mercurialis perennis,ForestWetPoor
92107,Mercurialis perennis,ForestWetPoor
92108,Mercurialis perennis,ForestWetPoor
92109,Mercurialis perennis,ForestWetPoor
92110,Mercurialis perennis,ForestWetPoor
92111,Mercurialis perennis,ForestWetPoor
92112,Mercurialis perennis,ForestWetPoor
92113,Mercurialis perennis,ForestWetPoor
92114,Mercurialis perennis,ForestWetPoor
92115,Mercurialis perennis,ForestWetPoor
92116,Mercurialis perennis,ForestWetPoor
92117,Mercurialis perennis,ForestWetPoor
92118,Mercurialis perennis,ForestWetPoor
92119,Mercurialis perennis,ForestWetPoor
92120,Mercurialis perennis,ForestWetPoor
92121,Mercurialis perennis,ForestWetPoor
92122,Mercurialis perennis,ForestWetPoor
92123,Mercurialis perennis,ForestWetPoor
92703,Mercurialis perennis,ForestWetPoor
92704,Mercurialis perennis,ForestWetPoor
92705,Mercurialis perennis,ForestWetPoor
92706,Mercurialis perennis,ForestWetPoor
92707,Mercurialis perennis,ForestWetPoor
92708,Mercurialis perennis,ForestWetPoor
92709,Mercurialis perennis,ForestWetPoor
92710,Mercurialis perennis,ForestWetPoor
92711,Mercurialis perennis,ForestWetPoor
92712,Mercurialis perennis,ForestWetPoor
92713,Mercurialis perennis,ForestWetPoor
92714,Mercurialis perennis,ForestWetPoor
92715,Mercurialis perennis,ForestWetPoor
92716,Mercurialis perennis,ForestWetPoor
92717,Mercurialis perennis,ForestWetPoor
92718,Mercurialis perennis,ForestWetPoor
92719,Mercurialis perennis,ForestWetPoor
92720,Mercurialis perennis,ForestWetPoor
92721,Mercurialis perennis,ForestWetPoor
92722,Mercurialis perennis,ForestWetPoor
93302,Mercurialis perennis,ForestWetPoor
93303,Mercurialis perennis,ForestWetPoor
93304,Mercurialis perennis,ForestWetPoor
93305,Mercurialis perennis,ForestWetPoor
93306,Mercurialis perennis,ForestWetPoor
93307,Mercurialis perennis,ForestWetPoor
93308,Mercurialis perennis,ForestWetPoor
93309,Mercurialis perennis,ForestWetPoor
93310,Mercurialis perennis,ForestWetPoor
93311,Mercurialis perennis,ForestWetPoor
93312,Mercurialis perennis,ForestWetPoor
93313,Mercurialis perennis,ForestWetPoor
93314,Mercurialis perennis,ForestWetPoor
93315,Mercurialis perennis,ForestWetPoor
93316,Mercurialis perennis,ForestWetPoor
93317,Mercurialis perennis,ForestWetPoor
93318,Mercurialis perennis,ForestWetPoor
93319,Mercurialis perennis,ForestWetPoor
93320,Mercurialis perennis,ForestWetPoor
93321,Mercurialis perennis,ForestWetPoor
93901,Mercurialis perennis,ForestWetPoor
93902,Mercurialis perennis,ForestWetPoor
93903,Mercurialis perennis,ForestWetPoor
93904,Mercurialis perennis,ForestWetPoor
93905,Mercurialis perennis,ForestWetPoor
93906,Mercurialis perennis,ForestWetPoor
93907,Mercurialis perennis,ForestWetPoor
93908,Mercurialis perennis,ForestWetPoor
93909,Mercurialis perennis,ForestWetPoor
93910,Mercurialis perennis,ForestWetPoor
93911,Mercurialis perennis,ForestWetPoor
93912,Mercurialis perennis,ForestWetPoor
93913,Mercurialis perennis,ForestWetPoor
93914,Mercurialis perennis,ForestWetPoor
93915,Mercurialis perennis,ForestWetPoor
93916,Mercurialis perennis,ForestWetPoor
93917,Mercurialis perennis,ForestWetPoor
93918,Mercurialis perennis,ForestWetPoor
93919,Mercurialis perennis,ForestWetPoor
93920,Mercurialis perennis,ForestWetPoor
94500,Mercurialis perennis,ForestWetPoor
94501,Mercurialis perennis,ForestWetPoor
94502,Mercurialis perennis,ForestWetPoor
94503,Mercurialis perennis,ForestWetPoor
94504,Mercurialis perennis,ForestWetPoor
94505,Mercurialis perennis,ForestWetPoor
94506,Mercurialis perennis,ForestWetPoor
94507,Mercurialis perennis,ForestWetPoor
94508,Mercurialis perennis,ForestWetPoor
94509,Mercurialis perennis,ForestWetPoor
94510,Mercurialis perennis,ForestWetPoor
94511,Mercurialis perennis,ForestWetPoor
94512,Mercurialis perennis,ForestWetPoor
94513,Mercurialis perennis,ForestWetPoor
94514,Mercurialis perennis,ForestWetPoor
94515,Mercurialis perennis,ForestWetPoor
94516,Mercurialis perennis,ForestWetPoor
94517,Mercurialis perennis,ForestWetPoor
94518,Mercurialis perennis,ForestWetPoor
94519,Mercurialis perennis,ForestWetPoor
95099,Mercurialis perennis,ForestWetPoor
95100,Mercurialis perennis,ForestWetPoor
95101,Mercurialis perennis,ForestWetPoor
95102,Mercurialis perennis,ForestWetPoor
95103,Mercurialis perennis,ForestWetPoor
95104,Mercurialis perennis,ForestWetPoor
95105,Mercurialis perennis,ForestWetPoor
95106,Mercurialis perennis,ForestWetPoor
95107,Mercurialis perennis,ForestWetPoor
95108,Mercurialis perennis,ForestWetPoor
95109,Mercurialis perennis,ForestWetPoor
95110,Mercurialis perennis,ForestWetPoor
95111,Mercurialis perennis,ForestWetPoor
95112,Mercurialis perennis,ForestWetPoor
95113,Mercurialis perennis,ForestWetPoor
95114,Mercurialis perennis,ForestWetPoor
95115,Mercurialis perennis,ForestWetPoor
95116,Mercurialis perennis,ForestWetPoor
95117,Mercurialis perennis,ForestWetPoor
95118,Mercurialis perennis,ForestWetPoor
95698,Mercurialis perennis,ForestWetPoor
95699,Mercurialis perennis,ForestWetPoor
95700,Mercurialis perennis,ForestWetPoor
95701,Mercurialis perennis,ForestWetPoor
95702,Mercurialis perennis,ForestWetPoor
95703,Mercurialis perennis,ForestWetPoor
95704,Mercurialis perennis,ForestWetPoor
95705,Mercurialis perennis,ForestWetPoor
95706,Mercurialis perennis,ForestWetPoor
95707,Mercurialis perennis,ForestWetPoor
95708,Mercurialis perennis,ForestWetPoor
95709,Mercurialis perennis,ForestWetPoor
95710,Mercurialis perennis,ForestWetPoor
95711,Mercurialis perennis,ForestWetPoor
95712,Mercurialis perennis,ForestWetPoor
95713,Mercurialis perennis,ForestWetPoor
95714,Mercurialis perennis,ForestWetPoor
95715,Mercurialis perennis,ForestWetPoor
95716,Mercurialis perennis,ForestWetPoor
95717,Mercurialis perennis,ForestWetPoor
96297,Mercurialis perennis,ForestWetPoor
96298,Mercurialis perennis,ForestWetPoor
96299,Mercurialis perennis,ForestWetPoor
96300,Mercurialis perennis,ForestWetPoor
96301,Mercurialis perennis,ForestWetPoor
96302,Mercurialis perennis,ForestWetPoor
96303,Mercurialis perennis,ForestWetPoor
96304,Mercurialis perennis,ForestWetPoor
96305,Mercurialis perennis,ForestWetPoor
96306,Mercurialis perennis,ForestWetPoor
96307,Mercurialis perennis,ForestWetPoor
96308,Mercurialis perennis,ForestWetPoor
96309,Mercurialis perennis,ForestWetPoor
96310,Mercurialis perennis,ForestWetPoor
96311,Mercurialis perennis,ForestWetPoor
96312,Mercurialis perennis,ForestWetPoor
96313,Mercurialis perennis,ForestWetPoor
96314,Mercurialis perennis,ForestWetPoor
96315,Mercurialis perennis,ForestWetPoor
96316,Mercurialis perennis,ForestWetPoor
96896,Mercurialis perennis,ForestWetPoor
96897,Mercurialis perennis,ForestWetPoor
96898,Mercurialis perennis,ForestWetPoor
96899,Mercurialis perennis,ForestWetPoor
96900,Mercurialis perennis,ForestWetPoor
96901,Mercurialis perennis,ForestWetPoor
96902,Mercurialis perennis,ForestWetPoor
96903,Mercurialis perennis,ForestWetPoor
96904,Mercurialis perennis,ForestWetPoor
96905,Mercurialis perennis,ForestWetPoor
96906,Mercurialis perennis,ForestWetPoor
96907,Mercurialis perennis,ForestWetPoor
96908,Mercurialis perennis,ForestWetPoor
96909,Mercurialis perennis,ForestWetPoor
96910,Mercurialis perennis,ForestWetPoor
96911,Mercurialis perennis,ForestWetPoor
96912,Mercurialis perennis,ForestWetPoor
96913,Mercurialis perennis,ForestWetPoor
96914,Mercurialis perennis,ForestWetPoor
96915,Mercurialis perennis,ForestWetPoor
97495,Mercurialis perennis,ForestWetPoor
97496,Mercurialis perennis,ForestWetPoor
97497,Mercurialis perennis,ForestWetPoor
97498,Mercurialis perennis,ForestWetPoor
97499,Mercurialis perennis,ForestWetPoor
97500,Mercurialis perennis,ForestWetPoor
97501,Mercurialis perennis,ForestWetPoor
97502,Mercurialis perennis,ForestWetPoor
97503,Mercurialis perennis,ForestWetPoor
97504,Mercurialis perennis,ForestWetPoor
97505,Mercurialis perennis,ForestWetPoor
97506,Mercurialis perennis,ForestWetPoor
97507,Mercurialis perennis,ForestWetPoor
97508,Mercurialis perennis,ForestWetPoor
97509,Mercurialis perennis,ForestWetPoor
97510,Mercurialis perennis,ForestWetPoor
97511,Mercurialis perennis,ForestWetPoor
97512,Mercurialis perennis,ForestWetPoor
97513,Mercurialis perennis,ForestWetPoor
97514,Mercurialis perennis,ForestWetPoor
98094,Mercurialis perennis,ForestWetPoor
98095,Mercurialis perennis,ForestWetPoor
98096,Mercurialis perennis,ForestWetPoor
98097,Mercurialis perennis,ForestWetPoor
98098,Mercurialis perennis,ForestWetPoor
98099,Mercurialis perennis,ForestWetPoor
98100,Mercurialis perennis,ForestWetPoor
98101,Mercurialis perennis,ForestWetPoor
98102,Mercurialis perennis,ForestWetPoor
98103,Mercurialis perennis,ForestWetPoor
98104,Mercurialis perennis,ForestWetPoor
98105,Mercurialis perennis,ForestWetPoor
98106,Mercurialis perennis,ForestWetPoor
98107,Mercurialis perennis,ForestWetPoor
98108,Mercurialis perennis,ForestWetPoor
98109,Mercurialis perennis,ForestWetPoor
98110,Mercurialis perennis,ForestWetPoor
98111,Mercurialis perennis,ForestWetPoor
98112,Mercurialis perennis,ForestWetPoor
98113,Mercurialis perennis,ForestWetPoor
98773,Mercurialis perennis,ForestWetPoor
110733,Mercurialis perennis,ForestWetPoor
110734,Mercurialis perennis,ForestWetPoor
110735,Mercurialis perennis,ForestWetPoor
110736,Mercurialis perennis,ForestWetPoor
110737,Mercurialis perennis,ForestWetPoor
110738,Mercurialis perennis,ForestWetPoor
110739,Mercurialis perennis,ForestWetPoor
110740,Mercurialis perennis,ForestWetPoor
110741,Mercurialis perennis,ForestWetPoor
110742,Mercurialis perennis,ForestWetPoor
111332,Mercurialis perennis,ForestWetPoor
111333,Mercurialis perennis,ForestWetPoor
111334,Mercurialis perennis,ForestWetPoor
111335,Mercurialis perennis,ForestWetPoor
111336,Mercurialis perennis,ForestWetPoor
111337,Mercurialis perennis,ForestWetPoor
111338,Mercurialis perennis,ForestWetPoor
111339,Mercurialis perennis,ForestWetPoor
111340,Mercurialis perennis,ForestWetPoor
111931,Mercurialis perennis,ForestWetPoor
111932,Mercurialis perennis,ForestWetPoor
111933,Mercurialis perennis,ForestWetPoor
111934,Mercurialis perennis,ForestWetPoor
111935,Mercurialis perennis,ForestWetPoor
111936,Mercurialis perennis,ForestWetPoor
111937,Mercurialis perennis,ForestWetPoor
111938,Mercurialis perennis,ForestWetPoor
111939,Mercurialis perennis,ForestWetPoor
112530,Mercurialis perennis,ForestWetPoor
112531,Mercurialis perennis,ForestWetPoor
112532,Mercurialis perennis,ForestWetPoor
112533,Mercurialis perennis,ForestWetPoor
112534,Mercurialis perennis,ForestWetPoor
112535,Mercurialis perennis,ForestWetPoor
112536,Mercurialis perennis,ForestWetPoor
112537,Mercurialis perennis,ForestWetPoor
113129,Mercurialis perennis,ForestWetPoor
113130,Mercurialis perennis,ForestWetPoor
113131,Mercurialis perennis,ForestWetPoor
113132,Mercurialis perennis,ForestWetPoor
113133,Mercurialis perennis,ForestWetPoor
113134,Mercurialis perennis,ForestWetPoor
113135,Mercurialis perennis,ForestWetPoor
113728,Mercurialis perennis,ForestWetPoor
113729,Mercurialis perennis,ForestWetPoor
113730,Mercurialis perennis,ForestWetPoor
113731,Mercurialis perennis,ForestWetPoor
113732,Mercurialis perennis,ForestWetPoor
114327,Mercurialis perennis,ForestWetPoor
114328,Mercurialis perennis,ForestWetPoor
114329,Mercurialis perennis,ForestWetPoor
114330,Mercurialis perennis,ForestWetPoor
114926,Mercurialis perennis,ForestWetPoor
114927,Mercurialis perennis,ForestWetPoor
114928,Mercurialis perennis,ForestWetPoor
115525,Mercurialis perennis,ForestWetPoor
115526,Mercurialis perennis,ForestWetPoor
