258299,Picea sitchensis,ForestWetRich
258300,Picea sitchensis,ForestWetRich
258301,Picea sitchensis,ForestWetRich
258302,Picea sitchensis,ForestWetRich
258303,Picea sitchensis,ForestWetRich
258304,Picea sitchensis,ForestWetRich
258305,Picea sitchensis,ForestWetRich
258306,Picea sitchensis,ForestWetRich
258891,Picea sitchensis,ForestWetRich
258892,Picea sitchensis,ForestWetRich
258893,Picea sitchensis,ForestWetRich
258894,Picea sitchensis,ForestWetRich
258895,Picea sitchensis,ForestWetRich
258896,Picea sitchensis,ForestWetRich
258897,Picea sitchensis,ForestWetRich
258898,Picea sitchensis,ForestWetRich
258899,Picea sitchensis,ForestWetRich
258900,Picea sitchensis,ForestWetRich
258901,Picea sitchensis,ForestWetRich
258902,Picea sitchensis,ForestWetRich
258903,Picea sitchensis,ForestWetRich
258904,Picea sitchensis,ForestWetRich
258905,Picea sitchensis,ForestWetRich
258906,Picea sitchensis,ForestWetRich
258907,Picea sitchensis,ForestWetRich
258908,Picea sitchensis,ForestWetRich
258909,Picea sitchensis,ForestWetRich
258910,Picea sitchensis,ForestWetRich
258911,Picea sitchensis,ForestWetRich
259486,Picea sitchensis,ForestWetRich
259487,Picea sitchensis,ForestWetRich
259488,Picea sitchensis,ForestWetRich
259489,Picea sitchensis,ForestWetRich
259490,Picea sitchensis,ForestWetRich
259491,Picea sitchensis,ForestWetRich
259492,Picea sitchensis,ForestWetRich
259493,Picea sitchensis,ForestWetRich
259494,Picea sitchensis,ForestWetRich
259495,Picea sitchensis,ForestWetRich
259496,Picea sitchensis,ForestWetRich
259497,Picea sitchensis,ForestWetRich
259498,Picea sitchensis,ForestWetRich
259499,Picea sitchensis,ForestWetRich
259500,Picea sitchensis,ForestWetRich
259501,Picea sitchensis,ForestWetRich
259502,Picea sitchensis,ForestWetRich
259503,Picea sitchensis,ForestWetRich
259504,Picea sitchensis,ForestWetRich
259505,Picea sitchensis,ForestWetRich
259506,Picea sitchensis,ForestWetRich
259507,Picea sitchensis,ForestWetRich
259508,Picea sitchensis,ForestWetRich
259509,Picea sitchensis,ForestWetRich
259510,Picea sitchensis,ForestWetRich
259511,Picea sitchensis,ForestWetRich
259512,Picea sitchensis,ForestWetRich
259513,Picea sitchensis,ForestWetRich
259514,Picea sitchensis,ForestWetRich
259515,Picea sitchensis,ForestWetRich
260082,Picea sitchensis,ForestWetRich
260083,Picea sitchensis,ForestWetRich
260084,Picea sitchensis,ForestWetRich
260085,Picea sitchensis,ForestWetRich
260086,Picea sitchensis,ForestWetRich
260087,Picea sitchensis,ForestWetRich
260088,Picea sitchensis,ForestWetRich
260089,Picea sitchensis,ForestWetRich
260090,Picea sitchensis,ForestWetRich
260091,Picea sitchensis,ForestWetRich
260092,Picea sitchensis,ForestWetRich
260093,Picea sitchensis,ForestWetRich
260094,Picea sitchensis,ForestWetRich
260095,Picea sitchensis,ForestWetRich
260096,Picea sitchensis,ForestWetRich
260097,Picea sitchensis,ForestWetRich
260098,Picea sitchensis,ForestWetRich
260099,Picea sitchensis,ForestWetRich
260100,Picea sitchensis,ForestWetRich
260101,Picea sitchensis,ForestWetRich
260102,Picea sitchensis,ForestWetRich
260103,Picea sitchensis,ForestWetRich
260104,Picea sitchensis,ForestWetRich
260105,Picea sitchensis,ForestWetRich
260106,Picea sitchensis,ForestWetRich
260107,Picea sitchensis,ForestWetRich
260108,Picea sitchensis,ForestWetRich
260109,Picea sitchensis,ForestWetRich
260110,Picea sitchensis,ForestWetRich
260111,Picea sitchensis,ForestWetRich
260112,Picea sitchensis,ForestWetRich
260113,Picea sitchensis,ForestWetRich
260114,Picea sitchensis,ForestWetRich
260115,Picea sitchensis,ForestWetRich
260116,Picea sitchensis,ForestWetRich
260679,Picea sitchensis,ForestWetRich
260680,Picea sitchensis,ForestWetRich
260681,Picea sitchensis,ForestWetRich
260682,Picea sitchensis,ForestWetRich
260683,Picea sitchensis,ForestWetRich
260684,Picea sitchensis,ForestWetRich
260685,Picea sitchensis,ForestWetRich
260686,Picea sitchensis,ForestWetRich
260687,Picea sitchensis,ForestWetRich
260688,Picea sitchensis,ForestWetRich
260689,Picea sitchensis,ForestWetRich
260690,Picea sitchensis,ForestWetRich
260691,Picea sitchensis,ForestWetRich
260692,Picea sitchensis,ForestWetRich
260693,Picea sitchensis,ForestWetRich
260694,Picea sitchensis,ForestWetRich
260695,Picea sitchensis,ForestWetRich
260696,Picea sitchensis,ForestWetRich
260697,Picea sitchensis,ForestWetRich
260698,Picea sitchensis,ForestWetRich
260699,Picea sitchensis,ForestWetRich
260700,Picea sitchensis,ForestWetRich
260701,Picea sitchensis,ForestWetRich
260702,Picea sitchensis,ForestWetRich
260703,Picea sitchensis,ForestWetRich
260704,Picea sitchensis,ForestWetRich
260705,Picea sitchensis,ForestWetRich
260706,Picea sitchensis,ForestWetRich
260707,Picea sitchensis,ForestWetRich
260708,Picea sitchensis,ForestWetRich
260709,Picea sitchensis,ForestWetRich
260710,Picea sitchensis,ForestWetRich
260711,Picea sitchensis,ForestWetRich
260712,Picea sitchensis,ForestWetRich
260713,Picea sitchensis,ForestWetRich
260714,Picea sitchensis,ForestWetRich
260715,Picea sitchensis,ForestWetRich
260716,Picea sitchensis,ForestWetRich
260717,Picea sitchensis,ForestWetRich
260718,Picea sitchensis,ForestWetRich
261275,Picea sitchensis,ForestWetRich
261276,Picea sitchensis,ForestWetRich
261277,Picea sitchensis,ForestWetRich
261278,Picea sitchensis,ForestWetRich
261279,Picea sitchensis,ForestWetRich
261280,Picea sitchensis,ForestWetRich
261281,Picea sitchensis,ForestWetRich
261282,Picea sitchensis,ForestWetRich
261283,Picea sitchensis,ForestWetRich
261284,Picea sitchensis,ForestWetRich
261285,Picea sitchensis,ForestWetRich
261286,Picea sitchensis,ForestWetRich
261287,Picea sitchensis,ForestWetRich
261288,Picea sitchensis,ForestWetRich
261289,Picea sitchensis,ForestWetRich
261290,Picea sitchensis,ForestWetRich
261291,Picea sitchensis,ForestWetRich
261292,Picea sitchensis,ForestWetRich
261293,Picea sitchensis,ForestWetRich
261294,Picea sitchensis,ForestWetRich
261295,Picea sitchensis,ForestWetRich
261296,Picea sitchensis,ForestWetRich
261297,Picea sitchensis,ForestWetRich
261298,Picea sitchensis,ForestWetRich
261299,Picea sitchensis,ForestWetRich
261300,Picea sitchensis,ForestWetRich
261301,Picea sitchensis,ForestWetRich
261302,Picea sitchensis,ForestWetRich
261303,Picea sitchensis,ForestWetRich
261304,Picea sitchensis,ForestWetRich
261305,Picea sitchensis,ForestWetRich
261306,Picea sitchensis,ForestWetRich
261307,Picea sitchensis,ForestWetRich
261308,Picea sitchensis,ForestWetRich
261309,Picea sitchensis,ForestWetRich
261310,Picea sitchensis,ForestWetRich
261311,Picea sitchensis,ForestWetRich
261312,Picea sitchensis,ForestWetRich
261313,Picea sitchensis,ForestWetRich
261314,Picea sitchensis,ForestWetRich
261315,Picea sitchensis,ForestWetRich
261316,Picea sitchensis,ForestWetRich
261317,Picea sitchensis,ForestWetRich
261318,Picea sitchensis,ForestWetRich
261319,Picea sitchensis,ForestWetRich
261873,Picea sitchensis,ForestWetRich
261874,Picea sitchensis,ForestWetRich
261875,Picea sitchensis,ForestWetRich
261876,Picea sitchensis,ForestWetRich
261877,Picea sitchensis,ForestWetRich
261878,Picea sitchensis,ForestWetRich
261879,Picea sitchensis,ForestWetRich
261880,Picea sitchensis,ForestWetRich
261881,Picea sitchensis,ForestWetRich
261882,Picea sitchensis,ForestWetRich
261883,Picea sitchensis,ForestWetRich
261884,Picea sitchensis,ForestWetRich
261885,Picea sitchensis,ForestWetRich
261886,Picea sitchensis,ForestWetRich
261887,Picea sitchensis,ForestWetRich
261888,Picea sitchensis,ForestWetRich
261889,Picea sitchensis,ForestWetRich
261890,Picea sitchensis,ForestWetRich
261891,Picea sitchensis,ForestWetRich
261892,Picea sitchensis,ForestWetRich
261893,Picea sitchensis,ForestWetRich
261894,Picea sitchensis,ForestWetRich
261895,Picea sitchensis,ForestWetRich
261896,Picea sitchensis,ForestWetRich
261897,Picea sitchensis,ForestWetRich
261898,Picea sitchensis,ForestWetRich
261899,Picea sitchensis,ForestWetRich
261900,Picea sitchensis,ForestWetRich
261901,Picea sitchensis,ForestWetRich
261902,Picea sitchensis,ForestWetRich
261903,Picea sitchensis,ForestWetRich
261904,Picea sitchensis,ForestWetRich
261905,Picea sitchensis,ForestWetRich
261906,Picea sitchensis,ForestWetRich
261907,Picea sitchensis,ForestWetRich
261908,Picea sitchensis,ForestWetRich
261909,Picea sitchensis,ForestWetRich
261910,Picea sitchensis,ForestWetRich
261911,Picea sitchensis,ForestWetRich
261912,Picea sitchensis,ForestWetRich
261913,Picea sitchensis,ForestWetRich
261914,Picea sitchensis,ForestWetRich
261915,Picea sitchensis,ForestWetRich
261916,Picea sitchensis,ForestWetRich
261917,Picea sitchensis,ForestWetRich
261918,Picea sitchensis,ForestWetRich
261919,Picea sitchensis,ForestWetRich
261920,Picea sitchensis,ForestWetRich
262470,Picea sitchensis,ForestWetRich
262471,Picea sitchensis,ForestWetRich
262472,Picea sitchensis,ForestWetRich
262473,Picea sitchensis,ForestWetRich
262474,Picea sitchensis,ForestWetRich
262475,Picea sitchensis,ForestWetRich
262476,Picea sitchensis,ForestWetRich
262477,Picea sitchensis,ForestWetRich
262478,Picea sitchensis,ForestWetRich
262479,Picea sitchensis,ForestWetRich
262480,Picea sitchensis,ForestWetRich
262481,Picea sitchensis,ForestWetRich
262482,Picea sitchensis,ForestWetRich
262483,Picea sitchensis,ForestWetRich
262484,Picea sitchensis,ForestWetRich
262485,Picea sitchensis,ForestWetRich
262486,Picea sitchensis,ForestWetRich
262487,Picea sitchensis,ForestWetRich
262488,Picea sitchensis,ForestWetRich
262489,Picea sitchensis,ForestWetRich
262490,Picea sitchensis,ForestWetRich
262491,Picea sitchensis,ForestWetRich
262492,Picea sitchensis,ForestWetRich
262493,Picea sitchensis,ForestWetRich
262494,Picea sitchensis,ForestWetRich
262495,Picea sitchensis,ForestWetRich
262496,Picea sitchensis,ForestWetRich
262497,Picea sitchensis,ForestWetRich
262498,Picea sitchensis,ForestWetRich
262499,Picea sitchensis,ForestWetRich
262500,Picea sitchensis,ForestWetRich
262501,Picea sitchensis,ForestWetRich
262502,Picea sitchensis,ForestWetRich
262503,Picea sitchensis,ForestWetRich
262504,Picea sitchensis,ForestWetRich
262505,Picea sitchensis,ForestWetRich
262506,Picea sitchensis,ForestWetRich
262507,Picea sitchensis,ForestWetRich
262508,Picea sitchensis,ForestWetRich
262509,Picea sitchensis,ForestWetRich
262510,Picea sitchensis,ForestWetRich
262511,Picea sitchensis,ForestWetRich
262512,Picea sitchensis,ForestWetRich
262513,Picea sitchensis,ForestWetRich
262514,Picea sitchensis,ForestWetRich
262515,Picea sitchensis,ForestWetRich
262516,Picea sitchensis,ForestWetRich
262517,Picea sitchensis,ForestWetRich
262518,Picea sitchensis,ForestWetRich
262519,Picea sitchensis,ForestWetRich
262520,Picea sitchensis,ForestWetRich
262521,Picea sitchensis,ForestWetRich
263067,Picea sitchensis,ForestWetRich
263068,Picea sitchensis,ForestWetRich
263069,Picea sitchensis,ForestWetRich
263070,Picea sitchensis,ForestWetRich
263071,Picea sitchensis,ForestWetRich
263072,Picea sitchensis,ForestWetRich
263073,Picea sitchensis,ForestWetRich
263074,Picea sitchensis,ForestWetRich
263075,Picea sitchensis,ForestWetRich
263076,Picea sitchensis,ForestWetRich
263077,Picea sitchensis,ForestWetRich
263078,Picea sitchensis,ForestWetRich
263079,Picea sitchensis,ForestWetRich
263080,Picea sitchensis,ForestWetRich
263081,Picea sitchensis,ForestWetRich
263082,Picea sitchensis,ForestWetRich
263083,Picea sitchensis,ForestWetRich
263084,Picea sitchensis,ForestWetRich
263085,Picea sitchensis,ForestWetRich
263086,Picea sitchensis,ForestWetRich
263087,Picea sitchensis,ForestWetRich
263088,Picea sitchensis,ForestWetRich
263089,Picea sitchensis,ForestWetRich
263090,Picea sitchensis,ForestWetRich
263091,Picea sitchensis,ForestWetRich
263092,Picea sitchensis,ForestWetRich
263093,Picea sitchensis,ForestWetRich
263094,Picea sitchensis,ForestWetRich
263095,Picea sitchensis,ForestWetRich
263096,Picea sitchensis,ForestWetRich
263097,Picea sitchensis,ForestWetRich
263098,Picea sitchensis,ForestWetRich
263099,Picea sitchensis,ForestWetRich
263100,Picea sitchensis,ForestWetRich
263101,Picea sitchensis,ForestWetRich
263102,Picea sitchensis,ForestWetRich
263103,Picea sitchensis,ForestWetRich
263104,Picea sitchensis,ForestWetRich
263105,Picea sitchensis,ForestWetRich
263106,Picea sitchensis,ForestWetRich
263107,Picea sitchensis,ForestWetRich
263108,Picea sitchensis,ForestWetRich
263109,Picea sitchensis,ForestWetRich
263110,Picea sitchensis,ForestWetRich
263111,Picea sitchensis,ForestWetRich
263112,Picea sitchensis,ForestWetRich
263113,Picea sitchensis,ForestWetRich
263114,Picea sitchensis,ForestWetRich
263115,Picea sitchensis,ForestWetRich
263116,Picea sitchensis,ForestWetRich
263117,Picea sitchensis,ForestWetRich
263118,Picea sitchensis,ForestWetRich
263119,Picea sitchensis,ForestWetRich
263120,Picea sitchensis,ForestWetRich
263121,Picea sitchensis,ForestWetRich
263665,Picea sitchensis,ForestWetRich
263666,Picea sitchensis,ForestWetRich
263667,Picea sitchensis,ForestWetRich
263668,Picea sitchensis,ForestWetRich
263669,Picea sitchensis,ForestWetRich
263670,Picea sitchensis,ForestWetRich
263671,Picea sitchensis,ForestWetRich
263672,Picea sitchensis,ForestWetRich
263673,Picea sitchensis,ForestWetRich
263674,Picea sitchensis,ForestWetRich
263675,Picea sitchensis,ForestWetRich
263676,Picea sitchensis,ForestWetRich
263677,Picea sitchensis,ForestWetRich
263678,Picea sitchensis,ForestWetRich
263679,Picea sitchensis,ForestWetRich
263680,Picea sitchensis,ForestWetRich
263681,Picea sitchensis,ForestWetRich
263682,Picea sitchensis,ForestWetRich
263683,Picea sitchensis,ForestWetRich
263684,Picea sitchensis,ForestWetRich
263685,Picea sitchensis,ForestWetRich
263686,Picea sitchensis,ForestWetRich
263687,Picea sitchensis,ForestWetRich
263688,Picea sitchensis,ForestWetRich
263689,Picea sitchensis,ForestWetRich
263690,Picea sitchensis,ForestWetRich
263691,Picea sitchensis,ForestWetRich
263692,Picea sitchensis,ForestWetRich
263693,Picea sitchensis,ForestWetRich
263694,Picea sitchensis,ForestWetRich
263695,Picea sitchensis,ForestWetRich
263696,Picea sitchensis,ForestWetRich
263697,Picea sitchensis,ForestWetRich
263698,Picea sitchensis,ForestWetRich
263699,Picea sitchensis,ForestWetRich
263700,Picea sitchensis,ForestWetRich
263701,Picea sitchensis,ForestWetRich
263702,Picea sitchensis,ForestWetRich
263703,Picea sitchensis,ForestWetRich
263704,Picea sitchensis,ForestWetRich
263705,Picea sitchensis,ForestWetRich
263706,Picea sitchensis,ForestWetRich
263707,Picea sitchensis,ForestWetRich
263708,Picea sitchensis,ForestWetRich
263709,Picea sitchensis,ForestWetRich
263710,Picea sitchensis,ForestWetRich
263711,Picea sitchensis,ForestWetRich
263712,Picea sitchensis,ForestWetRich
263713,Picea sitchensis,ForestWetRich
263714,Picea sitchensis,ForestWetRich
263715,Picea sitchensis,ForestWetRich
263716,Picea sitchensis,ForestWetRich
263717,Picea sitchensis,ForestWetRich
263718,Picea sitchensis,ForestWetRich
263719,Picea sitchensis,ForestWetRich
263720,Picea sitchensis,ForestWetRich
263721,Picea sitchensis,ForestWetRich
263722,Picea sitchensis,ForestWetRich
264263,Picea sitchensis,ForestWetRich
264264,Picea sitchensis,ForestWetRich
264265,Picea sitchensis,ForestWetRich
264266,Picea sitchensis,ForestWetRich
264267,Picea sitchensis,ForestWetRich
264268,Picea sitchensis,ForestWetRich
264269,Picea sitchensis,ForestWetRich
264270,Picea sitchensis,ForestWetRich
264271,Picea sitchensis,ForestWetRich
264272,Picea sitchensis,ForestWetRich
264273,Picea sitchensis,ForestWetRich
264274,Picea sitchensis,ForestWetRich
264275,Picea sitchensis,ForestWetRich
264276,Picea sitchensis,ForestWetRich
264277,Picea sitchensis,ForestWetRich
264278,Picea sitchensis,ForestWetRich
264279,Picea sitchensis,ForestWetRich
264280,Picea sitchensis,ForestWetRich
264281,Picea sitchensis,ForestWetRich
264282,Picea sitchensis,ForestWetRich
264283,Picea sitchensis,ForestWetRich
264284,Picea sitchensis,ForestWetRich
264285,Picea sitchensis,ForestWetRich
264286,Picea sitchensis,ForestWetRich
264287,Picea sitchensis,ForestWetRich
264288,Picea sitchensis,ForestWetRich
264289,Picea sitchensis,ForestWetRich
264290,Picea sitchensis,ForestWetRich
264291,Picea sitchensis,ForestWetRich
264292,Picea sitchensis,ForestWetRich
264293,Picea sitchensis,ForestWetRich
264294,Picea sitchensis,ForestWetRich
264295,Picea sitchensis,ForestWetRich
264296,Picea sitchensis,ForestWetRich
264297,Picea sitchensis,ForestWetRich
264298,Picea sitchensis,ForestWetRich
264299,Picea sitchensis,ForestWetRich
264300,Picea sitchensis,ForestWetRich
264301,Picea sitchensis,ForestWetRich
264302,Picea sitchensis,ForestWetRich
264303,Picea sitchensis,ForestWetRich
264304,Picea sitchensis,ForestWetRich
264305,Picea sitchensis,ForestWetRich
264306,Picea sitchensis,ForestWetRich
264307,Picea sitchensis,ForestWetRich
264308,Picea sitchensis,ForestWetRich
264309,Picea sitchensis,ForestWetRich
264310,Picea sitchensis,ForestWetRich
264311,Picea sitchensis,ForestWetRich
264312,Picea sitchensis,ForestWetRich
264313,Picea sitchensis,ForestWetRich
264314,Picea sitchensis,ForestWetRich
264315,Picea sitchensis,ForestWetRich
264316,Picea sitchensis,ForestWetRich
264317,Picea sitchensis,ForestWetRich
264318,Picea sitchensis,ForestWetRich
264319,Picea sitchensis,ForestWetRich
264320,Picea sitchensis,ForestWetRich
264321,Picea sitchensis,ForestWetRich
264322,Picea sitchensis,ForestWetRich
264860,Picea sitchensis,ForestWetRich
264861,Picea sitchensis,ForestWetRich
264862,Picea sitchensis,ForestWetRich
264863,Picea sitchensis,ForestWetRich
264864,Picea sitchensis,ForestWetRich
264865,Picea sitchensis,ForestWetRich
264866,Picea sitchensis,ForestWetRich
264867,Picea sitchensis,ForestWetRich
264868,Picea sitchensis,ForestWetRich
264869,Picea sitchensis,ForestWetRich
264870,Picea sitchensis,ForestWetRich
264871,Picea sitchensis,ForestWetRich
264872,Picea sitchensis,ForestWetRich
264873,Picea sitchensis,ForestWetRich
264874,Picea sitchensis,ForestWetRich
264875,Picea sitchensis,ForestWetRich
264876,Picea sitchensis,ForestWetRich
264877,Picea sitchensis,ForestWetRich
264878,Picea sitchensis,ForestWetRich
264879,Picea sitchensis,ForestWetRich
264880,Picea sitchensis,ForestWetRich
264881,Picea sitchensis,ForestWetRich
264882,Picea sitchensis,ForestWetRich
264883,Picea sitchensis,ForestWetRich
264884,Picea sitchensis,ForestWetRich
264885,Picea sitchensis,ForestWetRich
264886,Picea sitchensis,ForestWetRich
264887,Picea sitchensis,ForestWetRich
264888,Picea sitchensis,ForestWetRich
264889,Picea sitchensis,ForestWetRich
264890,Picea sitchensis,ForestWetRich
264891,Picea sitchensis,ForestWetRich
264892,Picea sitchensis,ForestWetRich
264893,Picea sitchensis,ForestWetRich
264894,Picea sitchensis,ForestWetRich
264895,Picea sitchensis,ForestWetRich
264896,Picea sitchensis,ForestWetRich
264897,Picea sitchensis,ForestWetRich
264898,Picea sitchensis,ForestWetRich
264899,Picea sitchensis,ForestWetRich
264900,Picea sitchensis,ForestWetRich
264901,Picea sitchensis,ForestWetRich
264902,Picea sitchensis,ForestWetRich
264903,Picea sitchensis,ForestWetRich
264904,Picea sitchensis,ForestWetRich
264905,Picea sitchensis,ForestWetRich
264906,Picea sitchensis,ForestWetRich
264907,Picea sitchensis,ForestWetRich
264908,Picea sitchensis,ForestWetRich
264909,Picea sitchensis,ForestWetRich
264910,Picea sitchensis,ForestWetRich
264911,Picea sitchensis,ForestWetRich
264912,Picea sitchensis,ForestWetRich
264913,Picea sitchensis,ForestWetRich
264914,Picea sitchensis,ForestWetRich
264915,Picea sitchensis,ForestWetRich
264916,Picea sitchensis,ForestWetRich
264917,Picea sitchensis,ForestWetRich
264918,Picea sitchensis,ForestWetRich
264919,Picea sitchensis,ForestWetRich
264920,Picea sitchensis,ForestWetRich
264921,Picea sitchensis,ForestWetRich
264922,Picea sitchensis,ForestWetRich
265458,Picea sitchensis,ForestWetRich
265459,Picea sitchensis,ForestWetRich
265460,Picea sitchensis,ForestWetRich
265461,Picea sitchensis,ForestWetRich
265462,Picea sitchensis,ForestWetRich
265463,Picea sitchensis,ForestWetRich
265464,Picea sitchensis,ForestWetRich
265465,Picea sitchensis,ForestWetRich
265466,Picea sitchensis,ForestWetRich
265467,Picea sitchensis,ForestWetRich
265468,Picea sitchensis,ForestWetRich
265469,Picea sitchensis,ForestWetRich
265470,Picea sitchensis,ForestWetRich
265471,Picea sitchensis,ForestWetRich
265472,Picea sitchensis,ForestWetRich
265473,Picea sitchensis,ForestWetRich
265474,Picea sitchensis,ForestWetRich
265475,Picea sitchensis,ForestWetRich
265476,Picea sitchensis,ForestWetRich
265477,Picea sitchensis,ForestWetRich
265478,Picea sitchensis,ForestWetRich
265479,Picea sitchensis,ForestWetRich
265480,Picea sitchensis,ForestWetRich
265481,Picea sitchensis,ForestWetRich
265482,Picea sitchensis,ForestWetRich
265483,Picea sitchensis,ForestWetRich
265484,Picea sitchensis,ForestWetRich
265485,Picea sitchensis,ForestWetRich
265486,Picea sitchensis,ForestWetRich
265487,Picea sitchensis,ForestWetRich
265488,Picea sitchensis,ForestWetRich
265489,Picea sitchensis,ForestWetRich
265490,Picea sitchensis,ForestWetRich
265491,Picea sitchensis,ForestWetRich
265492,Picea sitchensis,ForestWetRich
265493,Picea sitchensis,ForestWetRich
265494,Picea sitchensis,ForestWetRich
265495,Picea sitchensis,ForestWetRich
265496,Picea sitchensis,ForestWetRich
265497,Picea sitchensis,ForestWetRich
265498,Picea sitchensis,ForestWetRich
265499,Picea sitchensis,ForestWetRich
265500,Picea sitchensis,ForestWetRich
265501,Picea sitchensis,ForestWetRich
265502,Picea sitchensis,ForestWetRich
265503,Picea sitchensis,ForestWetRich
265504,Picea sitchensis,ForestWetRich
265505,Picea sitchensis,ForestWetRich
265506,Picea sitchensis,ForestWetRich
265507,Picea sitchensis,ForestWetRich
265508,Picea sitchensis,ForestWetRich
265509,Picea sitchensis,ForestWetRich
265510,Picea sitchensis,ForestWetRich
265511,Picea sitchensis,ForestWetRich
265512,Picea sitchensis,ForestWetRich
265513,Picea sitchensis,ForestWetRich
265514,Picea sitchensis,ForestWetRich
265515,Picea sitchensis,ForestWetRich
265516,Picea sitchensis,ForestWetRich
265517,Picea sitchensis,ForestWetRich
265518,Picea sitchensis,ForestWetRich
265519,Picea sitchensis,ForestWetRich
265520,Picea sitchensis,ForestWetRich
265521,Picea sitchensis,ForestWetRich
265522,Picea sitchensis,ForestWetRich
266056,Picea sitchensis,ForestWetRich
266057,Picea sitchensis,ForestWetRich
266058,Picea sitchensis,ForestWetRich
266059,Picea sitchensis,ForestWetRich
266060,Picea sitchensis,ForestWetRich
266061,Picea sitchensis,ForestWetRich
266062,Picea sitchensis,ForestWetRich
266063,Picea sitchensis,ForestWetRich
266064,Picea sitchensis,ForestWetRich
266065,Picea sitchensis,ForestWetRich
266066,Picea sitchensis,ForestWetRich
266067,Picea sitchensis,ForestWetRich
266068,Picea sitchensis,ForestWetRich
266069,Picea sitchensis,ForestWetRich
266070,Picea sitchensis,ForestWetRich
266071,Picea sitchensis,ForestWetRich
266072,Picea sitchensis,ForestWetRich
266113,Picea sitchensis,ForestWetRich
266114,Picea sitchensis,ForestWetRich
266115,Picea sitchensis,ForestWetRich
266116,Picea sitchensis,ForestWetRich
266117,Picea sitchensis,ForestWetRich
266118,Picea sitchensis,ForestWetRich
266119,Picea sitchensis,ForestWetRich
266120,Picea sitchensis,ForestWetRich
266121,Picea sitchensis,ForestWetRich
266122,Picea sitchensis,ForestWetRich
266123,Picea sitchensis,ForestWetRich
266654,Picea sitchensis,ForestWetRich
266655,Picea sitchensis,ForestWetRich
266656,Picea sitchensis,ForestWetRich
266657,Picea sitchensis,ForestWetRich
266658,Picea sitchensis,ForestWetRich
266659,Picea sitchensis,ForestWetRich
266660,Picea sitchensis,ForestWetRich
266661,Picea sitchensis,ForestWetRich
266662,Picea sitchensis,ForestWetRich
266663,Picea sitchensis,ForestWetRich
266664,Picea sitchensis,ForestWetRich
266665,Picea sitchensis,ForestWetRich
266666,Picea sitchensis,ForestWetRich
266667,Picea sitchensis,ForestWetRich
266668,Picea sitchensis,ForestWetRich
266669,Picea sitchensis,ForestWetRich
266670,Picea sitchensis,ForestWetRich
266671,Picea sitchensis,ForestWetRich
266712,Picea sitchensis,ForestWetRich
266713,Picea sitchensis,ForestWetRich
266714,Picea sitchensis,ForestWetRich
266715,Picea sitchensis,ForestWetRich
266716,Picea sitchensis,ForestWetRich
266717,Picea sitchensis,ForestWetRich
266718,Picea sitchensis,ForestWetRich
266719,Picea sitchensis,ForestWetRich
266720,Picea sitchensis,ForestWetRich
266721,Picea sitchensis,ForestWetRich
266722,Picea sitchensis,ForestWetRich
266723,Picea sitchensis,ForestWetRich
267252,Picea sitchensis,ForestWetRich
267253,Picea sitchensis,ForestWetRich
267254,Picea sitchensis,ForestWetRich
267255,Picea sitchensis,ForestWetRich
267256,Picea sitchensis,ForestWetRich
267257,Picea sitchensis,ForestWetRich
267258,Picea sitchensis,ForestWetRich
267259,Picea sitchensis,ForestWetRich
267260,Picea sitchensis,ForestWetRich
267261,Picea sitchensis,ForestWetRich
267262,Picea sitchensis,ForestWetRich
267263,Picea sitchensis,ForestWetRich
267264,Picea sitchensis,ForestWetRich
267265,Picea sitchensis,ForestWetRich
267266,Picea sitchensis,ForestWetRich
267267,Picea sitchensis,ForestWetRich
267268,Picea sitchensis,ForestWetRich
267269,Picea sitchensis,ForestWetRich
267270,Picea sitchensis,ForestWetRich
267311,Picea sitchensis,ForestWetRich
267312,Picea sitchensis,ForestWetRich
267313,Picea sitchensis,ForestWetRich
267314,Picea sitchensis,ForestWetRich
267315,Picea sitchensis,ForestWetRich
267316,Picea sitchensis,ForestWetRich
267317,Picea sitchensis,ForestWetRich
267318,Picea sitchensis,ForestWetRich
267319,Picea sitchensis,ForestWetRich
267320,Picea sitchensis,ForestWetRich
267321,Picea sitchensis,ForestWetRich
267322,Picea sitchensis,ForestWetRich
267323,Picea sitchensis,ForestWetRich
267850,Picea sitchensis,ForestWetRich
267851,Picea sitchensis,ForestWetRich
267852,Picea sitchensis,ForestWetRich
267853,Picea sitchensis,ForestWetRich
267854,Picea sitchensis,ForestWetRich
267855,Picea sitchensis,ForestWetRich
267856,Picea sitchensis,ForestWetRich
267857,Picea sitchensis,ForestWetRich
267858,Picea sitchensis,ForestWetRich
267859,Picea sitchensis,ForestWetRich
267860,Picea sitchensis,ForestWetRich
267861,Picea sitchensis,ForestWetRich
267862,Picea sitchensis,ForestWetRich
267863,Picea sitchensis,ForestWetRich
267864,Picea sitchensis,ForestWetRich
267865,Picea sitchensis,ForestWetRich
267866,Picea sitchensis,ForestWetRich
267867,Picea sitchensis,ForestWetRich
267868,Picea sitchensis,ForestWetRich
267869,Picea sitchensis,ForestWetRich
267910,Picea sitchensis,ForestWetRich
267911,Picea sitchensis,ForestWetRich
267912,Picea sitchensis,ForestWetRich
267913,Picea sitchensis,ForestWetRich
267914,Picea sitchensis,ForestWetRich
267915,Picea sitchensis,ForestWetRich
267916,Picea sitchensis,ForestWetRich
267917,Picea sitchensis,ForestWetRich
267918,Picea sitchensis,ForestWetRich
267919,Picea sitchensis,ForestWetRich
267920,Picea sitchensis,ForestWetRich
267921,Picea sitchensis,ForestWetRich
267922,Picea sitchensis,ForestWetRich
267923,Picea sitchensis,ForestWetRich
268448,Picea sitchensis,ForestWetRich
268449,Picea sitchensis,ForestWetRich
268450,Picea sitchensis,ForestWetRich
268451,Picea sitchensis,ForestWetRich
268452,Picea sitchensis,ForestWetRich
268453,Picea sitchensis,ForestWetRich
268454,Picea sitchensis,ForestWetRich
268455,Picea sitchensis,ForestWetRich
268456,Picea sitchensis,ForestWetRich
268457,Picea sitchensis,ForestWetRich
268458,Picea sitchensis,ForestWetRich
268459,Picea sitchensis,ForestWetRich
268460,Picea sitchensis,ForestWetRich
268461,Picea sitchensis,ForestWetRich
268462,Picea sitchensis,ForestWetRich
268463,Picea sitchensis,ForestWetRich
268464,Picea sitchensis,ForestWetRich
268465,Picea sitchensis,ForestWetRich
268466,Picea sitchensis,ForestWetRich
268467,Picea sitchensis,ForestWetRich
268468,Picea sitchensis,ForestWetRich
268509,Picea sitchensis,ForestWetRich
268510,Picea sitchensis,ForestWetRich
268511,Picea sitchensis,ForestWetRich
268512,Picea sitchensis,ForestWetRich
268513,Picea sitchensis,ForestWetRich
268514,Picea sitchensis,ForestWetRich
268515,Picea sitchensis,ForestWetRich
268516,Picea sitchensis,ForestWetRich
268517,Picea sitchensis,ForestWetRich
268518,Picea sitchensis,ForestWetRich
268519,Picea sitchensis,ForestWetRich
268520,Picea sitchensis,ForestWetRich
268521,Picea sitchensis,ForestWetRich
268522,Picea sitchensis,ForestWetRich
269046,Picea sitchensis,ForestWetRich
269047,Picea sitchensis,ForestWetRich
269048,Picea sitchensis,ForestWetRich
269049,Picea sitchensis,ForestWetRich
269050,Picea sitchensis,ForestWetRich
269051,Picea sitchensis,ForestWetRich
269052,Picea sitchensis,ForestWetRich
269053,Picea sitchensis,ForestWetRich
269054,Picea sitchensis,ForestWetRich
269055,Picea sitchensis,ForestWetRich
269056,Picea sitchensis,ForestWetRich
269057,Picea sitchensis,ForestWetRich
269058,Picea sitchensis,ForestWetRich
269059,Picea sitchensis,ForestWetRich
269060,Picea sitchensis,ForestWetRich
269061,Picea sitchensis,ForestWetRich
269062,Picea sitchensis,ForestWetRich
269063,Picea sitchensis,ForestWetRich
269064,Picea sitchensis,ForestWetRich
269065,Picea sitchensis,ForestWetRich
269066,Picea sitchensis,ForestWetRich
269067,Picea sitchensis,ForestWetRich
269108,Picea sitchensis,ForestWetRich
269109,Picea sitchensis,ForestWetRich
269110,Picea sitchensis,ForestWetRich
269111,Picea sitchensis,ForestWetRich
269112,Picea sitchensis,ForestWetRich
269113,Picea sitchensis,ForestWetRich
269114,Picea sitchensis,ForestWetRich
269115,Picea sitchensis,ForestWetRich
269116,Picea sitchensis,ForestWetRich
269117,Picea sitchensis,ForestWetRich
269118,Picea sitchensis,ForestWetRich
269119,Picea sitchensis,ForestWetRich
269120,Picea sitchensis,ForestWetRich
269121,Picea sitchensis,ForestWetRich
269122,Picea sitchensis,ForestWetRich
269644,Picea sitchensis,ForestWetRich
269645,Picea sitchensis,ForestWetRich
269646,Picea sitchensis,ForestWetRich
269647,Picea sitchensis,ForestWetRich
269648,Picea sitchensis,ForestWetRich
269649,Picea sitchensis,ForestWetRich
269650,Picea sitchensis,ForestWetRich
269651,Picea sitchensis,ForestWetRich
269652,Picea sitchensis,ForestWetRich
269653,Picea sitchensis,ForestWetRich
269654,Picea sitchensis,ForestWetRich
269655,Picea sitchensis,ForestWetRich
269656,Picea sitchensis,ForestWetRich
269657,Picea sitchensis,ForestWetRich
269658,Picea sitchensis,ForestWetRich
269659,Picea sitchensis,ForestWetRich
269660,Picea sitchensis,ForestWetRich
269661,Picea sitchensis,ForestWetRich
269662,Picea sitchensis,ForestWetRich
269663,Picea sitchensis,ForestWetRich
269664,Picea sitchensis,ForestWetRich
269665,Picea sitchensis,ForestWetRich
269666,Picea sitchensis,ForestWetRich
269707,Picea sitchensis,ForestWetRich
269708,Picea sitchensis,ForestWetRich
269709,Picea sitchensis,ForestWetRich
269710,Picea sitchensis,ForestWetRich
269711,Picea sitchensis,ForestWetRich
269712,Picea sitchensis,ForestWetRich
269713,Picea sitchensis,ForestWetRich
269714,Picea sitchensis,ForestWetRich
269715,Picea sitchensis,ForestWetRich
269716,Picea sitchensis,ForestWetRich
269717,Picea sitchensis,ForestWetRich
269718,Picea sitchensis,ForestWetRich
269719,Picea sitchensis,ForestWetRich
269720,Picea sitchensis,ForestWetRich
269721,Picea sitchensis,ForestWetRich
269722,Picea sitchensis,ForestWetRich
270243,Picea sitchensis,ForestWetRich
270244,Picea sitchensis,ForestWetRich
270245,Picea sitchensis,ForestWetRich
270246,Picea sitchensis,ForestWetRich
270247,Picea sitchensis,ForestWetRich
270248,Picea sitchensis,ForestWetRich
270249,Picea sitchensis,ForestWetRich
270250,Picea sitchensis,ForestWetRich
270251,Picea sitchensis,ForestWetRich
270252,Picea sitchensis,ForestWetRich
270253,Picea sitchensis,ForestWetRich
270254,Picea sitchensis,ForestWetRich
270255,Picea sitchensis,ForestWetRich
270256,Picea sitchensis,ForestWetRich
270257,Picea sitchensis,ForestWetRich
270258,Picea sitchensis,ForestWetRich
270259,Picea sitchensis,ForestWetRich
270260,Picea sitchensis,ForestWetRich
270261,Picea sitchensis,ForestWetRich
270262,Picea sitchensis,ForestWetRich
270263,Picea sitchensis,ForestWetRich
270264,Picea sitchensis,ForestWetRich
270265,Picea sitchensis,ForestWetRich
270306,Picea sitchensis,ForestWetRich
270307,Picea sitchensis,ForestWetRich
270308,Picea sitchensis,ForestWetRich
270309,Picea sitchensis,ForestWetRich
270310,Picea sitchensis,ForestWetRich
270311,Picea sitchensis,ForestWetRich
270312,Picea sitchensis,ForestWetRich
270313,Picea sitchensis,ForestWetRich
270314,Picea sitchensis,ForestWetRich
270315,Picea sitchensis,ForestWetRich
270316,Picea sitchensis,ForestWetRich
270317,Picea sitchensis,ForestWetRich
270318,Picea sitchensis,ForestWetRich
270319,Picea sitchensis,ForestWetRich
270320,Picea sitchensis,ForestWetRich
270321,Picea sitchensis,ForestWetRich
270322,Picea sitchensis,ForestWetRich
270841,Picea sitchensis,ForestWetRich
270842,Picea sitchensis,ForestWetRich
270843,Picea sitchensis,ForestWetRich
270844,Picea sitchensis,ForestWetRich
270845,Picea sitchensis,ForestWetRich
270846,Picea sitchensis,ForestWetRich
270847,Picea sitchensis,ForestWetRich
270848,Picea sitchensis,ForestWetRich
270849,Picea sitchensis,ForestWetRich
270850,Picea sitchensis,ForestWetRich
270851,Picea sitchensis,ForestWetRich
270852,Picea sitchensis,ForestWetRich
270853,Picea sitchensis,ForestWetRich
270854,Picea sitchensis,ForestWetRich
270855,Picea sitchensis,ForestWetRich
270856,Picea sitchensis,ForestWetRich
270857,Picea sitchensis,ForestWetRich
270858,Picea sitchensis,ForestWetRich
270859,Picea sitchensis,ForestWetRich
270860,Picea sitchensis,ForestWetRich
270861,Picea sitchensis,ForestWetRich
270862,Picea sitchensis,ForestWetRich
270863,Picea sitchensis,ForestWetRich
270864,Picea sitchensis,ForestWetRich
270905,Picea sitchensis,ForestWetRich
270906,Picea sitchensis,ForestWetRich
270907,Picea sitchensis,ForestWetRich
270908,Picea sitchensis,ForestWetRich
270909,Picea sitchensis,ForestWetRich
270910,Picea sitchensis,ForestWetRich
270911,Picea sitchensis,ForestWetRich
270912,Picea sitchensis,ForestWetRich
270913,Picea sitchensis,ForestWetRich
270914,Picea sitchensis,ForestWetRich
270915,Picea sitchensis,ForestWetRich
270916,Picea sitchensis,ForestWetRich
270917,Picea sitchensis,ForestWetRich
270918,Picea sitchensis,ForestWetRich
270919,Picea sitchensis,ForestWetRich
270920,Picea sitchensis,ForestWetRich
270921,Picea sitchensis,ForestWetRich
270922,Picea sitchensis,ForestWetRich
271439,Picea sitchensis,ForestWetRich
271440,Picea sitchensis,ForestWetRich
271441,Picea sitchensis,ForestWetRich
271442,Picea sitchensis,ForestWetRich
271443,Picea sitchensis,ForestWetRich
271444,Picea sitchensis,ForestWetRich
271445,Picea sitchensis,ForestWetRich
271446,Picea sitchensis,ForestWetRich
271447,Picea sitchensis,ForestWetRich
271448,Picea sitchensis,ForestWetRich
271449,Picea sitchensis,ForestWetRich
271450,Picea sitchensis,ForestWetRich
271451,Picea sitchensis,ForestWetRich
271452,Picea sitchensis,ForestWetRich
271453,Picea sitchensis,ForestWetRich
271454,Picea sitchensis,ForestWetRich
271455,Picea sitchensis,ForestWetRich
271456,Picea sitchensis,ForestWetRich
271457,Picea sitchensis,ForestWetRich
271458,Picea sitchensis,ForestWetRich
271459,Picea sitchensis,ForestWetRich
271460,Picea sitchensis,ForestWetRich
271461,Picea sitchensis,ForestWetRich
271462,Picea sitchensis,ForestWetRich
271463,Picea sitchensis,ForestWetRich
271504,Picea sitchensis,ForestWetRich
271505,Picea sitchensis,ForestWetRich
271506,Picea sitchensis,ForestWetRich
271507,Picea sitchensis,ForestWetRich
271508,Picea sitchensis,ForestWetRich
271509,Picea sitchensis,ForestWetRich
271510,Picea sitchensis,ForestWetRich
271511,Picea sitchensis,ForestWetRich
271512,Picea sitchensis,ForestWetRich
271513,Picea sitchensis,ForestWetRich
271514,Picea sitchensis,ForestWetRich
271515,Picea sitchensis,ForestWetRich
271516,Picea sitchensis,ForestWetRich
271517,Picea sitchensis,ForestWetRich
271518,Picea sitchensis,ForestWetRich
271519,Picea sitchensis,ForestWetRich
271520,Picea sitchensis,ForestWetRich
271521,Picea sitchensis,ForestWetRich
272038,Picea sitchensis,ForestWetRich
272039,Picea sitchensis,ForestWetRich
272040,Picea sitchensis,ForestWetRich
272041,Picea sitchensis,ForestWetRich
272042,Picea sitchensis,ForestWetRich
272043,Picea sitchensis,ForestWetRich
272044,Picea sitchensis,ForestWetRich
272045,Picea sitchensis,ForestWetRich
272046,Picea sitchensis,ForestWetRich
272047,Picea sitchensis,ForestWetRich
272048,Picea sitchensis,ForestWetRich
272049,Picea sitchensis,ForestWetRich
272050,Picea sitchensis,ForestWetRich
272051,Picea sitchensis,ForestWetRich
272052,Picea sitchensis,ForestWetRich
272053,Picea sitchensis,ForestWetRich
272054,Picea sitchensis,ForestWetRich
272055,Picea sitchensis,ForestWetRich
272056,Picea sitchensis,ForestWetRich
272057,Picea sitchensis,ForestWetRich
272058,Picea sitchensis,ForestWetRich
272059,Picea sitchensis,ForestWetRich
272060,Picea sitchensis,ForestWetRich
272061,Picea sitchensis,ForestWetRich
272062,Picea sitchensis,ForestWetRich
272103,Picea sitchensis,ForestWetRich
272104,Picea sitchensis,ForestWetRich
272105,Picea sitchensis,ForestWetRich
272106,Picea sitchensis,ForestWetRich
272107,Picea sitchensis,ForestWetRich
272108,Picea sitchensis,ForestWetRich
272109,Picea sitchensis,ForestWetRich
272110,Picea sitchensis,ForestWetRich
272111,Picea sitchensis,ForestWetRich
272112,Picea sitchensis,ForestWetRich
272113,Picea sitchensis,ForestWetRich
272114,Picea sitchensis,ForestWetRich
272115,Picea sitchensis,ForestWetRich
272116,Picea sitchensis,ForestWetRich
272117,Picea sitchensis,ForestWetRich
272118,Picea sitchensis,ForestWetRich
272119,Picea sitchensis,ForestWetRich
272120,Picea sitchensis,ForestWetRich
272121,Picea sitchensis,ForestWetRich
272636,Picea sitchensis,ForestWetRich
272637,Picea sitchensis,ForestWetRich
272638,Picea sitchensis,ForestWetRich
272639,Picea sitchensis,ForestWetRich
272640,Picea sitchensis,ForestWetRich
272641,Picea sitchensis,ForestWetRich
272642,Picea sitchensis,ForestWetRich
272643,Picea sitchensis,ForestWetRich
272644,Picea sitchensis,ForestWetRich
272645,Picea sitchensis,ForestWetRich
272646,Picea sitchensis,ForestWetRich
272647,Picea sitchensis,ForestWetRich
272648,Picea sitchensis,ForestWetRich
272649,Picea sitchensis,ForestWetRich
272650,Picea sitchensis,ForestWetRich
272651,Picea sitchensis,ForestWetRich
272652,Picea sitchensis,ForestWetRich
272653,Picea sitchensis,ForestWetRich
272654,Picea sitchensis,ForestWetRich
272655,Picea sitchensis,ForestWetRich
272656,Picea sitchensis,ForestWetRich
272657,Picea sitchensis,ForestWetRich
272658,Picea sitchensis,ForestWetRich
272659,Picea sitchensis,ForestWetRich
272660,Picea sitchensis,ForestWetRich
272661,Picea sitchensis,ForestWetRich
272702,Picea sitchensis,ForestWetRich
272703,Picea sitchensis,ForestWetRich
272704,Picea sitchensis,ForestWetRich
272705,Picea sitchensis,ForestWetRich
272706,Picea sitchensis,ForestWetRich
272707,Picea sitchensis,ForestWetRich
272708,Picea sitchensis,ForestWetRich
272709,Picea sitchensis,ForestWetRich
272710,Picea sitchensis,ForestWetRich
272711,Picea sitchensis,ForestWetRich
272712,Picea sitchensis,ForestWetRich
272713,Picea sitchensis,ForestWetRich
272714,Picea sitchensis,ForestWetRich
272715,Picea sitchensis,ForestWetRich
272716,Picea sitchensis,ForestWetRich
272717,Picea sitchensis,ForestWetRich
272718,Picea sitchensis,ForestWetRich
272719,Picea sitchensis,ForestWetRich
272720,Picea sitchensis,ForestWetRich
272721,Picea sitchensis,ForestWetRich
273234,Picea sitchensis,ForestWetRich
273235,Picea sitchensis,ForestWetRich
273236,Picea sitchensis,ForestWetRich
273237,Picea sitchensis,ForestWetRich
273238,Picea sitchensis,ForestWetRich
273239,Picea sitchensis,ForestWetRich
273240,Picea sitchensis,ForestWetRich
273241,Picea sitchensis,ForestWetRich
273242,Picea sitchensis,ForestWetRich
273243,Picea sitchensis,ForestWetRich
273244,Picea sitchensis,ForestWetRich
273245,Picea sitchensis,ForestWetRich
273246,Picea sitchensis,ForestWetRich
273247,Picea sitchensis,ForestWetRich
273248,Picea sitchensis,ForestWetRich
273249,Picea sitchensis,ForestWetRich
273250,Picea sitchensis,ForestWetRich
273251,Picea sitchensis,ForestWetRich
273252,Picea sitchensis,ForestWetRich
273253,Picea sitchensis,ForestWetRich
273254,Picea sitchensis,ForestWetRich
273255,Picea sitchensis,ForestWetRich
273256,Picea sitchensis,ForestWetRich
273257,Picea sitchensis,ForestWetRich
273258,Picea sitchensis,ForestWetRich
273259,Picea sitchensis,ForestWetRich
273260,Picea sitchensis,ForestWetRich
273301,Picea sitchensis,ForestWetRich
273302,Picea sitchensis,ForestWetRich
273303,Picea sitchensis,ForestWetRich
273304,Picea sitchensis,ForestWetRich
273305,Picea sitchensis,ForestWetRich
273306,Picea sitchensis,ForestWetRich
273307,Picea sitchensis,ForestWetRich
273308,Picea sitchensis,ForestWetRich
273309,Picea sitchensis,ForestWetRich
273310,Picea sitchensis,ForestWetRich
273311,Picea sitchensis,ForestWetRich
273312,Picea sitchensis,ForestWetRich
273313,Picea sitchensis,ForestWetRich
273314,Picea sitchensis,ForestWetRich
273315,Picea sitchensis,ForestWetRich
273316,Picea sitchensis,ForestWetRich
273317,Picea sitchensis,ForestWetRich
273318,Picea sitchensis,ForestWetRich
273319,Picea sitchensis,ForestWetRich
273320,Picea sitchensis,ForestWetRich
273833,Picea sitchensis,ForestWetRich
273834,Picea sitchensis,ForestWetRich
273835,Picea sitchensis,ForestWetRich
273836,Picea sitchensis,ForestWetRich
273837,Picea sitchensis,ForestWetRich
273838,Picea sitchensis,ForestWetRich
273839,Picea sitchensis,ForestWetRich
273840,Picea sitchensis,ForestWetRich
273841,Picea sitchensis,ForestWetRich
273842,Picea sitchensis,ForestWetRich
273843,Picea sitchensis,ForestWetRich
273844,Picea sitchensis,ForestWetRich
273845,Picea sitchensis,ForestWetRich
273846,Picea sitchensis,ForestWetRich
273847,Picea sitchensis,ForestWetRich
273848,Picea sitchensis,ForestWetRich
273849,Picea sitchensis,ForestWetRich
273850,Picea sitchensis,ForestWetRich
273851,Picea sitchensis,ForestWetRich
273852,Picea sitchensis,ForestWetRich
273853,Picea sitchensis,ForestWetRich
273854,Picea sitchensis,ForestWetRich
273855,Picea sitchensis,ForestWetRich
273856,Picea sitchensis,ForestWetRich
273857,Picea sitchensis,ForestWetRich
273858,Picea sitchensis,ForestWetRich
273859,Picea sitchensis,ForestWetRich
273900,Picea sitchensis,ForestWetRich
273901,Picea sitchensis,ForestWetRich
273902,Picea sitchensis,ForestWetRich
273903,Picea sitchensis,ForestWetRich
273904,Picea sitchensis,ForestWetRich
273905,Picea sitchensis,ForestWetRich
273906,Picea sitchensis,ForestWetRich
273907,Picea sitchensis,ForestWetRich
273908,Picea sitchensis,ForestWetRich
273909,Picea sitchensis,ForestWetRich
273910,Picea sitchensis,ForestWetRich
273911,Picea sitchensis,ForestWetRich
273912,Picea sitchensis,ForestWetRich
273913,Picea sitchensis,ForestWetRich
273914,Picea sitchensis,ForestWetRich
273915,Picea sitchensis,ForestWetRich
273916,Picea sitchensis,ForestWetRich
273917,Picea sitchensis,ForestWetRich
273918,Picea sitchensis,ForestWetRich
273919,Picea sitchensis,ForestWetRich
273920,Picea sitchensis,ForestWetRich
274431,Picea sitchensis,ForestWetRich
274432,Picea sitchensis,ForestWetRich
274433,Picea sitchensis,ForestWetRich
274434,Picea sitchensis,ForestWetRich
274435,Picea sitchensis,ForestWetRich
274436,Picea sitchensis,ForestWetRich
274437,Picea sitchensis,ForestWetRich
274438,Picea sitchensis,ForestWetRich
274439,Picea sitchensis,ForestWetRich
274440,Picea sitchensis,ForestWetRich
274441,Picea sitchensis,ForestWetRich
274442,Picea sitchensis,ForestWetRich
274443,Picea sitchensis,ForestWetRich
274444,Picea sitchensis,ForestWetRich
274445,Picea sitchensis,ForestWetRich
274446,Picea sitchensis,ForestWetRich
274447,Picea sitchensis,ForestWetRich
274448,Picea sitchensis,ForestWetRich
274449,Picea sitchensis,ForestWetRich
274450,Picea sitchensis,ForestWetRich
274451,Picea sitchensis,ForestWetRich
274452,Picea sitchensis,ForestWetRich
274453,Picea sitchensis,ForestWetRich
274454,Picea sitchensis,ForestWetRich
274455,Picea sitchensis,ForestWetRich
274456,Picea sitchensis,ForestWetRich
274457,Picea sitchensis,ForestWetRich
274458,Picea sitchensis,ForestWetRich
274499,Picea sitchensis,ForestWetRich
274500,Picea sitchensis,ForestWetRich
274501,Picea sitchensis,ForestWetRich
274502,Picea sitchensis,ForestWetRich
274503,Picea sitchensis,ForestWetRich
274504,Picea sitchensis,ForestWetRich
274505,Picea sitchensis,ForestWetRich
274506,Picea sitchensis,ForestWetRich
274507,Picea sitchensis,ForestWetRich
274508,Picea sitchensis,ForestWetRich
274509,Picea sitchensis,ForestWetRich
274510,Picea sitchensis,ForestWetRich
274511,Picea sitchensis,ForestWetRich
274512,Picea sitchensis,ForestWetRich
274513,Picea sitchensis,ForestWetRich
274514,Picea sitchensis,ForestWetRich
274515,Picea sitchensis,ForestWetRich
274516,Picea sitchensis,ForestWetRich
274517,Picea sitchensis,ForestWetRich
274518,Picea sitchensis,ForestWetRich
274519,Picea sitchensis,ForestWetRich
275030,Picea sitchensis,ForestWetRich
275031,Picea sitchensis,ForestWetRich
275032,Picea sitchensis,ForestWetRich
275033,Picea sitchensis,ForestWetRich
275034,Picea sitchensis,ForestWetRich
275035,Picea sitchensis,ForestWetRich
275036,Picea sitchensis,ForestWetRich
275037,Picea sitchensis,ForestWetRich
275038,Picea sitchensis,ForestWetRich
275039,Picea sitchensis,ForestWetRich
275040,Picea sitchensis,ForestWetRich
275041,Picea sitchensis,ForestWetRich
275042,Picea sitchensis,ForestWetRich
275043,Picea sitchensis,ForestWetRich
275044,Picea sitchensis,ForestWetRich
275045,Picea sitchensis,ForestWetRich
275046,Picea sitchensis,ForestWetRich
275047,Picea sitchensis,ForestWetRich
275048,Picea sitchensis,ForestWetRich
275049,Picea sitchensis,ForestWetRich
275050,Picea sitchensis,ForestWetRich
275051,Picea sitchensis,ForestWetRich
275052,Picea sitchensis,ForestWetRich
275053,Picea sitchensis,ForestWetRich
275054,Picea sitchensis,ForestWetRich
275055,Picea sitchensis,ForestWetRich
275056,Picea sitchensis,ForestWetRich
275057,Picea sitchensis,ForestWetRich
275098,Picea sitchensis,ForestWetRich
275099,Picea sitchensis,ForestWetRich
275100,Picea sitchensis,ForestWetRich
275101,Picea sitchensis,ForestWetRich
275102,Picea sitchensis,ForestWetRich
275103,Picea sitchensis,ForestWetRich
275104,Picea sitchensis,ForestWetRich
275105,Picea sitchensis,ForestWetRich
275106,Picea sitchensis,ForestWetRich
275107,Picea sitchensis,ForestWetRich
275108,Picea sitchensis,ForestWetRich
275109,Picea sitchensis,ForestWetRich
275110,Picea sitchensis,ForestWetRich
275111,Picea sitchensis,ForestWetRich
275112,Picea sitchensis,ForestWetRich
275113,Picea sitchensis,ForestWetRich
275114,Picea sitchensis,ForestWetRich
275115,Picea sitchensis,ForestWetRich
275116,Picea sitchensis,ForestWetRich
275117,Picea sitchensis,ForestWetRich
275118,Picea sitchensis,ForestWetRich
275119,Picea sitchensis,ForestWetRich
275628,Picea sitchensis,ForestWetRich
275629,Picea sitchensis,ForestWetRich
275630,Picea sitchensis,ForestWetRich
275631,Picea sitchensis,ForestWetRich
275632,Picea sitchensis,ForestWetRich
275633,Picea sitchensis,ForestWetRich
275634,Picea sitchensis,ForestWetRich
275635,Picea sitchensis,ForestWetRich
275636,Picea sitchensis,ForestWetRich
275637,Picea sitchensis,ForestWetRich
275638,Picea sitchensis,ForestWetRich
275639,Picea sitchensis,ForestWetRich
275640,Picea sitchensis,ForestWetRich
275641,Picea sitchensis,ForestWetRich
275642,Picea sitchensis,ForestWetRich
275643,Picea sitchensis,ForestWetRich
275644,Picea sitchensis,ForestWetRich
275645,Picea sitchensis,ForestWetRich
275646,Picea sitchensis,ForestWetRich
275647,Picea sitchensis,ForestWetRich
275648,Picea sitchensis,ForestWetRich
275649,Picea sitchensis,ForestWetRich
275650,Picea sitchensis,ForestWetRich
275651,Picea sitchensis,ForestWetRich
275652,Picea sitchensis,ForestWetRich
275653,Picea sitchensis,ForestWetRich
275654,Picea sitchensis,ForestWetRich
275655,Picea sitchensis,ForestWetRich
275656,Picea sitchensis,ForestWetRich
275697,Picea sitchensis,ForestWetRich
275698,Picea sitchensis,ForestWetRich
275699,Picea sitchensis,ForestWetRich
275700,Picea sitchensis,ForestWetRich
275701,Picea sitchensis,ForestWetRich
275702,Picea sitchensis,ForestWetRich
275703,Picea sitchensis,ForestWetRich
275704,Picea sitchensis,ForestWetRich
275705,Picea sitchensis,ForestWetRich
275706,Picea sitchensis,ForestWetRich
275707,Picea sitchensis,ForestWetRich
275708,Picea sitchensis,ForestWetRich
275709,Picea sitchensis,ForestWetRich
275710,Picea sitchensis,ForestWetRich
275711,Picea sitchensis,ForestWetRich
275712,Picea sitchensis,ForestWetRich
275713,Picea sitchensis,ForestWetRich
275714,Picea sitchensis,ForestWetRich
275715,Picea sitchensis,ForestWetRich
275716,Picea sitchensis,ForestWetRich
275717,Picea sitchensis,ForestWetRich
275718,Picea sitchensis,ForestWetRich
276227,Picea sitchensis,ForestWetRich
276228,Picea sitchensis,ForestWetRich
276229,Picea sitchensis,ForestWetRich
276230,Picea sitchensis,ForestWetRich
276231,Picea sitchensis,ForestWetRich
276232,Picea sitchensis,ForestWetRich
276233,Picea sitchensis,ForestWetRich
276234,Picea sitchensis,ForestWetRich
276235,Picea sitchensis,ForestWetRich
276236,Picea sitchensis,ForestWetRich
276237,Picea sitchensis,ForestWetRich
276238,Picea sitchensis,ForestWetRich
276239,Picea sitchensis,ForestWetRich
276240,Picea sitchensis,ForestWetRich
276241,Picea sitchensis,ForestWetRich
276242,Picea sitchensis,ForestWetRich
276243,Picea sitchensis,ForestWetRich
276244,Picea sitchensis,ForestWetRich
276245,Picea sitchensis,ForestWetRich
276246,Picea sitchensis,ForestWetRich
276247,Picea sitchensis,ForestWetRich
276248,Picea sitchensis,ForestWetRich
276249,Picea sitchensis,ForestWetRich
276250,Picea sitchensis,ForestWetRich
276251,Picea sitchensis,ForestWetRich
276252,Picea sitchensis,ForestWetRich
276253,Picea sitchensis,ForestWetRich
276254,Picea sitchensis,ForestWetRich
276255,Picea sitchensis,ForestWetRich
276296,Picea sitchensis,ForestWetRich
276297,Picea sitchensis,ForestWetRich
276298,Picea sitchensis,ForestWetRich
276299,Picea sitchensis,ForestWetRich
276300,Picea sitchensis,ForestWetRich
276301,Picea sitchensis,ForestWetRich
276302,Picea sitchensis,ForestWetRich
276303,Picea sitchensis,ForestWetRich
276304,Picea sitchensis,ForestWetRich
276305,Picea sitchensis,ForestWetRich
276306,Picea sitchensis,ForestWetRich
276307,Picea sitchensis,ForestWetRich
276308,Picea sitchensis,ForestWetRich
276309,Picea sitchensis,ForestWetRich
276310,Picea sitchensis,ForestWetRich
276311,Picea sitchensis,ForestWetRich
276312,Picea sitchensis,ForestWetRich
276313,Picea sitchensis,ForestWetRich
276314,Picea sitchensis,ForestWetRich
276315,Picea sitchensis,ForestWetRich
276316,Picea sitchensis,ForestWetRich
276317,Picea sitchensis,ForestWetRich
276318,Picea sitchensis,ForestWetRich
276826,Picea sitchensis,ForestWetRich
276827,Picea sitchensis,ForestWetRich
276828,Picea sitchensis,ForestWetRich
276829,Picea sitchensis,ForestWetRich
276830,Picea sitchensis,ForestWetRich
276831,Picea sitchensis,ForestWetRich
276832,Picea sitchensis,ForestWetRich
276833,Picea sitchensis,ForestWetRich
276834,Picea sitchensis,ForestWetRich
276835,Picea sitchensis,ForestWetRich
276836,Picea sitchensis,ForestWetRich
276837,Picea sitchensis,ForestWetRich
276838,Picea sitchensis,ForestWetRich
276839,Picea sitchensis,ForestWetRich
276840,Picea sitchensis,ForestWetRich
276841,Picea sitchensis,ForestWetRich
276842,Picea sitchensis,ForestWetRich
276843,Picea sitchensis,ForestWetRich
276844,Picea sitchensis,ForestWetRich
276845,Picea sitchensis,ForestWetRich
276846,Picea sitchensis,ForestWetRich
276847,Picea sitchensis,ForestWetRich
276848,Picea sitchensis,ForestWetRich
276849,Picea sitchensis,ForestWetRich
276850,Picea sitchensis,ForestWetRich
276851,Picea sitchensis,ForestWetRich
276852,Picea sitchensis,ForestWetRich
276853,Picea sitchensis,ForestWetRich
276854,Picea sitchensis,ForestWetRich
276895,Picea sitchensis,ForestWetRich
276896,Picea sitchensis,ForestWetRich
276897,Picea sitchensis,ForestWetRich
276898,Picea sitchensis,ForestWetRich
276899,Picea sitchensis,ForestWetRich
276900,Picea sitchensis,ForestWetRich
276901,Picea sitchensis,ForestWetRich
276902,Picea sitchensis,ForestWetRich
276903,Picea sitchensis,ForestWetRich
276904,Picea sitchensis,ForestWetRich
276905,Picea sitchensis,ForestWetRich
276906,Picea sitchensis,ForestWetRich
276907,Picea sitchensis,ForestWetRich
276908,Picea sitchensis,ForestWetRich
276909,Picea sitchensis,ForestWetRich
276910,Picea sitchensis,ForestWetRich
276911,Picea sitchensis,ForestWetRich
276912,Picea sitchensis,ForestWetRich
276913,Picea sitchensis,ForestWetRich
276914,Picea sitchensis,ForestWetRich
276915,Picea sitchensis,ForestWetRich
276916,Picea sitchensis,ForestWetRich
276917,Picea sitchensis,ForestWetRich
277424,Picea sitchensis,ForestWetRich
277425,Picea sitchensis,ForestWetRich
277426,Picea sitchensis,ForestWetRich
277427,Picea sitchensis,ForestWetRich
277428,Picea sitchensis,ForestWetRich
277429,Picea sitchensis,ForestWetRich
277430,Picea sitchensis,ForestWetRich
277431,Picea sitchensis,ForestWetRich
277432,Picea sitchensis,ForestWetRich
277433,Picea sitchensis,ForestWetRich
277434,Picea sitchensis,ForestWetRich
277435,Picea sitchensis,ForestWetRich
277436,Picea sitchensis,ForestWetRich
277437,Picea sitchensis,ForestWetRich
277438,Picea sitchensis,ForestWetRich
277439,Picea sitchensis,ForestWetRich
277440,Picea sitchensis,ForestWetRich
277441,Picea sitchensis,ForestWetRich
277442,Picea sitchensis,ForestWetRich
277443,Picea sitchensis,ForestWetRich
277444,Picea sitchensis,ForestWetRich
277445,Picea sitchensis,ForestWetRich
277446,Picea sitchensis,ForestWetRich
277447,Picea sitchensis,ForestWetRich
277448,Picea sitchensis,ForestWetRich
277449,Picea sitchensis,ForestWetRich
277450,Picea sitchensis,ForestWetRich
277451,Picea sitchensis,ForestWetRich
277452,Picea sitchensis,ForestWetRich
277453,Picea sitchensis,ForestWetRich
277494,Picea sitchensis,ForestWetRich
277495,Picea sitchensis,ForestWetRich
277496,Picea sitchensis,ForestWetRich
277497,Picea sitchensis,ForestWetRich
277498,Picea sitchensis,ForestWetRich
277499,Picea sitchensis,ForestWetRich
277500,Picea sitchensis,ForestWetRich
277501,Picea sitchensis,ForestWetRich
277502,Picea sitchensis,ForestWetRich
277503,Picea sitchensis,ForestWetRich
277504,Picea sitchensis,ForestWetRich
277505,Picea sitchensis,ForestWetRich
277506,Picea sitchensis,ForestWetRich
277507,Picea sitchensis,ForestWetRich
277508,Picea sitchensis,ForestWetRich
277509,Picea sitchensis,ForestWetRich
277510,Picea sitchensis,ForestWetRich
277511,Picea sitchensis,ForestWetRich
277512,Picea sitchensis,ForestWetRich
277513,Picea sitchensis,ForestWetRich
277514,Picea sitchensis,ForestWetRich
277515,Picea sitchensis,ForestWetRich
277516,Picea sitchensis,ForestWetRich
290033,Picea sitchensis,ForestWetRich
290034,Picea sitchensis,ForestWetRich
290035,Picea sitchensis,ForestWetRich
290036,Picea sitchensis,ForestWetRich
290037,Picea sitchensis,ForestWetRich
290038,Picea sitchensis,ForestWetRich
290039,Picea sitchensis,ForestWetRich
290040,Picea sitchensis,ForestWetRich
290041,Picea sitchensis,ForestWetRich
290042,Picea sitchensis,ForestWetRich
290043,Picea sitchensis,ForestWetRich
290044,Picea sitchensis,ForestWetRich
290045,Picea sitchensis,ForestWetRich
290046,Picea sitchensis,ForestWetRich
290047,Picea sitchensis,ForestWetRich
290048,Picea sitchensis,ForestWetRich
290049,Picea sitchensis,ForestWetRich
290050,Picea sitchensis,ForestWetRich
290051,Picea sitchensis,ForestWetRich
290052,Picea sitchensis,ForestWetRich
290053,Picea sitchensis,ForestWetRich
290054,Picea sitchensis,ForestWetRich
290055,Picea sitchensis,ForestWetRich
290056,Picea sitchensis,ForestWetRich
290057,Picea sitchensis,ForestWetRich
290058,Picea sitchensis,ForestWetRich
290059,Picea sitchensis,ForestWetRich
290060,Picea sitchensis,ForestWetRich
290061,Picea sitchensis,ForestWetRich
290062,Picea sitchensis,ForestWetRich
290063,Picea sitchensis,ForestWetRich
290064,Picea sitchensis,ForestWetRich
290065,Picea sitchensis,ForestWetRich
290066,Picea sitchensis,ForestWetRich
290067,Picea sitchensis,ForestWetRich
290068,Picea sitchensis,ForestWetRich
290069,Picea sitchensis,ForestWetRich
290070,Picea sitchensis,ForestWetRich
290071,Picea sitchensis,ForestWetRich
290072,Picea sitchensis,ForestWetRich
290632,Picea sitchensis,ForestWetRich
290633,Picea sitchensis,ForestWetRich
290634,Picea sitchensis,ForestWetRich
290635,Picea sitchensis,ForestWetRich
290636,Picea sitchensis,ForestWetRich
290637,Picea sitchensis,ForestWetRich
290638,Picea sitchensis,ForestWetRich
290639,Picea sitchensis,ForestWetRich
290640,Picea sitchensis,ForestWetRich
290641,Picea sitchensis,ForestWetRich
290642,Picea sitchensis,ForestWetRich
290643,Picea sitchensis,ForestWetRich
290644,Picea sitchensis,ForestWetRich
290645,Picea sitchensis,ForestWetRich
290646,Picea sitchensis,ForestWetRich
290647,Picea sitchensis,ForestWetRich
290648,Picea sitchensis,ForestWetRich
290649,Picea sitchensis,ForestWetRich
290650,Picea sitchensis,ForestWetRich
290651,Picea sitchensis,ForestWetRich
290652,Picea sitchensis,ForestWetRich
290653,Picea sitchensis,ForestWetRich
290654,Picea sitchensis,ForestWetRich
290655,Picea sitchensis,ForestWetRich
290656,Picea sitchensis,ForestWetRich
290657,Picea sitchensis,ForestWetRich
290658,Picea sitchensis,ForestWetRich
290659,Picea sitchensis,ForestWetRich
290660,Picea sitchensis,ForestWetRich
290661,Picea sitchensis,ForestWetRich
290662,Picea sitchensis,ForestWetRich
290663,Picea sitchensis,ForestWetRich
290664,Picea sitchensis,ForestWetRich
290665,Picea sitchensis,ForestWetRich
290666,Picea sitchensis,ForestWetRich
290667,Picea sitchensis,ForestWetRich
290668,Picea sitchensis,ForestWetRich
290669,Picea sitchensis,ForestWetRich
290670,Picea sitchensis,ForestWetRich
290671,Picea sitchensis,ForestWetRich
291231,Picea sitchensis,ForestWetRich
291232,Picea sitchensis,ForestWetRich
291233,Picea sitchensis,ForestWetRich
291234,Picea sitchensis,ForestWetRich
291235,Picea sitchensis,ForestWetRich
291236,Picea sitchensis,ForestWetRich
291237,Picea sitchensis,ForestWetRich
291238,Picea sitchensis,ForestWetRich
291239,Picea sitchensis,ForestWetRich
291240,Picea sitchensis,ForestWetRich
291241,Picea sitchensis,ForestWetRich
291242,Picea sitchensis,ForestWetRich
291243,Picea sitchensis,ForestWetRich
291244,Picea sitchensis,ForestWetRich
291245,Picea sitchensis,ForestWetRich
291246,Picea sitchensis,ForestWetRich
291247,Picea sitchensis,ForestWetRich
291248,Picea sitchensis,ForestWetRich
291249,Picea sitchensis,ForestWetRich
291250,Picea sitchensis,ForestWetRich
291251,Picea sitchensis,ForestWetRich
291252,Picea sitchensis,ForestWetRich
291253,Picea sitchensis,ForestWetRich
291254,Picea sitchensis,ForestWetRich
291255,Picea sitchensis,ForestWetRich
291256,Picea sitchensis,ForestWetRich
291257,Picea sitchensis,ForestWetRich
291258,Picea sitchensis,ForestWetRich
291259,Picea sitchensis,ForestWetRich
291260,Picea sitchensis,ForestWetRich
291261,Picea sitchensis,ForestWetRich
291262,Picea sitchensis,ForestWetRich
291263,Picea sitchensis,ForestWetRich
291264,Picea sitchensis,ForestWetRich
291265,Picea sitchensis,ForestWetRich
291266,Picea sitchensis,ForestWetRich
291267,Picea sitchensis,ForestWetRich
291268,Picea sitchensis,ForestWetRich
291269,Picea sitchensis,ForestWetRich
291270,Picea sitchensis,ForestWetRich
291830,Picea sitchensis,ForestWetRich
291831,Picea sitchensis,ForestWetRich
291832,Picea sitchensis,ForestWetRich
291833,Picea sitchensis,ForestWetRich
291834,Picea sitchensis,ForestWetRich
291835,Picea sitchensis,ForestWetRich
291836,Picea sitchensis,ForestWetRich
291837,Picea sitchensis,ForestWetRich
291838,Picea sitchensis,ForestWetRich
291839,Picea sitchensis,ForestWetRich
291840,Picea sitchensis,ForestWetRich
291841,Picea sitchensis,ForestWetRich
291842,Picea sitchensis,ForestWetRich
291843,Picea sitchensis,ForestWetRich
291844,Picea sitchensis,ForestWetRich
291845,Picea sitchensis,ForestWetRich
291846,Picea sitchensis,ForestWetRich
291847,Picea sitchensis,ForestWetRich
291848,Picea sitchensis,ForestWetRich
291849,Picea sitchensis,ForestWetRich
291850,Picea sitchensis,ForestWetRich
291851,Picea sitchensis,ForestWetRich
291852,Picea sitchensis,ForestWetRich
291853,Picea sitchensis,ForestWetRich
291854,Picea sitchensis,ForestWetRich
291855,Picea sitchensis,ForestWetRich
291856,Picea sitchensis,ForestWetRich
291857,Picea sitchensis,ForestWetRich
291858,Picea sitchensis,ForestWetRich
291859,Picea sitchensis,ForestWetRich
291860,Picea sitchensis,ForestWetRich
291861,Picea sitchensis,ForestWetRich
291862,Picea sitchensis,ForestWetRich
291863,Picea sitchensis,ForestWetRich
291864,Picea sitchensis,ForestWetRich
291865,Picea sitchensis,ForestWetRich
291866,Picea sitchensis,ForestWetRich
291867,Picea sitchensis,ForestWetRich
291868,Picea sitchensis,ForestWetRich
291869,Picea sitchensis,ForestWetRich
292429,Picea sitchensis,ForestWetRich
292430,Picea sitchensis,ForestWetRich
292431,Picea sitchensis,ForestWetRich
292432,Picea sitchensis,ForestWetRich
292433,Picea sitchensis,ForestWetRich
292434,Picea sitchensis,ForestWetRich
292435,Picea sitchensis,ForestWetRich
292436,Picea sitchensis,ForestWetRich
292437,Picea sitchensis,ForestWetRich
292438,Picea sitchensis,ForestWetRich
292439,Picea sitchensis,ForestWetRich
292440,Picea sitchensis,ForestWetRich
292441,Picea sitchensis,ForestWetRich
292442,Picea sitchensis,ForestWetRich
292443,Picea sitchensis,ForestWetRich
292444,Picea sitchensis,ForestWetRich
292445,Picea sitchensis,ForestWetRich
292446,Picea sitchensis,ForestWetRich
292447,Picea sitchensis,ForestWetRich
292448,Picea sitchensis,ForestWetRich
292449,Picea sitchensis,ForestWetRich
292450,Picea sitchensis,ForestWetRich
292451,Picea sitchensis,ForestWetRich
292452,Picea sitchensis,ForestWetRich
292453,Picea sitchensis,ForestWetRich
292454,Picea sitchensis,ForestWetRich
292455,Picea sitchensis,ForestWetRich
292456,Picea sitchensis,ForestWetRich
292457,Picea sitchensis,ForestWetRich
292458,Picea sitchensis,ForestWetRich
292459,Picea sitchensis,ForestWetRich
292460,Picea sitchensis,ForestWetRich
292461,Picea sitchensis,ForestWetRich
292462,Picea sitchensis,ForestWetRich
292463,Picea sitchensis,ForestWetRich
292464,Picea sitchensis,ForestWetRich
292465,Picea sitchensis,ForestWetRich
292466,Picea sitchensis,ForestWetRich
292467,Picea sitchensis,ForestWetRich
292468,Picea sitchensis,ForestWetRich
293028,Picea sitchensis,ForestWetRich
293029,Picea sitchensis,ForestWetRich
293030,Picea sitchensis,ForestWetRich
293031,Picea sitchensis,ForestWetRich
293032,Picea sitchensis,ForestWetRich
293033,Picea sitchensis,ForestWetRich
293034,Picea sitchensis,ForestWetRich
293035,Picea sitchensis,ForestWetRich
293036,Picea sitchensis,ForestWetRich
293037,Picea sitchensis,ForestWetRich
293038,Picea sitchensis,ForestWetRich
293039,Picea sitchensis,ForestWetRich
293040,Picea sitchensis,ForestWetRich
293041,Picea sitchensis,ForestWetRich
293042,Picea sitchensis,ForestWetRich
293043,Picea sitchensis,ForestWetRich
293044,Picea sitchensis,ForestWetRich
293045,Picea sitchensis,ForestWetRich
293046,Picea sitchensis,ForestWetRich
293047,Picea sitchensis,ForestWetRich
293048,Picea sitchensis,ForestWetRich
293049,Picea sitchensis,ForestWetRich
293050,Picea sitchensis,ForestWetRich
293051,Picea sitchensis,ForestWetRich
293052,Picea sitchensis,ForestWetRich
293053,Picea sitchensis,ForestWetRich
293054,Picea sitchensis,ForestWetRich
293055,Picea sitchensis,ForestWetRich
293056,Picea sitchensis,ForestWetRich
293057,Picea sitchensis,ForestWetRich
293058,Picea sitchensis,ForestWetRich
293059,Picea sitchensis,ForestWetRich
293060,Picea sitchensis,ForestWetRich
293061,Picea sitchensis,ForestWetRich
293062,Picea sitchensis,ForestWetRich
293063,Picea sitchensis,ForestWetRich
293064,Picea sitchensis,ForestWetRich
293065,Picea sitchensis,ForestWetRich
293066,Picea sitchensis,ForestWetRich
293067,Picea sitchensis,ForestWetRich
293627,Picea sitchensis,ForestWetRich
293628,Picea sitchensis,ForestWetRich
293629,Picea sitchensis,ForestWetRich
293630,Picea sitchensis,ForestWetRich
293631,Picea sitchensis,ForestWetRich
293632,Picea sitchensis,ForestWetRich
293633,Picea sitchensis,ForestWetRich
293634,Picea sitchensis,ForestWetRich
293635,Picea sitchensis,ForestWetRich
293636,Picea sitchensis,ForestWetRich
293637,Picea sitchensis,ForestWetRich
293638,Picea sitchensis,ForestWetRich
293639,Picea sitchensis,ForestWetRich
293640,Picea sitchensis,ForestWetRich
293641,Picea sitchensis,ForestWetRich
293642,Picea sitchensis,ForestWetRich
293643,Picea sitchensis,ForestWetRich
293644,Picea sitchensis,ForestWetRich
293645,Picea sitchensis,ForestWetRich
293646,Picea sitchensis,ForestWetRich
293647,Picea sitchensis,ForestWetRich
293648,Picea sitchensis,ForestWetRich
293649,Picea sitchensis,ForestWetRich
293650,Picea sitchensis,ForestWetRich
293651,Picea sitchensis,ForestWetRich
293652,Picea sitchensis,ForestWetRich
293653,Picea sitchensis,ForestWetRich
293654,Picea sitchensis,ForestWetRich
293655,Picea sitchensis,ForestWetRich
293656,Picea sitchensis,ForestWetRich
293657,Picea sitchensis,ForestWetRich
293658,Picea sitchensis,ForestWetRich
293659,Picea sitchensis,ForestWetRich
293660,Picea sitchensis,ForestWetRich
293661,Picea sitchensis,ForestWetRich
293662,Picea sitchensis,ForestWetRich
293663,Picea sitchensis,ForestWetRich
293664,Picea sitchensis,ForestWetRich
293665,Picea sitchensis,ForestWetRich
293666,Picea sitchensis,ForestWetRich
294226,Picea sitchensis,ForestWetRich
294227,Picea sitchensis,ForestWetRich
294228,Picea sitchensis,ForestWetRich
294229,Picea sitchensis,ForestWetRich
294230,Picea sitchensis,ForestWetRich
294231,Picea sitchensis,ForestWetRich
294232,Picea sitchensis,ForestWetRich
294233,Picea sitchensis,ForestWetRich
294234,Picea sitchensis,ForestWetRich
294235,Picea sitchensis,ForestWetRich
294236,Picea sitchensis,ForestWetRich
294237,Picea sitchensis,ForestWetRich
294238,Picea sitchensis,ForestWetRich
294239,Picea sitchensis,ForestWetRich
294240,Picea sitchensis,ForestWetRich
294241,Picea sitchensis,ForestWetRich
294242,Picea sitchensis,ForestWetRich
294243,Picea sitchensis,ForestWetRich
294244,Picea sitchensis,ForestWetRich
294245,Picea sitchensis,ForestWetRich
294246,Picea sitchensis,ForestWetRich
294247,Picea sitchensis,ForestWetRich
294248,Picea sitchensis,ForestWetRich
294249,Picea sitchensis,ForestWetRich
294250,Picea sitchensis,ForestWetRich
294251,Picea sitchensis,ForestWetRich
294252,Picea sitchensis,ForestWetRich
294253,Picea sitchensis,ForestWetRich
294254,Picea sitchensis,ForestWetRich
294255,Picea sitchensis,ForestWetRich
294256,Picea sitchensis,ForestWetRich
294257,Picea sitchensis,ForestWetRich
294258,Picea sitchensis,ForestWetRich
294259,Picea sitchensis,ForestWetRich
294260,Picea sitchensis,ForestWetRich
294261,Picea sitchensis,ForestWetRich
294262,Picea sitchensis,ForestWetRich
294263,Picea sitchensis,ForestWetRich
294264,Picea sitchensis,ForestWetRich
294265,Picea sitchensis,ForestWetRich
294825,Picea sitchensis,ForestWetRich
294826,Picea sitchensis,ForestWetRich
294827,Picea sitchensis,ForestWetRich
294828,Picea sitchensis,ForestWetRich
294829,Picea sitchensis,ForestWetRich
294830,Picea sitchensis,ForestWetRich
294831,Picea sitchensis,ForestWetRich
294832,Picea sitchensis,ForestWetRich
294833,Picea sitchensis,ForestWetRich
294834,Picea sitchensis,ForestWetRich
294835,Picea sitchensis,ForestWetRich
294836,Picea sitchensis,ForestWetRich
294837,Picea sitchensis,ForestWetRich
294838,Picea sitchensis,ForestWetRich
294839,Picea sitchensis,ForestWetRich
294840,Picea sitchensis,ForestWetRich
294841,Picea sitchensis,ForestWetRich
294842,Picea sitchensis,ForestWetRich
294843,Picea sitchensis,ForestWetRich
294844,Picea sitchensis,ForestWetRich
294845,Picea sitchensis,ForestWetRich
294846,Picea sitchensis,ForestWetRich
294847,Picea sitchensis,ForestWetRich
294848,Picea sitchensis,ForestWetRich
294849,Picea sitchensis,ForestWetRich
294850,Picea sitchensis,ForestWetRich
294851,Picea sitchensis,ForestWetRich
294852,Picea sitchensis,ForestWetRich
294853,Picea sitchensis,ForestWetRich
294854,Picea sitchensis,ForestWetRich
294855,Picea sitchensis,ForestWetRich
294856,Picea sitchensis,ForestWetRich
294857,Picea sitchensis,ForestWetRich
294858,Picea sitchensis,ForestWetRich
294859,Picea sitchensis,ForestWetRich
294860,Picea sitchensis,ForestWetRich
294861,Picea sitchensis,ForestWetRich
294862,Picea sitchensis,ForestWetRich
294863,Picea sitchensis,ForestWetRich
294864,Picea sitchensis,ForestWetRich
295424,Picea sitchensis,ForestWetRich
295425,Picea sitchensis,ForestWetRich
295426,Picea sitchensis,ForestWetRich
295427,Picea sitchensis,ForestWetRich
295428,Picea sitchensis,ForestWetRich
295429,Picea sitchensis,ForestWetRich
295430,Picea sitchensis,ForestWetRich
295431,Picea sitchensis,ForestWetRich
295432,Picea sitchensis,ForestWetRich
295433,Picea sitchensis,ForestWetRich
295434,Picea sitchensis,ForestWetRich
295435,Picea sitchensis,ForestWetRich
295436,Picea sitchensis,ForestWetRich
295437,Picea sitchensis,ForestWetRich
295438,Picea sitchensis,ForestWetRich
295439,Picea sitchensis,ForestWetRich
295440,Picea sitchensis,ForestWetRich
295441,Picea sitchensis,ForestWetRich
295442,Picea sitchensis,ForestWetRich
295443,Picea sitchensis,ForestWetRich
295444,Picea sitchensis,ForestWetRich
295445,Picea sitchensis,ForestWetRich
295446,Picea sitchensis,ForestWetRich
295447,Picea sitchensis,ForestWetRich
295448,Picea sitchensis,ForestWetRich
295449,Picea sitchensis,ForestWetRich
295450,Picea sitchensis,ForestWetRich
295451,Picea sitchensis,ForestWetRich
295452,Picea sitchensis,ForestWetRich
295453,Picea sitchensis,ForestWetRich
295454,Picea sitchensis,ForestWetRich
295455,Picea sitchensis,ForestWetRich
295456,Picea sitchensis,ForestWetRich
295457,Picea sitchensis,ForestWetRich
295458,Picea sitchensis,ForestWetRich
295459,Picea sitchensis,ForestWetRich
295460,Picea sitchensis,ForestWetRich
295461,Picea sitchensis,ForestWetRich
295462,Picea sitchensis,ForestWetRich
295463,Picea sitchensis,ForestWetRich
296023,Picea sitchensis,ForestWetRich
296024,Picea sitchensis,ForestWetRich
296025,Picea sitchensis,ForestWetRich
296026,Picea sitchensis,ForestWetRich
296027,Picea sitchensis,ForestWetRich
296028,Picea sitchensis,ForestWetRich
296029,Picea sitchensis,ForestWetRich
296030,Picea sitchensis,ForestWetRich
296031,Picea sitchensis,ForestWetRich
296032,Picea sitchensis,ForestWetRich
296033,Picea sitchensis,ForestWetRich
296034,Picea sitchensis,ForestWetRich
296035,Picea sitchensis,ForestWetRich
296036,Picea sitchensis,ForestWetRich
296037,Picea sitchensis,ForestWetRich
296038,Picea sitchensis,ForestWetRich
296039,Picea sitchensis,ForestWetRich
296040,Picea sitchensis,ForestWetRich
296041,Picea sitchensis,ForestWetRich
296042,Picea sitchensis,ForestWetRich
296043,Picea sitchensis,ForestWetRich
296044,Picea sitchensis,ForestWetRich
296045,Picea sitchensis,ForestWetRich
296046,Picea sitchensis,ForestWetRich
296047,Picea sitchensis,ForestWetRich
296048,Picea sitchensis,ForestWetRich
296049,Picea sitchensis,ForestWetRich
296050,Picea sitchensis,ForestWetRich
296051,Picea sitchensis,ForestWetRich
296052,Picea sitchensis,ForestWetRich
296053,Picea sitchensis,ForestWetRich
296054,Picea sitchensis,ForestWetRich
296055,Picea sitchensis,ForestWetRich
296056,Picea sitchensis,ForestWetRich
296057,Picea sitchensis,ForestWetRich
296058,Picea sitchensis,ForestWetRich
296059,Picea sitchensis,ForestWetRich
296060,Picea sitchensis,ForestWetRich
296061,Picea sitchensis,ForestWetRich
296062,Picea sitchensis,ForestWetRich
296622,Picea sitchensis,ForestWetRich
296623,Picea sitchensis,ForestWetRich
296624,Picea sitchensis,ForestWetRich
296625,Picea sitchensis,ForestWetRich
296626,Picea sitchensis,ForestWetRich
296627,Picea sitchensis,ForestWetRich
296628,Picea sitchensis,ForestWetRich
296629,Picea sitchensis,ForestWetRich
296630,Picea sitchensis,ForestWetRich
296631,Picea sitchensis,ForestWetRich
296632,Picea sitchensis,ForestWetRich
296633,Picea sitchensis,ForestWetRich
296634,Picea sitchensis,ForestWetRich
296635,Picea sitchensis,ForestWetRich
296636,Picea sitchensis,ForestWetRich
296637,Picea sitchensis,ForestWetRich
296638,Picea sitchensis,ForestWetRich
296639,Picea sitchensis,ForestWetRich
296640,Picea sitchensis,ForestWetRich
296641,Picea sitchensis,ForestWetRich
296642,Picea sitchensis,ForestWetRich
296643,Picea sitchensis,ForestWetRich
296644,Picea sitchensis,ForestWetRich
296645,Picea sitchensis,ForestWetRich
296646,Picea sitchensis,ForestWetRich
296647,Picea sitchensis,ForestWetRich
296648,Picea sitchensis,ForestWetRich
296649,Picea sitchensis,ForestWetRich
296650,Picea sitchensis,ForestWetRich
296651,Picea sitchensis,ForestWetRich
296652,Picea sitchensis,ForestWetRich
296653,Picea sitchensis,ForestWetRich
296654,Picea sitchensis,ForestWetRich
296655,Picea sitchensis,ForestWetRich
296656,Picea sitchensis,ForestWetRich
296657,Picea sitchensis,ForestWetRich
296658,Picea sitchensis,ForestWetRich
296659,Picea sitchensis,ForestWetRich
296660,Picea sitchensis,ForestWetRich
296661,Picea sitchensis,ForestWetRich
297221,Picea sitchensis,ForestWetRich
297222,Picea sitchensis,ForestWetRich
297223,Picea sitchensis,ForestWetRich
297224,Picea sitchensis,ForestWetRich
297225,Picea sitchensis,ForestWetRich
297226,Picea sitchensis,ForestWetRich
297227,Picea sitchensis,ForestWetRich
297228,Picea sitchensis,ForestWetRich
297229,Picea sitchensis,ForestWetRich
297230,Picea sitchensis,ForestWetRich
297231,Picea sitchensis,ForestWetRich
297232,Picea sitchensis,ForestWetRich
297233,Picea sitchensis,ForestWetRich
297234,Picea sitchensis,ForestWetRich
297235,Picea sitchensis,ForestWetRich
297236,Picea sitchensis,ForestWetRich
297237,Picea sitchensis,ForestWetRich
297238,Picea sitchensis,ForestWetRich
297239,Picea sitchensis,ForestWetRich
297240,Picea sitchensis,ForestWetRich
297241,Picea sitchensis,ForestWetRich
297242,Picea sitchensis,ForestWetRich
297243,Picea sitchensis,ForestWetRich
297244,Picea sitchensis,ForestWetRich
297245,Picea sitchensis,ForestWetRich
297246,Picea sitchensis,ForestWetRich
297247,Picea sitchensis,ForestWetRich
297248,Picea sitchensis,ForestWetRich
297249,Picea sitchensis,ForestWetRich
297250,Picea sitchensis,ForestWetRich
297251,Picea sitchensis,ForestWetRich
297252,Picea sitchensis,ForestWetRich
297253,Picea sitchensis,ForestWetRich
297254,Picea sitchensis,ForestWetRich
297255,Picea sitchensis,ForestWetRich
297256,Picea sitchensis,ForestWetRich
297257,Picea sitchensis,ForestWetRich
297258,Picea sitchensis,ForestWetRich
297259,Picea sitchensis,ForestWetRich
297260,Picea sitchensis,ForestWetRich
297820,Picea sitchensis,ForestWetRich
297821,Picea sitchensis,ForestWetRich
297822,Picea sitchensis,ForestWetRich
297823,Picea sitchensis,ForestWetRich
297824,Picea sitchensis,ForestWetRich
297825,Picea sitchensis,ForestWetRich
297826,Picea sitchensis,ForestWetRich
297827,Picea sitchensis,ForestWetRich
297828,Picea sitchensis,ForestWetRich
297829,Picea sitchensis,ForestWetRich
297830,Picea sitchensis,ForestWetRich
297831,Picea sitchensis,ForestWetRich
297832,Picea sitchensis,ForestWetRich
297833,Picea sitchensis,ForestWetRich
297834,Picea sitchensis,ForestWetRich
297835,Picea sitchensis,ForestWetRich
297836,Picea sitchensis,ForestWetRich
297837,Picea sitchensis,ForestWetRich
297838,Picea sitchensis,ForestWetRich
297839,Picea sitchensis,ForestWetRich
297840,Picea sitchensis,ForestWetRich
297841,Picea sitchensis,ForestWetRich
297842,Picea sitchensis,ForestWetRich
297843,Picea sitchensis,ForestWetRich
297844,Picea sitchensis,ForestWetRich
297845,Picea sitchensis,ForestWetRich
297846,Picea sitchensis,ForestWetRich
297847,Picea sitchensis,ForestWetRich
297848,Picea sitchensis,ForestWetRich
297849,Picea sitchensis,ForestWetRich
297850,Picea sitchensis,ForestWetRich
297851,Picea sitchensis,ForestWetRich
297852,Picea sitchensis,ForestWetRich
297853,Picea sitchensis,ForestWetRich
297854,Picea sitchensis,ForestWetRich
297855,Picea sitchensis,ForestWetRich
297856,Picea sitchensis,ForestWetRich
297857,Picea sitchensis,ForestWetRich
297858,Picea sitchensis,ForestWetRich
297859,Picea sitchensis,ForestWetRich
298419,Picea sitchensis,ForestWetRich
298420,Picea sitchensis,ForestWetRich
298421,Picea sitchensis,ForestWetRich
298422,Picea sitchensis,ForestWetRich
298423,Picea sitchensis,ForestWetRich
298424,Picea sitchensis,ForestWetRich
298425,Picea sitchensis,ForestWetRich
298426,Picea sitchensis,ForestWetRich
298427,Picea sitchensis,ForestWetRich
298428,Picea sitchensis,ForestWetRich
298429,Picea sitchensis,ForestWetRich
298430,Picea sitchensis,ForestWetRich
298431,Picea sitchensis,ForestWetRich
298432,Picea sitchensis,ForestWetRich
298433,Picea sitchensis,ForestWetRich
298434,Picea sitchensis,ForestWetRich
298435,Picea sitchensis,ForestWetRich
298436,Picea sitchensis,ForestWetRich
298437,Picea sitchensis,ForestWetRich
298438,Picea sitchensis,ForestWetRich
298439,Picea sitchensis,ForestWetRich
298440,Picea sitchensis,ForestWetRich
298441,Picea sitchensis,ForestWetRich
298442,Picea sitchensis,ForestWetRich
298443,Picea sitchensis,ForestWetRich
298444,Picea sitchensis,ForestWetRich
298445,Picea sitchensis,ForestWetRich
298446,Picea sitchensis,ForestWetRich
298447,Picea sitchensis,ForestWetRich
298448,Picea sitchensis,ForestWetRich
298449,Picea sitchensis,ForestWetRich
298450,Picea sitchensis,ForestWetRich
298451,Picea sitchensis,ForestWetRich
298452,Picea sitchensis,ForestWetRich
298453,Picea sitchensis,ForestWetRich
298454,Picea sitchensis,ForestWetRich
298455,Picea sitchensis,ForestWetRich
298456,Picea sitchensis,ForestWetRich
298457,Picea sitchensis,ForestWetRich
298458,Picea sitchensis,ForestWetRich
299018,Picea sitchensis,ForestWetRich
299019,Picea sitchensis,ForestWetRich
299020,Picea sitchensis,ForestWetRich
299021,Picea sitchensis,ForestWetRich
299022,Picea sitchensis,ForestWetRich
299023,Picea sitchensis,ForestWetRich
299024,Picea sitchensis,ForestWetRich
299025,Picea sitchensis,ForestWetRich
299026,Picea sitchensis,ForestWetRich
299027,Picea sitchensis,ForestWetRich
299028,Picea sitchensis,ForestWetRich
299029,Picea sitchensis,ForestWetRich
299030,Picea sitchensis,ForestWetRich
299031,Picea sitchensis,ForestWetRich
299032,Picea sitchensis,ForestWetRich
299033,Picea sitchensis,ForestWetRich
299034,Picea sitchensis,ForestWetRich
299035,Picea sitchensis,ForestWetRich
299036,Picea sitchensis,ForestWetRich
299037,Picea sitchensis,ForestWetRich
299038,Picea sitchensis,ForestWetRich
299039,Picea sitchensis,ForestWetRich
299040,Picea sitchensis,ForestWetRich
299041,Picea sitchensis,ForestWetRich
299042,Picea sitchensis,ForestWetRich
299043,Picea sitchensis,ForestWetRich
299044,Picea sitchensis,ForestWetRich
299045,Picea sitchensis,ForestWetRich
299046,Picea sitchensis,ForestWetRich
299047,Picea sitchensis,ForestWetRich
299048,Picea sitchensis,ForestWetRich
299049,Picea sitchensis,ForestWetRich
299050,Picea sitchensis,ForestWetRich
299051,Picea sitchensis,ForestWetRich
299052,Picea sitchensis,ForestWetRich
299053,Picea sitchensis,ForestWetRich
299054,Picea sitchensis,ForestWetRich
299055,Picea sitchensis,ForestWetRich
299056,Picea sitchensis,ForestWetRich
299057,Picea sitchensis,ForestWetRich
299617,Picea sitchensis,ForestWetRich
299618,Picea sitchensis,ForestWetRich
299619,Picea sitchensis,ForestWetRich
299620,Picea sitchensis,ForestWetRich
299621,Picea sitchensis,ForestWetRich
299622,Picea sitchensis,ForestWetRich
299623,Picea sitchensis,ForestWetRich
299624,Picea sitchensis,ForestWetRich
299625,Picea sitchensis,ForestWetRich
299626,Picea sitchensis,ForestWetRich
299627,Picea sitchensis,ForestWetRich
299628,Picea sitchensis,ForestWetRich
299629,Picea sitchensis,ForestWetRich
299630,Picea sitchensis,ForestWetRich
299631,Picea sitchensis,ForestWetRich
299632,Picea sitchensis,ForestWetRich
299633,Picea sitchensis,ForestWetRich
299634,Picea sitchensis,ForestWetRich
299635,Picea sitchensis,ForestWetRich
299636,Picea sitchensis,ForestWetRich
299637,Picea sitchensis,ForestWetRich
299638,Picea sitchensis,ForestWetRich
299639,Picea sitchensis,ForestWetRich
299640,Picea sitchensis,ForestWetRich
299641,Picea sitchensis,ForestWetRich
299642,Picea sitchensis,ForestWetRich
299643,Picea sitchensis,ForestWetRich
299644,Picea sitchensis,ForestWetRich
299645,Picea sitchensis,ForestWetRich
299646,Picea sitchensis,ForestWetRich
299647,Picea sitchensis,ForestWetRich
299648,Picea sitchensis,ForestWetRich
299649,Picea sitchensis,ForestWetRich
299650,Picea sitchensis,ForestWetRich
299651,Picea sitchensis,ForestWetRich
299652,Picea sitchensis,ForestWetRich
299653,Picea sitchensis,ForestWetRich
299654,Picea sitchensis,ForestWetRich
299655,Picea sitchensis,ForestWetRich
299656,Picea sitchensis,ForestWetRich
300216,Picea sitchensis,ForestWetRich
300217,Picea sitchensis,ForestWetRich
300218,Picea sitchensis,ForestWetRich
300219,Picea sitchensis,ForestWetRich
300220,Picea sitchensis,ForestWetRich
300221,Picea sitchensis,ForestWetRich
300222,Picea sitchensis,ForestWetRich
300223,Picea sitchensis,ForestWetRich
300224,Picea sitchensis,ForestWetRich
300225,Picea sitchensis,ForestWetRich
300226,Picea sitchensis,ForestWetRich
300227,Picea sitchensis,ForestWetRich
300228,Picea sitchensis,ForestWetRich
300229,Picea sitchensis,ForestWetRich
300230,Picea sitchensis,ForestWetRich
300231,Picea sitchensis,ForestWetRich
300232,Picea sitchensis,ForestWetRich
300233,Picea sitchensis,ForestWetRich
300234,Picea sitchensis,ForestWetRich
300235,Picea sitchensis,ForestWetRich
300236,Picea sitchensis,ForestWetRich
300237,Picea sitchensis,ForestWetRich
300238,Picea sitchensis,ForestWetRich
300239,Picea sitchensis,ForestWetRich
300240,Picea sitchensis,ForestWetRich
300241,Picea sitchensis,ForestWetRich
300242,Picea sitchensis,ForestWetRich
300243,Picea sitchensis,ForestWetRich
300244,Picea sitchensis,ForestWetRich
300245,Picea sitchensis,ForestWetRich
300246,Picea sitchensis,ForestWetRich
300247,Picea sitchensis,ForestWetRich
300248,Picea sitchensis,ForestWetRich
300249,Picea sitchensis,ForestWetRich
300250,Picea sitchensis,ForestWetRich
300251,Picea sitchensis,ForestWetRich
300252,Picea sitchensis,ForestWetRich
300253,Picea sitchensis,ForestWetRich
300254,Picea sitchensis,ForestWetRich
300255,Picea sitchensis,ForestWetRich
300815,Picea sitchensis,ForestWetRich
300816,Picea sitchensis,ForestWetRich
300817,Picea sitchensis,ForestWetRich
300818,Picea sitchensis,ForestWetRich
300819,Picea sitchensis,ForestWetRich
300820,Picea sitchensis,ForestWetRich
300821,Picea sitchensis,ForestWetRich
300822,Picea sitchensis,ForestWetRich
300823,Picea sitchensis,ForestWetRich
300824,Picea sitchensis,ForestWetRich
300825,Picea sitchensis,ForestWetRich
300826,Picea sitchensis,ForestWetRich
300827,Picea sitchensis,ForestWetRich
300828,Picea sitchensis,ForestWetRich
300829,Picea sitchensis,ForestWetRich
300830,Picea sitchensis,ForestWetRich
300831,Picea sitchensis,ForestWetRich
300832,Picea sitchensis,ForestWetRich
300833,Picea sitchensis,ForestWetRich
300834,Picea sitchensis,ForestWetRich
300835,Picea sitchensis,ForestWetRich
300836,Picea sitchensis,ForestWetRich
300837,Picea sitchensis,ForestWetRich
300838,Picea sitchensis,ForestWetRich
300839,Picea sitchensis,ForestWetRich
300840,Picea sitchensis,ForestWetRich
300841,Picea sitchensis,ForestWetRich
300842,Picea sitchensis,ForestWetRich
300843,Picea sitchensis,ForestWetRich
300844,Picea sitchensis,ForestWetRich
300845,Picea sitchensis,ForestWetRich
300846,Picea sitchensis,ForestWetRich
300847,Picea sitchensis,ForestWetRich
300848,Picea sitchensis,ForestWetRich
300849,Picea sitchensis,ForestWetRich
300850,Picea sitchensis,ForestWetRich
300851,Picea sitchensis,ForestWetRich
300852,Picea sitchensis,ForestWetRich
300853,Picea sitchensis,ForestWetRich
300854,Picea sitchensis,ForestWetRich
301414,Picea sitchensis,ForestWetRich
301415,Picea sitchensis,ForestWetRich
301416,Picea sitchensis,ForestWetRich
301417,Picea sitchensis,ForestWetRich
301418,Picea sitchensis,ForestWetRich
301419,Picea sitchensis,ForestWetRich
301420,Picea sitchensis,ForestWetRich
301421,Picea sitchensis,ForestWetRich
301422,Picea sitchensis,ForestWetRich
301423,Picea sitchensis,ForestWetRich
301424,Picea sitchensis,ForestWetRich
301425,Picea sitchensis,ForestWetRich
301426,Picea sitchensis,ForestWetRich
301427,Picea sitchensis,ForestWetRich
301428,Picea sitchensis,ForestWetRich
301429,Picea sitchensis,ForestWetRich
301430,Picea sitchensis,ForestWetRich
301431,Picea sitchensis,ForestWetRich
301432,Picea sitchensis,ForestWetRich
301433,Picea sitchensis,ForestWetRich
301434,Picea sitchensis,ForestWetRich
301435,Picea sitchensis,ForestWetRich
301436,Picea sitchensis,ForestWetRich
301437,Picea sitchensis,ForestWetRich
301438,Picea sitchensis,ForestWetRich
301439,Picea sitchensis,ForestWetRich
301440,Picea sitchensis,ForestWetRich
301441,Picea sitchensis,ForestWetRich
301442,Picea sitchensis,ForestWetRich
301443,Picea sitchensis,ForestWetRich
301444,Picea sitchensis,ForestWetRich
301445,Picea sitchensis,ForestWetRich
301446,Picea sitchensis,ForestWetRich
301447,Picea sitchensis,ForestWetRich
301448,Picea sitchensis,ForestWetRich
301449,Picea sitchensis,ForestWetRich
301450,Picea sitchensis,ForestWetRich
301451,Picea sitchensis,ForestWetRich
301452,Picea sitchensis,ForestWetRich
301453,Picea sitchensis,ForestWetRich
