252354,Ligustrum vulgare,ForestWetRich
252355,Ligustrum vulgare,ForestWetRich
252356,Ligustrum vulgare,ForestWetRich
252357,Ligustrum vulgare,ForestWetRich
252358,Ligustrum vulgare,ForestWetRich
252359,Ligustrum vulgare,ForestWetRich
252360,Ligustrum vulgare,ForestWetRich
252361,Ligustrum vulgare,ForestWetRich
252362,Ligustrum vulgare,ForestWetRich
252363,Ligustrum vulgare,ForestWetRich
252364,Ligustrum vulgare,ForestWetRich
252365,Ligustrum vulgare,ForestWetRich
252366,Ligustrum vulgare,ForestWetRich
252367,Ligustrum vulgare,ForestWetRich
252368,Ligustrum vulgare,ForestWetRich
252369,Ligustrum vulgare,ForestWetRich
252949,Ligustrum vulgare,ForestWetRich
252950,Ligustrum vulgare,ForestWetRich
252951,Ligustrum vulgare,ForestWetRich
252952,Ligustrum vulgare,ForestWetRich
252953,Ligustrum vulgare,ForestWetRich
252954,Ligustrum vulgare,ForestWetRich
252955,Ligustrum vulgare,ForestWetRich
252956,Ligustrum vulgare,ForestWetRich
252957,Ligustrum vulgare,ForestWetRich
252958,Ligustrum vulgare,ForestWetRich
252959,Ligustrum vulgare,ForestWetRich
252960,Ligustrum vulgare,ForestWetRich
252961,Ligustrum vulgare,ForestWetRich
252962,Ligustrum vulgare,ForestWetRich
252963,Ligustrum vulgare,ForestWetRich
252964,Ligustrum vulgare,ForestWetRich
252965,Ligustrum vulgare,ForestWetRich
252966,Ligustrum vulgare,ForestWetRich
252967,Ligustrum vulgare,ForestWetRich
252968,Ligustrum vulgare,ForestWetRich
252969,Ligustrum vulgare,ForestWetRich
252970,Ligustrum vulgare,ForestWetRich
252971,Ligustrum vulgare,ForestWetRich
252972,Ligustrum vulgare,ForestWetRich
253544,Ligustrum vulgare,ForestWetRich
253545,Ligustrum vulgare,ForestWetRich
253546,Ligustrum vulgare,ForestWetRich
253547,Ligustrum vulgare,ForestWetRich
253548,Ligustrum vulgare,ForestWetRich
253549,Ligustrum vulgare,ForestWetRich
253550,Ligustrum vulgare,ForestWetRich
253551,Ligustrum vulgare,ForestWetRich
253552,Ligustrum vulgare,ForestWetRich
253553,Ligustrum vulgare,ForestWetRich
253554,Ligustrum vulgare,ForestWetRich
253555,Ligustrum vulgare,ForestWetRich
253556,Ligustrum vulgare,ForestWetRich
253557,Ligustrum vulgare,ForestWetRich
253558,Ligustrum vulgare,ForestWetRich
253559,Ligustrum vulgare,ForestWetRich
253560,Ligustrum vulgare,ForestWetRich
253561,Ligustrum vulgare,ForestWetRich
253562,Ligustrum vulgare,ForestWetRich
253563,Ligustrum vulgare,ForestWetRich
253564,Ligustrum vulgare,ForestWetRich
253565,Ligustrum vulgare,ForestWetRich
253566,Ligustrum vulgare,ForestWetRich
253567,Ligustrum vulgare,ForestWetRich
253568,Ligustrum vulgare,ForestWetRich
253569,Ligustrum vulgare,ForestWetRich
253570,Ligustrum vulgare,ForestWetRich
253571,Ligustrum vulgare,ForestWetRich
253572,Ligustrum vulgare,ForestWetRich
253573,Ligustrum vulgare,ForestWetRich
253574,Ligustrum vulgare,ForestWetRich
253575,Ligustrum vulgare,ForestWetRich
254140,Ligustrum vulgare,ForestWetRich
254141,Ligustrum vulgare,ForestWetRich
254142,Ligustrum vulgare,ForestWetRich
254143,Ligustrum vulgare,ForestWetRich
254144,Ligustrum vulgare,ForestWetRich
254145,Ligustrum vulgare,ForestWetRich
254146,Ligustrum vulgare,ForestWetRich
254147,Ligustrum vulgare,ForestWetRich
254148,Ligustrum vulgare,ForestWetRich
254149,Ligustrum vulgare,ForestWetRich
254150,Ligustrum vulgare,ForestWetRich
254151,Ligustrum vulgare,ForestWetRich
254152,Ligustrum vulgare,ForestWetRich
254153,Ligustrum vulgare,ForestWetRich
254154,Ligustrum vulgare,ForestWetRich
254155,Ligustrum vulgare,ForestWetRich
254156,Ligustrum vulgare,ForestWetRich
254157,Ligustrum vulgare,ForestWetRich
254158,Ligustrum vulgare,ForestWetRich
254159,Ligustrum vulgare,ForestWetRich
254160,Ligustrum vulgare,ForestWetRich
254161,Ligustrum vulgare,ForestWetRich
254162,Ligustrum vulgare,ForestWetRich
254163,Ligustrum vulgare,ForestWetRich
254164,Ligustrum vulgare,ForestWetRich
254165,Ligustrum vulgare,ForestWetRich
254166,Ligustrum vulgare,ForestWetRich
254167,Ligustrum vulgare,ForestWetRich
254168,Ligustrum vulgare,ForestWetRich
254169,Ligustrum vulgare,ForestWetRich
254170,Ligustrum vulgare,ForestWetRich
254171,Ligustrum vulgare,ForestWetRich
254172,Ligustrum vulgare,ForestWetRich
254737,Ligustrum vulgare,ForestWetRich
254738,Ligustrum vulgare,ForestWetRich
254739,Ligustrum vulgare,ForestWetRich
254740,Ligustrum vulgare,ForestWetRich
254741,Ligustrum vulgare,ForestWetRich
254742,Ligustrum vulgare,ForestWetRich
254743,Ligustrum vulgare,ForestWetRich
254744,Ligustrum vulgare,ForestWetRich
254745,Ligustrum vulgare,ForestWetRich
254746,Ligustrum vulgare,ForestWetRich
254747,Ligustrum vulgare,ForestWetRich
254748,Ligustrum vulgare,ForestWetRich
254749,Ligustrum vulgare,ForestWetRich
254750,Ligustrum vulgare,ForestWetRich
254751,Ligustrum vulgare,ForestWetRich
254752,Ligustrum vulgare,ForestWetRich
254753,Ligustrum vulgare,ForestWetRich
254754,Ligustrum vulgare,ForestWetRich
254755,Ligustrum vulgare,ForestWetRich
254756,Ligustrum vulgare,ForestWetRich
254757,Ligustrum vulgare,ForestWetRich
254758,Ligustrum vulgare,ForestWetRich
254759,Ligustrum vulgare,ForestWetRich
254760,Ligustrum vulgare,ForestWetRich
254761,Ligustrum vulgare,ForestWetRich
254762,Ligustrum vulgare,ForestWetRich
254763,Ligustrum vulgare,ForestWetRich
254764,Ligustrum vulgare,ForestWetRich
254765,Ligustrum vulgare,ForestWetRich
254766,Ligustrum vulgare,ForestWetRich
254767,Ligustrum vulgare,ForestWetRich
254768,Ligustrum vulgare,ForestWetRich
254769,Ligustrum vulgare,ForestWetRich
254770,Ligustrum vulgare,ForestWetRich
254771,Ligustrum vulgare,ForestWetRich
255334,Ligustrum vulgare,ForestWetRich
255335,Ligustrum vulgare,ForestWetRich
255336,Ligustrum vulgare,ForestWetRich
255337,Ligustrum vulgare,ForestWetRich
255338,Ligustrum vulgare,ForestWetRich
255339,Ligustrum vulgare,ForestWetRich
255340,Ligustrum vulgare,ForestWetRich
255341,Ligustrum vulgare,ForestWetRich
255342,Ligustrum vulgare,ForestWetRich
255343,Ligustrum vulgare,ForestWetRich
255344,Ligustrum vulgare,ForestWetRich
255345,Ligustrum vulgare,ForestWetRich
255346,Ligustrum vulgare,ForestWetRich
255347,Ligustrum vulgare,ForestWetRich
255348,Ligustrum vulgare,ForestWetRich
255349,Ligustrum vulgare,ForestWetRich
255350,Ligustrum vulgare,ForestWetRich
255351,Ligustrum vulgare,ForestWetRich
255352,Ligustrum vulgare,ForestWetRich
255353,Ligustrum vulgare,ForestWetRich
255354,Ligustrum vulgare,ForestWetRich
255355,Ligustrum vulgare,ForestWetRich
255356,Ligustrum vulgare,ForestWetRich
255357,Ligustrum vulgare,ForestWetRich
255358,Ligustrum vulgare,ForestWetRich
255359,Ligustrum vulgare,ForestWetRich
255360,Ligustrum vulgare,ForestWetRich
255361,Ligustrum vulgare,ForestWetRich
255362,Ligustrum vulgare,ForestWetRich
255363,Ligustrum vulgare,ForestWetRich
255364,Ligustrum vulgare,ForestWetRich
255365,Ligustrum vulgare,ForestWetRich
255366,Ligustrum vulgare,ForestWetRich
255367,Ligustrum vulgare,ForestWetRich
255368,Ligustrum vulgare,ForestWetRich
255369,Ligustrum vulgare,ForestWetRich
255370,Ligustrum vulgare,ForestWetRich
255931,Ligustrum vulgare,ForestWetRich
255932,Ligustrum vulgare,ForestWetRich
255933,Ligustrum vulgare,ForestWetRich
255934,Ligustrum vulgare,ForestWetRich
255935,Ligustrum vulgare,ForestWetRich
255936,Ligustrum vulgare,ForestWetRich
255937,Ligustrum vulgare,ForestWetRich
255938,Ligustrum vulgare,ForestWetRich
255939,Ligustrum vulgare,ForestWetRich
255940,Ligustrum vulgare,ForestWetRich
255941,Ligustrum vulgare,ForestWetRich
255942,Ligustrum vulgare,ForestWetRich
255943,Ligustrum vulgare,ForestWetRich
255944,Ligustrum vulgare,ForestWetRich
255945,Ligustrum vulgare,ForestWetRich
255946,Ligustrum vulgare,ForestWetRich
255947,Ligustrum vulgare,ForestWetRich
255948,Ligustrum vulgare,ForestWetRich
255949,Ligustrum vulgare,ForestWetRich
255950,Ligustrum vulgare,ForestWetRich
255951,Ligustrum vulgare,ForestWetRich
255952,Ligustrum vulgare,ForestWetRich
255953,Ligustrum vulgare,ForestWetRich
255954,Ligustrum vulgare,ForestWetRich
255955,Ligustrum vulgare,ForestWetRich
255956,Ligustrum vulgare,ForestWetRich
255957,Ligustrum vulgare,ForestWetRich
255958,Ligustrum vulgare,ForestWetRich
255959,Ligustrum vulgare,ForestWetRich
255960,Ligustrum vulgare,ForestWetRich
255961,Ligustrum vulgare,ForestWetRich
255962,Ligustrum vulgare,ForestWetRich
255963,Ligustrum vulgare,ForestWetRich
255964,Ligustrum vulgare,ForestWetRich
255965,Ligustrum vulgare,ForestWetRich
255966,Ligustrum vulgare,ForestWetRich
255967,Ligustrum vulgare,ForestWetRich
255968,Ligustrum vulgare,ForestWetRich
255969,Ligustrum vulgare,ForestWetRich
256528,Ligustrum vulgare,ForestWetRich
256529,Ligustrum vulgare,ForestWetRich
256530,Ligustrum vulgare,ForestWetRich
256531,Ligustrum vulgare,ForestWetRich
256532,Ligustrum vulgare,ForestWetRich
256533,Ligustrum vulgare,ForestWetRich
256534,Ligustrum vulgare,ForestWetRich
256535,Ligustrum vulgare,ForestWetRich
256536,Ligustrum vulgare,ForestWetRich
256537,Ligustrum vulgare,ForestWetRich
256538,Ligustrum vulgare,ForestWetRich
256539,Ligustrum vulgare,ForestWetRich
256540,Ligustrum vulgare,ForestWetRich
256541,Ligustrum vulgare,ForestWetRich
256542,Ligustrum vulgare,ForestWetRich
256543,Ligustrum vulgare,ForestWetRich
256544,Ligustrum vulgare,ForestWetRich
256545,Ligustrum vulgare,ForestWetRich
256546,Ligustrum vulgare,ForestWetRich
256547,Ligustrum vulgare,ForestWetRich
256548,Ligustrum vulgare,ForestWetRich
256549,Ligustrum vulgare,ForestWetRich
256550,Ligustrum vulgare,ForestWetRich
256551,Ligustrum vulgare,ForestWetRich
256552,Ligustrum vulgare,ForestWetRich
256553,Ligustrum vulgare,ForestWetRich
256554,Ligustrum vulgare,ForestWetRich
256555,Ligustrum vulgare,ForestWetRich
256556,Ligustrum vulgare,ForestWetRich
256557,Ligustrum vulgare,ForestWetRich
256558,Ligustrum vulgare,ForestWetRich
256559,Ligustrum vulgare,ForestWetRich
256560,Ligustrum vulgare,ForestWetRich
256561,Ligustrum vulgare,ForestWetRich
256562,Ligustrum vulgare,ForestWetRich
256563,Ligustrum vulgare,ForestWetRich
256564,Ligustrum vulgare,ForestWetRich
256565,Ligustrum vulgare,ForestWetRich
256566,Ligustrum vulgare,ForestWetRich
256567,Ligustrum vulgare,ForestWetRich
256568,Ligustrum vulgare,ForestWetRich
257126,Ligustrum vulgare,ForestWetRich
257127,Ligustrum vulgare,ForestWetRich
257128,Ligustrum vulgare,ForestWetRich
257129,Ligustrum vulgare,ForestWetRich
257130,Ligustrum vulgare,ForestWetRich
257131,Ligustrum vulgare,ForestWetRich
257132,Ligustrum vulgare,ForestWetRich
257133,Ligustrum vulgare,ForestWetRich
257134,Ligustrum vulgare,ForestWetRich
257135,Ligustrum vulgare,ForestWetRich
257136,Ligustrum vulgare,ForestWetRich
257137,Ligustrum vulgare,ForestWetRich
257138,Ligustrum vulgare,ForestWetRich
257139,Ligustrum vulgare,ForestWetRich
257140,Ligustrum vulgare,ForestWetRich
257141,Ligustrum vulgare,ForestWetRich
257142,Ligustrum vulgare,ForestWetRich
257143,Ligustrum vulgare,ForestWetRich
257144,Ligustrum vulgare,ForestWetRich
257145,Ligustrum vulgare,ForestWetRich
257146,Ligustrum vulgare,ForestWetRich
257147,Ligustrum vulgare,ForestWetRich
257148,Ligustrum vulgare,ForestWetRich
257149,Ligustrum vulgare,ForestWetRich
257150,Ligustrum vulgare,ForestWetRich
257151,Ligustrum vulgare,ForestWetRich
257152,Ligustrum vulgare,ForestWetRich
257153,Ligustrum vulgare,ForestWetRich
257154,Ligustrum vulgare,ForestWetRich
257155,Ligustrum vulgare,ForestWetRich
257156,Ligustrum vulgare,ForestWetRich
257157,Ligustrum vulgare,ForestWetRich
257158,Ligustrum vulgare,ForestWetRich
257159,Ligustrum vulgare,ForestWetRich
257160,Ligustrum vulgare,ForestWetRich
257161,Ligustrum vulgare,ForestWetRich
257162,Ligustrum vulgare,ForestWetRich
257163,Ligustrum vulgare,ForestWetRich
257164,Ligustrum vulgare,ForestWetRich
257165,Ligustrum vulgare,ForestWetRich
257166,Ligustrum vulgare,ForestWetRich
257167,Ligustrum vulgare,ForestWetRich
257723,Ligustrum vulgare,ForestWetRich
257724,Ligustrum vulgare,ForestWetRich
257725,Ligustrum vulgare,ForestWetRich
257726,Ligustrum vulgare,ForestWetRich
257727,Ligustrum vulgare,ForestWetRich
257728,Ligustrum vulgare,ForestWetRich
257729,Ligustrum vulgare,ForestWetRich
257730,Ligustrum vulgare,ForestWetRich
257731,Ligustrum vulgare,ForestWetRich
257732,Ligustrum vulgare,ForestWetRich
257733,Ligustrum vulgare,ForestWetRich
257734,Ligustrum vulgare,ForestWetRich
257735,Ligustrum vulgare,ForestWetRich
257736,Ligustrum vulgare,ForestWetRich
257737,Ligustrum vulgare,ForestWetRich
257738,Ligustrum vulgare,ForestWetRich
257739,Ligustrum vulgare,ForestWetRich
257740,Ligustrum vulgare,ForestWetRich
257741,Ligustrum vulgare,ForestWetRich
257742,Ligustrum vulgare,ForestWetRich
257743,Ligustrum vulgare,ForestWetRich
257744,Ligustrum vulgare,ForestWetRich
257745,Ligustrum vulgare,ForestWetRich
257746,Ligustrum vulgare,ForestWetRich
257747,Ligustrum vulgare,ForestWetRich
257748,Ligustrum vulgare,ForestWetRich
257749,Ligustrum vulgare,ForestWetRich
257750,Ligustrum vulgare,ForestWetRich
257751,Ligustrum vulgare,ForestWetRich
257752,Ligustrum vulgare,ForestWetRich
257753,Ligustrum vulgare,ForestWetRich
257754,Ligustrum vulgare,ForestWetRich
257755,Ligustrum vulgare,ForestWetRich
257756,Ligustrum vulgare,ForestWetRich
257757,Ligustrum vulgare,ForestWetRich
257758,Ligustrum vulgare,ForestWetRich
257759,Ligustrum vulgare,ForestWetRich
257760,Ligustrum vulgare,ForestWetRich
257761,Ligustrum vulgare,ForestWetRich
257762,Ligustrum vulgare,ForestWetRich
257763,Ligustrum vulgare,ForestWetRich
257764,Ligustrum vulgare,ForestWetRich
257765,Ligustrum vulgare,ForestWetRich
257766,Ligustrum vulgare,ForestWetRich
258321,Ligustrum vulgare,ForestWetRich
258322,Ligustrum vulgare,ForestWetRich
258323,Ligustrum vulgare,ForestWetRich
258324,Ligustrum vulgare,ForestWetRich
258325,Ligustrum vulgare,ForestWetRich
258326,Ligustrum vulgare,ForestWetRich
258327,Ligustrum vulgare,ForestWetRich
258328,Ligustrum vulgare,ForestWetRich
258329,Ligustrum vulgare,ForestWetRich
258330,Ligustrum vulgare,ForestWetRich
258331,Ligustrum vulgare,ForestWetRich
258332,Ligustrum vulgare,ForestWetRich
258333,Ligustrum vulgare,ForestWetRich
258334,Ligustrum vulgare,ForestWetRich
258335,Ligustrum vulgare,ForestWetRich
258336,Ligustrum vulgare,ForestWetRich
258337,Ligustrum vulgare,ForestWetRich
258338,Ligustrum vulgare,ForestWetRich
258339,Ligustrum vulgare,ForestWetRich
258340,Ligustrum vulgare,ForestWetRich
258341,Ligustrum vulgare,ForestWetRich
258342,Ligustrum vulgare,ForestWetRich
258343,Ligustrum vulgare,ForestWetRich
258344,Ligustrum vulgare,ForestWetRich
258345,Ligustrum vulgare,ForestWetRich
258346,Ligustrum vulgare,ForestWetRich
258347,Ligustrum vulgare,ForestWetRich
258348,Ligustrum vulgare,ForestWetRich
258349,Ligustrum vulgare,ForestWetRich
258350,Ligustrum vulgare,ForestWetRich
258351,Ligustrum vulgare,ForestWetRich
258352,Ligustrum vulgare,ForestWetRich
258353,Ligustrum vulgare,ForestWetRich
258354,Ligustrum vulgare,ForestWetRich
258355,Ligustrum vulgare,ForestWetRich
258356,Ligustrum vulgare,ForestWetRich
258357,Ligustrum vulgare,ForestWetRich
258358,Ligustrum vulgare,ForestWetRich
258359,Ligustrum vulgare,ForestWetRich
258360,Ligustrum vulgare,ForestWetRich
258361,Ligustrum vulgare,ForestWetRich
258362,Ligustrum vulgare,ForestWetRich
258363,Ligustrum vulgare,ForestWetRich
258364,Ligustrum vulgare,ForestWetRich
258365,Ligustrum vulgare,ForestWetRich
258919,Ligustrum vulgare,ForestWetRich
258920,Ligustrum vulgare,ForestWetRich
258921,Ligustrum vulgare,ForestWetRich
258922,Ligustrum vulgare,ForestWetRich
258923,Ligustrum vulgare,ForestWetRich
258924,Ligustrum vulgare,ForestWetRich
258925,Ligustrum vulgare,ForestWetRich
258926,Ligustrum vulgare,ForestWetRich
258927,Ligustrum vulgare,ForestWetRich
258928,Ligustrum vulgare,ForestWetRich
258929,Ligustrum vulgare,ForestWetRich
258930,Ligustrum vulgare,ForestWetRich
258931,Ligustrum vulgare,ForestWetRich
258932,Ligustrum vulgare,ForestWetRich
258933,Ligustrum vulgare,ForestWetRich
258934,Ligustrum vulgare,ForestWetRich
258935,Ligustrum vulgare,ForestWetRich
258936,Ligustrum vulgare,ForestWetRich
258937,Ligustrum vulgare,ForestWetRich
258938,Ligustrum vulgare,ForestWetRich
258939,Ligustrum vulgare,ForestWetRich
258940,Ligustrum vulgare,ForestWetRich
258941,Ligustrum vulgare,ForestWetRich
258942,Ligustrum vulgare,ForestWetRich
258943,Ligustrum vulgare,ForestWetRich
258944,Ligustrum vulgare,ForestWetRich
258945,Ligustrum vulgare,ForestWetRich
258946,Ligustrum vulgare,ForestWetRich
258947,Ligustrum vulgare,ForestWetRich
258948,Ligustrum vulgare,ForestWetRich
258949,Ligustrum vulgare,ForestWetRich
258950,Ligustrum vulgare,ForestWetRich
258951,Ligustrum vulgare,ForestWetRich
258952,Ligustrum vulgare,ForestWetRich
258953,Ligustrum vulgare,ForestWetRich
258954,Ligustrum vulgare,ForestWetRich
258955,Ligustrum vulgare,ForestWetRich
258956,Ligustrum vulgare,ForestWetRich
258957,Ligustrum vulgare,ForestWetRich
258958,Ligustrum vulgare,ForestWetRich
258959,Ligustrum vulgare,ForestWetRich
258960,Ligustrum vulgare,ForestWetRich
258961,Ligustrum vulgare,ForestWetRich
258962,Ligustrum vulgare,ForestWetRich
258963,Ligustrum vulgare,ForestWetRich
258964,Ligustrum vulgare,ForestWetRich
259517,Ligustrum vulgare,ForestWetRich
259518,Ligustrum vulgare,ForestWetRich
259519,Ligustrum vulgare,ForestWetRich
259520,Ligustrum vulgare,ForestWetRich
259521,Ligustrum vulgare,ForestWetRich
259522,Ligustrum vulgare,ForestWetRich
259523,Ligustrum vulgare,ForestWetRich
259524,Ligustrum vulgare,ForestWetRich
259525,Ligustrum vulgare,ForestWetRich
259526,Ligustrum vulgare,ForestWetRich
259527,Ligustrum vulgare,ForestWetRich
259528,Ligustrum vulgare,ForestWetRich
259529,Ligustrum vulgare,ForestWetRich
259530,Ligustrum vulgare,ForestWetRich
259531,Ligustrum vulgare,ForestWetRich
259532,Ligustrum vulgare,ForestWetRich
259533,Ligustrum vulgare,ForestWetRich
259534,Ligustrum vulgare,ForestWetRich
259535,Ligustrum vulgare,ForestWetRich
259536,Ligustrum vulgare,ForestWetRich
259537,Ligustrum vulgare,ForestWetRich
259538,Ligustrum vulgare,ForestWetRich
259539,Ligustrum vulgare,ForestWetRich
259540,Ligustrum vulgare,ForestWetRich
259541,Ligustrum vulgare,ForestWetRich
259542,Ligustrum vulgare,ForestWetRich
259543,Ligustrum vulgare,ForestWetRich
259544,Ligustrum vulgare,ForestWetRich
259545,Ligustrum vulgare,ForestWetRich
259546,Ligustrum vulgare,ForestWetRich
259547,Ligustrum vulgare,ForestWetRich
259548,Ligustrum vulgare,ForestWetRich
259549,Ligustrum vulgare,ForestWetRich
259550,Ligustrum vulgare,ForestWetRich
259551,Ligustrum vulgare,ForestWetRich
259552,Ligustrum vulgare,ForestWetRich
259553,Ligustrum vulgare,ForestWetRich
259554,Ligustrum vulgare,ForestWetRich
259555,Ligustrum vulgare,ForestWetRich
259556,Ligustrum vulgare,ForestWetRich
259557,Ligustrum vulgare,ForestWetRich
259558,Ligustrum vulgare,ForestWetRich
259559,Ligustrum vulgare,ForestWetRich
259560,Ligustrum vulgare,ForestWetRich
259561,Ligustrum vulgare,ForestWetRich
259562,Ligustrum vulgare,ForestWetRich
259563,Ligustrum vulgare,ForestWetRich
260115,Ligustrum vulgare,ForestWetRich
260116,Ligustrum vulgare,ForestWetRich
260117,Ligustrum vulgare,ForestWetRich
260118,Ligustrum vulgare,ForestWetRich
260119,Ligustrum vulgare,ForestWetRich
260120,Ligustrum vulgare,ForestWetRich
260121,Ligustrum vulgare,ForestWetRich
260122,Ligustrum vulgare,ForestWetRich
260123,Ligustrum vulgare,ForestWetRich
260124,Ligustrum vulgare,ForestWetRich
260125,Ligustrum vulgare,ForestWetRich
260126,Ligustrum vulgare,ForestWetRich
260127,Ligustrum vulgare,ForestWetRich
260128,Ligustrum vulgare,ForestWetRich
260129,Ligustrum vulgare,ForestWetRich
260130,Ligustrum vulgare,ForestWetRich
260131,Ligustrum vulgare,ForestWetRich
260132,Ligustrum vulgare,ForestWetRich
260133,Ligustrum vulgare,ForestWetRich
260134,Ligustrum vulgare,ForestWetRich
260135,Ligustrum vulgare,ForestWetRich
260136,Ligustrum vulgare,ForestWetRich
260137,Ligustrum vulgare,ForestWetRich
260138,Ligustrum vulgare,ForestWetRich
260139,Ligustrum vulgare,ForestWetRich
260140,Ligustrum vulgare,ForestWetRich
260141,Ligustrum vulgare,ForestWetRich
260142,Ligustrum vulgare,ForestWetRich
260143,Ligustrum vulgare,ForestWetRich
260144,Ligustrum vulgare,ForestWetRich
260145,Ligustrum vulgare,ForestWetRich
260146,Ligustrum vulgare,ForestWetRich
260147,Ligustrum vulgare,ForestWetRich
260148,Ligustrum vulgare,ForestWetRich
260149,Ligustrum vulgare,ForestWetRich
260150,Ligustrum vulgare,ForestWetRich
260151,Ligustrum vulgare,ForestWetRich
260152,Ligustrum vulgare,ForestWetRich
260153,Ligustrum vulgare,ForestWetRich
260154,Ligustrum vulgare,ForestWetRich
260155,Ligustrum vulgare,ForestWetRich
260156,Ligustrum vulgare,ForestWetRich
260157,Ligustrum vulgare,ForestWetRich
260158,Ligustrum vulgare,ForestWetRich
260159,Ligustrum vulgare,ForestWetRich
260160,Ligustrum vulgare,ForestWetRich
260161,Ligustrum vulgare,ForestWetRich
260162,Ligustrum vulgare,ForestWetRich
260712,Ligustrum vulgare,ForestWetRich
260713,Ligustrum vulgare,ForestWetRich
260714,Ligustrum vulgare,ForestWetRich
260715,Ligustrum vulgare,ForestWetRich
260716,Ligustrum vulgare,ForestWetRich
260717,Ligustrum vulgare,ForestWetRich
260718,Ligustrum vulgare,ForestWetRich
260719,Ligustrum vulgare,ForestWetRich
260720,Ligustrum vulgare,ForestWetRich
260721,Ligustrum vulgare,ForestWetRich
260722,Ligustrum vulgare,ForestWetRich
260723,Ligustrum vulgare,ForestWetRich
260724,Ligustrum vulgare,ForestWetRich
260725,Ligustrum vulgare,ForestWetRich
260726,Ligustrum vulgare,ForestWetRich
260727,Ligustrum vulgare,ForestWetRich
260728,Ligustrum vulgare,ForestWetRich
260729,Ligustrum vulgare,ForestWetRich
260730,Ligustrum vulgare,ForestWetRich
260731,Ligustrum vulgare,ForestWetRich
260732,Ligustrum vulgare,ForestWetRich
260733,Ligustrum vulgare,ForestWetRich
260734,Ligustrum vulgare,ForestWetRich
260735,Ligustrum vulgare,ForestWetRich
260736,Ligustrum vulgare,ForestWetRich
260737,Ligustrum vulgare,ForestWetRich
260738,Ligustrum vulgare,ForestWetRich
260739,Ligustrum vulgare,ForestWetRich
260740,Ligustrum vulgare,ForestWetRich
260741,Ligustrum vulgare,ForestWetRich
260742,Ligustrum vulgare,ForestWetRich
260743,Ligustrum vulgare,ForestWetRich
260744,Ligustrum vulgare,ForestWetRich
260745,Ligustrum vulgare,ForestWetRich
260746,Ligustrum vulgare,ForestWetRich
260747,Ligustrum vulgare,ForestWetRich
260748,Ligustrum vulgare,ForestWetRich
260749,Ligustrum vulgare,ForestWetRich
260750,Ligustrum vulgare,ForestWetRich
260751,Ligustrum vulgare,ForestWetRich
260752,Ligustrum vulgare,ForestWetRich
260753,Ligustrum vulgare,ForestWetRich
260754,Ligustrum vulgare,ForestWetRich
260755,Ligustrum vulgare,ForestWetRich
260756,Ligustrum vulgare,ForestWetRich
260757,Ligustrum vulgare,ForestWetRich
260758,Ligustrum vulgare,ForestWetRich
260759,Ligustrum vulgare,ForestWetRich
260760,Ligustrum vulgare,ForestWetRich
260761,Ligustrum vulgare,ForestWetRich
261311,Ligustrum vulgare,ForestWetRich
261312,Ligustrum vulgare,ForestWetRich
261313,Ligustrum vulgare,ForestWetRich
261314,Ligustrum vulgare,ForestWetRich
261315,Ligustrum vulgare,ForestWetRich
261316,Ligustrum vulgare,ForestWetRich
261317,Ligustrum vulgare,ForestWetRich
261318,Ligustrum vulgare,ForestWetRich
261319,Ligustrum vulgare,ForestWetRich
261320,Ligustrum vulgare,ForestWetRich
261321,Ligustrum vulgare,ForestWetRich
261322,Ligustrum vulgare,ForestWetRich
261323,Ligustrum vulgare,ForestWetRich
261324,Ligustrum vulgare,ForestWetRich
261325,Ligustrum vulgare,ForestWetRich
261326,Ligustrum vulgare,ForestWetRich
261327,Ligustrum vulgare,ForestWetRich
261328,Ligustrum vulgare,ForestWetRich
261329,Ligustrum vulgare,ForestWetRich
261330,Ligustrum vulgare,ForestWetRich
261331,Ligustrum vulgare,ForestWetRich
261332,Ligustrum vulgare,ForestWetRich
261333,Ligustrum vulgare,ForestWetRich
261334,Ligustrum vulgare,ForestWetRich
261335,Ligustrum vulgare,ForestWetRich
261336,Ligustrum vulgare,ForestWetRich
261337,Ligustrum vulgare,ForestWetRich
261338,Ligustrum vulgare,ForestWetRich
261339,Ligustrum vulgare,ForestWetRich
261340,Ligustrum vulgare,ForestWetRich
261341,Ligustrum vulgare,ForestWetRich
261342,Ligustrum vulgare,ForestWetRich
261343,Ligustrum vulgare,ForestWetRich
261344,Ligustrum vulgare,ForestWetRich
261345,Ligustrum vulgare,ForestWetRich
261346,Ligustrum vulgare,ForestWetRich
261347,Ligustrum vulgare,ForestWetRich
261348,Ligustrum vulgare,ForestWetRich
261349,Ligustrum vulgare,ForestWetRich
261350,Ligustrum vulgare,ForestWetRich
261351,Ligustrum vulgare,ForestWetRich
261352,Ligustrum vulgare,ForestWetRich
261353,Ligustrum vulgare,ForestWetRich
261354,Ligustrum vulgare,ForestWetRich
261355,Ligustrum vulgare,ForestWetRich
261356,Ligustrum vulgare,ForestWetRich
261357,Ligustrum vulgare,ForestWetRich
261358,Ligustrum vulgare,ForestWetRich
261359,Ligustrum vulgare,ForestWetRich
261360,Ligustrum vulgare,ForestWetRich
261909,Ligustrum vulgare,ForestWetRich
261910,Ligustrum vulgare,ForestWetRich
261911,Ligustrum vulgare,ForestWetRich
261912,Ligustrum vulgare,ForestWetRich
261913,Ligustrum vulgare,ForestWetRich
261914,Ligustrum vulgare,ForestWetRich
261915,Ligustrum vulgare,ForestWetRich
261916,Ligustrum vulgare,ForestWetRich
261917,Ligustrum vulgare,ForestWetRich
261918,Ligustrum vulgare,ForestWetRich
261919,Ligustrum vulgare,ForestWetRich
261920,Ligustrum vulgare,ForestWetRich
261921,Ligustrum vulgare,ForestWetRich
261922,Ligustrum vulgare,ForestWetRich
261923,Ligustrum vulgare,ForestWetRich
261924,Ligustrum vulgare,ForestWetRich
261925,Ligustrum vulgare,ForestWetRich
261926,Ligustrum vulgare,ForestWetRich
261927,Ligustrum vulgare,ForestWetRich
261928,Ligustrum vulgare,ForestWetRich
261929,Ligustrum vulgare,ForestWetRich
261930,Ligustrum vulgare,ForestWetRich
261931,Ligustrum vulgare,ForestWetRich
261932,Ligustrum vulgare,ForestWetRich
261933,Ligustrum vulgare,ForestWetRich
261934,Ligustrum vulgare,ForestWetRich
261935,Ligustrum vulgare,ForestWetRich
261936,Ligustrum vulgare,ForestWetRich
261937,Ligustrum vulgare,ForestWetRich
261938,Ligustrum vulgare,ForestWetRich
261939,Ligustrum vulgare,ForestWetRich
261940,Ligustrum vulgare,ForestWetRich
261941,Ligustrum vulgare,ForestWetRich
261942,Ligustrum vulgare,ForestWetRich
261943,Ligustrum vulgare,ForestWetRich
261944,Ligustrum vulgare,ForestWetRich
261945,Ligustrum vulgare,ForestWetRich
261946,Ligustrum vulgare,ForestWetRich
261947,Ligustrum vulgare,ForestWetRich
261948,Ligustrum vulgare,ForestWetRich
261949,Ligustrum vulgare,ForestWetRich
261950,Ligustrum vulgare,ForestWetRich
261951,Ligustrum vulgare,ForestWetRich
261952,Ligustrum vulgare,ForestWetRich
261953,Ligustrum vulgare,ForestWetRich
261954,Ligustrum vulgare,ForestWetRich
261955,Ligustrum vulgare,ForestWetRich
261956,Ligustrum vulgare,ForestWetRich
261957,Ligustrum vulgare,ForestWetRich
261958,Ligustrum vulgare,ForestWetRich
261959,Ligustrum vulgare,ForestWetRich
262507,Ligustrum vulgare,ForestWetRich
262508,Ligustrum vulgare,ForestWetRich
262509,Ligustrum vulgare,ForestWetRich
262510,Ligustrum vulgare,ForestWetRich
262511,Ligustrum vulgare,ForestWetRich
262512,Ligustrum vulgare,ForestWetRich
262513,Ligustrum vulgare,ForestWetRich
262514,Ligustrum vulgare,ForestWetRich
262515,Ligustrum vulgare,ForestWetRich
262516,Ligustrum vulgare,ForestWetRich
262517,Ligustrum vulgare,ForestWetRich
262518,Ligustrum vulgare,ForestWetRich
262519,Ligustrum vulgare,ForestWetRich
262520,Ligustrum vulgare,ForestWetRich
262521,Ligustrum vulgare,ForestWetRich
262522,Ligustrum vulgare,ForestWetRich
262523,Ligustrum vulgare,ForestWetRich
262524,Ligustrum vulgare,ForestWetRich
262525,Ligustrum vulgare,ForestWetRich
262526,Ligustrum vulgare,ForestWetRich
262527,Ligustrum vulgare,ForestWetRich
262528,Ligustrum vulgare,ForestWetRich
262529,Ligustrum vulgare,ForestWetRich
262530,Ligustrum vulgare,ForestWetRich
262531,Ligustrum vulgare,ForestWetRich
262532,Ligustrum vulgare,ForestWetRich
262533,Ligustrum vulgare,ForestWetRich
262534,Ligustrum vulgare,ForestWetRich
262535,Ligustrum vulgare,ForestWetRich
262536,Ligustrum vulgare,ForestWetRich
262537,Ligustrum vulgare,ForestWetRich
262538,Ligustrum vulgare,ForestWetRich
262539,Ligustrum vulgare,ForestWetRich
262540,Ligustrum vulgare,ForestWetRich
262541,Ligustrum vulgare,ForestWetRich
262542,Ligustrum vulgare,ForestWetRich
262543,Ligustrum vulgare,ForestWetRich
262544,Ligustrum vulgare,ForestWetRich
262545,Ligustrum vulgare,ForestWetRich
262546,Ligustrum vulgare,ForestWetRich
262547,Ligustrum vulgare,ForestWetRich
262548,Ligustrum vulgare,ForestWetRich
262549,Ligustrum vulgare,ForestWetRich
262550,Ligustrum vulgare,ForestWetRich
262551,Ligustrum vulgare,ForestWetRich
262552,Ligustrum vulgare,ForestWetRich
262553,Ligustrum vulgare,ForestWetRich
262554,Ligustrum vulgare,ForestWetRich
262555,Ligustrum vulgare,ForestWetRich
262556,Ligustrum vulgare,ForestWetRich
262557,Ligustrum vulgare,ForestWetRich
262558,Ligustrum vulgare,ForestWetRich
263105,Ligustrum vulgare,ForestWetRich
263106,Ligustrum vulgare,ForestWetRich
263107,Ligustrum vulgare,ForestWetRich
263108,Ligustrum vulgare,ForestWetRich
263109,Ligustrum vulgare,ForestWetRich
263110,Ligustrum vulgare,ForestWetRich
263111,Ligustrum vulgare,ForestWetRich
263112,Ligustrum vulgare,ForestWetRich
263113,Ligustrum vulgare,ForestWetRich
263114,Ligustrum vulgare,ForestWetRich
263115,Ligustrum vulgare,ForestWetRich
263116,Ligustrum vulgare,ForestWetRich
263117,Ligustrum vulgare,ForestWetRich
263118,Ligustrum vulgare,ForestWetRich
263119,Ligustrum vulgare,ForestWetRich
263120,Ligustrum vulgare,ForestWetRich
263121,Ligustrum vulgare,ForestWetRich
263122,Ligustrum vulgare,ForestWetRich
263123,Ligustrum vulgare,ForestWetRich
263124,Ligustrum vulgare,ForestWetRich
263125,Ligustrum vulgare,ForestWetRich
263126,Ligustrum vulgare,ForestWetRich
263127,Ligustrum vulgare,ForestWetRich
263128,Ligustrum vulgare,ForestWetRich
263129,Ligustrum vulgare,ForestWetRich
263130,Ligustrum vulgare,ForestWetRich
263131,Ligustrum vulgare,ForestWetRich
263132,Ligustrum vulgare,ForestWetRich
263133,Ligustrum vulgare,ForestWetRich
263134,Ligustrum vulgare,ForestWetRich
263135,Ligustrum vulgare,ForestWetRich
263136,Ligustrum vulgare,ForestWetRich
263137,Ligustrum vulgare,ForestWetRich
263138,Ligustrum vulgare,ForestWetRich
263139,Ligustrum vulgare,ForestWetRich
263140,Ligustrum vulgare,ForestWetRich
263141,Ligustrum vulgare,ForestWetRich
263142,Ligustrum vulgare,ForestWetRich
263143,Ligustrum vulgare,ForestWetRich
263144,Ligustrum vulgare,ForestWetRich
263145,Ligustrum vulgare,ForestWetRich
263146,Ligustrum vulgare,ForestWetRich
263147,Ligustrum vulgare,ForestWetRich
263148,Ligustrum vulgare,ForestWetRich
263149,Ligustrum vulgare,ForestWetRich
263150,Ligustrum vulgare,ForestWetRich
263151,Ligustrum vulgare,ForestWetRich
263152,Ligustrum vulgare,ForestWetRich
263153,Ligustrum vulgare,ForestWetRich
263154,Ligustrum vulgare,ForestWetRich
263155,Ligustrum vulgare,ForestWetRich
263156,Ligustrum vulgare,ForestWetRich
263157,Ligustrum vulgare,ForestWetRich
263703,Ligustrum vulgare,ForestWetRich
263704,Ligustrum vulgare,ForestWetRich
263705,Ligustrum vulgare,ForestWetRich
263706,Ligustrum vulgare,ForestWetRich
263707,Ligustrum vulgare,ForestWetRich
263708,Ligustrum vulgare,ForestWetRich
263709,Ligustrum vulgare,ForestWetRich
263710,Ligustrum vulgare,ForestWetRich
263711,Ligustrum vulgare,ForestWetRich
263712,Ligustrum vulgare,ForestWetRich
263713,Ligustrum vulgare,ForestWetRich
263714,Ligustrum vulgare,ForestWetRich
263715,Ligustrum vulgare,ForestWetRich
263716,Ligustrum vulgare,ForestWetRich
263717,Ligustrum vulgare,ForestWetRich
263718,Ligustrum vulgare,ForestWetRich
263719,Ligustrum vulgare,ForestWetRich
263720,Ligustrum vulgare,ForestWetRich
263721,Ligustrum vulgare,ForestWetRich
263722,Ligustrum vulgare,ForestWetRich
263723,Ligustrum vulgare,ForestWetRich
263724,Ligustrum vulgare,ForestWetRich
263725,Ligustrum vulgare,ForestWetRich
263726,Ligustrum vulgare,ForestWetRich
263727,Ligustrum vulgare,ForestWetRich
263728,Ligustrum vulgare,ForestWetRich
263729,Ligustrum vulgare,ForestWetRich
263730,Ligustrum vulgare,ForestWetRich
263731,Ligustrum vulgare,ForestWetRich
263732,Ligustrum vulgare,ForestWetRich
263733,Ligustrum vulgare,ForestWetRich
263734,Ligustrum vulgare,ForestWetRich
263735,Ligustrum vulgare,ForestWetRich
263736,Ligustrum vulgare,ForestWetRich
263737,Ligustrum vulgare,ForestWetRich
263738,Ligustrum vulgare,ForestWetRich
263739,Ligustrum vulgare,ForestWetRich
263740,Ligustrum vulgare,ForestWetRich
263741,Ligustrum vulgare,ForestWetRich
263742,Ligustrum vulgare,ForestWetRich
263743,Ligustrum vulgare,ForestWetRich
263744,Ligustrum vulgare,ForestWetRich
263745,Ligustrum vulgare,ForestWetRich
263746,Ligustrum vulgare,ForestWetRich
263747,Ligustrum vulgare,ForestWetRich
263748,Ligustrum vulgare,ForestWetRich
263749,Ligustrum vulgare,ForestWetRich
263750,Ligustrum vulgare,ForestWetRich
263751,Ligustrum vulgare,ForestWetRich
263752,Ligustrum vulgare,ForestWetRich
263753,Ligustrum vulgare,ForestWetRich
263754,Ligustrum vulgare,ForestWetRich
263755,Ligustrum vulgare,ForestWetRich
263756,Ligustrum vulgare,ForestWetRich
264301,Ligustrum vulgare,ForestWetRich
264302,Ligustrum vulgare,ForestWetRich
264303,Ligustrum vulgare,ForestWetRich
264304,Ligustrum vulgare,ForestWetRich
264305,Ligustrum vulgare,ForestWetRich
264306,Ligustrum vulgare,ForestWetRich
264307,Ligustrum vulgare,ForestWetRich
264308,Ligustrum vulgare,ForestWetRich
264309,Ligustrum vulgare,ForestWetRich
264310,Ligustrum vulgare,ForestWetRich
264311,Ligustrum vulgare,ForestWetRich
264312,Ligustrum vulgare,ForestWetRich
264313,Ligustrum vulgare,ForestWetRich
264314,Ligustrum vulgare,ForestWetRich
264315,Ligustrum vulgare,ForestWetRich
264316,Ligustrum vulgare,ForestWetRich
264317,Ligustrum vulgare,ForestWetRich
264318,Ligustrum vulgare,ForestWetRich
264319,Ligustrum vulgare,ForestWetRich
264320,Ligustrum vulgare,ForestWetRich
264321,Ligustrum vulgare,ForestWetRich
264322,Ligustrum vulgare,ForestWetRich
264323,Ligustrum vulgare,ForestWetRich
264324,Ligustrum vulgare,ForestWetRich
264325,Ligustrum vulgare,ForestWetRich
264326,Ligustrum vulgare,ForestWetRich
264327,Ligustrum vulgare,ForestWetRich
264328,Ligustrum vulgare,ForestWetRich
264329,Ligustrum vulgare,ForestWetRich
264330,Ligustrum vulgare,ForestWetRich
264331,Ligustrum vulgare,ForestWetRich
264332,Ligustrum vulgare,ForestWetRich
264333,Ligustrum vulgare,ForestWetRich
264334,Ligustrum vulgare,ForestWetRich
264335,Ligustrum vulgare,ForestWetRich
264336,Ligustrum vulgare,ForestWetRich
264337,Ligustrum vulgare,ForestWetRich
264338,Ligustrum vulgare,ForestWetRich
264339,Ligustrum vulgare,ForestWetRich
264340,Ligustrum vulgare,ForestWetRich
264341,Ligustrum vulgare,ForestWetRich
264342,Ligustrum vulgare,ForestWetRich
264343,Ligustrum vulgare,ForestWetRich
264344,Ligustrum vulgare,ForestWetRich
264345,Ligustrum vulgare,ForestWetRich
264346,Ligustrum vulgare,ForestWetRich
264347,Ligustrum vulgare,ForestWetRich
264348,Ligustrum vulgare,ForestWetRich
264349,Ligustrum vulgare,ForestWetRich
264350,Ligustrum vulgare,ForestWetRich
264351,Ligustrum vulgare,ForestWetRich
264352,Ligustrum vulgare,ForestWetRich
264353,Ligustrum vulgare,ForestWetRich
264354,Ligustrum vulgare,ForestWetRich
264355,Ligustrum vulgare,ForestWetRich
264900,Ligustrum vulgare,ForestWetRich
264901,Ligustrum vulgare,ForestWetRich
264902,Ligustrum vulgare,ForestWetRich
264903,Ligustrum vulgare,ForestWetRich
264904,Ligustrum vulgare,ForestWetRich
264905,Ligustrum vulgare,ForestWetRich
264906,Ligustrum vulgare,ForestWetRich
264907,Ligustrum vulgare,ForestWetRich
264908,Ligustrum vulgare,ForestWetRich
264909,Ligustrum vulgare,ForestWetRich
264910,Ligustrum vulgare,ForestWetRich
264911,Ligustrum vulgare,ForestWetRich
264912,Ligustrum vulgare,ForestWetRich
264913,Ligustrum vulgare,ForestWetRich
264914,Ligustrum vulgare,ForestWetRich
264915,Ligustrum vulgare,ForestWetRich
264916,Ligustrum vulgare,ForestWetRich
264917,Ligustrum vulgare,ForestWetRich
264918,Ligustrum vulgare,ForestWetRich
264919,Ligustrum vulgare,ForestWetRich
264920,Ligustrum vulgare,ForestWetRich
264921,Ligustrum vulgare,ForestWetRich
264922,Ligustrum vulgare,ForestWetRich
264923,Ligustrum vulgare,ForestWetRich
264924,Ligustrum vulgare,ForestWetRich
264925,Ligustrum vulgare,ForestWetRich
264926,Ligustrum vulgare,ForestWetRich
264927,Ligustrum vulgare,ForestWetRich
264928,Ligustrum vulgare,ForestWetRich
264929,Ligustrum vulgare,ForestWetRich
264930,Ligustrum vulgare,ForestWetRich
264931,Ligustrum vulgare,ForestWetRich
264932,Ligustrum vulgare,ForestWetRich
264933,Ligustrum vulgare,ForestWetRich
264934,Ligustrum vulgare,ForestWetRich
264935,Ligustrum vulgare,ForestWetRich
264936,Ligustrum vulgare,ForestWetRich
264937,Ligustrum vulgare,ForestWetRich
264938,Ligustrum vulgare,ForestWetRich
264939,Ligustrum vulgare,ForestWetRich
264940,Ligustrum vulgare,ForestWetRich
264941,Ligustrum vulgare,ForestWetRich
264942,Ligustrum vulgare,ForestWetRich
264943,Ligustrum vulgare,ForestWetRich
264944,Ligustrum vulgare,ForestWetRich
264945,Ligustrum vulgare,ForestWetRich
264946,Ligustrum vulgare,ForestWetRich
264947,Ligustrum vulgare,ForestWetRich
264948,Ligustrum vulgare,ForestWetRich
264949,Ligustrum vulgare,ForestWetRich
264950,Ligustrum vulgare,ForestWetRich
264951,Ligustrum vulgare,ForestWetRich
264952,Ligustrum vulgare,ForestWetRich
264953,Ligustrum vulgare,ForestWetRich
264954,Ligustrum vulgare,ForestWetRich
265498,Ligustrum vulgare,ForestWetRich
265499,Ligustrum vulgare,ForestWetRich
265500,Ligustrum vulgare,ForestWetRich
265501,Ligustrum vulgare,ForestWetRich
265502,Ligustrum vulgare,ForestWetRich
265503,Ligustrum vulgare,ForestWetRich
265504,Ligustrum vulgare,ForestWetRich
265505,Ligustrum vulgare,ForestWetRich
265506,Ligustrum vulgare,ForestWetRich
265507,Ligustrum vulgare,ForestWetRich
265508,Ligustrum vulgare,ForestWetRich
265509,Ligustrum vulgare,ForestWetRich
265510,Ligustrum vulgare,ForestWetRich
265511,Ligustrum vulgare,ForestWetRich
265512,Ligustrum vulgare,ForestWetRich
265513,Ligustrum vulgare,ForestWetRich
265514,Ligustrum vulgare,ForestWetRich
265515,Ligustrum vulgare,ForestWetRich
265516,Ligustrum vulgare,ForestWetRich
265517,Ligustrum vulgare,ForestWetRich
265518,Ligustrum vulgare,ForestWetRich
265519,Ligustrum vulgare,ForestWetRich
265520,Ligustrum vulgare,ForestWetRich
265521,Ligustrum vulgare,ForestWetRich
265522,Ligustrum vulgare,ForestWetRich
265523,Ligustrum vulgare,ForestWetRich
265524,Ligustrum vulgare,ForestWetRich
265525,Ligustrum vulgare,ForestWetRich
265526,Ligustrum vulgare,ForestWetRich
265527,Ligustrum vulgare,ForestWetRich
265528,Ligustrum vulgare,ForestWetRich
265529,Ligustrum vulgare,ForestWetRich
265530,Ligustrum vulgare,ForestWetRich
265531,Ligustrum vulgare,ForestWetRich
265532,Ligustrum vulgare,ForestWetRich
265533,Ligustrum vulgare,ForestWetRich
265534,Ligustrum vulgare,ForestWetRich
265535,Ligustrum vulgare,ForestWetRich
265536,Ligustrum vulgare,ForestWetRich
265537,Ligustrum vulgare,ForestWetRich
265538,Ligustrum vulgare,ForestWetRich
265539,Ligustrum vulgare,ForestWetRich
265540,Ligustrum vulgare,ForestWetRich
265541,Ligustrum vulgare,ForestWetRich
265542,Ligustrum vulgare,ForestWetRich
265543,Ligustrum vulgare,ForestWetRich
265544,Ligustrum vulgare,ForestWetRich
265545,Ligustrum vulgare,ForestWetRich
265546,Ligustrum vulgare,ForestWetRich
265547,Ligustrum vulgare,ForestWetRich
265548,Ligustrum vulgare,ForestWetRich
265549,Ligustrum vulgare,ForestWetRich
265550,Ligustrum vulgare,ForestWetRich
265551,Ligustrum vulgare,ForestWetRich
265552,Ligustrum vulgare,ForestWetRich
265553,Ligustrum vulgare,ForestWetRich
266113,Ligustrum vulgare,ForestWetRich
266114,Ligustrum vulgare,ForestWetRich
266115,Ligustrum vulgare,ForestWetRich
266116,Ligustrum vulgare,ForestWetRich
266117,Ligustrum vulgare,ForestWetRich
266118,Ligustrum vulgare,ForestWetRich
266119,Ligustrum vulgare,ForestWetRich
266120,Ligustrum vulgare,ForestWetRich
266121,Ligustrum vulgare,ForestWetRich
266122,Ligustrum vulgare,ForestWetRich
266123,Ligustrum vulgare,ForestWetRich
266124,Ligustrum vulgare,ForestWetRich
266125,Ligustrum vulgare,ForestWetRich
266126,Ligustrum vulgare,ForestWetRich
266127,Ligustrum vulgare,ForestWetRich
266128,Ligustrum vulgare,ForestWetRich
266129,Ligustrum vulgare,ForestWetRich
266130,Ligustrum vulgare,ForestWetRich
266131,Ligustrum vulgare,ForestWetRich
266132,Ligustrum vulgare,ForestWetRich
266133,Ligustrum vulgare,ForestWetRich
266134,Ligustrum vulgare,ForestWetRich
266135,Ligustrum vulgare,ForestWetRich
266136,Ligustrum vulgare,ForestWetRich
266137,Ligustrum vulgare,ForestWetRich
266138,Ligustrum vulgare,ForestWetRich
266139,Ligustrum vulgare,ForestWetRich
266140,Ligustrum vulgare,ForestWetRich
266141,Ligustrum vulgare,ForestWetRich
266142,Ligustrum vulgare,ForestWetRich
266143,Ligustrum vulgare,ForestWetRich
266144,Ligustrum vulgare,ForestWetRich
266145,Ligustrum vulgare,ForestWetRich
266146,Ligustrum vulgare,ForestWetRich
266147,Ligustrum vulgare,ForestWetRich
266148,Ligustrum vulgare,ForestWetRich
266149,Ligustrum vulgare,ForestWetRich
266150,Ligustrum vulgare,ForestWetRich
266151,Ligustrum vulgare,ForestWetRich
266152,Ligustrum vulgare,ForestWetRich
266712,Ligustrum vulgare,ForestWetRich
266713,Ligustrum vulgare,ForestWetRich
266714,Ligustrum vulgare,ForestWetRich
266715,Ligustrum vulgare,ForestWetRich
266716,Ligustrum vulgare,ForestWetRich
266717,Ligustrum vulgare,ForestWetRich
266718,Ligustrum vulgare,ForestWetRich
266719,Ligustrum vulgare,ForestWetRich
266720,Ligustrum vulgare,ForestWetRich
266721,Ligustrum vulgare,ForestWetRich
266722,Ligustrum vulgare,ForestWetRich
266723,Ligustrum vulgare,ForestWetRich
266724,Ligustrum vulgare,ForestWetRich
266725,Ligustrum vulgare,ForestWetRich
266726,Ligustrum vulgare,ForestWetRich
266727,Ligustrum vulgare,ForestWetRich
266728,Ligustrum vulgare,ForestWetRich
266729,Ligustrum vulgare,ForestWetRich
266730,Ligustrum vulgare,ForestWetRich
266731,Ligustrum vulgare,ForestWetRich
266732,Ligustrum vulgare,ForestWetRich
266733,Ligustrum vulgare,ForestWetRich
266734,Ligustrum vulgare,ForestWetRich
266735,Ligustrum vulgare,ForestWetRich
266736,Ligustrum vulgare,ForestWetRich
266737,Ligustrum vulgare,ForestWetRich
266738,Ligustrum vulgare,ForestWetRich
266739,Ligustrum vulgare,ForestWetRich
266740,Ligustrum vulgare,ForestWetRich
266741,Ligustrum vulgare,ForestWetRich
266742,Ligustrum vulgare,ForestWetRich
266743,Ligustrum vulgare,ForestWetRich
266744,Ligustrum vulgare,ForestWetRich
266745,Ligustrum vulgare,ForestWetRich
266746,Ligustrum vulgare,ForestWetRich
266747,Ligustrum vulgare,ForestWetRich
266748,Ligustrum vulgare,ForestWetRich
266749,Ligustrum vulgare,ForestWetRich
266750,Ligustrum vulgare,ForestWetRich
266751,Ligustrum vulgare,ForestWetRich
267311,Ligustrum vulgare,ForestWetRich
267312,Ligustrum vulgare,ForestWetRich
267313,Ligustrum vulgare,ForestWetRich
267314,Ligustrum vulgare,ForestWetRich
267315,Ligustrum vulgare,ForestWetRich
267316,Ligustrum vulgare,ForestWetRich
267317,Ligustrum vulgare,ForestWetRich
267318,Ligustrum vulgare,ForestWetRich
267319,Ligustrum vulgare,ForestWetRich
267320,Ligustrum vulgare,ForestWetRich
267321,Ligustrum vulgare,ForestWetRich
267322,Ligustrum vulgare,ForestWetRich
267323,Ligustrum vulgare,ForestWetRich
267324,Ligustrum vulgare,ForestWetRich
267325,Ligustrum vulgare,ForestWetRich
267326,Ligustrum vulgare,ForestWetRich
267327,Ligustrum vulgare,ForestWetRich
267328,Ligustrum vulgare,ForestWetRich
267329,Ligustrum vulgare,ForestWetRich
267330,Ligustrum vulgare,ForestWetRich
267331,Ligustrum vulgare,ForestWetRich
267332,Ligustrum vulgare,ForestWetRich
267333,Ligustrum vulgare,ForestWetRich
267334,Ligustrum vulgare,ForestWetRich
267335,Ligustrum vulgare,ForestWetRich
267336,Ligustrum vulgare,ForestWetRich
267337,Ligustrum vulgare,ForestWetRich
267338,Ligustrum vulgare,ForestWetRich
267339,Ligustrum vulgare,ForestWetRich
267340,Ligustrum vulgare,ForestWetRich
267341,Ligustrum vulgare,ForestWetRich
267342,Ligustrum vulgare,ForestWetRich
267343,Ligustrum vulgare,ForestWetRich
267344,Ligustrum vulgare,ForestWetRich
267345,Ligustrum vulgare,ForestWetRich
267346,Ligustrum vulgare,ForestWetRich
267347,Ligustrum vulgare,ForestWetRich
267348,Ligustrum vulgare,ForestWetRich
267349,Ligustrum vulgare,ForestWetRich
267350,Ligustrum vulgare,ForestWetRich
267910,Ligustrum vulgare,ForestWetRich
267911,Ligustrum vulgare,ForestWetRich
267912,Ligustrum vulgare,ForestWetRich
267913,Ligustrum vulgare,ForestWetRich
267914,Ligustrum vulgare,ForestWetRich
267915,Ligustrum vulgare,ForestWetRich
267916,Ligustrum vulgare,ForestWetRich
267917,Ligustrum vulgare,ForestWetRich
267918,Ligustrum vulgare,ForestWetRich
267919,Ligustrum vulgare,ForestWetRich
267920,Ligustrum vulgare,ForestWetRich
267921,Ligustrum vulgare,ForestWetRich
267922,Ligustrum vulgare,ForestWetRich
267923,Ligustrum vulgare,ForestWetRich
267924,Ligustrum vulgare,ForestWetRich
267925,Ligustrum vulgare,ForestWetRich
267926,Ligustrum vulgare,ForestWetRich
267927,Ligustrum vulgare,ForestWetRich
267928,Ligustrum vulgare,ForestWetRich
267929,Ligustrum vulgare,ForestWetRich
267930,Ligustrum vulgare,ForestWetRich
267931,Ligustrum vulgare,ForestWetRich
267932,Ligustrum vulgare,ForestWetRich
267933,Ligustrum vulgare,ForestWetRich
267934,Ligustrum vulgare,ForestWetRich
267935,Ligustrum vulgare,ForestWetRich
267936,Ligustrum vulgare,ForestWetRich
267937,Ligustrum vulgare,ForestWetRich
267938,Ligustrum vulgare,ForestWetRich
267939,Ligustrum vulgare,ForestWetRich
267940,Ligustrum vulgare,ForestWetRich
267941,Ligustrum vulgare,ForestWetRich
267942,Ligustrum vulgare,ForestWetRich
267943,Ligustrum vulgare,ForestWetRich
267944,Ligustrum vulgare,ForestWetRich
267945,Ligustrum vulgare,ForestWetRich
267946,Ligustrum vulgare,ForestWetRich
267947,Ligustrum vulgare,ForestWetRich
267948,Ligustrum vulgare,ForestWetRich
267949,Ligustrum vulgare,ForestWetRich
268509,Ligustrum vulgare,ForestWetRich
268510,Ligustrum vulgare,ForestWetRich
268511,Ligustrum vulgare,ForestWetRich
268512,Ligustrum vulgare,ForestWetRich
268513,Ligustrum vulgare,ForestWetRich
268514,Ligustrum vulgare,ForestWetRich
268515,Ligustrum vulgare,ForestWetRich
268516,Ligustrum vulgare,ForestWetRich
268517,Ligustrum vulgare,ForestWetRich
268518,Ligustrum vulgare,ForestWetRich
268519,Ligustrum vulgare,ForestWetRich
268520,Ligustrum vulgare,ForestWetRich
268521,Ligustrum vulgare,ForestWetRich
268522,Ligustrum vulgare,ForestWetRich
268523,Ligustrum vulgare,ForestWetRich
268524,Ligustrum vulgare,ForestWetRich
268525,Ligustrum vulgare,ForestWetRich
268526,Ligustrum vulgare,ForestWetRich
268527,Ligustrum vulgare,ForestWetRich
268528,Ligustrum vulgare,ForestWetRich
268529,Ligustrum vulgare,ForestWetRich
268530,Ligustrum vulgare,ForestWetRich
268531,Ligustrum vulgare,ForestWetRich
268532,Ligustrum vulgare,ForestWetRich
268533,Ligustrum vulgare,ForestWetRich
268534,Ligustrum vulgare,ForestWetRich
268535,Ligustrum vulgare,ForestWetRich
268536,Ligustrum vulgare,ForestWetRich
268537,Ligustrum vulgare,ForestWetRich
268538,Ligustrum vulgare,ForestWetRich
268539,Ligustrum vulgare,ForestWetRich
268540,Ligustrum vulgare,ForestWetRich
268541,Ligustrum vulgare,ForestWetRich
268542,Ligustrum vulgare,ForestWetRich
268543,Ligustrum vulgare,ForestWetRich
268544,Ligustrum vulgare,ForestWetRich
268545,Ligustrum vulgare,ForestWetRich
268546,Ligustrum vulgare,ForestWetRich
268547,Ligustrum vulgare,ForestWetRich
268548,Ligustrum vulgare,ForestWetRich
269108,Ligustrum vulgare,ForestWetRich
269109,Ligustrum vulgare,ForestWetRich
269110,Ligustrum vulgare,ForestWetRich
269111,Ligustrum vulgare,ForestWetRich
269112,Ligustrum vulgare,ForestWetRich
269113,Ligustrum vulgare,ForestWetRich
269114,Ligustrum vulgare,ForestWetRich
269115,Ligustrum vulgare,ForestWetRich
269116,Ligustrum vulgare,ForestWetRich
269117,Ligustrum vulgare,ForestWetRich
269118,Ligustrum vulgare,ForestWetRich
269119,Ligustrum vulgare,ForestWetRich
269120,Ligustrum vulgare,ForestWetRich
269121,Ligustrum vulgare,ForestWetRich
269122,Ligustrum vulgare,ForestWetRich
269123,Ligustrum vulgare,ForestWetRich
269124,Ligustrum vulgare,ForestWetRich
269125,Ligustrum vulgare,ForestWetRich
269126,Ligustrum vulgare,ForestWetRich
269127,Ligustrum vulgare,ForestWetRich
269128,Ligustrum vulgare,ForestWetRich
269129,Ligustrum vulgare,ForestWetRich
269130,Ligustrum vulgare,ForestWetRich
269131,Ligustrum vulgare,ForestWetRich
269132,Ligustrum vulgare,ForestWetRich
269133,Ligustrum vulgare,ForestWetRich
269134,Ligustrum vulgare,ForestWetRich
269135,Ligustrum vulgare,ForestWetRich
269136,Ligustrum vulgare,ForestWetRich
269137,Ligustrum vulgare,ForestWetRich
269138,Ligustrum vulgare,ForestWetRich
269139,Ligustrum vulgare,ForestWetRich
269140,Ligustrum vulgare,ForestWetRich
269141,Ligustrum vulgare,ForestWetRich
269142,Ligustrum vulgare,ForestWetRich
269143,Ligustrum vulgare,ForestWetRich
269144,Ligustrum vulgare,ForestWetRich
269145,Ligustrum vulgare,ForestWetRich
269146,Ligustrum vulgare,ForestWetRich
269147,Ligustrum vulgare,ForestWetRich
269707,Ligustrum vulgare,ForestWetRich
269708,Ligustrum vulgare,ForestWetRich
269709,Ligustrum vulgare,ForestWetRich
269710,Ligustrum vulgare,ForestWetRich
269711,Ligustrum vulgare,ForestWetRich
269712,Ligustrum vulgare,ForestWetRich
269713,Ligustrum vulgare,ForestWetRich
269714,Ligustrum vulgare,ForestWetRich
269715,Ligustrum vulgare,ForestWetRich
269716,Ligustrum vulgare,ForestWetRich
269717,Ligustrum vulgare,ForestWetRich
269718,Ligustrum vulgare,ForestWetRich
269719,Ligustrum vulgare,ForestWetRich
269720,Ligustrum vulgare,ForestWetRich
269721,Ligustrum vulgare,ForestWetRich
269722,Ligustrum vulgare,ForestWetRich
269723,Ligustrum vulgare,ForestWetRich
269724,Ligustrum vulgare,ForestWetRich
269725,Ligustrum vulgare,ForestWetRich
269726,Ligustrum vulgare,ForestWetRich
269727,Ligustrum vulgare,ForestWetRich
269728,Ligustrum vulgare,ForestWetRich
269729,Ligustrum vulgare,ForestWetRich
269730,Ligustrum vulgare,ForestWetRich
269731,Ligustrum vulgare,ForestWetRich
269732,Ligustrum vulgare,ForestWetRich
269733,Ligustrum vulgare,ForestWetRich
269734,Ligustrum vulgare,ForestWetRich
269735,Ligustrum vulgare,ForestWetRich
269736,Ligustrum vulgare,ForestWetRich
269737,Ligustrum vulgare,ForestWetRich
269738,Ligustrum vulgare,ForestWetRich
269739,Ligustrum vulgare,ForestWetRich
269740,Ligustrum vulgare,ForestWetRich
269741,Ligustrum vulgare,ForestWetRich
269742,Ligustrum vulgare,ForestWetRich
269743,Ligustrum vulgare,ForestWetRich
269744,Ligustrum vulgare,ForestWetRich
269745,Ligustrum vulgare,ForestWetRich
269746,Ligustrum vulgare,ForestWetRich
270306,Ligustrum vulgare,ForestWetRich
270307,Ligustrum vulgare,ForestWetRich
270308,Ligustrum vulgare,ForestWetRich
270309,Ligustrum vulgare,ForestWetRich
270310,Ligustrum vulgare,ForestWetRich
270311,Ligustrum vulgare,ForestWetRich
270312,Ligustrum vulgare,ForestWetRich
270313,Ligustrum vulgare,ForestWetRich
270314,Ligustrum vulgare,ForestWetRich
270315,Ligustrum vulgare,ForestWetRich
270316,Ligustrum vulgare,ForestWetRich
270317,Ligustrum vulgare,ForestWetRich
270318,Ligustrum vulgare,ForestWetRich
270319,Ligustrum vulgare,ForestWetRich
270320,Ligustrum vulgare,ForestWetRich
270321,Ligustrum vulgare,ForestWetRich
270322,Ligustrum vulgare,ForestWetRich
270323,Ligustrum vulgare,ForestWetRich
270324,Ligustrum vulgare,ForestWetRich
270325,Ligustrum vulgare,ForestWetRich
270326,Ligustrum vulgare,ForestWetRich
270327,Ligustrum vulgare,ForestWetRich
270328,Ligustrum vulgare,ForestWetRich
270329,Ligustrum vulgare,ForestWetRich
270330,Ligustrum vulgare,ForestWetRich
270331,Ligustrum vulgare,ForestWetRich
270332,Ligustrum vulgare,ForestWetRich
270333,Ligustrum vulgare,ForestWetRich
270334,Ligustrum vulgare,ForestWetRich
270335,Ligustrum vulgare,ForestWetRich
270336,Ligustrum vulgare,ForestWetRich
270337,Ligustrum vulgare,ForestWetRich
270338,Ligustrum vulgare,ForestWetRich
270339,Ligustrum vulgare,ForestWetRich
270340,Ligustrum vulgare,ForestWetRich
270341,Ligustrum vulgare,ForestWetRich
270342,Ligustrum vulgare,ForestWetRich
270343,Ligustrum vulgare,ForestWetRich
270344,Ligustrum vulgare,ForestWetRich
270345,Ligustrum vulgare,ForestWetRich
270905,Ligustrum vulgare,ForestWetRich
270906,Ligustrum vulgare,ForestWetRich
270907,Ligustrum vulgare,ForestWetRich
270908,Ligustrum vulgare,ForestWetRich
270909,Ligustrum vulgare,ForestWetRich
270910,Ligustrum vulgare,ForestWetRich
270911,Ligustrum vulgare,ForestWetRich
270912,Ligustrum vulgare,ForestWetRich
270913,Ligustrum vulgare,ForestWetRich
270914,Ligustrum vulgare,ForestWetRich
270915,Ligustrum vulgare,ForestWetRich
270916,Ligustrum vulgare,ForestWetRich
270917,Ligustrum vulgare,ForestWetRich
270918,Ligustrum vulgare,ForestWetRich
270919,Ligustrum vulgare,ForestWetRich
270920,Ligustrum vulgare,ForestWetRich
270921,Ligustrum vulgare,ForestWetRich
270922,Ligustrum vulgare,ForestWetRich
270923,Ligustrum vulgare,ForestWetRich
270924,Ligustrum vulgare,ForestWetRich
270925,Ligustrum vulgare,ForestWetRich
270926,Ligustrum vulgare,ForestWetRich
270927,Ligustrum vulgare,ForestWetRich
270928,Ligustrum vulgare,ForestWetRich
270929,Ligustrum vulgare,ForestWetRich
270930,Ligustrum vulgare,ForestWetRich
270931,Ligustrum vulgare,ForestWetRich
270932,Ligustrum vulgare,ForestWetRich
270933,Ligustrum vulgare,ForestWetRich
270934,Ligustrum vulgare,ForestWetRich
270935,Ligustrum vulgare,ForestWetRich
270936,Ligustrum vulgare,ForestWetRich
270937,Ligustrum vulgare,ForestWetRich
270938,Ligustrum vulgare,ForestWetRich
270939,Ligustrum vulgare,ForestWetRich
270940,Ligustrum vulgare,ForestWetRich
270941,Ligustrum vulgare,ForestWetRich
270942,Ligustrum vulgare,ForestWetRich
270943,Ligustrum vulgare,ForestWetRich
270944,Ligustrum vulgare,ForestWetRich
271504,Ligustrum vulgare,ForestWetRich
271505,Ligustrum vulgare,ForestWetRich
271506,Ligustrum vulgare,ForestWetRich
271507,Ligustrum vulgare,ForestWetRich
271508,Ligustrum vulgare,ForestWetRich
271509,Ligustrum vulgare,ForestWetRich
271510,Ligustrum vulgare,ForestWetRich
271511,Ligustrum vulgare,ForestWetRich
271512,Ligustrum vulgare,ForestWetRich
271513,Ligustrum vulgare,ForestWetRich
271514,Ligustrum vulgare,ForestWetRich
271515,Ligustrum vulgare,ForestWetRich
271516,Ligustrum vulgare,ForestWetRich
271517,Ligustrum vulgare,ForestWetRich
271518,Ligustrum vulgare,ForestWetRich
271519,Ligustrum vulgare,ForestWetRich
271520,Ligustrum vulgare,ForestWetRich
271521,Ligustrum vulgare,ForestWetRich
271522,Ligustrum vulgare,ForestWetRich
271523,Ligustrum vulgare,ForestWetRich
271524,Ligustrum vulgare,ForestWetRich
271525,Ligustrum vulgare,ForestWetRich
271526,Ligustrum vulgare,ForestWetRich
271527,Ligustrum vulgare,ForestWetRich
271528,Ligustrum vulgare,ForestWetRich
271529,Ligustrum vulgare,ForestWetRich
271530,Ligustrum vulgare,ForestWetRich
271531,Ligustrum vulgare,ForestWetRich
271532,Ligustrum vulgare,ForestWetRich
271533,Ligustrum vulgare,ForestWetRich
271534,Ligustrum vulgare,ForestWetRich
271535,Ligustrum vulgare,ForestWetRich
271536,Ligustrum vulgare,ForestWetRich
271537,Ligustrum vulgare,ForestWetRich
271538,Ligustrum vulgare,ForestWetRich
271539,Ligustrum vulgare,ForestWetRich
271540,Ligustrum vulgare,ForestWetRich
271541,Ligustrum vulgare,ForestWetRich
271542,Ligustrum vulgare,ForestWetRich
271543,Ligustrum vulgare,ForestWetRich
272103,Ligustrum vulgare,ForestWetRich
272104,Ligustrum vulgare,ForestWetRich
272105,Ligustrum vulgare,ForestWetRich
272106,Ligustrum vulgare,ForestWetRich
272107,Ligustrum vulgare,ForestWetRich
272108,Ligustrum vulgare,ForestWetRich
272109,Ligustrum vulgare,ForestWetRich
272110,Ligustrum vulgare,ForestWetRich
272111,Ligustrum vulgare,ForestWetRich
272112,Ligustrum vulgare,ForestWetRich
272113,Ligustrum vulgare,ForestWetRich
272114,Ligustrum vulgare,ForestWetRich
272115,Ligustrum vulgare,ForestWetRich
272116,Ligustrum vulgare,ForestWetRich
272117,Ligustrum vulgare,ForestWetRich
272118,Ligustrum vulgare,ForestWetRich
272119,Ligustrum vulgare,ForestWetRich
272120,Ligustrum vulgare,ForestWetRich
272121,Ligustrum vulgare,ForestWetRich
272122,Ligustrum vulgare,ForestWetRich
272123,Ligustrum vulgare,ForestWetRich
272124,Ligustrum vulgare,ForestWetRich
272125,Ligustrum vulgare,ForestWetRich
272126,Ligustrum vulgare,ForestWetRich
272127,Ligustrum vulgare,ForestWetRich
272128,Ligustrum vulgare,ForestWetRich
272129,Ligustrum vulgare,ForestWetRich
272130,Ligustrum vulgare,ForestWetRich
272131,Ligustrum vulgare,ForestWetRich
272132,Ligustrum vulgare,ForestWetRich
272133,Ligustrum vulgare,ForestWetRich
272134,Ligustrum vulgare,ForestWetRich
272135,Ligustrum vulgare,ForestWetRich
272136,Ligustrum vulgare,ForestWetRich
272137,Ligustrum vulgare,ForestWetRich
272138,Ligustrum vulgare,ForestWetRich
272139,Ligustrum vulgare,ForestWetRich
272140,Ligustrum vulgare,ForestWetRich
272141,Ligustrum vulgare,ForestWetRich
272142,Ligustrum vulgare,ForestWetRich
272702,Ligustrum vulgare,ForestWetRich
272703,Ligustrum vulgare,ForestWetRich
272704,Ligustrum vulgare,ForestWetRich
272705,Ligustrum vulgare,ForestWetRich
272706,Ligustrum vulgare,ForestWetRich
272707,Ligustrum vulgare,ForestWetRich
272708,Ligustrum vulgare,ForestWetRich
272709,Ligustrum vulgare,ForestWetRich
272710,Ligustrum vulgare,ForestWetRich
272711,Ligustrum vulgare,ForestWetRich
272712,Ligustrum vulgare,ForestWetRich
272713,Ligustrum vulgare,ForestWetRich
272714,Ligustrum vulgare,ForestWetRich
272715,Ligustrum vulgare,ForestWetRich
272716,Ligustrum vulgare,ForestWetRich
272717,Ligustrum vulgare,ForestWetRich
272718,Ligustrum vulgare,ForestWetRich
272719,Ligustrum vulgare,ForestWetRich
272720,Ligustrum vulgare,ForestWetRich
272721,Ligustrum vulgare,ForestWetRich
272722,Ligustrum vulgare,ForestWetRich
272723,Ligustrum vulgare,ForestWetRich
272724,Ligustrum vulgare,ForestWetRich
272725,Ligustrum vulgare,ForestWetRich
272726,Ligustrum vulgare,ForestWetRich
272727,Ligustrum vulgare,ForestWetRich
272728,Ligustrum vulgare,ForestWetRich
272729,Ligustrum vulgare,ForestWetRich
272730,Ligustrum vulgare,ForestWetRich
272731,Ligustrum vulgare,ForestWetRich
272732,Ligustrum vulgare,ForestWetRich
272733,Ligustrum vulgare,ForestWetRich
272734,Ligustrum vulgare,ForestWetRich
272735,Ligustrum vulgare,ForestWetRich
272736,Ligustrum vulgare,ForestWetRich
272737,Ligustrum vulgare,ForestWetRich
272738,Ligustrum vulgare,ForestWetRich
272739,Ligustrum vulgare,ForestWetRich
272740,Ligustrum vulgare,ForestWetRich
272741,Ligustrum vulgare,ForestWetRich
273301,Ligustrum vulgare,ForestWetRich
273302,Ligustrum vulgare,ForestWetRich
273303,Ligustrum vulgare,ForestWetRich
273304,Ligustrum vulgare,ForestWetRich
273305,Ligustrum vulgare,ForestWetRich
273306,Ligustrum vulgare,ForestWetRich
273307,Ligustrum vulgare,ForestWetRich
273308,Ligustrum vulgare,ForestWetRich
273309,Ligustrum vulgare,ForestWetRich
273310,Ligustrum vulgare,ForestWetRich
273311,Ligustrum vulgare,ForestWetRich
273312,Ligustrum vulgare,ForestWetRich
273313,Ligustrum vulgare,ForestWetRich
273314,Ligustrum vulgare,ForestWetRich
273315,Ligustrum vulgare,ForestWetRich
273316,Ligustrum vulgare,ForestWetRich
273317,Ligustrum vulgare,ForestWetRich
273318,Ligustrum vulgare,ForestWetRich
273319,Ligustrum vulgare,ForestWetRich
273320,Ligustrum vulgare,ForestWetRich
273321,Ligustrum vulgare,ForestWetRich
273322,Ligustrum vulgare,ForestWetRich
273323,Ligustrum vulgare,ForestWetRich
273324,Ligustrum vulgare,ForestWetRich
273325,Ligustrum vulgare,ForestWetRich
273326,Ligustrum vulgare,ForestWetRich
273327,Ligustrum vulgare,ForestWetRich
273328,Ligustrum vulgare,ForestWetRich
273329,Ligustrum vulgare,ForestWetRich
273330,Ligustrum vulgare,ForestWetRich
273331,Ligustrum vulgare,ForestWetRich
273332,Ligustrum vulgare,ForestWetRich
273333,Ligustrum vulgare,ForestWetRich
273334,Ligustrum vulgare,ForestWetRich
273335,Ligustrum vulgare,ForestWetRich
273336,Ligustrum vulgare,ForestWetRich
273337,Ligustrum vulgare,ForestWetRich
273338,Ligustrum vulgare,ForestWetRich
273339,Ligustrum vulgare,ForestWetRich
273340,Ligustrum vulgare,ForestWetRich
273900,Ligustrum vulgare,ForestWetRich
273901,Ligustrum vulgare,ForestWetRich
273902,Ligustrum vulgare,ForestWetRich
273903,Ligustrum vulgare,ForestWetRich
273904,Ligustrum vulgare,ForestWetRich
273905,Ligustrum vulgare,ForestWetRich
273906,Ligustrum vulgare,ForestWetRich
273907,Ligustrum vulgare,ForestWetRich
273908,Ligustrum vulgare,ForestWetRich
273909,Ligustrum vulgare,ForestWetRich
273910,Ligustrum vulgare,ForestWetRich
273911,Ligustrum vulgare,ForestWetRich
273912,Ligustrum vulgare,ForestWetRich
273913,Ligustrum vulgare,ForestWetRich
273914,Ligustrum vulgare,ForestWetRich
273915,Ligustrum vulgare,ForestWetRich
273916,Ligustrum vulgare,ForestWetRich
273917,Ligustrum vulgare,ForestWetRich
273918,Ligustrum vulgare,ForestWetRich
273919,Ligustrum vulgare,ForestWetRich
273920,Ligustrum vulgare,ForestWetRich
273921,Ligustrum vulgare,ForestWetRich
273922,Ligustrum vulgare,ForestWetRich
273923,Ligustrum vulgare,ForestWetRich
273924,Ligustrum vulgare,ForestWetRich
273925,Ligustrum vulgare,ForestWetRich
273926,Ligustrum vulgare,ForestWetRich
273927,Ligustrum vulgare,ForestWetRich
273928,Ligustrum vulgare,ForestWetRich
273929,Ligustrum vulgare,ForestWetRich
273930,Ligustrum vulgare,ForestWetRich
273931,Ligustrum vulgare,ForestWetRich
273932,Ligustrum vulgare,ForestWetRich
273933,Ligustrum vulgare,ForestWetRich
273934,Ligustrum vulgare,ForestWetRich
273935,Ligustrum vulgare,ForestWetRich
273936,Ligustrum vulgare,ForestWetRich
273937,Ligustrum vulgare,ForestWetRich
273938,Ligustrum vulgare,ForestWetRich
273939,Ligustrum vulgare,ForestWetRich
274499,Ligustrum vulgare,ForestWetRich
274500,Ligustrum vulgare,ForestWetRich
274501,Ligustrum vulgare,ForestWetRich
274502,Ligustrum vulgare,ForestWetRich
274503,Ligustrum vulgare,ForestWetRich
274504,Ligustrum vulgare,ForestWetRich
274505,Ligustrum vulgare,ForestWetRich
274506,Ligustrum vulgare,ForestWetRich
274507,Ligustrum vulgare,ForestWetRich
274508,Ligustrum vulgare,ForestWetRich
274509,Ligustrum vulgare,ForestWetRich
274510,Ligustrum vulgare,ForestWetRich
274511,Ligustrum vulgare,ForestWetRich
274512,Ligustrum vulgare,ForestWetRich
274513,Ligustrum vulgare,ForestWetRich
274514,Ligustrum vulgare,ForestWetRich
274515,Ligustrum vulgare,ForestWetRich
274516,Ligustrum vulgare,ForestWetRich
274517,Ligustrum vulgare,ForestWetRich
274518,Ligustrum vulgare,ForestWetRich
274519,Ligustrum vulgare,ForestWetRich
274520,Ligustrum vulgare,ForestWetRich
274521,Ligustrum vulgare,ForestWetRich
274522,Ligustrum vulgare,ForestWetRich
274523,Ligustrum vulgare,ForestWetRich
274524,Ligustrum vulgare,ForestWetRich
274525,Ligustrum vulgare,ForestWetRich
274526,Ligustrum vulgare,ForestWetRich
274527,Ligustrum vulgare,ForestWetRich
274528,Ligustrum vulgare,ForestWetRich
274529,Ligustrum vulgare,ForestWetRich
274530,Ligustrum vulgare,ForestWetRich
274531,Ligustrum vulgare,ForestWetRich
274532,Ligustrum vulgare,ForestWetRich
274533,Ligustrum vulgare,ForestWetRich
274534,Ligustrum vulgare,ForestWetRich
274535,Ligustrum vulgare,ForestWetRich
274536,Ligustrum vulgare,ForestWetRich
274537,Ligustrum vulgare,ForestWetRich
274538,Ligustrum vulgare,ForestWetRich
275098,Ligustrum vulgare,ForestWetRich
275099,Ligustrum vulgare,ForestWetRich
275100,Ligustrum vulgare,ForestWetRich
275101,Ligustrum vulgare,ForestWetRich
275102,Ligustrum vulgare,ForestWetRich
275103,Ligustrum vulgare,ForestWetRich
275104,Ligustrum vulgare,ForestWetRich
275105,Ligustrum vulgare,ForestWetRich
275106,Ligustrum vulgare,ForestWetRich
275107,Ligustrum vulgare,ForestWetRich
275108,Ligustrum vulgare,ForestWetRich
275109,Ligustrum vulgare,ForestWetRich
275110,Ligustrum vulgare,ForestWetRich
275111,Ligustrum vulgare,ForestWetRich
275112,Ligustrum vulgare,ForestWetRich
275113,Ligustrum vulgare,ForestWetRich
275114,Ligustrum vulgare,ForestWetRich
275115,Ligustrum vulgare,ForestWetRich
275116,Ligustrum vulgare,ForestWetRich
275117,Ligustrum vulgare,ForestWetRich
275118,Ligustrum vulgare,ForestWetRich
275119,Ligustrum vulgare,ForestWetRich
275120,Ligustrum vulgare,ForestWetRich
275121,Ligustrum vulgare,ForestWetRich
275122,Ligustrum vulgare,ForestWetRich
275123,Ligustrum vulgare,ForestWetRich
275124,Ligustrum vulgare,ForestWetRich
275125,Ligustrum vulgare,ForestWetRich
275126,Ligustrum vulgare,ForestWetRich
275127,Ligustrum vulgare,ForestWetRich
275128,Ligustrum vulgare,ForestWetRich
275129,Ligustrum vulgare,ForestWetRich
275130,Ligustrum vulgare,ForestWetRich
275131,Ligustrum vulgare,ForestWetRich
275132,Ligustrum vulgare,ForestWetRich
275133,Ligustrum vulgare,ForestWetRich
275134,Ligustrum vulgare,ForestWetRich
275135,Ligustrum vulgare,ForestWetRich
275136,Ligustrum vulgare,ForestWetRich
275137,Ligustrum vulgare,ForestWetRich
275697,Ligustrum vulgare,ForestWetRich
275698,Ligustrum vulgare,ForestWetRich
275699,Ligustrum vulgare,ForestWetRich
275700,Ligustrum vulgare,ForestWetRich
275701,Ligustrum vulgare,ForestWetRich
275702,Ligustrum vulgare,ForestWetRich
275703,Ligustrum vulgare,ForestWetRich
275704,Ligustrum vulgare,ForestWetRich
275705,Ligustrum vulgare,ForestWetRich
275706,Ligustrum vulgare,ForestWetRich
275707,Ligustrum vulgare,ForestWetRich
275708,Ligustrum vulgare,ForestWetRich
275709,Ligustrum vulgare,ForestWetRich
275710,Ligustrum vulgare,ForestWetRich
275711,Ligustrum vulgare,ForestWetRich
275712,Ligustrum vulgare,ForestWetRich
275713,Ligustrum vulgare,ForestWetRich
275714,Ligustrum vulgare,ForestWetRich
275715,Ligustrum vulgare,ForestWetRich
275716,Ligustrum vulgare,ForestWetRich
275717,Ligustrum vulgare,ForestWetRich
275718,Ligustrum vulgare,ForestWetRich
275719,Ligustrum vulgare,ForestWetRich
275720,Ligustrum vulgare,ForestWetRich
275721,Ligustrum vulgare,ForestWetRich
275722,Ligustrum vulgare,ForestWetRich
275723,Ligustrum vulgare,ForestWetRich
275724,Ligustrum vulgare,ForestWetRich
275725,Ligustrum vulgare,ForestWetRich
275726,Ligustrum vulgare,ForestWetRich
275727,Ligustrum vulgare,ForestWetRich
275728,Ligustrum vulgare,ForestWetRich
275729,Ligustrum vulgare,ForestWetRich
275730,Ligustrum vulgare,ForestWetRich
275731,Ligustrum vulgare,ForestWetRich
275732,Ligustrum vulgare,ForestWetRich
275733,Ligustrum vulgare,ForestWetRich
275734,Ligustrum vulgare,ForestWetRich
275735,Ligustrum vulgare,ForestWetRich
275736,Ligustrum vulgare,ForestWetRich
276296,Ligustrum vulgare,ForestWetRich
276297,Ligustrum vulgare,ForestWetRich
276298,Ligustrum vulgare,ForestWetRich
276299,Ligustrum vulgare,ForestWetRich
276300,Ligustrum vulgare,ForestWetRich
276301,Ligustrum vulgare,ForestWetRich
276302,Ligustrum vulgare,ForestWetRich
276303,Ligustrum vulgare,ForestWetRich
276304,Ligustrum vulgare,ForestWetRich
276305,Ligustrum vulgare,ForestWetRich
276306,Ligustrum vulgare,ForestWetRich
276307,Ligustrum vulgare,ForestWetRich
276308,Ligustrum vulgare,ForestWetRich
276309,Ligustrum vulgare,ForestWetRich
276310,Ligustrum vulgare,ForestWetRich
276311,Ligustrum vulgare,ForestWetRich
276312,Ligustrum vulgare,ForestWetRich
276313,Ligustrum vulgare,ForestWetRich
276314,Ligustrum vulgare,ForestWetRich
276315,Ligustrum vulgare,ForestWetRich
276316,Ligustrum vulgare,ForestWetRich
276317,Ligustrum vulgare,ForestWetRich
276318,Ligustrum vulgare,ForestWetRich
276319,Ligustrum vulgare,ForestWetRich
276320,Ligustrum vulgare,ForestWetRich
276321,Ligustrum vulgare,ForestWetRich
276322,Ligustrum vulgare,ForestWetRich
276323,Ligustrum vulgare,ForestWetRich
276324,Ligustrum vulgare,ForestWetRich
276325,Ligustrum vulgare,ForestWetRich
276326,Ligustrum vulgare,ForestWetRich
276327,Ligustrum vulgare,ForestWetRich
276328,Ligustrum vulgare,ForestWetRich
276329,Ligustrum vulgare,ForestWetRich
276330,Ligustrum vulgare,ForestWetRich
276331,Ligustrum vulgare,ForestWetRich
276332,Ligustrum vulgare,ForestWetRich
276333,Ligustrum vulgare,ForestWetRich
276334,Ligustrum vulgare,ForestWetRich
276335,Ligustrum vulgare,ForestWetRich
276895,Ligustrum vulgare,ForestWetRich
276896,Ligustrum vulgare,ForestWetRich
276897,Ligustrum vulgare,ForestWetRich
276898,Ligustrum vulgare,ForestWetRich
276899,Ligustrum vulgare,ForestWetRich
276900,Ligustrum vulgare,ForestWetRich
276901,Ligustrum vulgare,ForestWetRich
276902,Ligustrum vulgare,ForestWetRich
276903,Ligustrum vulgare,ForestWetRich
276904,Ligustrum vulgare,ForestWetRich
276905,Ligustrum vulgare,ForestWetRich
276906,Ligustrum vulgare,ForestWetRich
276907,Ligustrum vulgare,ForestWetRich
276908,Ligustrum vulgare,ForestWetRich
276909,Ligustrum vulgare,ForestWetRich
276910,Ligustrum vulgare,ForestWetRich
276911,Ligustrum vulgare,ForestWetRich
276912,Ligustrum vulgare,ForestWetRich
276913,Ligustrum vulgare,ForestWetRich
276914,Ligustrum vulgare,ForestWetRich
276915,Ligustrum vulgare,ForestWetRich
276916,Ligustrum vulgare,ForestWetRich
276917,Ligustrum vulgare,ForestWetRich
276918,Ligustrum vulgare,ForestWetRich
276919,Ligustrum vulgare,ForestWetRich
276920,Ligustrum vulgare,ForestWetRich
276921,Ligustrum vulgare,ForestWetRich
276922,Ligustrum vulgare,ForestWetRich
276923,Ligustrum vulgare,ForestWetRich
276924,Ligustrum vulgare,ForestWetRich
276925,Ligustrum vulgare,ForestWetRich
276926,Ligustrum vulgare,ForestWetRich
276927,Ligustrum vulgare,ForestWetRich
276928,Ligustrum vulgare,ForestWetRich
276929,Ligustrum vulgare,ForestWetRich
276930,Ligustrum vulgare,ForestWetRich
276931,Ligustrum vulgare,ForestWetRich
276932,Ligustrum vulgare,ForestWetRich
276933,Ligustrum vulgare,ForestWetRich
276934,Ligustrum vulgare,ForestWetRich
277494,Ligustrum vulgare,ForestWetRich
277495,Ligustrum vulgare,ForestWetRich
277496,Ligustrum vulgare,ForestWetRich
277497,Ligustrum vulgare,ForestWetRich
277498,Ligustrum vulgare,ForestWetRich
277499,Ligustrum vulgare,ForestWetRich
277500,Ligustrum vulgare,ForestWetRich
277501,Ligustrum vulgare,ForestWetRich
277502,Ligustrum vulgare,ForestWetRich
277503,Ligustrum vulgare,ForestWetRich
277504,Ligustrum vulgare,ForestWetRich
277505,Ligustrum vulgare,ForestWetRich
277506,Ligustrum vulgare,ForestWetRich
277507,Ligustrum vulgare,ForestWetRich
277508,Ligustrum vulgare,ForestWetRich
277509,Ligustrum vulgare,ForestWetRich
277510,Ligustrum vulgare,ForestWetRich
277511,Ligustrum vulgare,ForestWetRich
277512,Ligustrum vulgare,ForestWetRich
277513,Ligustrum vulgare,ForestWetRich
277514,Ligustrum vulgare,ForestWetRich
277515,Ligustrum vulgare,ForestWetRich
277516,Ligustrum vulgare,ForestWetRich
277517,Ligustrum vulgare,ForestWetRich
277518,Ligustrum vulgare,ForestWetRich
277519,Ligustrum vulgare,ForestWetRich
277520,Ligustrum vulgare,ForestWetRich
277521,Ligustrum vulgare,ForestWetRich
277522,Ligustrum vulgare,ForestWetRich
277523,Ligustrum vulgare,ForestWetRich
277524,Ligustrum vulgare,ForestWetRich
277525,Ligustrum vulgare,ForestWetRich
277526,Ligustrum vulgare,ForestWetRich
277527,Ligustrum vulgare,ForestWetRich
277528,Ligustrum vulgare,ForestWetRich
277529,Ligustrum vulgare,ForestWetRich
277530,Ligustrum vulgare,ForestWetRich
277531,Ligustrum vulgare,ForestWetRich
277532,Ligustrum vulgare,ForestWetRich
277533,Ligustrum vulgare,ForestWetRich
290051,Ligustrum vulgare,ForestWetRich
290052,Ligustrum vulgare,ForestWetRich
290053,Ligustrum vulgare,ForestWetRich
290054,Ligustrum vulgare,ForestWetRich
290055,Ligustrum vulgare,ForestWetRich
290056,Ligustrum vulgare,ForestWetRich
290057,Ligustrum vulgare,ForestWetRich
290058,Ligustrum vulgare,ForestWetRich
290059,Ligustrum vulgare,ForestWetRich
290060,Ligustrum vulgare,ForestWetRich
290061,Ligustrum vulgare,ForestWetRich
290062,Ligustrum vulgare,ForestWetRich
290063,Ligustrum vulgare,ForestWetRich
290064,Ligustrum vulgare,ForestWetRich
290065,Ligustrum vulgare,ForestWetRich
290066,Ligustrum vulgare,ForestWetRich
290067,Ligustrum vulgare,ForestWetRich
290068,Ligustrum vulgare,ForestWetRich
290069,Ligustrum vulgare,ForestWetRich
290070,Ligustrum vulgare,ForestWetRich
290071,Ligustrum vulgare,ForestWetRich
290072,Ligustrum vulgare,ForestWetRich
290650,Ligustrum vulgare,ForestWetRich
290651,Ligustrum vulgare,ForestWetRich
290652,Ligustrum vulgare,ForestWetRich
290653,Ligustrum vulgare,ForestWetRich
290654,Ligustrum vulgare,ForestWetRich
290655,Ligustrum vulgare,ForestWetRich
290656,Ligustrum vulgare,ForestWetRich
290657,Ligustrum vulgare,ForestWetRich
290658,Ligustrum vulgare,ForestWetRich
290659,Ligustrum vulgare,ForestWetRich
290660,Ligustrum vulgare,ForestWetRich
290661,Ligustrum vulgare,ForestWetRich
290662,Ligustrum vulgare,ForestWetRich
290663,Ligustrum vulgare,ForestWetRich
290664,Ligustrum vulgare,ForestWetRich
290665,Ligustrum vulgare,ForestWetRich
290666,Ligustrum vulgare,ForestWetRich
290667,Ligustrum vulgare,ForestWetRich
290668,Ligustrum vulgare,ForestWetRich
290669,Ligustrum vulgare,ForestWetRich
290670,Ligustrum vulgare,ForestWetRich
290671,Ligustrum vulgare,ForestWetRich
291249,Ligustrum vulgare,ForestWetRich
291250,Ligustrum vulgare,ForestWetRich
291251,Ligustrum vulgare,ForestWetRich
291252,Ligustrum vulgare,ForestWetRich
291253,Ligustrum vulgare,ForestWetRich
291254,Ligustrum vulgare,ForestWetRich
291255,Ligustrum vulgare,ForestWetRich
291256,Ligustrum vulgare,ForestWetRich
291257,Ligustrum vulgare,ForestWetRich
291258,Ligustrum vulgare,ForestWetRich
291259,Ligustrum vulgare,ForestWetRich
291260,Ligustrum vulgare,ForestWetRich
291261,Ligustrum vulgare,ForestWetRich
291262,Ligustrum vulgare,ForestWetRich
291263,Ligustrum vulgare,ForestWetRich
291264,Ligustrum vulgare,ForestWetRich
291265,Ligustrum vulgare,ForestWetRich
291266,Ligustrum vulgare,ForestWetRich
291267,Ligustrum vulgare,ForestWetRich
291268,Ligustrum vulgare,ForestWetRich
291269,Ligustrum vulgare,ForestWetRich
291270,Ligustrum vulgare,ForestWetRich
291849,Ligustrum vulgare,ForestWetRich
291850,Ligustrum vulgare,ForestWetRich
291851,Ligustrum vulgare,ForestWetRich
291852,Ligustrum vulgare,ForestWetRich
291853,Ligustrum vulgare,ForestWetRich
291854,Ligustrum vulgare,ForestWetRich
291855,Ligustrum vulgare,ForestWetRich
291856,Ligustrum vulgare,ForestWetRich
291857,Ligustrum vulgare,ForestWetRich
291858,Ligustrum vulgare,ForestWetRich
291859,Ligustrum vulgare,ForestWetRich
291860,Ligustrum vulgare,ForestWetRich
291861,Ligustrum vulgare,ForestWetRich
291862,Ligustrum vulgare,ForestWetRich
291863,Ligustrum vulgare,ForestWetRich
291864,Ligustrum vulgare,ForestWetRich
291865,Ligustrum vulgare,ForestWetRich
291866,Ligustrum vulgare,ForestWetRich
291867,Ligustrum vulgare,ForestWetRich
291868,Ligustrum vulgare,ForestWetRich
291869,Ligustrum vulgare,ForestWetRich
292448,Ligustrum vulgare,ForestWetRich
292449,Ligustrum vulgare,ForestWetRich
292450,Ligustrum vulgare,ForestWetRich
292451,Ligustrum vulgare,ForestWetRich
292452,Ligustrum vulgare,ForestWetRich
292453,Ligustrum vulgare,ForestWetRich
292454,Ligustrum vulgare,ForestWetRich
292455,Ligustrum vulgare,ForestWetRich
292456,Ligustrum vulgare,ForestWetRich
292457,Ligustrum vulgare,ForestWetRich
292458,Ligustrum vulgare,ForestWetRich
292459,Ligustrum vulgare,ForestWetRich
292460,Ligustrum vulgare,ForestWetRich
292461,Ligustrum vulgare,ForestWetRich
292462,Ligustrum vulgare,ForestWetRich
292463,Ligustrum vulgare,ForestWetRich
292464,Ligustrum vulgare,ForestWetRich
292465,Ligustrum vulgare,ForestWetRich
292466,Ligustrum vulgare,ForestWetRich
292467,Ligustrum vulgare,ForestWetRich
292468,Ligustrum vulgare,ForestWetRich
293047,Ligustrum vulgare,ForestWetRich
293048,Ligustrum vulgare,ForestWetRich
293049,Ligustrum vulgare,ForestWetRich
293050,Ligustrum vulgare,ForestWetRich
293051,Ligustrum vulgare,ForestWetRich
293052,Ligustrum vulgare,ForestWetRich
293053,Ligustrum vulgare,ForestWetRich
293054,Ligustrum vulgare,ForestWetRich
293055,Ligustrum vulgare,ForestWetRich
293056,Ligustrum vulgare,ForestWetRich
293057,Ligustrum vulgare,ForestWetRich
293058,Ligustrum vulgare,ForestWetRich
293059,Ligustrum vulgare,ForestWetRich
293060,Ligustrum vulgare,ForestWetRich
293061,Ligustrum vulgare,ForestWetRich
293062,Ligustrum vulgare,ForestWetRich
293063,Ligustrum vulgare,ForestWetRich
293064,Ligustrum vulgare,ForestWetRich
293065,Ligustrum vulgare,ForestWetRich
293066,Ligustrum vulgare,ForestWetRich
293067,Ligustrum vulgare,ForestWetRich
293647,Ligustrum vulgare,ForestWetRich
293648,Ligustrum vulgare,ForestWetRich
293649,Ligustrum vulgare,ForestWetRich
293650,Ligustrum vulgare,ForestWetRich
293651,Ligustrum vulgare,ForestWetRich
293652,Ligustrum vulgare,ForestWetRich
293653,Ligustrum vulgare,ForestWetRich
293654,Ligustrum vulgare,ForestWetRich
293655,Ligustrum vulgare,ForestWetRich
293656,Ligustrum vulgare,ForestWetRich
293657,Ligustrum vulgare,ForestWetRich
293658,Ligustrum vulgare,ForestWetRich
293659,Ligustrum vulgare,ForestWetRich
293660,Ligustrum vulgare,ForestWetRich
293661,Ligustrum vulgare,ForestWetRich
293662,Ligustrum vulgare,ForestWetRich
293663,Ligustrum vulgare,ForestWetRich
293664,Ligustrum vulgare,ForestWetRich
293665,Ligustrum vulgare,ForestWetRich
293666,Ligustrum vulgare,ForestWetRich
294246,Ligustrum vulgare,ForestWetRich
294247,Ligustrum vulgare,ForestWetRich
294248,Ligustrum vulgare,ForestWetRich
294249,Ligustrum vulgare,ForestWetRich
294250,Ligustrum vulgare,ForestWetRich
294251,Ligustrum vulgare,ForestWetRich
294252,Ligustrum vulgare,ForestWetRich
294253,Ligustrum vulgare,ForestWetRich
294254,Ligustrum vulgare,ForestWetRich
294255,Ligustrum vulgare,ForestWetRich
294256,Ligustrum vulgare,ForestWetRich
294257,Ligustrum vulgare,ForestWetRich
294258,Ligustrum vulgare,ForestWetRich
294259,Ligustrum vulgare,ForestWetRich
294260,Ligustrum vulgare,ForestWetRich
294261,Ligustrum vulgare,ForestWetRich
294262,Ligustrum vulgare,ForestWetRich
294263,Ligustrum vulgare,ForestWetRich
294264,Ligustrum vulgare,ForestWetRich
294265,Ligustrum vulgare,ForestWetRich
294846,Ligustrum vulgare,ForestWetRich
294847,Ligustrum vulgare,ForestWetRich
294848,Ligustrum vulgare,ForestWetRich
294849,Ligustrum vulgare,ForestWetRich
294850,Ligustrum vulgare,ForestWetRich
294851,Ligustrum vulgare,ForestWetRich
294852,Ligustrum vulgare,ForestWetRich
294853,Ligustrum vulgare,ForestWetRich
294854,Ligustrum vulgare,ForestWetRich
294855,Ligustrum vulgare,ForestWetRich
294856,Ligustrum vulgare,ForestWetRich
294857,Ligustrum vulgare,ForestWetRich
294858,Ligustrum vulgare,ForestWetRich
294859,Ligustrum vulgare,ForestWetRich
294860,Ligustrum vulgare,ForestWetRich
294861,Ligustrum vulgare,ForestWetRich
294862,Ligustrum vulgare,ForestWetRich
294863,Ligustrum vulgare,ForestWetRich
294864,Ligustrum vulgare,ForestWetRich
295445,Ligustrum vulgare,ForestWetRich
295446,Ligustrum vulgare,ForestWetRich
295447,Ligustrum vulgare,ForestWetRich
295448,Ligustrum vulgare,ForestWetRich
295449,Ligustrum vulgare,ForestWetRich
295450,Ligustrum vulgare,ForestWetRich
295451,Ligustrum vulgare,ForestWetRich
295452,Ligustrum vulgare,ForestWetRich
295453,Ligustrum vulgare,ForestWetRich
295454,Ligustrum vulgare,ForestWetRich
295455,Ligustrum vulgare,ForestWetRich
295456,Ligustrum vulgare,ForestWetRich
295457,Ligustrum vulgare,ForestWetRich
295458,Ligustrum vulgare,ForestWetRich
295459,Ligustrum vulgare,ForestWetRich
295460,Ligustrum vulgare,ForestWetRich
295461,Ligustrum vulgare,ForestWetRich
295462,Ligustrum vulgare,ForestWetRich
295463,Ligustrum vulgare,ForestWetRich
296045,Ligustrum vulgare,ForestWetRich
296046,Ligustrum vulgare,ForestWetRich
296047,Ligustrum vulgare,ForestWetRich
296048,Ligustrum vulgare,ForestWetRich
296049,Ligustrum vulgare,ForestWetRich
296050,Ligustrum vulgare,ForestWetRich
296051,Ligustrum vulgare,ForestWetRich
296052,Ligustrum vulgare,ForestWetRich
296053,Ligustrum vulgare,ForestWetRich
296054,Ligustrum vulgare,ForestWetRich
296055,Ligustrum vulgare,ForestWetRich
296056,Ligustrum vulgare,ForestWetRich
296057,Ligustrum vulgare,ForestWetRich
296058,Ligustrum vulgare,ForestWetRich
296059,Ligustrum vulgare,ForestWetRich
296060,Ligustrum vulgare,ForestWetRich
296061,Ligustrum vulgare,ForestWetRich
296062,Ligustrum vulgare,ForestWetRich
296644,Ligustrum vulgare,ForestWetRich
296645,Ligustrum vulgare,ForestWetRich
296646,Ligustrum vulgare,ForestWetRich
296647,Ligustrum vulgare,ForestWetRich
296648,Ligustrum vulgare,ForestWetRich
296649,Ligustrum vulgare,ForestWetRich
296650,Ligustrum vulgare,ForestWetRich
296651,Ligustrum vulgare,ForestWetRich
296652,Ligustrum vulgare,ForestWetRich
296653,Ligustrum vulgare,ForestWetRich
296654,Ligustrum vulgare,ForestWetRich
296655,Ligustrum vulgare,ForestWetRich
296656,Ligustrum vulgare,ForestWetRich
296657,Ligustrum vulgare,ForestWetRich
296658,Ligustrum vulgare,ForestWetRich
296659,Ligustrum vulgare,ForestWetRich
296660,Ligustrum vulgare,ForestWetRich
296661,Ligustrum vulgare,ForestWetRich
297244,Ligustrum vulgare,ForestWetRich
297245,Ligustrum vulgare,ForestWetRich
297246,Ligustrum vulgare,ForestWetRich
297247,Ligustrum vulgare,ForestWetRich
297248,Ligustrum vulgare,ForestWetRich
297249,Ligustrum vulgare,ForestWetRich
297250,Ligustrum vulgare,ForestWetRich
297251,Ligustrum vulgare,ForestWetRich
297252,Ligustrum vulgare,ForestWetRich
297253,Ligustrum vulgare,ForestWetRich
297254,Ligustrum vulgare,ForestWetRich
297255,Ligustrum vulgare,ForestWetRich
297256,Ligustrum vulgare,ForestWetRich
297257,Ligustrum vulgare,ForestWetRich
297258,Ligustrum vulgare,ForestWetRich
297259,Ligustrum vulgare,ForestWetRich
297260,Ligustrum vulgare,ForestWetRich
297844,Ligustrum vulgare,ForestWetRich
297845,Ligustrum vulgare,ForestWetRich
297846,Ligustrum vulgare,ForestWetRich
297847,Ligustrum vulgare,ForestWetRich
297848,Ligustrum vulgare,ForestWetRich
297849,Ligustrum vulgare,ForestWetRich
297850,Ligustrum vulgare,ForestWetRich
297851,Ligustrum vulgare,ForestWetRich
297852,Ligustrum vulgare,ForestWetRich
297853,Ligustrum vulgare,ForestWetRich
297854,Ligustrum vulgare,ForestWetRich
297855,Ligustrum vulgare,ForestWetRich
297856,Ligustrum vulgare,ForestWetRich
297857,Ligustrum vulgare,ForestWetRich
297858,Ligustrum vulgare,ForestWetRich
297859,Ligustrum vulgare,ForestWetRich
298443,Ligustrum vulgare,ForestWetRich
298444,Ligustrum vulgare,ForestWetRich
298445,Ligustrum vulgare,ForestWetRich
298446,Ligustrum vulgare,ForestWetRich
298447,Ligustrum vulgare,ForestWetRich
298448,Ligustrum vulgare,ForestWetRich
298449,Ligustrum vulgare,ForestWetRich
298450,Ligustrum vulgare,ForestWetRich
298451,Ligustrum vulgare,ForestWetRich
298452,Ligustrum vulgare,ForestWetRich
298453,Ligustrum vulgare,ForestWetRich
298454,Ligustrum vulgare,ForestWetRich
298455,Ligustrum vulgare,ForestWetRich
298456,Ligustrum vulgare,ForestWetRich
298457,Ligustrum vulgare,ForestWetRich
298458,Ligustrum vulgare,ForestWetRich
299043,Ligustrum vulgare,ForestWetRich
299044,Ligustrum vulgare,ForestWetRich
299045,Ligustrum vulgare,ForestWetRich
299046,Ligustrum vulgare,ForestWetRich
299047,Ligustrum vulgare,ForestWetRich
299048,Ligustrum vulgare,ForestWetRich
299049,Ligustrum vulgare,ForestWetRich
299050,Ligustrum vulgare,ForestWetRich
299051,Ligustrum vulgare,ForestWetRich
299052,Ligustrum vulgare,ForestWetRich
299053,Ligustrum vulgare,ForestWetRich
299054,Ligustrum vulgare,ForestWetRich
299055,Ligustrum vulgare,ForestWetRich
299056,Ligustrum vulgare,ForestWetRich
299057,Ligustrum vulgare,ForestWetRich
299642,Ligustrum vulgare,ForestWetRich
299643,Ligustrum vulgare,ForestWetRich
299644,Ligustrum vulgare,ForestWetRich
299645,Ligustrum vulgare,ForestWetRich
299646,Ligustrum vulgare,ForestWetRich
299647,Ligustrum vulgare,ForestWetRich
299648,Ligustrum vulgare,ForestWetRich
299649,Ligustrum vulgare,ForestWetRich
299650,Ligustrum vulgare,ForestWetRich
299651,Ligustrum vulgare,ForestWetRich
299652,Ligustrum vulgare,ForestWetRich
299653,Ligustrum vulgare,ForestWetRich
299654,Ligustrum vulgare,ForestWetRich
299655,Ligustrum vulgare,ForestWetRich
299656,Ligustrum vulgare,ForestWetRich
300242,Ligustrum vulgare,ForestWetRich
300243,Ligustrum vulgare,ForestWetRich
300244,Ligustrum vulgare,ForestWetRich
300245,Ligustrum vulgare,ForestWetRich
300246,Ligustrum vulgare,ForestWetRich
300247,Ligustrum vulgare,ForestWetRich
300248,Ligustrum vulgare,ForestWetRich
300249,Ligustrum vulgare,ForestWetRich
300250,Ligustrum vulgare,ForestWetRich
300251,Ligustrum vulgare,ForestWetRich
300252,Ligustrum vulgare,ForestWetRich
300253,Ligustrum vulgare,ForestWetRich
300254,Ligustrum vulgare,ForestWetRich
300255,Ligustrum vulgare,ForestWetRich
300842,Ligustrum vulgare,ForestWetRich
300843,Ligustrum vulgare,ForestWetRich
300844,Ligustrum vulgare,ForestWetRich
300845,Ligustrum vulgare,ForestWetRich
300846,Ligustrum vulgare,ForestWetRich
300847,Ligustrum vulgare,ForestWetRich
300848,Ligustrum vulgare,ForestWetRich
300849,Ligustrum vulgare,ForestWetRich
300850,Ligustrum vulgare,ForestWetRich
300851,Ligustrum vulgare,ForestWetRich
300852,Ligustrum vulgare,ForestWetRich
300853,Ligustrum vulgare,ForestWetRich
300854,Ligustrum vulgare,ForestWetRich
301442,Ligustrum vulgare,ForestWetRich
301443,Ligustrum vulgare,ForestWetRich
301444,Ligustrum vulgare,ForestWetRich
301445,Ligustrum vulgare,ForestWetRich
301446,Ligustrum vulgare,ForestWetRich
301447,Ligustrum vulgare,ForestWetRich
301448,Ligustrum vulgare,ForestWetRich
301449,Ligustrum vulgare,ForestWetRich
301450,Ligustrum vulgare,ForestWetRich
301451,Ligustrum vulgare,ForestWetRich
301452,Ligustrum vulgare,ForestWetRich
301453,Ligustrum vulgare,ForestWetRich
