258299,Salix caprea,ForestWetRich
258300,Salix caprea,ForestWetRich
258301,Salix caprea,ForestWetRich
258302,Salix caprea,ForestWetRich
258303,Salix caprea,ForestWetRich
258304,Salix caprea,ForestWetRich
258305,Salix caprea,ForestWetRich
258306,Salix caprea,ForestWetRich
258891,Salix caprea,ForestWetRich
258892,Salix caprea,ForestWetRich
258893,Salix caprea,ForestWetRich
258894,Salix caprea,ForestWetRich
258895,Salix caprea,ForestWetRich
258896,Salix caprea,ForestWetRich
258897,Salix caprea,ForestWetRich
258898,Salix caprea,ForestWetRich
258899,Salix caprea,ForestWetRich
258900,Salix caprea,ForestWetRich
258901,Salix caprea,ForestWetRich
258902,Salix caprea,ForestWetRich
258903,Salix caprea,ForestWetRich
258904,Salix caprea,ForestWetRich
258905,Salix caprea,ForestWetRich
258906,Salix caprea,ForestWetRich
258907,Salix caprea,ForestWetRich
258908,Salix caprea,ForestWetRich
258909,Salix caprea,ForestWetRich
258910,Salix caprea,ForestWetRich
258911,Salix caprea,ForestWetRich
259486,Salix caprea,ForestWetRich
259487,Salix caprea,ForestWetRich
259488,Salix caprea,ForestWetRich
259489,Salix caprea,ForestWetRich
259490,Salix caprea,ForestWetRich
259491,Salix caprea,ForestWetRich
259492,Salix caprea,ForestWetRich
259493,Salix caprea,ForestWetRich
259494,Salix caprea,ForestWetRich
259495,Salix caprea,ForestWetRich
259496,Salix caprea,ForestWetRich
259497,Salix caprea,ForestWetRich
259498,Salix caprea,ForestWetRich
259499,Salix caprea,ForestWetRich
259500,Salix caprea,ForestWetRich
259501,Salix caprea,ForestWetRich
259502,Salix caprea,ForestWetRich
259503,Salix caprea,ForestWetRich
259504,Salix caprea,ForestWetRich
259505,Salix caprea,ForestWetRich
259506,Salix caprea,ForestWetRich
259507,Salix caprea,ForestWetRich
259508,Salix caprea,ForestWetRich
259509,Salix caprea,ForestWetRich
259510,Salix caprea,ForestWetRich
259511,Salix caprea,ForestWetRich
259512,Salix caprea,ForestWetRich
259513,Salix caprea,ForestWetRich
259514,Salix caprea,ForestWetRich
259515,Salix caprea,ForestWetRich
260082,Salix caprea,ForestWetRich
260083,Salix caprea,ForestWetRich
260084,Salix caprea,ForestWetRich
260085,Salix caprea,ForestWetRich
260086,Salix caprea,ForestWetRich
260087,Salix caprea,ForestWetRich
260088,Salix caprea,ForestWetRich
260089,Salix caprea,ForestWetRich
260090,Salix caprea,ForestWetRich
260091,Salix caprea,ForestWetRich
260092,Salix caprea,ForestWetRich
260093,Salix caprea,ForestWetRich
260094,Salix caprea,ForestWetRich
260095,Salix caprea,ForestWetRich
260096,Salix caprea,ForestWetRich
260097,Salix caprea,ForestWetRich
260098,Salix caprea,ForestWetRich
260099,Salix caprea,ForestWetRich
260100,Salix caprea,ForestWetRich
260101,Salix caprea,ForestWetRich
260102,Salix caprea,ForestWetRich
260103,Salix caprea,ForestWetRich
260104,Salix caprea,ForestWetRich
260105,Salix caprea,ForestWetRich
260106,Salix caprea,ForestWetRich
260107,Salix caprea,ForestWetRich
260108,Salix caprea,ForestWetRich
260109,Salix caprea,ForestWetRich
260110,Salix caprea,ForestWetRich
260111,Salix caprea,ForestWetRich
260112,Salix caprea,ForestWetRich
260113,Salix caprea,ForestWetRich
260114,Salix caprea,ForestWetRich
260115,Salix caprea,ForestWetRich
260116,Salix caprea,ForestWetRich
260679,Salix caprea,ForestWetRich
260680,Salix caprea,ForestWetRich
260681,Salix caprea,ForestWetRich
260682,Salix caprea,ForestWetRich
260683,Salix caprea,ForestWetRich
260684,Salix caprea,ForestWetRich
260685,Salix caprea,ForestWetRich
260686,Salix caprea,ForestWetRich
260687,Salix caprea,ForestWetRich
260688,Salix caprea,ForestWetRich
260689,Salix caprea,ForestWetRich
260690,Salix caprea,ForestWetRich
260691,Salix caprea,ForestWetRich
260692,Salix caprea,ForestWetRich
260693,Salix caprea,ForestWetRich
260694,Salix caprea,ForestWetRich
260695,Salix caprea,ForestWetRich
260696,Salix caprea,ForestWetRich
260697,Salix caprea,ForestWetRich
260698,Salix caprea,ForestWetRich
260699,Salix caprea,ForestWetRich
260700,Salix caprea,ForestWetRich
260701,Salix caprea,ForestWetRich
260702,Salix caprea,ForestWetRich
260703,Salix caprea,ForestWetRich
260704,Salix caprea,ForestWetRich
260705,Salix caprea,ForestWetRich
260706,Salix caprea,ForestWetRich
260707,Salix caprea,ForestWetRich
260708,Salix caprea,ForestWetRich
260709,Salix caprea,ForestWetRich
260710,Salix caprea,ForestWetRich
260711,Salix caprea,ForestWetRich
260712,Salix caprea,ForestWetRich
260713,Salix caprea,ForestWetRich
260714,Salix caprea,ForestWetRich
260715,Salix caprea,ForestWetRich
260716,Salix caprea,ForestWetRich
260717,Salix caprea,ForestWetRich
260718,Salix caprea,ForestWetRich
261275,Salix caprea,ForestWetRich
261276,Salix caprea,ForestWetRich
261277,Salix caprea,ForestWetRich
261278,Salix caprea,ForestWetRich
261279,Salix caprea,ForestWetRich
261280,Salix caprea,ForestWetRich
261281,Salix caprea,ForestWetRich
261282,Salix caprea,ForestWetRich
261283,Salix caprea,ForestWetRich
261284,Salix caprea,ForestWetRich
261285,Salix caprea,ForestWetRich
261286,Salix caprea,ForestWetRich
261287,Salix caprea,ForestWetRich
261288,Salix caprea,ForestWetRich
261289,Salix caprea,ForestWetRich
261290,Salix caprea,ForestWetRich
261291,Salix caprea,ForestWetRich
261292,Salix caprea,ForestWetRich
261293,Salix caprea,ForestWetRich
261294,Salix caprea,ForestWetRich
261295,Salix caprea,ForestWetRich
261296,Salix caprea,ForestWetRich
261297,Salix caprea,ForestWetRich
261298,Salix caprea,ForestWetRich
261299,Salix caprea,ForestWetRich
261300,Salix caprea,ForestWetRich
261301,Salix caprea,ForestWetRich
261302,Salix caprea,ForestWetRich
261303,Salix caprea,ForestWetRich
261304,Salix caprea,ForestWetRich
261305,Salix caprea,ForestWetRich
261306,Salix caprea,ForestWetRich
261307,Salix caprea,ForestWetRich
261308,Salix caprea,ForestWetRich
261309,Salix caprea,ForestWetRich
261310,Salix caprea,ForestWetRich
261311,Salix caprea,ForestWetRich
261312,Salix caprea,ForestWetRich
261313,Salix caprea,ForestWetRich
261314,Salix caprea,ForestWetRich
261315,Salix caprea,ForestWetRich
261316,Salix caprea,ForestWetRich
261317,Salix caprea,ForestWetRich
261318,Salix caprea,ForestWetRich
261319,Salix caprea,ForestWetRich
261873,Salix caprea,ForestWetRich
261874,Salix caprea,ForestWetRich
261875,Salix caprea,ForestWetRich
261876,Salix caprea,ForestWetRich
261877,Salix caprea,ForestWetRich
261878,Salix caprea,ForestWetRich
261879,Salix caprea,ForestWetRich
261880,Salix caprea,ForestWetRich
261881,Salix caprea,ForestWetRich
261882,Salix caprea,ForestWetRich
261883,Salix caprea,ForestWetRich
261884,Salix caprea,ForestWetRich
261885,Salix caprea,ForestWetRich
261886,Salix caprea,ForestWetRich
261887,Salix caprea,ForestWetRich
261888,Salix caprea,ForestWetRich
261889,Salix caprea,ForestWetRich
261890,Salix caprea,ForestWetRich
261891,Salix caprea,ForestWetRich
261892,Salix caprea,ForestWetRich
261893,Salix caprea,ForestWetRich
261894,Salix caprea,ForestWetRich
261895,Salix caprea,ForestWetRich
261896,Salix caprea,ForestWetRich
261897,Salix caprea,ForestWetRich
261898,Salix caprea,ForestWetRich
261899,Salix caprea,ForestWetRich
261900,Salix caprea,ForestWetRich
261901,Salix caprea,ForestWetRich
261902,Salix caprea,ForestWetRich
261903,Salix caprea,ForestWetRich
261904,Salix caprea,ForestWetRich
261905,Salix caprea,ForestWetRich
261906,Salix caprea,ForestWetRich
261907,Salix caprea,ForestWetRich
261908,Salix caprea,ForestWetRich
261909,Salix caprea,ForestWetRich
261910,Salix caprea,ForestWetRich
261911,Salix caprea,ForestWetRich
261912,Salix caprea,ForestWetRich
261913,Salix caprea,ForestWetRich
261914,Salix caprea,ForestWetRich
261915,Salix caprea,ForestWetRich
261916,Salix caprea,ForestWetRich
261917,Salix caprea,ForestWetRich
261918,Salix caprea,ForestWetRich
261919,Salix caprea,ForestWetRich
261920,Salix caprea,ForestWetRich
262470,Salix caprea,ForestWetRich
262471,Salix caprea,ForestWetRich
262472,Salix caprea,ForestWetRich
262473,Salix caprea,ForestWetRich
262474,Salix caprea,ForestWetRich
262475,Salix caprea,ForestWetRich
262476,Salix caprea,ForestWetRich
262477,Salix caprea,ForestWetRich
262478,Salix caprea,ForestWetRich
262479,Salix caprea,ForestWetRich
262480,Salix caprea,ForestWetRich
262481,Salix caprea,ForestWetRich
262482,Salix caprea,ForestWetRich
262483,Salix caprea,ForestWetRich
262484,Salix caprea,ForestWetRich
262485,Salix caprea,ForestWetRich
262486,Salix caprea,ForestWetRich
262487,Salix caprea,ForestWetRich
262488,Salix caprea,ForestWetRich
262489,Salix caprea,ForestWetRich
262490,Salix caprea,ForestWetRich
262491,Salix caprea,ForestWetRich
262492,Salix caprea,ForestWetRich
262493,Salix caprea,ForestWetRich
262494,Salix caprea,ForestWetRich
262495,Salix caprea,ForestWetRich
262496,Salix caprea,ForestWetRich
262497,Salix caprea,ForestWetRich
262498,Salix caprea,ForestWetRich
262499,Salix caprea,ForestWetRich
262500,Salix caprea,ForestWetRich
262501,Salix caprea,ForestWetRich
262502,Salix caprea,ForestWetRich
262503,Salix caprea,ForestWetRich
262504,Salix caprea,ForestWetRich
262505,Salix caprea,ForestWetRich
262506,Salix caprea,ForestWetRich
262507,Salix caprea,ForestWetRich
262508,Salix caprea,ForestWetRich
262509,Salix caprea,ForestWetRich
262510,Salix caprea,ForestWetRich
262511,Salix caprea,ForestWetRich
262512,Salix caprea,ForestWetRich
262513,Salix caprea,ForestWetRich
262514,Salix caprea,ForestWetRich
262515,Salix caprea,ForestWetRich
262516,Salix caprea,ForestWetRich
262517,Salix caprea,ForestWetRich
262518,Salix caprea,ForestWetRich
262519,Salix caprea,ForestWetRich
262520,Salix caprea,ForestWetRich
262521,Salix caprea,ForestWetRich
263067,Salix caprea,ForestWetRich
263068,Salix caprea,ForestWetRich
263069,Salix caprea,ForestWetRich
263070,Salix caprea,ForestWetRich
263071,Salix caprea,ForestWetRich
263072,Salix caprea,ForestWetRich
263073,Salix caprea,ForestWetRich
263074,Salix caprea,ForestWetRich
263075,Salix caprea,ForestWetRich
263076,Salix caprea,ForestWetRich
263077,Salix caprea,ForestWetRich
263078,Salix caprea,ForestWetRich
263079,Salix caprea,ForestWetRich
263080,Salix caprea,ForestWetRich
263081,Salix caprea,ForestWetRich
263082,Salix caprea,ForestWetRich
263083,Salix caprea,ForestWetRich
263084,Salix caprea,ForestWetRich
263085,Salix caprea,ForestWetRich
263086,Salix caprea,ForestWetRich
263087,Salix caprea,ForestWetRich
263088,Salix caprea,ForestWetRich
263089,Salix caprea,ForestWetRich
263090,Salix caprea,ForestWetRich
263091,Salix caprea,ForestWetRich
263092,Salix caprea,ForestWetRich
263093,Salix caprea,ForestWetRich
263094,Salix caprea,ForestWetRich
263095,Salix caprea,ForestWetRich
263096,Salix caprea,ForestWetRich
263097,Salix caprea,ForestWetRich
263098,Salix caprea,ForestWetRich
263099,Salix caprea,ForestWetRich
263100,Salix caprea,ForestWetRich
263101,Salix caprea,ForestWetRich
263102,Salix caprea,ForestWetRich
263103,Salix caprea,ForestWetRich
263104,Salix caprea,ForestWetRich
263105,Salix caprea,ForestWetRich
263106,Salix caprea,ForestWetRich
263107,Salix caprea,ForestWetRich
263108,Salix caprea,ForestWetRich
263109,Salix caprea,ForestWetRich
263110,Salix caprea,ForestWetRich
263111,Salix caprea,ForestWetRich
263112,Salix caprea,ForestWetRich
263113,Salix caprea,ForestWetRich
263114,Salix caprea,ForestWetRich
263115,Salix caprea,ForestWetRich
263116,Salix caprea,ForestWetRich
263117,Salix caprea,ForestWetRich
263118,Salix caprea,ForestWetRich
263119,Salix caprea,ForestWetRich
263120,Salix caprea,ForestWetRich
263121,Salix caprea,ForestWetRich
263665,Salix caprea,ForestWetRich
263666,Salix caprea,ForestWetRich
263667,Salix caprea,ForestWetRich
263668,Salix caprea,ForestWetRich
263669,Salix caprea,ForestWetRich
263670,Salix caprea,ForestWetRich
263671,Salix caprea,ForestWetRich
263672,Salix caprea,ForestWetRich
263673,Salix caprea,ForestWetRich
263674,Salix caprea,ForestWetRich
263675,Salix caprea,ForestWetRich
263676,Salix caprea,ForestWetRich
263677,Salix caprea,ForestWetRich
263678,Salix caprea,ForestWetRich
263679,Salix caprea,ForestWetRich
263680,Salix caprea,ForestWetRich
263681,Salix caprea,ForestWetRich
263682,Salix caprea,ForestWetRich
263683,Salix caprea,ForestWetRich
263684,Salix caprea,ForestWetRich
263685,Salix caprea,ForestWetRich
263686,Salix caprea,ForestWetRich
263687,Salix caprea,ForestWetRich
263688,Salix caprea,ForestWetRich
263689,Salix caprea,ForestWetRich
263690,Salix caprea,ForestWetRich
263691,Salix caprea,ForestWetRich
263692,Salix caprea,ForestWetRich
263693,Salix caprea,ForestWetRich
263694,Salix caprea,ForestWetRich
263695,Salix caprea,ForestWetRich
263696,Salix caprea,ForestWetRich
263697,Salix caprea,ForestWetRich
263698,Salix caprea,ForestWetRich
263699,Salix caprea,ForestWetRich
263700,Salix caprea,ForestWetRich
263701,Salix caprea,ForestWetRich
263702,Salix caprea,ForestWetRich
263703,Salix caprea,ForestWetRich
263704,Salix caprea,ForestWetRich
263705,Salix caprea,ForestWetRich
263706,Salix caprea,ForestWetRich
263707,Salix caprea,ForestWetRich
263708,Salix caprea,ForestWetRich
263709,Salix caprea,ForestWetRich
263710,Salix caprea,ForestWetRich
263711,Salix caprea,ForestWetRich
263712,Salix caprea,ForestWetRich
263713,Salix caprea,ForestWetRich
263714,Salix caprea,ForestWetRich
263715,Salix caprea,ForestWetRich
263716,Salix caprea,ForestWetRich
263717,Salix caprea,ForestWetRich
263718,Salix caprea,ForestWetRich
263719,Salix caprea,ForestWetRich
263720,Salix caprea,ForestWetRich
263721,Salix caprea,ForestWetRich
263722,Salix caprea,ForestWetRich
264263,Salix caprea,ForestWetRich
264264,Salix caprea,ForestWetRich
264265,Salix caprea,ForestWetRich
264266,Salix caprea,ForestWetRich
264267,Salix caprea,ForestWetRich
264268,Salix caprea,ForestWetRich
264269,Salix caprea,ForestWetRich
264270,Salix caprea,ForestWetRich
264271,Salix caprea,ForestWetRich
264272,Salix caprea,ForestWetRich
264273,Salix caprea,ForestWetRich
264274,Salix caprea,ForestWetRich
264275,Salix caprea,ForestWetRich
264276,Salix caprea,ForestWetRich
264277,Salix caprea,ForestWetRich
264278,Salix caprea,ForestWetRich
264279,Salix caprea,ForestWetRich
264280,Salix caprea,ForestWetRich
264281,Salix caprea,ForestWetRich
264282,Salix caprea,ForestWetRich
264283,Salix caprea,ForestWetRich
264284,Salix caprea,ForestWetRich
264285,Salix caprea,ForestWetRich
264286,Salix caprea,ForestWetRich
264287,Salix caprea,ForestWetRich
264288,Salix caprea,ForestWetRich
264289,Salix caprea,ForestWetRich
264290,Salix caprea,ForestWetRich
264291,Salix caprea,ForestWetRich
264292,Salix caprea,ForestWetRich
264293,Salix caprea,ForestWetRich
264294,Salix caprea,ForestWetRich
264295,Salix caprea,ForestWetRich
264296,Salix caprea,ForestWetRich
264297,Salix caprea,ForestWetRich
264298,Salix caprea,ForestWetRich
264299,Salix caprea,ForestWetRich
264300,Salix caprea,ForestWetRich
264301,Salix caprea,ForestWetRich
264302,Salix caprea,ForestWetRich
264303,Salix caprea,ForestWetRich
264304,Salix caprea,ForestWetRich
264305,Salix caprea,ForestWetRich
264306,Salix caprea,ForestWetRich
264307,Salix caprea,ForestWetRich
264308,Salix caprea,ForestWetRich
264309,Salix caprea,ForestWetRich
264310,Salix caprea,ForestWetRich
264311,Salix caprea,ForestWetRich
264312,Salix caprea,ForestWetRich
264313,Salix caprea,ForestWetRich
264314,Salix caprea,ForestWetRich
264315,Salix caprea,ForestWetRich
264316,Salix caprea,ForestWetRich
264317,Salix caprea,ForestWetRich
264318,Salix caprea,ForestWetRich
264319,Salix caprea,ForestWetRich
264320,Salix caprea,ForestWetRich
264321,Salix caprea,ForestWetRich
264322,Salix caprea,ForestWetRich
264860,Salix caprea,ForestWetRich
264861,Salix caprea,ForestWetRich
264862,Salix caprea,ForestWetRich
264863,Salix caprea,ForestWetRich
264864,Salix caprea,ForestWetRich
264865,Salix caprea,ForestWetRich
264866,Salix caprea,ForestWetRich
264867,Salix caprea,ForestWetRich
264868,Salix caprea,ForestWetRich
264869,Salix caprea,ForestWetRich
264870,Salix caprea,ForestWetRich
264871,Salix caprea,ForestWetRich
264872,Salix caprea,ForestWetRich
264873,Salix caprea,ForestWetRich
264874,Salix caprea,ForestWetRich
264875,Salix caprea,ForestWetRich
264876,Salix caprea,ForestWetRich
264877,Salix caprea,ForestWetRich
264878,Salix caprea,ForestWetRich
264879,Salix caprea,ForestWetRich
264880,Salix caprea,ForestWetRich
264881,Salix caprea,ForestWetRich
264882,Salix caprea,ForestWetRich
264883,Salix caprea,ForestWetRich
264884,Salix caprea,ForestWetRich
264885,Salix caprea,ForestWetRich
264886,Salix caprea,ForestWetRich
264887,Salix caprea,ForestWetRich
264888,Salix caprea,ForestWetRich
264889,Salix caprea,ForestWetRich
264890,Salix caprea,ForestWetRich
264891,Salix caprea,ForestWetRich
264892,Salix caprea,ForestWetRich
264893,Salix caprea,ForestWetRich
264894,Salix caprea,ForestWetRich
264895,Salix caprea,ForestWetRich
264896,Salix caprea,ForestWetRich
264897,Salix caprea,ForestWetRich
264898,Salix caprea,ForestWetRich
264899,Salix caprea,ForestWetRich
264900,Salix caprea,ForestWetRich
264901,Salix caprea,ForestWetRich
264902,Salix caprea,ForestWetRich
264903,Salix caprea,ForestWetRich
264904,Salix caprea,ForestWetRich
264905,Salix caprea,ForestWetRich
264906,Salix caprea,ForestWetRich
264907,Salix caprea,ForestWetRich
264908,Salix caprea,ForestWetRich
264909,Salix caprea,ForestWetRich
264910,Salix caprea,ForestWetRich
264911,Salix caprea,ForestWetRich
264912,Salix caprea,ForestWetRich
264913,Salix caprea,ForestWetRich
264914,Salix caprea,ForestWetRich
264915,Salix caprea,ForestWetRich
264916,Salix caprea,ForestWetRich
264917,Salix caprea,ForestWetRich
264918,Salix caprea,ForestWetRich
264919,Salix caprea,ForestWetRich
264920,Salix caprea,ForestWetRich
264921,Salix caprea,ForestWetRich
264922,Salix caprea,ForestWetRich
265458,Salix caprea,ForestWetRich
265459,Salix caprea,ForestWetRich
265460,Salix caprea,ForestWetRich
265461,Salix caprea,ForestWetRich
265462,Salix caprea,ForestWetRich
265463,Salix caprea,ForestWetRich
265464,Salix caprea,ForestWetRich
265465,Salix caprea,ForestWetRich
265466,Salix caprea,ForestWetRich
265467,Salix caprea,ForestWetRich
265468,Salix caprea,ForestWetRich
265469,Salix caprea,ForestWetRich
265470,Salix caprea,ForestWetRich
265471,Salix caprea,ForestWetRich
265472,Salix caprea,ForestWetRich
265473,Salix caprea,ForestWetRich
265474,Salix caprea,ForestWetRich
265475,Salix caprea,ForestWetRich
265476,Salix caprea,ForestWetRich
265477,Salix caprea,ForestWetRich
265478,Salix caprea,ForestWetRich
265479,Salix caprea,ForestWetRich
265480,Salix caprea,ForestWetRich
265481,Salix caprea,ForestWetRich
265482,Salix caprea,ForestWetRich
265483,Salix caprea,ForestWetRich
265484,Salix caprea,ForestWetRich
265485,Salix caprea,ForestWetRich
265486,Salix caprea,ForestWetRich
265487,Salix caprea,ForestWetRich
265488,Salix caprea,ForestWetRich
265489,Salix caprea,ForestWetRich
265490,Salix caprea,ForestWetRich
265491,Salix caprea,ForestWetRich
265492,Salix caprea,ForestWetRich
265493,Salix caprea,ForestWetRich
265494,Salix caprea,ForestWetRich
265495,Salix caprea,ForestWetRich
265496,Salix caprea,ForestWetRich
265497,Salix caprea,ForestWetRich
265498,Salix caprea,ForestWetRich
265499,Salix caprea,ForestWetRich
265500,Salix caprea,ForestWetRich
265501,Salix caprea,ForestWetRich
265502,Salix caprea,ForestWetRich
265503,Salix caprea,ForestWetRich
265504,Salix caprea,ForestWetRich
265505,Salix caprea,ForestWetRich
265506,Salix caprea,ForestWetRich
265507,Salix caprea,ForestWetRich
265508,Salix caprea,ForestWetRich
265509,Salix caprea,ForestWetRich
265510,Salix caprea,ForestWetRich
265511,Salix caprea,ForestWetRich
265512,Salix caprea,ForestWetRich
265513,Salix caprea,ForestWetRich
265514,Salix caprea,ForestWetRich
265515,Salix caprea,ForestWetRich
265516,Salix caprea,ForestWetRich
265517,Salix caprea,ForestWetRich
265518,Salix caprea,ForestWetRich
265519,Salix caprea,ForestWetRich
265520,Salix caprea,ForestWetRich
265521,Salix caprea,ForestWetRich
265522,Salix caprea,ForestWetRich
266056,Salix caprea,ForestWetRich
266057,Salix caprea,ForestWetRich
266058,Salix caprea,ForestWetRich
266059,Salix caprea,ForestWetRich
266060,Salix caprea,ForestWetRich
266061,Salix caprea,ForestWetRich
266062,Salix caprea,ForestWetRich
266063,Salix caprea,ForestWetRich
266064,Salix caprea,ForestWetRich
266065,Salix caprea,ForestWetRich
266066,Salix caprea,ForestWetRich
266067,Salix caprea,ForestWetRich
266068,Salix caprea,ForestWetRich
266069,Salix caprea,ForestWetRich
266070,Salix caprea,ForestWetRich
266071,Salix caprea,ForestWetRich
266072,Salix caprea,ForestWetRich
266113,Salix caprea,ForestWetRich
266114,Salix caprea,ForestWetRich
266115,Salix caprea,ForestWetRich
266116,Salix caprea,ForestWetRich
266117,Salix caprea,ForestWetRich
266118,Salix caprea,ForestWetRich
266119,Salix caprea,ForestWetRich
266120,Salix caprea,ForestWetRich
266121,Salix caprea,ForestWetRich
266122,Salix caprea,ForestWetRich
266123,Salix caprea,ForestWetRich
266654,Salix caprea,ForestWetRich
266655,Salix caprea,ForestWetRich
266656,Salix caprea,ForestWetRich
266657,Salix caprea,ForestWetRich
266658,Salix caprea,ForestWetRich
266659,Salix caprea,ForestWetRich
266660,Salix caprea,ForestWetRich
266661,Salix caprea,ForestWetRich
266662,Salix caprea,ForestWetRich
266663,Salix caprea,ForestWetRich
266664,Salix caprea,ForestWetRich
266665,Salix caprea,ForestWetRich
266666,Salix caprea,ForestWetRich
266667,Salix caprea,ForestWetRich
266668,Salix caprea,ForestWetRich
266669,Salix caprea,ForestWetRich
266670,Salix caprea,ForestWetRich
266671,Salix caprea,ForestWetRich
266712,Salix caprea,ForestWetRich
266713,Salix caprea,ForestWetRich
266714,Salix caprea,ForestWetRich
266715,Salix caprea,ForestWetRich
266716,Salix caprea,ForestWetRich
266717,Salix caprea,ForestWetRich
266718,Salix caprea,ForestWetRich
266719,Salix caprea,ForestWetRich
266720,Salix caprea,ForestWetRich
266721,Salix caprea,ForestWetRich
266722,Salix caprea,ForestWetRich
266723,Salix caprea,ForestWetRich
267252,Salix caprea,ForestWetRich
267253,Salix caprea,ForestWetRich
267254,Salix caprea,ForestWetRich
267255,Salix caprea,ForestWetRich
267256,Salix caprea,ForestWetRich
267257,Salix caprea,ForestWetRich
267258,Salix caprea,ForestWetRich
267259,Salix caprea,ForestWetRich
267260,Salix caprea,ForestWetRich
267261,Salix caprea,ForestWetRich
267262,Salix caprea,ForestWetRich
267263,Salix caprea,ForestWetRich
267264,Salix caprea,ForestWetRich
267265,Salix caprea,ForestWetRich
267266,Salix caprea,ForestWetRich
267267,Salix caprea,ForestWetRich
267268,Salix caprea,ForestWetRich
267269,Salix caprea,ForestWetRich
267270,Salix caprea,ForestWetRich
267311,Salix caprea,ForestWetRich
267312,Salix caprea,ForestWetRich
267313,Salix caprea,ForestWetRich
267314,Salix caprea,ForestWetRich
267315,Salix caprea,ForestWetRich
267316,Salix caprea,ForestWetRich
267317,Salix caprea,ForestWetRich
267318,Salix caprea,ForestWetRich
267319,Salix caprea,ForestWetRich
267320,Salix caprea,ForestWetRich
267321,Salix caprea,ForestWetRich
267322,Salix caprea,ForestWetRich
267323,Salix caprea,ForestWetRich
267850,Salix caprea,ForestWetRich
267851,Salix caprea,ForestWetRich
267852,Salix caprea,ForestWetRich
267853,Salix caprea,ForestWetRich
267854,Salix caprea,ForestWetRich
267855,Salix caprea,ForestWetRich
267856,Salix caprea,ForestWetRich
267857,Salix caprea,ForestWetRich
267858,Salix caprea,ForestWetRich
267859,Salix caprea,ForestWetRich
267860,Salix caprea,ForestWetRich
267861,Salix caprea,ForestWetRich
267862,Salix caprea,ForestWetRich
267863,Salix caprea,ForestWetRich
267864,Salix caprea,ForestWetRich
267865,Salix caprea,ForestWetRich
267866,Salix caprea,ForestWetRich
267867,Salix caprea,ForestWetRich
267868,Salix caprea,ForestWetRich
267869,Salix caprea,ForestWetRich
267910,Salix caprea,ForestWetRich
267911,Salix caprea,ForestWetRich
267912,Salix caprea,ForestWetRich
267913,Salix caprea,ForestWetRich
267914,Salix caprea,ForestWetRich
267915,Salix caprea,ForestWetRich
267916,Salix caprea,ForestWetRich
267917,Salix caprea,ForestWetRich
267918,Salix caprea,ForestWetRich
267919,Salix caprea,ForestWetRich
267920,Salix caprea,ForestWetRich
267921,Salix caprea,ForestWetRich
267922,Salix caprea,ForestWetRich
267923,Salix caprea,ForestWetRich
268448,Salix caprea,ForestWetRich
268449,Salix caprea,ForestWetRich
268450,Salix caprea,ForestWetRich
268451,Salix caprea,ForestWetRich
268452,Salix caprea,ForestWetRich
268453,Salix caprea,ForestWetRich
268454,Salix caprea,ForestWetRich
268455,Salix caprea,ForestWetRich
268456,Salix caprea,ForestWetRich
268457,Salix caprea,ForestWetRich
268458,Salix caprea,ForestWetRich
268459,Salix caprea,ForestWetRich
268460,Salix caprea,ForestWetRich
268461,Salix caprea,ForestWetRich
268462,Salix caprea,ForestWetRich
268463,Salix caprea,ForestWetRich
268464,Salix caprea,ForestWetRich
268465,Salix caprea,ForestWetRich
268466,Salix caprea,ForestWetRich
268467,Salix caprea,ForestWetRich
268468,Salix caprea,ForestWetRich
268509,Salix caprea,ForestWetRich
268510,Salix caprea,ForestWetRich
268511,Salix caprea,ForestWetRich
268512,Salix caprea,ForestWetRich
268513,Salix caprea,ForestWetRich
268514,Salix caprea,ForestWetRich
268515,Salix caprea,ForestWetRich
268516,Salix caprea,ForestWetRich
268517,Salix caprea,ForestWetRich
268518,Salix caprea,ForestWetRich
268519,Salix caprea,ForestWetRich
268520,Salix caprea,ForestWetRich
268521,Salix caprea,ForestWetRich
268522,Salix caprea,ForestWetRich
269046,Salix caprea,ForestWetRich
269047,Salix caprea,ForestWetRich
269048,Salix caprea,ForestWetRich
269049,Salix caprea,ForestWetRich
269050,Salix caprea,ForestWetRich
269051,Salix caprea,ForestWetRich
269052,Salix caprea,ForestWetRich
269053,Salix caprea,ForestWetRich
269054,Salix caprea,ForestWetRich
269055,Salix caprea,ForestWetRich
269056,Salix caprea,ForestWetRich
269057,Salix caprea,ForestWetRich
269058,Salix caprea,ForestWetRich
269059,Salix caprea,ForestWetRich
269060,Salix caprea,ForestWetRich
269061,Salix caprea,ForestWetRich
269062,Salix caprea,ForestWetRich
269063,Salix caprea,ForestWetRich
269064,Salix caprea,ForestWetRich
269065,Salix caprea,ForestWetRich
269066,Salix caprea,ForestWetRich
269067,Salix caprea,ForestWetRich
269108,Salix caprea,ForestWetRich
269109,Salix caprea,ForestWetRich
269110,Salix caprea,ForestWetRich
269111,Salix caprea,ForestWetRich
269112,Salix caprea,ForestWetRich
269113,Salix caprea,ForestWetRich
269114,Salix caprea,ForestWetRich
269115,Salix caprea,ForestWetRich
269116,Salix caprea,ForestWetRich
269117,Salix caprea,ForestWetRich
269118,Salix caprea,ForestWetRich
269119,Salix caprea,ForestWetRich
269120,Salix caprea,ForestWetRich
269121,Salix caprea,ForestWetRich
269122,Salix caprea,ForestWetRich
269644,Salix caprea,ForestWetRich
269645,Salix caprea,ForestWetRich
269646,Salix caprea,ForestWetRich
269647,Salix caprea,ForestWetRich
269648,Salix caprea,ForestWetRich
269649,Salix caprea,ForestWetRich
269650,Salix caprea,ForestWetRich
269651,Salix caprea,ForestWetRich
269652,Salix caprea,ForestWetRich
269653,Salix caprea,ForestWetRich
269654,Salix caprea,ForestWetRich
269655,Salix caprea,ForestWetRich
269656,Salix caprea,ForestWetRich
269657,Salix caprea,ForestWetRich
269658,Salix caprea,ForestWetRich
269659,Salix caprea,ForestWetRich
269660,Salix caprea,ForestWetRich
269661,Salix caprea,ForestWetRich
269662,Salix caprea,ForestWetRich
269663,Salix caprea,ForestWetRich
269664,Salix caprea,ForestWetRich
269665,Salix caprea,ForestWetRich
269666,Salix caprea,ForestWetRich
269707,Salix caprea,ForestWetRich
269708,Salix caprea,ForestWetRich
269709,Salix caprea,ForestWetRich
269710,Salix caprea,ForestWetRich
269711,Salix caprea,ForestWetRich
269712,Salix caprea,ForestWetRich
269713,Salix caprea,ForestWetRich
269714,Salix caprea,ForestWetRich
269715,Salix caprea,ForestWetRich
269716,Salix caprea,ForestWetRich
269717,Salix caprea,ForestWetRich
269718,Salix caprea,ForestWetRich
269719,Salix caprea,ForestWetRich
269720,Salix caprea,ForestWetRich
269721,Salix caprea,ForestWetRich
269722,Salix caprea,ForestWetRich
270243,Salix caprea,ForestWetRich
270244,Salix caprea,ForestWetRich
270245,Salix caprea,ForestWetRich
270246,Salix caprea,ForestWetRich
270247,Salix caprea,ForestWetRich
270248,Salix caprea,ForestWetRich
270249,Salix caprea,ForestWetRich
270250,Salix caprea,ForestWetRich
270251,Salix caprea,ForestWetRich
270252,Salix caprea,ForestWetRich
270253,Salix caprea,ForestWetRich
270254,Salix caprea,ForestWetRich
270255,Salix caprea,ForestWetRich
270256,Salix caprea,ForestWetRich
270257,Salix caprea,ForestWetRich
270258,Salix caprea,ForestWetRich
270259,Salix caprea,ForestWetRich
270260,Salix caprea,ForestWetRich
270261,Salix caprea,ForestWetRich
270262,Salix caprea,ForestWetRich
270263,Salix caprea,ForestWetRich
270264,Salix caprea,ForestWetRich
270265,Salix caprea,ForestWetRich
270306,Salix caprea,ForestWetRich
270307,Salix caprea,ForestWetRich
270308,Salix caprea,ForestWetRich
270309,Salix caprea,ForestWetRich
270310,Salix caprea,ForestWetRich
270311,Salix caprea,ForestWetRich
270312,Salix caprea,ForestWetRich
270313,Salix caprea,ForestWetRich
270314,Salix caprea,ForestWetRich
270315,Salix caprea,ForestWetRich
270316,Salix caprea,ForestWetRich
270317,Salix caprea,ForestWetRich
270318,Salix caprea,ForestWetRich
270319,Salix caprea,ForestWetRich
270320,Salix caprea,ForestWetRich
270321,Salix caprea,ForestWetRich
270322,Salix caprea,ForestWetRich
270841,Salix caprea,ForestWetRich
270842,Salix caprea,ForestWetRich
270843,Salix caprea,ForestWetRich
270844,Salix caprea,ForestWetRich
270845,Salix caprea,ForestWetRich
270846,Salix caprea,ForestWetRich
270847,Salix caprea,ForestWetRich
270848,Salix caprea,ForestWetRich
270849,Salix caprea,ForestWetRich
270850,Salix caprea,ForestWetRich
270851,Salix caprea,ForestWetRich
270852,Salix caprea,ForestWetRich
270853,Salix caprea,ForestWetRich
270854,Salix caprea,ForestWetRich
270855,Salix caprea,ForestWetRich
270856,Salix caprea,ForestWetRich
270857,Salix caprea,ForestWetRich
270858,Salix caprea,ForestWetRich
270859,Salix caprea,ForestWetRich
270860,Salix caprea,ForestWetRich
270861,Salix caprea,ForestWetRich
270862,Salix caprea,ForestWetRich
270863,Salix caprea,ForestWetRich
270864,Salix caprea,ForestWetRich
270905,Salix caprea,ForestWetRich
270906,Salix caprea,ForestWetRich
270907,Salix caprea,ForestWetRich
270908,Salix caprea,ForestWetRich
270909,Salix caprea,ForestWetRich
270910,Salix caprea,ForestWetRich
270911,Salix caprea,ForestWetRich
270912,Salix caprea,ForestWetRich
270913,Salix caprea,ForestWetRich
270914,Salix caprea,ForestWetRich
270915,Salix caprea,ForestWetRich
270916,Salix caprea,ForestWetRich
270917,Salix caprea,ForestWetRich
270918,Salix caprea,ForestWetRich
270919,Salix caprea,ForestWetRich
270920,Salix caprea,ForestWetRich
270921,Salix caprea,ForestWetRich
270922,Salix caprea,ForestWetRich
271439,Salix caprea,ForestWetRich
271440,Salix caprea,ForestWetRich
271441,Salix caprea,ForestWetRich
271442,Salix caprea,ForestWetRich
271443,Salix caprea,ForestWetRich
271444,Salix caprea,ForestWetRich
271445,Salix caprea,ForestWetRich
271446,Salix caprea,ForestWetRich
271447,Salix caprea,ForestWetRich
271448,Salix caprea,ForestWetRich
271449,Salix caprea,ForestWetRich
271450,Salix caprea,ForestWetRich
271451,Salix caprea,ForestWetRich
271452,Salix caprea,ForestWetRich
271453,Salix caprea,ForestWetRich
271454,Salix caprea,ForestWetRich
271455,Salix caprea,ForestWetRich
271456,Salix caprea,ForestWetRich
271457,Salix caprea,ForestWetRich
271458,Salix caprea,ForestWetRich
271459,Salix caprea,ForestWetRich
271460,Salix caprea,ForestWetRich
271461,Salix caprea,ForestWetRich
271462,Salix caprea,ForestWetRich
271463,Salix caprea,ForestWetRich
271504,Salix caprea,ForestWetRich
271505,Salix caprea,ForestWetRich
271506,Salix caprea,ForestWetRich
271507,Salix caprea,ForestWetRich
271508,Salix caprea,ForestWetRich
271509,Salix caprea,ForestWetRich
271510,Salix caprea,ForestWetRich
271511,Salix caprea,ForestWetRich
271512,Salix caprea,ForestWetRich
271513,Salix caprea,ForestWetRich
271514,Salix caprea,ForestWetRich
271515,Salix caprea,ForestWetRich
271516,Salix caprea,ForestWetRich
271517,Salix caprea,ForestWetRich
271518,Salix caprea,ForestWetRich
271519,Salix caprea,ForestWetRich
271520,Salix caprea,ForestWetRich
271521,Salix caprea,ForestWetRich
272038,Salix caprea,ForestWetRich
272039,Salix caprea,ForestWetRich
272040,Salix caprea,ForestWetRich
272041,Salix caprea,ForestWetRich
272042,Salix caprea,ForestWetRich
272043,Salix caprea,ForestWetRich
272044,Salix caprea,ForestWetRich
272045,Salix caprea,ForestWetRich
272046,Salix caprea,ForestWetRich
272047,Salix caprea,ForestWetRich
272048,Salix caprea,ForestWetRich
272049,Salix caprea,ForestWetRich
272050,Salix caprea,ForestWetRich
272051,Salix caprea,ForestWetRich
272052,Salix caprea,ForestWetRich
272053,Salix caprea,ForestWetRich
272054,Salix caprea,ForestWetRich
272055,Salix caprea,ForestWetRich
272056,Salix caprea,ForestWetRich
272057,Salix caprea,ForestWetRich
272058,Salix caprea,ForestWetRich
272059,Salix caprea,ForestWetRich
272060,Salix caprea,ForestWetRich
272061,Salix caprea,ForestWetRich
272062,Salix caprea,ForestWetRich
272103,Salix caprea,ForestWetRich
272104,Salix caprea,ForestWetRich
272105,Salix caprea,ForestWetRich
272106,Salix caprea,ForestWetRich
272107,Salix caprea,ForestWetRich
272108,Salix caprea,ForestWetRich
272109,Salix caprea,ForestWetRich
272110,Salix caprea,ForestWetRich
272111,Salix caprea,ForestWetRich
272112,Salix caprea,ForestWetRich
272113,Salix caprea,ForestWetRich
272114,Salix caprea,ForestWetRich
272115,Salix caprea,ForestWetRich
272116,Salix caprea,ForestWetRich
272117,Salix caprea,ForestWetRich
272118,Salix caprea,ForestWetRich
272119,Salix caprea,ForestWetRich
272120,Salix caprea,ForestWetRich
272121,Salix caprea,ForestWetRich
272636,Salix caprea,ForestWetRich
272637,Salix caprea,ForestWetRich
272638,Salix caprea,ForestWetRich
272639,Salix caprea,ForestWetRich
272640,Salix caprea,ForestWetRich
272641,Salix caprea,ForestWetRich
272642,Salix caprea,ForestWetRich
272643,Salix caprea,ForestWetRich
272644,Salix caprea,ForestWetRich
272645,Salix caprea,ForestWetRich
272646,Salix caprea,ForestWetRich
272647,Salix caprea,ForestWetRich
272648,Salix caprea,ForestWetRich
272649,Salix caprea,ForestWetRich
272650,Salix caprea,ForestWetRich
272651,Salix caprea,ForestWetRich
272652,Salix caprea,ForestWetRich
272653,Salix caprea,ForestWetRich
272654,Salix caprea,ForestWetRich
272655,Salix caprea,ForestWetRich
272656,Salix caprea,ForestWetRich
272657,Salix caprea,ForestWetRich
272658,Salix caprea,ForestWetRich
272659,Salix caprea,ForestWetRich
272660,Salix caprea,ForestWetRich
272661,Salix caprea,ForestWetRich
272702,Salix caprea,ForestWetRich
272703,Salix caprea,ForestWetRich
272704,Salix caprea,ForestWetRich
272705,Salix caprea,ForestWetRich
272706,Salix caprea,ForestWetRich
272707,Salix caprea,ForestWetRich
272708,Salix caprea,ForestWetRich
272709,Salix caprea,ForestWetRich
272710,Salix caprea,ForestWetRich
272711,Salix caprea,ForestWetRich
272712,Salix caprea,ForestWetRich
272713,Salix caprea,ForestWetRich
272714,Salix caprea,ForestWetRich
272715,Salix caprea,ForestWetRich
272716,Salix caprea,ForestWetRich
272717,Salix caprea,ForestWetRich
272718,Salix caprea,ForestWetRich
272719,Salix caprea,ForestWetRich
272720,Salix caprea,ForestWetRich
272721,Salix caprea,ForestWetRich
273234,Salix caprea,ForestWetRich
273235,Salix caprea,ForestWetRich
273236,Salix caprea,ForestWetRich
273237,Salix caprea,ForestWetRich
273238,Salix caprea,ForestWetRich
273239,Salix caprea,ForestWetRich
273240,Salix caprea,ForestWetRich
273241,Salix caprea,ForestWetRich
273242,Salix caprea,ForestWetRich
273243,Salix caprea,ForestWetRich
273244,Salix caprea,ForestWetRich
273245,Salix caprea,ForestWetRich
273246,Salix caprea,ForestWetRich
273247,Salix caprea,ForestWetRich
273248,Salix caprea,ForestWetRich
273249,Salix caprea,ForestWetRich
273250,Salix caprea,ForestWetRich
273251,Salix caprea,ForestWetRich
273252,Salix caprea,ForestWetRich
273253,Salix caprea,ForestWetRich
273254,Salix caprea,ForestWetRich
273255,Salix caprea,ForestWetRich
273256,Salix caprea,ForestWetRich
273257,Salix caprea,ForestWetRich
273258,Salix caprea,ForestWetRich
273259,Salix caprea,ForestWetRich
273260,Salix caprea,ForestWetRich
273301,Salix caprea,ForestWetRich
273302,Salix caprea,ForestWetRich
273303,Salix caprea,ForestWetRich
273304,Salix caprea,ForestWetRich
273305,Salix caprea,ForestWetRich
273306,Salix caprea,ForestWetRich
273307,Salix caprea,ForestWetRich
273308,Salix caprea,ForestWetRich
273309,Salix caprea,ForestWetRich
273310,Salix caprea,ForestWetRich
273311,Salix caprea,ForestWetRich
273312,Salix caprea,ForestWetRich
273313,Salix caprea,ForestWetRich
273314,Salix caprea,ForestWetRich
273315,Salix caprea,ForestWetRich
273316,Salix caprea,ForestWetRich
273317,Salix caprea,ForestWetRich
273318,Salix caprea,ForestWetRich
273319,Salix caprea,ForestWetRich
273320,Salix caprea,ForestWetRich
273833,Salix caprea,ForestWetRich
273834,Salix caprea,ForestWetRich
273835,Salix caprea,ForestWetRich
273836,Salix caprea,ForestWetRich
273837,Salix caprea,ForestWetRich
273838,Salix caprea,ForestWetRich
273839,Salix caprea,ForestWetRich
273840,Salix caprea,ForestWetRich
273841,Salix caprea,ForestWetRich
273842,Salix caprea,ForestWetRich
273843,Salix caprea,ForestWetRich
273844,Salix caprea,ForestWetRich
273845,Salix caprea,ForestWetRich
273846,Salix caprea,ForestWetRich
273847,Salix caprea,ForestWetRich
273848,Salix caprea,ForestWetRich
273849,Salix caprea,ForestWetRich
273850,Salix caprea,ForestWetRich
273851,Salix caprea,ForestWetRich
273852,Salix caprea,ForestWetRich
273853,Salix caprea,ForestWetRich
273854,Salix caprea,ForestWetRich
273855,Salix caprea,ForestWetRich
273856,Salix caprea,ForestWetRich
273857,Salix caprea,ForestWetRich
273858,Salix caprea,ForestWetRich
273859,Salix caprea,ForestWetRich
273900,Salix caprea,ForestWetRich
273901,Salix caprea,ForestWetRich
273902,Salix caprea,ForestWetRich
273903,Salix caprea,ForestWetRich
273904,Salix caprea,ForestWetRich
273905,Salix caprea,ForestWetRich
273906,Salix caprea,ForestWetRich
273907,Salix caprea,ForestWetRich
273908,Salix caprea,ForestWetRich
273909,Salix caprea,ForestWetRich
273910,Salix caprea,ForestWetRich
273911,Salix caprea,ForestWetRich
273912,Salix caprea,ForestWetRich
273913,Salix caprea,ForestWetRich
273914,Salix caprea,ForestWetRich
273915,Salix caprea,ForestWetRich
273916,Salix caprea,ForestWetRich
273917,Salix caprea,ForestWetRich
273918,Salix caprea,ForestWetRich
273919,Salix caprea,ForestWetRich
273920,Salix caprea,ForestWetRich
274431,Salix caprea,ForestWetRich
274432,Salix caprea,ForestWetRich
274433,Salix caprea,ForestWetRich
274434,Salix caprea,ForestWetRich
274435,Salix caprea,ForestWetRich
274436,Salix caprea,ForestWetRich
274437,Salix caprea,ForestWetRich
274438,Salix caprea,ForestWetRich
274439,Salix caprea,ForestWetRich
274440,Salix caprea,ForestWetRich
274441,Salix caprea,ForestWetRich
274442,Salix caprea,ForestWetRich
274443,Salix caprea,ForestWetRich
274444,Salix caprea,ForestWetRich
274445,Salix caprea,ForestWetRich
274446,Salix caprea,ForestWetRich
274447,Salix caprea,ForestWetRich
274448,Salix caprea,ForestWetRich
274449,Salix caprea,ForestWetRich
274450,Salix caprea,ForestWetRich
274451,Salix caprea,ForestWetRich
274452,Salix caprea,ForestWetRich
274453,Salix caprea,ForestWetRich
274454,Salix caprea,ForestWetRich
274455,Salix caprea,ForestWetRich
274456,Salix caprea,ForestWetRich
274457,Salix caprea,ForestWetRich
274458,Salix caprea,ForestWetRich
274499,Salix caprea,ForestWetRich
274500,Salix caprea,ForestWetRich
274501,Salix caprea,ForestWetRich
274502,Salix caprea,ForestWetRich
274503,Salix caprea,ForestWetRich
274504,Salix caprea,ForestWetRich
274505,Salix caprea,ForestWetRich
274506,Salix caprea,ForestWetRich
274507,Salix caprea,ForestWetRich
274508,Salix caprea,ForestWetRich
274509,Salix caprea,ForestWetRich
274510,Salix caprea,ForestWetRich
274511,Salix caprea,ForestWetRich
274512,Salix caprea,ForestWetRich
274513,Salix caprea,ForestWetRich
274514,Salix caprea,ForestWetRich
274515,Salix caprea,ForestWetRich
274516,Salix caprea,ForestWetRich
274517,Salix caprea,ForestWetRich
274518,Salix caprea,ForestWetRich
274519,Salix caprea,ForestWetRich
275030,Salix caprea,ForestWetRich
275031,Salix caprea,ForestWetRich
275032,Salix caprea,ForestWetRich
275033,Salix caprea,ForestWetRich
275034,Salix caprea,ForestWetRich
275035,Salix caprea,ForestWetRich
275036,Salix caprea,ForestWetRich
275037,Salix caprea,ForestWetRich
275038,Salix caprea,ForestWetRich
275039,Salix caprea,ForestWetRich
275040,Salix caprea,ForestWetRich
275041,Salix caprea,ForestWetRich
275042,Salix caprea,ForestWetRich
275043,Salix caprea,ForestWetRich
275044,Salix caprea,ForestWetRich
275045,Salix caprea,ForestWetRich
275046,Salix caprea,ForestWetRich
275047,Salix caprea,ForestWetRich
275048,Salix caprea,ForestWetRich
275049,Salix caprea,ForestWetRich
275050,Salix caprea,ForestWetRich
275051,Salix caprea,ForestWetRich
275052,Salix caprea,ForestWetRich
275053,Salix caprea,ForestWetRich
275054,Salix caprea,ForestWetRich
275055,Salix caprea,ForestWetRich
275056,Salix caprea,ForestWetRich
275057,Salix caprea,ForestWetRich
275098,Salix caprea,ForestWetRich
275099,Salix caprea,ForestWetRich
275100,Salix caprea,ForestWetRich
275101,Salix caprea,ForestWetRich
275102,Salix caprea,ForestWetRich
275103,Salix caprea,ForestWetRich
275104,Salix caprea,ForestWetRich
275105,Salix caprea,ForestWetRich
275106,Salix caprea,ForestWetRich
275107,Salix caprea,ForestWetRich
275108,Salix caprea,ForestWetRich
275109,Salix caprea,ForestWetRich
275110,Salix caprea,ForestWetRich
275111,Salix caprea,ForestWetRich
275112,Salix caprea,ForestWetRich
275113,Salix caprea,ForestWetRich
275114,Salix caprea,ForestWetRich
275115,Salix caprea,ForestWetRich
275116,Salix caprea,ForestWetRich
275117,Salix caprea,ForestWetRich
275118,Salix caprea,ForestWetRich
275119,Salix caprea,ForestWetRich
275628,Salix caprea,ForestWetRich
275629,Salix caprea,ForestWetRich
275630,Salix caprea,ForestWetRich
275631,Salix caprea,ForestWetRich
275632,Salix caprea,ForestWetRich
275633,Salix caprea,ForestWetRich
275634,Salix caprea,ForestWetRich
275635,Salix caprea,ForestWetRich
275636,Salix caprea,ForestWetRich
275637,Salix caprea,ForestWetRich
275638,Salix caprea,ForestWetRich
275639,Salix caprea,ForestWetRich
275640,Salix caprea,ForestWetRich
275641,Salix caprea,ForestWetRich
275642,Salix caprea,ForestWetRich
275643,Salix caprea,ForestWetRich
275644,Salix caprea,ForestWetRich
275645,Salix caprea,ForestWetRich
275646,Salix caprea,ForestWetRich
275647,Salix caprea,ForestWetRich
275648,Salix caprea,ForestWetRich
275649,Salix caprea,ForestWetRich
275650,Salix caprea,ForestWetRich
275651,Salix caprea,ForestWetRich
275652,Salix caprea,ForestWetRich
275653,Salix caprea,ForestWetRich
275654,Salix caprea,ForestWetRich
275655,Salix caprea,ForestWetRich
275656,Salix caprea,ForestWetRich
275697,Salix caprea,ForestWetRich
275698,Salix caprea,ForestWetRich
275699,Salix caprea,ForestWetRich
275700,Salix caprea,ForestWetRich
275701,Salix caprea,ForestWetRich
275702,Salix caprea,ForestWetRich
275703,Salix caprea,ForestWetRich
275704,Salix caprea,ForestWetRich
275705,Salix caprea,ForestWetRich
275706,Salix caprea,ForestWetRich
275707,Salix caprea,ForestWetRich
275708,Salix caprea,ForestWetRich
275709,Salix caprea,ForestWetRich
275710,Salix caprea,ForestWetRich
275711,Salix caprea,ForestWetRich
275712,Salix caprea,ForestWetRich
275713,Salix caprea,ForestWetRich
275714,Salix caprea,ForestWetRich
275715,Salix caprea,ForestWetRich
275716,Salix caprea,ForestWetRich
275717,Salix caprea,ForestWetRich
275718,Salix caprea,ForestWetRich
276227,Salix caprea,ForestWetRich
276228,Salix caprea,ForestWetRich
276229,Salix caprea,ForestWetRich
276230,Salix caprea,ForestWetRich
276231,Salix caprea,ForestWetRich
276232,Salix caprea,ForestWetRich
276233,Salix caprea,ForestWetRich
276234,Salix caprea,ForestWetRich
276235,Salix caprea,ForestWetRich
276236,Salix caprea,ForestWetRich
276237,Salix caprea,ForestWetRich
276238,Salix caprea,ForestWetRich
276239,Salix caprea,ForestWetRich
276240,Salix caprea,ForestWetRich
276241,Salix caprea,ForestWetRich
276242,Salix caprea,ForestWetRich
276243,Salix caprea,ForestWetRich
276244,Salix caprea,ForestWetRich
276245,Salix caprea,ForestWetRich
276246,Salix caprea,ForestWetRich
276247,Salix caprea,ForestWetRich
276248,Salix caprea,ForestWetRich
276249,Salix caprea,ForestWetRich
276250,Salix caprea,ForestWetRich
276251,Salix caprea,ForestWetRich
276252,Salix caprea,ForestWetRich
276253,Salix caprea,ForestWetRich
276254,Salix caprea,ForestWetRich
276255,Salix caprea,ForestWetRich
276296,Salix caprea,ForestWetRich
276297,Salix caprea,ForestWetRich
276298,Salix caprea,ForestWetRich
276299,Salix caprea,ForestWetRich
276300,Salix caprea,ForestWetRich
276301,Salix caprea,ForestWetRich
276302,Salix caprea,ForestWetRich
276303,Salix caprea,ForestWetRich
276304,Salix caprea,ForestWetRich
276305,Salix caprea,ForestWetRich
276306,Salix caprea,ForestWetRich
276307,Salix caprea,ForestWetRich
276308,Salix caprea,ForestWetRich
276309,Salix caprea,ForestWetRich
276310,Salix caprea,ForestWetRich
276311,Salix caprea,ForestWetRich
276312,Salix caprea,ForestWetRich
276313,Salix caprea,ForestWetRich
276314,Salix caprea,ForestWetRich
276315,Salix caprea,ForestWetRich
276316,Salix caprea,ForestWetRich
276317,Salix caprea,ForestWetRich
276318,Salix caprea,ForestWetRich
276826,Salix caprea,ForestWetRich
276827,Salix caprea,ForestWetRich
276828,Salix caprea,ForestWetRich
276829,Salix caprea,ForestWetRich
276830,Salix caprea,ForestWetRich
276831,Salix caprea,ForestWetRich
276832,Salix caprea,ForestWetRich
276833,Salix caprea,ForestWetRich
276834,Salix caprea,ForestWetRich
276835,Salix caprea,ForestWetRich
276836,Salix caprea,ForestWetRich
276837,Salix caprea,ForestWetRich
276838,Salix caprea,ForestWetRich
276839,Salix caprea,ForestWetRich
276840,Salix caprea,ForestWetRich
276841,Salix caprea,ForestWetRich
276842,Salix caprea,ForestWetRich
276843,Salix caprea,ForestWetRich
276844,Salix caprea,ForestWetRich
276845,Salix caprea,ForestWetRich
276846,Salix caprea,ForestWetRich
276847,Salix caprea,ForestWetRich
276848,Salix caprea,ForestWetRich
276849,Salix caprea,ForestWetRich
276850,Salix caprea,ForestWetRich
276851,Salix caprea,ForestWetRich
276852,Salix caprea,ForestWetRich
276853,Salix caprea,ForestWetRich
276854,Salix caprea,ForestWetRich
276895,Salix caprea,ForestWetRich
276896,Salix caprea,ForestWetRich
276897,Salix caprea,ForestWetRich
276898,Salix caprea,ForestWetRich
276899,Salix caprea,ForestWetRich
276900,Salix caprea,ForestWetRich
276901,Salix caprea,ForestWetRich
276902,Salix caprea,ForestWetRich
276903,Salix caprea,ForestWetRich
276904,Salix caprea,ForestWetRich
276905,Salix caprea,ForestWetRich
276906,Salix caprea,ForestWetRich
276907,Salix caprea,ForestWetRich
276908,Salix caprea,ForestWetRich
276909,Salix caprea,ForestWetRich
276910,Salix caprea,ForestWetRich
276911,Salix caprea,ForestWetRich
276912,Salix caprea,ForestWetRich
276913,Salix caprea,ForestWetRich
276914,Salix caprea,ForestWetRich
276915,Salix caprea,ForestWetRich
276916,Salix caprea,ForestWetRich
276917,Salix caprea,ForestWetRich
277424,Salix caprea,ForestWetRich
277425,Salix caprea,ForestWetRich
277426,Salix caprea,ForestWetRich
277427,Salix caprea,ForestWetRich
277428,Salix caprea,ForestWetRich
277429,Salix caprea,ForestWetRich
277430,Salix caprea,ForestWetRich
277431,Salix caprea,ForestWetRich
277432,Salix caprea,ForestWetRich
277433,Salix caprea,ForestWetRich
277434,Salix caprea,ForestWetRich
277435,Salix caprea,ForestWetRich
277436,Salix caprea,ForestWetRich
277437,Salix caprea,ForestWetRich
277438,Salix caprea,ForestWetRich
277439,Salix caprea,ForestWetRich
277440,Salix caprea,ForestWetRich
277441,Salix caprea,ForestWetRich
277442,Salix caprea,ForestWetRich
277443,Salix caprea,ForestWetRich
277444,Salix caprea,ForestWetRich
277445,Salix caprea,ForestWetRich
277446,Salix caprea,ForestWetRich
277447,Salix caprea,ForestWetRich
277448,Salix caprea,ForestWetRich
277449,Salix caprea,ForestWetRich
277450,Salix caprea,ForestWetRich
277451,Salix caprea,ForestWetRich
277452,Salix caprea,ForestWetRich
277453,Salix caprea,ForestWetRich
277494,Salix caprea,ForestWetRich
277495,Salix caprea,ForestWetRich
277496,Salix caprea,ForestWetRich
277497,Salix caprea,ForestWetRich
277498,Salix caprea,ForestWetRich
277499,Salix caprea,ForestWetRich
277500,Salix caprea,ForestWetRich
277501,Salix caprea,ForestWetRich
277502,Salix caprea,ForestWetRich
277503,Salix caprea,ForestWetRich
277504,Salix caprea,ForestWetRich
277505,Salix caprea,ForestWetRich
277506,Salix caprea,ForestWetRich
277507,Salix caprea,ForestWetRich
277508,Salix caprea,ForestWetRich
277509,Salix caprea,ForestWetRich
277510,Salix caprea,ForestWetRich
277511,Salix caprea,ForestWetRich
277512,Salix caprea,ForestWetRich
277513,Salix caprea,ForestWetRich
277514,Salix caprea,ForestWetRich
277515,Salix caprea,ForestWetRich
277516,Salix caprea,ForestWetRich
290033,Salix caprea,ForestWetRich
290034,Salix caprea,ForestWetRich
290035,Salix caprea,ForestWetRich
290036,Salix caprea,ForestWetRich
290037,Salix caprea,ForestWetRich
290038,Salix caprea,ForestWetRich
290039,Salix caprea,ForestWetRich
290040,Salix caprea,ForestWetRich
290041,Salix caprea,ForestWetRich
290042,Salix caprea,ForestWetRich
290043,Salix caprea,ForestWetRich
290044,Salix caprea,ForestWetRich
290045,Salix caprea,ForestWetRich
290046,Salix caprea,ForestWetRich
290047,Salix caprea,ForestWetRich
290048,Salix caprea,ForestWetRich
290049,Salix caprea,ForestWetRich
290050,Salix caprea,ForestWetRich
290051,Salix caprea,ForestWetRich
290052,Salix caprea,ForestWetRich
290053,Salix caprea,ForestWetRich
290054,Salix caprea,ForestWetRich
290055,Salix caprea,ForestWetRich
290056,Salix caprea,ForestWetRich
290057,Salix caprea,ForestWetRich
290058,Salix caprea,ForestWetRich
290059,Salix caprea,ForestWetRich
290060,Salix caprea,ForestWetRich
290061,Salix caprea,ForestWetRich
290062,Salix caprea,ForestWetRich
290063,Salix caprea,ForestWetRich
290064,Salix caprea,ForestWetRich
290065,Salix caprea,ForestWetRich
290066,Salix caprea,ForestWetRich
290067,Salix caprea,ForestWetRich
290068,Salix caprea,ForestWetRich
290069,Salix caprea,ForestWetRich
290070,Salix caprea,ForestWetRich
290071,Salix caprea,ForestWetRich
290072,Salix caprea,ForestWetRich
290632,Salix caprea,ForestWetRich
290633,Salix caprea,ForestWetRich
290634,Salix caprea,ForestWetRich
290635,Salix caprea,ForestWetRich
290636,Salix caprea,ForestWetRich
290637,Salix caprea,ForestWetRich
290638,Salix caprea,ForestWetRich
290639,Salix caprea,ForestWetRich
290640,Salix caprea,ForestWetRich
290641,Salix caprea,ForestWetRich
290642,Salix caprea,ForestWetRich
290643,Salix caprea,ForestWetRich
290644,Salix caprea,ForestWetRich
290645,Salix caprea,ForestWetRich
290646,Salix caprea,ForestWetRich
290647,Salix caprea,ForestWetRich
290648,Salix caprea,ForestWetRich
290649,Salix caprea,ForestWetRich
290650,Salix caprea,ForestWetRich
290651,Salix caprea,ForestWetRich
290652,Salix caprea,ForestWetRich
290653,Salix caprea,ForestWetRich
290654,Salix caprea,ForestWetRich
290655,Salix caprea,ForestWetRich
290656,Salix caprea,ForestWetRich
290657,Salix caprea,ForestWetRich
290658,Salix caprea,ForestWetRich
290659,Salix caprea,ForestWetRich
290660,Salix caprea,ForestWetRich
290661,Salix caprea,ForestWetRich
290662,Salix caprea,ForestWetRich
290663,Salix caprea,ForestWetRich
290664,Salix caprea,ForestWetRich
290665,Salix caprea,ForestWetRich
290666,Salix caprea,ForestWetRich
290667,Salix caprea,ForestWetRich
290668,Salix caprea,ForestWetRich
290669,Salix caprea,ForestWetRich
290670,Salix caprea,ForestWetRich
290671,Salix caprea,ForestWetRich
291231,Salix caprea,ForestWetRich
291232,Salix caprea,ForestWetRich
291233,Salix caprea,ForestWetRich
291234,Salix caprea,ForestWetRich
291235,Salix caprea,ForestWetRich
291236,Salix caprea,ForestWetRich
291237,Salix caprea,ForestWetRich
291238,Salix caprea,ForestWetRich
291239,Salix caprea,ForestWetRich
291240,Salix caprea,ForestWetRich
291241,Salix caprea,ForestWetRich
291242,Salix caprea,ForestWetRich
291243,Salix caprea,ForestWetRich
291244,Salix caprea,ForestWetRich
291245,Salix caprea,ForestWetRich
291246,Salix caprea,ForestWetRich
291247,Salix caprea,ForestWetRich
291248,Salix caprea,ForestWetRich
291249,Salix caprea,ForestWetRich
291250,Salix caprea,ForestWetRich
291251,Salix caprea,ForestWetRich
291252,Salix caprea,ForestWetRich
291253,Salix caprea,ForestWetRich
291254,Salix caprea,ForestWetRich
291255,Salix caprea,ForestWetRich
291256,Salix caprea,ForestWetRich
291257,Salix caprea,ForestWetRich
291258,Salix caprea,ForestWetRich
291259,Salix caprea,ForestWetRich
291260,Salix caprea,ForestWetRich
291261,Salix caprea,ForestWetRich
291262,Salix caprea,ForestWetRich
291263,Salix caprea,ForestWetRich
291264,Salix caprea,ForestWetRich
291265,Salix caprea,ForestWetRich
291266,Salix caprea,ForestWetRich
291267,Salix caprea,ForestWetRich
291268,Salix caprea,ForestWetRich
291269,Salix caprea,ForestWetRich
291270,Salix caprea,ForestWetRich
291830,Salix caprea,ForestWetRich
291831,Salix caprea,ForestWetRich
291832,Salix caprea,ForestWetRich
291833,Salix caprea,ForestWetRich
291834,Salix caprea,ForestWetRich
291835,Salix caprea,ForestWetRich
291836,Salix caprea,ForestWetRich
291837,Salix caprea,ForestWetRich
291838,Salix caprea,ForestWetRich
291839,Salix caprea,ForestWetRich
291840,Salix caprea,ForestWetRich
291841,Salix caprea,ForestWetRich
291842,Salix caprea,ForestWetRich
291843,Salix caprea,ForestWetRich
291844,Salix caprea,ForestWetRich
291845,Salix caprea,ForestWetRich
291846,Salix caprea,ForestWetRich
291847,Salix caprea,ForestWetRich
291848,Salix caprea,ForestWetRich
291849,Salix caprea,ForestWetRich
291850,Salix caprea,ForestWetRich
291851,Salix caprea,ForestWetRich
291852,Salix caprea,ForestWetRich
291853,Salix caprea,ForestWetRich
291854,Salix caprea,ForestWetRich
291855,Salix caprea,ForestWetRich
291856,Salix caprea,ForestWetRich
291857,Salix caprea,ForestWetRich
291858,Salix caprea,ForestWetRich
291859,Salix caprea,ForestWetRich
291860,Salix caprea,ForestWetRich
291861,Salix caprea,ForestWetRich
291862,Salix caprea,ForestWetRich
291863,Salix caprea,ForestWetRich
291864,Salix caprea,ForestWetRich
291865,Salix caprea,ForestWetRich
291866,Salix caprea,ForestWetRich
291867,Salix caprea,ForestWetRich
291868,Salix caprea,ForestWetRich
291869,Salix caprea,ForestWetRich
292429,Salix caprea,ForestWetRich
292430,Salix caprea,ForestWetRich
292431,Salix caprea,ForestWetRich
292432,Salix caprea,ForestWetRich
292433,Salix caprea,ForestWetRich
292434,Salix caprea,ForestWetRich
292435,Salix caprea,ForestWetRich
292436,Salix caprea,ForestWetRich
292437,Salix caprea,ForestWetRich
292438,Salix caprea,ForestWetRich
292439,Salix caprea,ForestWetRich
292440,Salix caprea,ForestWetRich
292441,Salix caprea,ForestWetRich
292442,Salix caprea,ForestWetRich
292443,Salix caprea,ForestWetRich
292444,Salix caprea,ForestWetRich
292445,Salix caprea,ForestWetRich
292446,Salix caprea,ForestWetRich
292447,Salix caprea,ForestWetRich
292448,Salix caprea,ForestWetRich
292449,Salix caprea,ForestWetRich
292450,Salix caprea,ForestWetRich
292451,Salix caprea,ForestWetRich
292452,Salix caprea,ForestWetRich
292453,Salix caprea,ForestWetRich
292454,Salix caprea,ForestWetRich
292455,Salix caprea,ForestWetRich
292456,Salix caprea,ForestWetRich
292457,Salix caprea,ForestWetRich
292458,Salix caprea,ForestWetRich
292459,Salix caprea,ForestWetRich
292460,Salix caprea,ForestWetRich
292461,Salix caprea,ForestWetRich
292462,Salix caprea,ForestWetRich
292463,Salix caprea,ForestWetRich
292464,Salix caprea,ForestWetRich
292465,Salix caprea,ForestWetRich
292466,Salix caprea,ForestWetRich
292467,Salix caprea,ForestWetRich
292468,Salix caprea,ForestWetRich
293028,Salix caprea,ForestWetRich
293029,Salix caprea,ForestWetRich
293030,Salix caprea,ForestWetRich
293031,Salix caprea,ForestWetRich
293032,Salix caprea,ForestWetRich
293033,Salix caprea,ForestWetRich
293034,Salix caprea,ForestWetRich
293035,Salix caprea,ForestWetRich
293036,Salix caprea,ForestWetRich
293037,Salix caprea,ForestWetRich
293038,Salix caprea,ForestWetRich
293039,Salix caprea,ForestWetRich
293040,Salix caprea,ForestWetRich
293041,Salix caprea,ForestWetRich
293042,Salix caprea,ForestWetRich
293043,Salix caprea,ForestWetRich
293044,Salix caprea,ForestWetRich
293045,Salix caprea,ForestWetRich
293046,Salix caprea,ForestWetRich
293047,Salix caprea,ForestWetRich
293048,Salix caprea,ForestWetRich
293049,Salix caprea,ForestWetRich
293050,Salix caprea,ForestWetRich
293051,Salix caprea,ForestWetRich
293052,Salix caprea,ForestWetRich
293053,Salix caprea,ForestWetRich
293054,Salix caprea,ForestWetRich
293055,Salix caprea,ForestWetRich
293056,Salix caprea,ForestWetRich
293057,Salix caprea,ForestWetRich
293058,Salix caprea,ForestWetRich
293059,Salix caprea,ForestWetRich
293060,Salix caprea,ForestWetRich
293061,Salix caprea,ForestWetRich
293062,Salix caprea,ForestWetRich
293063,Salix caprea,ForestWetRich
293064,Salix caprea,ForestWetRich
293065,Salix caprea,ForestWetRich
293066,Salix caprea,ForestWetRich
293067,Salix caprea,ForestWetRich
293627,Salix caprea,ForestWetRich
293628,Salix caprea,ForestWetRich
293629,Salix caprea,ForestWetRich
293630,Salix caprea,ForestWetRich
293631,Salix caprea,ForestWetRich
293632,Salix caprea,ForestWetRich
293633,Salix caprea,ForestWetRich
293634,Salix caprea,ForestWetRich
293635,Salix caprea,ForestWetRich
293636,Salix caprea,ForestWetRich
293637,Salix caprea,ForestWetRich
293638,Salix caprea,ForestWetRich
293639,Salix caprea,ForestWetRich
293640,Salix caprea,ForestWetRich
293641,Salix caprea,ForestWetRich
293642,Salix caprea,ForestWetRich
293643,Salix caprea,ForestWetRich
293644,Salix caprea,ForestWetRich
293645,Salix caprea,ForestWetRich
293646,Salix caprea,ForestWetRich
293647,Salix caprea,ForestWetRich
293648,Salix caprea,ForestWetRich
293649,Salix caprea,ForestWetRich
293650,Salix caprea,ForestWetRich
293651,Salix caprea,ForestWetRich
293652,Salix caprea,ForestWetRich
293653,Salix caprea,ForestWetRich
293654,Salix caprea,ForestWetRich
293655,Salix caprea,ForestWetRich
293656,Salix caprea,ForestWetRich
293657,Salix caprea,ForestWetRich
293658,Salix caprea,ForestWetRich
293659,Salix caprea,ForestWetRich
293660,Salix caprea,ForestWetRich
293661,Salix caprea,ForestWetRich
293662,Salix caprea,ForestWetRich
293663,Salix caprea,ForestWetRich
293664,Salix caprea,ForestWetRich
293665,Salix caprea,ForestWetRich
293666,Salix caprea,ForestWetRich
294226,Salix caprea,ForestWetRich
294227,Salix caprea,ForestWetRich
294228,Salix caprea,ForestWetRich
294229,Salix caprea,ForestWetRich
294230,Salix caprea,ForestWetRich
294231,Salix caprea,ForestWetRich
294232,Salix caprea,ForestWetRich
294233,Salix caprea,ForestWetRich
294234,Salix caprea,ForestWetRich
294235,Salix caprea,ForestWetRich
294236,Salix caprea,ForestWetRich
294237,Salix caprea,ForestWetRich
294238,Salix caprea,ForestWetRich
294239,Salix caprea,ForestWetRich
294240,Salix caprea,ForestWetRich
294241,Salix caprea,ForestWetRich
294242,Salix caprea,ForestWetRich
294243,Salix caprea,ForestWetRich
294244,Salix caprea,ForestWetRich
294245,Salix caprea,ForestWetRich
294246,Salix caprea,ForestWetRich
294247,Salix caprea,ForestWetRich
294248,Salix caprea,ForestWetRich
294249,Salix caprea,ForestWetRich
294250,Salix caprea,ForestWetRich
294251,Salix caprea,ForestWetRich
294252,Salix caprea,ForestWetRich
294253,Salix caprea,ForestWetRich
294254,Salix caprea,ForestWetRich
294255,Salix caprea,ForestWetRich
294256,Salix caprea,ForestWetRich
294257,Salix caprea,ForestWetRich
294258,Salix caprea,ForestWetRich
294259,Salix caprea,ForestWetRich
294260,Salix caprea,ForestWetRich
294261,Salix caprea,ForestWetRich
294262,Salix caprea,ForestWetRich
294263,Salix caprea,ForestWetRich
294264,Salix caprea,ForestWetRich
294265,Salix caprea,ForestWetRich
294825,Salix caprea,ForestWetRich
294826,Salix caprea,ForestWetRich
294827,Salix caprea,ForestWetRich
294828,Salix caprea,ForestWetRich
294829,Salix caprea,ForestWetRich
294830,Salix caprea,ForestWetRich
294831,Salix caprea,ForestWetRich
294832,Salix caprea,ForestWetRich
294833,Salix caprea,ForestWetRich
294834,Salix caprea,ForestWetRich
294835,Salix caprea,ForestWetRich
294836,Salix caprea,ForestWetRich
294837,Salix caprea,ForestWetRich
294838,Salix caprea,ForestWetRich
294839,Salix caprea,ForestWetRich
294840,Salix caprea,ForestWetRich
294841,Salix caprea,ForestWetRich
294842,Salix caprea,ForestWetRich
294843,Salix caprea,ForestWetRich
294844,Salix caprea,ForestWetRich
294845,Salix caprea,ForestWetRich
294846,Salix caprea,ForestWetRich
294847,Salix caprea,ForestWetRich
294848,Salix caprea,ForestWetRich
294849,Salix caprea,ForestWetRich
294850,Salix caprea,ForestWetRich
294851,Salix caprea,ForestWetRich
294852,Salix caprea,ForestWetRich
294853,Salix caprea,ForestWetRich
294854,Salix caprea,ForestWetRich
294855,Salix caprea,ForestWetRich
294856,Salix caprea,ForestWetRich
294857,Salix caprea,ForestWetRich
294858,Salix caprea,ForestWetRich
294859,Salix caprea,ForestWetRich
294860,Salix caprea,ForestWetRich
294861,Salix caprea,ForestWetRich
294862,Salix caprea,ForestWetRich
294863,Salix caprea,ForestWetRich
294864,Salix caprea,ForestWetRich
295424,Salix caprea,ForestWetRich
295425,Salix caprea,ForestWetRich
295426,Salix caprea,ForestWetRich
295427,Salix caprea,ForestWetRich
295428,Salix caprea,ForestWetRich
295429,Salix caprea,ForestWetRich
295430,Salix caprea,ForestWetRich
295431,Salix caprea,ForestWetRich
295432,Salix caprea,ForestWetRich
295433,Salix caprea,ForestWetRich
295434,Salix caprea,ForestWetRich
295435,Salix caprea,ForestWetRich
295436,Salix caprea,ForestWetRich
295437,Salix caprea,ForestWetRich
295438,Salix caprea,ForestWetRich
295439,Salix caprea,ForestWetRich
295440,Salix caprea,ForestWetRich
295441,Salix caprea,ForestWetRich
295442,Salix caprea,ForestWetRich
295443,Salix caprea,ForestWetRich
295444,Salix caprea,ForestWetRich
295445,Salix caprea,ForestWetRich
295446,Salix caprea,ForestWetRich
295447,Salix caprea,ForestWetRich
295448,Salix caprea,ForestWetRich
295449,Salix caprea,ForestWetRich
295450,Salix caprea,ForestWetRich
295451,Salix caprea,ForestWetRich
295452,Salix caprea,ForestWetRich
295453,Salix caprea,ForestWetRich
295454,Salix caprea,ForestWetRich
295455,Salix caprea,ForestWetRich
295456,Salix caprea,ForestWetRich
295457,Salix caprea,ForestWetRich
295458,Salix caprea,ForestWetRich
295459,Salix caprea,ForestWetRich
295460,Salix caprea,ForestWetRich
295461,Salix caprea,ForestWetRich
295462,Salix caprea,ForestWetRich
295463,Salix caprea,ForestWetRich
296023,Salix caprea,ForestWetRich
296024,Salix caprea,ForestWetRich
296025,Salix caprea,ForestWetRich
296026,Salix caprea,ForestWetRich
296027,Salix caprea,ForestWetRich
296028,Salix caprea,ForestWetRich
296029,Salix caprea,ForestWetRich
296030,Salix caprea,ForestWetRich
296031,Salix caprea,ForestWetRich
296032,Salix caprea,ForestWetRich
296033,Salix caprea,ForestWetRich
296034,Salix caprea,ForestWetRich
296035,Salix caprea,ForestWetRich
296036,Salix caprea,ForestWetRich
296037,Salix caprea,ForestWetRich
296038,Salix caprea,ForestWetRich
296039,Salix caprea,ForestWetRich
296040,Salix caprea,ForestWetRich
296041,Salix caprea,ForestWetRich
296042,Salix caprea,ForestWetRich
296043,Salix caprea,ForestWetRich
296044,Salix caprea,ForestWetRich
296045,Salix caprea,ForestWetRich
296046,Salix caprea,ForestWetRich
296047,Salix caprea,ForestWetRich
296048,Salix caprea,ForestWetRich
296049,Salix caprea,ForestWetRich
296050,Salix caprea,ForestWetRich
296051,Salix caprea,ForestWetRich
296052,Salix caprea,ForestWetRich
296053,Salix caprea,ForestWetRich
296054,Salix caprea,ForestWetRich
296055,Salix caprea,ForestWetRich
296056,Salix caprea,ForestWetRich
296057,Salix caprea,ForestWetRich
296058,Salix caprea,ForestWetRich
296059,Salix caprea,ForestWetRich
296060,Salix caprea,ForestWetRich
296061,Salix caprea,ForestWetRich
296062,Salix caprea,ForestWetRich
296622,Salix caprea,ForestWetRich
296623,Salix caprea,ForestWetRich
296624,Salix caprea,ForestWetRich
296625,Salix caprea,ForestWetRich
296626,Salix caprea,ForestWetRich
296627,Salix caprea,ForestWetRich
296628,Salix caprea,ForestWetRich
296629,Salix caprea,ForestWetRich
296630,Salix caprea,ForestWetRich
296631,Salix caprea,ForestWetRich
296632,Salix caprea,ForestWetRich
296633,Salix caprea,ForestWetRich
296634,Salix caprea,ForestWetRich
296635,Salix caprea,ForestWetRich
296636,Salix caprea,ForestWetRich
296637,Salix caprea,ForestWetRich
296638,Salix caprea,ForestWetRich
296639,Salix caprea,ForestWetRich
296640,Salix caprea,ForestWetRich
296641,Salix caprea,ForestWetRich
296642,Salix caprea,ForestWetRich
296643,Salix caprea,ForestWetRich
296644,Salix caprea,ForestWetRich
296645,Salix caprea,ForestWetRich
296646,Salix caprea,ForestWetRich
296647,Salix caprea,ForestWetRich
296648,Salix caprea,ForestWetRich
296649,Salix caprea,ForestWetRich
296650,Salix caprea,ForestWetRich
296651,Salix caprea,ForestWetRich
296652,Salix caprea,ForestWetRich
296653,Salix caprea,ForestWetRich
296654,Salix caprea,ForestWetRich
296655,Salix caprea,ForestWetRich
296656,Salix caprea,ForestWetRich
296657,Salix caprea,ForestWetRich
296658,Salix caprea,ForestWetRich
296659,Salix caprea,ForestWetRich
296660,Salix caprea,ForestWetRich
296661,Salix caprea,ForestWetRich
297221,Salix caprea,ForestWetRich
297222,Salix caprea,ForestWetRich
297223,Salix caprea,ForestWetRich
297224,Salix caprea,ForestWetRich
297225,Salix caprea,ForestWetRich
297226,Salix caprea,ForestWetRich
297227,Salix caprea,ForestWetRich
297228,Salix caprea,ForestWetRich
297229,Salix caprea,ForestWetRich
297230,Salix caprea,ForestWetRich
297231,Salix caprea,ForestWetRich
297232,Salix caprea,ForestWetRich
297233,Salix caprea,ForestWetRich
297234,Salix caprea,ForestWetRich
297235,Salix caprea,ForestWetRich
297236,Salix caprea,ForestWetRich
297237,Salix caprea,ForestWetRich
297238,Salix caprea,ForestWetRich
297239,Salix caprea,ForestWetRich
297240,Salix caprea,ForestWetRich
297241,Salix caprea,ForestWetRich
297242,Salix caprea,ForestWetRich
297243,Salix caprea,ForestWetRich
297244,Salix caprea,ForestWetRich
297245,Salix caprea,ForestWetRich
297246,Salix caprea,ForestWetRich
297247,Salix caprea,ForestWetRich
297248,Salix caprea,ForestWetRich
297249,Salix caprea,ForestWetRich
297250,Salix caprea,ForestWetRich
297251,Salix caprea,ForestWetRich
297252,Salix caprea,ForestWetRich
297253,Salix caprea,ForestWetRich
297254,Salix caprea,ForestWetRich
297255,Salix caprea,ForestWetRich
297256,Salix caprea,ForestWetRich
297257,Salix caprea,ForestWetRich
297258,Salix caprea,ForestWetRich
297259,Salix caprea,ForestWetRich
297260,Salix caprea,ForestWetRich
297820,Salix caprea,ForestWetRich
297821,Salix caprea,ForestWetRich
297822,Salix caprea,ForestWetRich
297823,Salix caprea,ForestWetRich
297824,Salix caprea,ForestWetRich
297825,Salix caprea,ForestWetRich
297826,Salix caprea,ForestWetRich
297827,Salix caprea,ForestWetRich
297828,Salix caprea,ForestWetRich
297829,Salix caprea,ForestWetRich
297830,Salix caprea,ForestWetRich
297831,Salix caprea,ForestWetRich
297832,Salix caprea,ForestWetRich
297833,Salix caprea,ForestWetRich
297834,Salix caprea,ForestWetRich
297835,Salix caprea,ForestWetRich
297836,Salix caprea,ForestWetRich
297837,Salix caprea,ForestWetRich
297838,Salix caprea,ForestWetRich
297839,Salix caprea,ForestWetRich
297840,Salix caprea,ForestWetRich
297841,Salix caprea,ForestWetRich
297842,Salix caprea,ForestWetRich
297843,Salix caprea,ForestWetRich
297844,Salix caprea,ForestWetRich
297845,Salix caprea,ForestWetRich
297846,Salix caprea,ForestWetRich
297847,Salix caprea,ForestWetRich
297848,Salix caprea,ForestWetRich
297849,Salix caprea,ForestWetRich
297850,Salix caprea,ForestWetRich
297851,Salix caprea,ForestWetRich
297852,Salix caprea,ForestWetRich
297853,Salix caprea,ForestWetRich
297854,Salix caprea,ForestWetRich
297855,Salix caprea,ForestWetRich
297856,Salix caprea,ForestWetRich
297857,Salix caprea,ForestWetRich
297858,Salix caprea,ForestWetRich
297859,Salix caprea,ForestWetRich
298419,Salix caprea,ForestWetRich
298420,Salix caprea,ForestWetRich
298421,Salix caprea,ForestWetRich
298422,Salix caprea,ForestWetRich
298423,Salix caprea,ForestWetRich
298424,Salix caprea,ForestWetRich
298425,Salix caprea,ForestWetRich
298426,Salix caprea,ForestWetRich
298427,Salix caprea,ForestWetRich
298428,Salix caprea,ForestWetRich
298429,Salix caprea,ForestWetRich
298430,Salix caprea,ForestWetRich
298431,Salix caprea,ForestWetRich
298432,Salix caprea,ForestWetRich
298433,Salix caprea,ForestWetRich
298434,Salix caprea,ForestWetRich
298435,Salix caprea,ForestWetRich
298436,Salix caprea,ForestWetRich
298437,Salix caprea,ForestWetRich
298438,Salix caprea,ForestWetRich
298439,Salix caprea,ForestWetRich
298440,Salix caprea,ForestWetRich
298441,Salix caprea,ForestWetRich
298442,Salix caprea,ForestWetRich
298443,Salix caprea,ForestWetRich
298444,Salix caprea,ForestWetRich
298445,Salix caprea,ForestWetRich
298446,Salix caprea,ForestWetRich
298447,Salix caprea,ForestWetRich
298448,Salix caprea,ForestWetRich
298449,Salix caprea,ForestWetRich
298450,Salix caprea,ForestWetRich
298451,Salix caprea,ForestWetRich
298452,Salix caprea,ForestWetRich
298453,Salix caprea,ForestWetRich
298454,Salix caprea,ForestWetRich
298455,Salix caprea,ForestWetRich
298456,Salix caprea,ForestWetRich
298457,Salix caprea,ForestWetRich
298458,Salix caprea,ForestWetRich
299018,Salix caprea,ForestWetRich
299019,Salix caprea,ForestWetRich
299020,Salix caprea,ForestWetRich
299021,Salix caprea,ForestWetRich
299022,Salix caprea,ForestWetRich
299023,Salix caprea,ForestWetRich
299024,Salix caprea,ForestWetRich
299025,Salix caprea,ForestWetRich
299026,Salix caprea,ForestWetRich
299027,Salix caprea,ForestWetRich
299028,Salix caprea,ForestWetRich
299029,Salix caprea,ForestWetRich
299030,Salix caprea,ForestWetRich
299031,Salix caprea,ForestWetRich
299032,Salix caprea,ForestWetRich
299033,Salix caprea,ForestWetRich
299034,Salix caprea,ForestWetRich
299035,Salix caprea,ForestWetRich
299036,Salix caprea,ForestWetRich
299037,Salix caprea,ForestWetRich
299038,Salix caprea,ForestWetRich
299039,Salix caprea,ForestWetRich
299040,Salix caprea,ForestWetRich
299041,Salix caprea,ForestWetRich
299042,Salix caprea,ForestWetRich
299043,Salix caprea,ForestWetRich
299044,Salix caprea,ForestWetRich
299045,Salix caprea,ForestWetRich
299046,Salix caprea,ForestWetRich
299047,Salix caprea,ForestWetRich
299048,Salix caprea,ForestWetRich
299049,Salix caprea,ForestWetRich
299050,Salix caprea,ForestWetRich
299051,Salix caprea,ForestWetRich
299052,Salix caprea,ForestWetRich
299053,Salix caprea,ForestWetRich
299054,Salix caprea,ForestWetRich
299055,Salix caprea,ForestWetRich
299056,Salix caprea,ForestWetRich
299057,Salix caprea,ForestWetRich
299617,Salix caprea,ForestWetRich
299618,Salix caprea,ForestWetRich
299619,Salix caprea,ForestWetRich
299620,Salix caprea,ForestWetRich
299621,Salix caprea,ForestWetRich
299622,Salix caprea,ForestWetRich
299623,Salix caprea,ForestWetRich
299624,Salix caprea,ForestWetRich
299625,Salix caprea,ForestWetRich
299626,Salix caprea,ForestWetRich
299627,Salix caprea,ForestWetRich
299628,Salix caprea,ForestWetRich
299629,Salix caprea,ForestWetRich
299630,Salix caprea,ForestWetRich
299631,Salix caprea,ForestWetRich
299632,Salix caprea,ForestWetRich
299633,Salix caprea,ForestWetRich
299634,Salix caprea,ForestWetRich
299635,Salix caprea,ForestWetRich
299636,Salix caprea,ForestWetRich
299637,Salix caprea,ForestWetRich
299638,Salix caprea,ForestWetRich
299639,Salix caprea,ForestWetRich
299640,Salix caprea,ForestWetRich
299641,Salix caprea,ForestWetRich
299642,Salix caprea,ForestWetRich
299643,Salix caprea,ForestWetRich
299644,Salix caprea,ForestWetRich
299645,Salix caprea,ForestWetRich
299646,Salix caprea,ForestWetRich
299647,Salix caprea,ForestWetRich
299648,Salix caprea,ForestWetRich
299649,Salix caprea,ForestWetRich
299650,Salix caprea,ForestWetRich
299651,Salix caprea,ForestWetRich
299652,Salix caprea,ForestWetRich
299653,Salix caprea,ForestWetRich
299654,Salix caprea,ForestWetRich
299655,Salix caprea,ForestWetRich
299656,Salix caprea,ForestWetRich
300216,Salix caprea,ForestWetRich
300217,Salix caprea,ForestWetRich
300218,Salix caprea,ForestWetRich
300219,Salix caprea,ForestWetRich
300220,Salix caprea,ForestWetRich
300221,Salix caprea,ForestWetRich
300222,Salix caprea,ForestWetRich
300223,Salix caprea,ForestWetRich
300224,Salix caprea,ForestWetRich
300225,Salix caprea,ForestWetRich
300226,Salix caprea,ForestWetRich
300227,Salix caprea,ForestWetRich
300228,Salix caprea,ForestWetRich
300229,Salix caprea,ForestWetRich
300230,Salix caprea,ForestWetRich
300231,Salix caprea,ForestWetRich
300232,Salix caprea,ForestWetRich
300233,Salix caprea,ForestWetRich
300234,Salix caprea,ForestWetRich
300235,Salix caprea,ForestWetRich
300236,Salix caprea,ForestWetRich
300237,Salix caprea,ForestWetRich
300238,Salix caprea,ForestWetRich
300239,Salix caprea,ForestWetRich
300240,Salix caprea,ForestWetRich
300241,Salix caprea,ForestWetRich
300242,Salix caprea,ForestWetRich
300243,Salix caprea,ForestWetRich
300244,Salix caprea,ForestWetRich
300245,Salix caprea,ForestWetRich
300246,Salix caprea,ForestWetRich
300247,Salix caprea,ForestWetRich
300248,Salix caprea,ForestWetRich
300249,Salix caprea,ForestWetRich
300250,Salix caprea,ForestWetRich
300251,Salix caprea,ForestWetRich
300252,Salix caprea,ForestWetRich
300253,Salix caprea,ForestWetRich
300254,Salix caprea,ForestWetRich
300255,Salix caprea,ForestWetRich
300815,Salix caprea,ForestWetRich
300816,Salix caprea,ForestWetRich
300817,Salix caprea,ForestWetRich
300818,Salix caprea,ForestWetRich
300819,Salix caprea,ForestWetRich
300820,Salix caprea,ForestWetRich
300821,Salix caprea,ForestWetRich
300822,Salix caprea,ForestWetRich
300823,Salix caprea,ForestWetRich
300824,Salix caprea,ForestWetRich
300825,Salix caprea,ForestWetRich
300826,Salix caprea,ForestWetRich
300827,Salix caprea,ForestWetRich
300828,Salix caprea,ForestWetRich
300829,Salix caprea,ForestWetRich
300830,Salix caprea,ForestWetRich
300831,Salix caprea,ForestWetRich
300832,Salix caprea,ForestWetRich
300833,Salix caprea,ForestWetRich
300834,Salix caprea,ForestWetRich
300835,Salix caprea,ForestWetRich
300836,Salix caprea,ForestWetRich
300837,Salix caprea,ForestWetRich
300838,Salix caprea,ForestWetRich
300839,Salix caprea,ForestWetRich
300840,Salix caprea,ForestWetRich
300841,Salix caprea,ForestWetRich
300842,Salix caprea,ForestWetRich
300843,Salix caprea,ForestWetRich
300844,Salix caprea,ForestWetRich
300845,Salix caprea,ForestWetRich
300846,Salix caprea,ForestWetRich
300847,Salix caprea,ForestWetRich
300848,Salix caprea,ForestWetRich
300849,Salix caprea,ForestWetRich
300850,Salix caprea,ForestWetRich
300851,Salix caprea,ForestWetRich
300852,Salix caprea,ForestWetRich
300853,Salix caprea,ForestWetRich
300854,Salix caprea,ForestWetRich
301414,Salix caprea,ForestWetRich
301415,Salix caprea,ForestWetRich
301416,Salix caprea,ForestWetRich
301417,Salix caprea,ForestWetRich
301418,Salix caprea,ForestWetRich
301419,Salix caprea,ForestWetRich
301420,Salix caprea,ForestWetRich
301421,Salix caprea,ForestWetRich
301422,Salix caprea,ForestWetRich
301423,Salix caprea,ForestWetRich
301424,Salix caprea,ForestWetRich
301425,Salix caprea,ForestWetRich
301426,Salix caprea,ForestWetRich
301427,Salix caprea,ForestWetRich
301428,Salix caprea,ForestWetRich
301429,Salix caprea,ForestWetRich
301430,Salix caprea,ForestWetRich
301431,Salix caprea,ForestWetRich
301432,Salix caprea,ForestWetRich
301433,Salix caprea,ForestWetRich
301434,Salix caprea,ForestWetRich
301435,Salix caprea,ForestWetRich
301436,Salix caprea,ForestWetRich
301437,Salix caprea,ForestWetRich
301438,Salix caprea,ForestWetRich
301439,Salix caprea,ForestWetRich
301440,Salix caprea,ForestWetRich
301441,Salix caprea,ForestWetRich
301442,Salix caprea,ForestWetRich
301443,Salix caprea,ForestWetRich
301444,Salix caprea,ForestWetRich
301445,Salix caprea,ForestWetRich
301446,Salix caprea,ForestWetRich
301447,Salix caprea,ForestWetRich
301448,Salix caprea,ForestWetRich
301449,Salix caprea,ForestWetRich
301450,Salix caprea,ForestWetRich
301451,Salix caprea,ForestWetRich
301452,Salix caprea,ForestWetRich
301453,Salix caprea,ForestWetRich
