170229,Silene vulgaris,ForestWetRich
170230,Silene vulgaris,ForestWetRich
170231,Silene vulgaris,ForestWetRich
170232,Silene vulgaris,ForestWetRich
170293,Silene vulgaris,ForestWetRich
170294,Silene vulgaris,ForestWetRich
170295,Silene vulgaris,ForestWetRich
170296,Silene vulgaris,ForestWetRich
170297,Silene vulgaris,ForestWetRich
170298,Silene vulgaris,ForestWetRich
170299,Silene vulgaris,ForestWetRich
170300,Silene vulgaris,ForestWetRich
170301,Silene vulgaris,ForestWetRich
170302,Silene vulgaris,ForestWetRich
170303,Silene vulgaris,ForestWetRich
170304,Silene vulgaris,ForestWetRich
170305,Silene vulgaris,ForestWetRich
170306,Silene vulgaris,ForestWetRich
170307,Silene vulgaris,ForestWetRich
170308,Silene vulgaris,ForestWetRich
170309,Silene vulgaris,ForestWetRich
170310,Silene vulgaris,ForestWetRich
170311,Silene vulgaris,ForestWetRich
170312,Silene vulgaris,ForestWetRich
170313,Silene vulgaris,ForestWetRich
170314,Silene vulgaris,ForestWetRich
170315,Silene vulgaris,ForestWetRich
170316,Silene vulgaris,ForestWetRich
170317,Silene vulgaris,ForestWetRich
170318,Silene vulgaris,ForestWetRich
170319,Silene vulgaris,ForestWetRich
170320,Silene vulgaris,ForestWetRich
170321,Silene vulgaris,ForestWetRich
170322,Silene vulgaris,ForestWetRich
170323,Silene vulgaris,ForestWetRich
170324,Silene vulgaris,ForestWetRich
170325,Silene vulgaris,ForestWetRich
170326,Silene vulgaris,ForestWetRich
170828,Silene vulgaris,ForestWetRich
170829,Silene vulgaris,ForestWetRich
170830,Silene vulgaris,ForestWetRich
170831,Silene vulgaris,ForestWetRich
170892,Silene vulgaris,ForestWetRich
170893,Silene vulgaris,ForestWetRich
170894,Silene vulgaris,ForestWetRich
170895,Silene vulgaris,ForestWetRich
170896,Silene vulgaris,ForestWetRich
170897,Silene vulgaris,ForestWetRich
170898,Silene vulgaris,ForestWetRich
170899,Silene vulgaris,ForestWetRich
170900,Silene vulgaris,ForestWetRich
170901,Silene vulgaris,ForestWetRich
170902,Silene vulgaris,ForestWetRich
170903,Silene vulgaris,ForestWetRich
170904,Silene vulgaris,ForestWetRich
170905,Silene vulgaris,ForestWetRich
170906,Silene vulgaris,ForestWetRich
170907,Silene vulgaris,ForestWetRich
170908,Silene vulgaris,ForestWetRich
170909,Silene vulgaris,ForestWetRich
170910,Silene vulgaris,ForestWetRich
170911,Silene vulgaris,ForestWetRich
170912,Silene vulgaris,ForestWetRich
170913,Silene vulgaris,ForestWetRich
170914,Silene vulgaris,ForestWetRich
170915,Silene vulgaris,ForestWetRich
170916,Silene vulgaris,ForestWetRich
170917,Silene vulgaris,ForestWetRich
170918,Silene vulgaris,ForestWetRich
170919,Silene vulgaris,ForestWetRich
170920,Silene vulgaris,ForestWetRich
170921,Silene vulgaris,ForestWetRich
170922,Silene vulgaris,ForestWetRich
170923,Silene vulgaris,ForestWetRich
170924,Silene vulgaris,ForestWetRich
170925,Silene vulgaris,ForestWetRich
171428,Silene vulgaris,ForestWetRich
171429,Silene vulgaris,ForestWetRich
171430,Silene vulgaris,ForestWetRich
171491,Silene vulgaris,ForestWetRich
171492,Silene vulgaris,ForestWetRich
171493,Silene vulgaris,ForestWetRich
171494,Silene vulgaris,ForestWetRich
171495,Silene vulgaris,ForestWetRich
171496,Silene vulgaris,ForestWetRich
171497,Silene vulgaris,ForestWetRich
171498,Silene vulgaris,ForestWetRich
171499,Silene vulgaris,ForestWetRich
171500,Silene vulgaris,ForestWetRich
171501,Silene vulgaris,ForestWetRich
171502,Silene vulgaris,ForestWetRich
171503,Silene vulgaris,ForestWetRich
171504,Silene vulgaris,ForestWetRich
171505,Silene vulgaris,ForestWetRich
171506,Silene vulgaris,ForestWetRich
171507,Silene vulgaris,ForestWetRich
171508,Silene vulgaris,ForestWetRich
171509,Silene vulgaris,ForestWetRich
171510,Silene vulgaris,ForestWetRich
171511,Silene vulgaris,ForestWetRich
171512,Silene vulgaris,ForestWetRich
171513,Silene vulgaris,ForestWetRich
171514,Silene vulgaris,ForestWetRich
171515,Silene vulgaris,ForestWetRich
171516,Silene vulgaris,ForestWetRich
171517,Silene vulgaris,ForestWetRich
171518,Silene vulgaris,ForestWetRich
171519,Silene vulgaris,ForestWetRich
171520,Silene vulgaris,ForestWetRich
171521,Silene vulgaris,ForestWetRich
171522,Silene vulgaris,ForestWetRich
171523,Silene vulgaris,ForestWetRich
171524,Silene vulgaris,ForestWetRich
172027,Silene vulgaris,ForestWetRich
172028,Silene vulgaris,ForestWetRich
172029,Silene vulgaris,ForestWetRich
172090,Silene vulgaris,ForestWetRich
172091,Silene vulgaris,ForestWetRich
172092,Silene vulgaris,ForestWetRich
172093,Silene vulgaris,ForestWetRich
172094,Silene vulgaris,ForestWetRich
172095,Silene vulgaris,ForestWetRich
172096,Silene vulgaris,ForestWetRich
172097,Silene vulgaris,ForestWetRich
172098,Silene vulgaris,ForestWetRich
172099,Silene vulgaris,ForestWetRich
172100,Silene vulgaris,ForestWetRich
172101,Silene vulgaris,ForestWetRich
172102,Silene vulgaris,ForestWetRich
172103,Silene vulgaris,ForestWetRich
172104,Silene vulgaris,ForestWetRich
172105,Silene vulgaris,ForestWetRich
172106,Silene vulgaris,ForestWetRich
172107,Silene vulgaris,ForestWetRich
172108,Silene vulgaris,ForestWetRich
172109,Silene vulgaris,ForestWetRich
172110,Silene vulgaris,ForestWetRich
172111,Silene vulgaris,ForestWetRich
172112,Silene vulgaris,ForestWetRich
172113,Silene vulgaris,ForestWetRich
172114,Silene vulgaris,ForestWetRich
172115,Silene vulgaris,ForestWetRich
172116,Silene vulgaris,ForestWetRich
172117,Silene vulgaris,ForestWetRich
172118,Silene vulgaris,ForestWetRich
172119,Silene vulgaris,ForestWetRich
172120,Silene vulgaris,ForestWetRich
172121,Silene vulgaris,ForestWetRich
172122,Silene vulgaris,ForestWetRich
172626,Silene vulgaris,ForestWetRich
172627,Silene vulgaris,ForestWetRich
172628,Silene vulgaris,ForestWetRich
172689,Silene vulgaris,ForestWetRich
172690,Silene vulgaris,ForestWetRich
172691,Silene vulgaris,ForestWetRich
172692,Silene vulgaris,ForestWetRich
172693,Silene vulgaris,ForestWetRich
172694,Silene vulgaris,ForestWetRich
172695,Silene vulgaris,ForestWetRich
172696,Silene vulgaris,ForestWetRich
172697,Silene vulgaris,ForestWetRich
172698,Silene vulgaris,ForestWetRich
172699,Silene vulgaris,ForestWetRich
172700,Silene vulgaris,ForestWetRich
172701,Silene vulgaris,ForestWetRich
172702,Silene vulgaris,ForestWetRich
172703,Silene vulgaris,ForestWetRich
172704,Silene vulgaris,ForestWetRich
172705,Silene vulgaris,ForestWetRich
172706,Silene vulgaris,ForestWetRich
172707,Silene vulgaris,ForestWetRich
172708,Silene vulgaris,ForestWetRich
172709,Silene vulgaris,ForestWetRich
172710,Silene vulgaris,ForestWetRich
172711,Silene vulgaris,ForestWetRich
172712,Silene vulgaris,ForestWetRich
172713,Silene vulgaris,ForestWetRich
172714,Silene vulgaris,ForestWetRich
172715,Silene vulgaris,ForestWetRich
172716,Silene vulgaris,ForestWetRich
172717,Silene vulgaris,ForestWetRich
172718,Silene vulgaris,ForestWetRich
172719,Silene vulgaris,ForestWetRich
172720,Silene vulgaris,ForestWetRich
172721,Silene vulgaris,ForestWetRich
173225,Silene vulgaris,ForestWetRich
173226,Silene vulgaris,ForestWetRich
173227,Silene vulgaris,ForestWetRich
173288,Silene vulgaris,ForestWetRich
173289,Silene vulgaris,ForestWetRich
173290,Silene vulgaris,ForestWetRich
173291,Silene vulgaris,ForestWetRich
173292,Silene vulgaris,ForestWetRich
173293,Silene vulgaris,ForestWetRich
173294,Silene vulgaris,ForestWetRich
173295,Silene vulgaris,ForestWetRich
173296,Silene vulgaris,ForestWetRich
173297,Silene vulgaris,ForestWetRich
173298,Silene vulgaris,ForestWetRich
173299,Silene vulgaris,ForestWetRich
173300,Silene vulgaris,ForestWetRich
173301,Silene vulgaris,ForestWetRich
173302,Silene vulgaris,ForestWetRich
173303,Silene vulgaris,ForestWetRich
173304,Silene vulgaris,ForestWetRich
173305,Silene vulgaris,ForestWetRich
173306,Silene vulgaris,ForestWetRich
173307,Silene vulgaris,ForestWetRich
173308,Silene vulgaris,ForestWetRich
173309,Silene vulgaris,ForestWetRich
173310,Silene vulgaris,ForestWetRich
173311,Silene vulgaris,ForestWetRich
173312,Silene vulgaris,ForestWetRich
173313,Silene vulgaris,ForestWetRich
173314,Silene vulgaris,ForestWetRich
173315,Silene vulgaris,ForestWetRich
173316,Silene vulgaris,ForestWetRich
173317,Silene vulgaris,ForestWetRich
173318,Silene vulgaris,ForestWetRich
173319,Silene vulgaris,ForestWetRich
173320,Silene vulgaris,ForestWetRich
173824,Silene vulgaris,ForestWetRich
173825,Silene vulgaris,ForestWetRich
173826,Silene vulgaris,ForestWetRich
173887,Silene vulgaris,ForestWetRich
173888,Silene vulgaris,ForestWetRich
173889,Silene vulgaris,ForestWetRich
173890,Silene vulgaris,ForestWetRich
173891,Silene vulgaris,ForestWetRich
173892,Silene vulgaris,ForestWetRich
173893,Silene vulgaris,ForestWetRich
173894,Silene vulgaris,ForestWetRich
173895,Silene vulgaris,ForestWetRich
173896,Silene vulgaris,ForestWetRich
173897,Silene vulgaris,ForestWetRich
173898,Silene vulgaris,ForestWetRich
173899,Silene vulgaris,ForestWetRich
173900,Silene vulgaris,ForestWetRich
173901,Silene vulgaris,ForestWetRich
173902,Silene vulgaris,ForestWetRich
173903,Silene vulgaris,ForestWetRich
173904,Silene vulgaris,ForestWetRich
173905,Silene vulgaris,ForestWetRich
173906,Silene vulgaris,ForestWetRich
173907,Silene vulgaris,ForestWetRich
173908,Silene vulgaris,ForestWetRich
173909,Silene vulgaris,ForestWetRich
173910,Silene vulgaris,ForestWetRich
173911,Silene vulgaris,ForestWetRich
173912,Silene vulgaris,ForestWetRich
173913,Silene vulgaris,ForestWetRich
173914,Silene vulgaris,ForestWetRich
173915,Silene vulgaris,ForestWetRich
173916,Silene vulgaris,ForestWetRich
173917,Silene vulgaris,ForestWetRich
173918,Silene vulgaris,ForestWetRich
173919,Silene vulgaris,ForestWetRich
174424,Silene vulgaris,ForestWetRich
174425,Silene vulgaris,ForestWetRich
174486,Silene vulgaris,ForestWetRich
174487,Silene vulgaris,ForestWetRich
174488,Silene vulgaris,ForestWetRich
174489,Silene vulgaris,ForestWetRich
174490,Silene vulgaris,ForestWetRich
174491,Silene vulgaris,ForestWetRich
174492,Silene vulgaris,ForestWetRich
174493,Silene vulgaris,ForestWetRich
174494,Silene vulgaris,ForestWetRich
174495,Silene vulgaris,ForestWetRich
174496,Silene vulgaris,ForestWetRich
174497,Silene vulgaris,ForestWetRich
174498,Silene vulgaris,ForestWetRich
174499,Silene vulgaris,ForestWetRich
174500,Silene vulgaris,ForestWetRich
174501,Silene vulgaris,ForestWetRich
174502,Silene vulgaris,ForestWetRich
174503,Silene vulgaris,ForestWetRich
174504,Silene vulgaris,ForestWetRich
174505,Silene vulgaris,ForestWetRich
174506,Silene vulgaris,ForestWetRich
174507,Silene vulgaris,ForestWetRich
174508,Silene vulgaris,ForestWetRich
174509,Silene vulgaris,ForestWetRich
174510,Silene vulgaris,ForestWetRich
174511,Silene vulgaris,ForestWetRich
174512,Silene vulgaris,ForestWetRich
174513,Silene vulgaris,ForestWetRich
174514,Silene vulgaris,ForestWetRich
174515,Silene vulgaris,ForestWetRich
174516,Silene vulgaris,ForestWetRich
174517,Silene vulgaris,ForestWetRich
175023,Silene vulgaris,ForestWetRich
175024,Silene vulgaris,ForestWetRich
175085,Silene vulgaris,ForestWetRich
175086,Silene vulgaris,ForestWetRich
175087,Silene vulgaris,ForestWetRich
175088,Silene vulgaris,ForestWetRich
175089,Silene vulgaris,ForestWetRich
175090,Silene vulgaris,ForestWetRich
175091,Silene vulgaris,ForestWetRich
175092,Silene vulgaris,ForestWetRich
175093,Silene vulgaris,ForestWetRich
175094,Silene vulgaris,ForestWetRich
175095,Silene vulgaris,ForestWetRich
175096,Silene vulgaris,ForestWetRich
175097,Silene vulgaris,ForestWetRich
175098,Silene vulgaris,ForestWetRich
175099,Silene vulgaris,ForestWetRich
175100,Silene vulgaris,ForestWetRich
175101,Silene vulgaris,ForestWetRich
175102,Silene vulgaris,ForestWetRich
175103,Silene vulgaris,ForestWetRich
175104,Silene vulgaris,ForestWetRich
175105,Silene vulgaris,ForestWetRich
175106,Silene vulgaris,ForestWetRich
175107,Silene vulgaris,ForestWetRich
175108,Silene vulgaris,ForestWetRich
175109,Silene vulgaris,ForestWetRich
175110,Silene vulgaris,ForestWetRich
175111,Silene vulgaris,ForestWetRich
175112,Silene vulgaris,ForestWetRich
175113,Silene vulgaris,ForestWetRich
175114,Silene vulgaris,ForestWetRich
175115,Silene vulgaris,ForestWetRich
175116,Silene vulgaris,ForestWetRich
175623,Silene vulgaris,ForestWetRich
175684,Silene vulgaris,ForestWetRich
175685,Silene vulgaris,ForestWetRich
175686,Silene vulgaris,ForestWetRich
175687,Silene vulgaris,ForestWetRich
175688,Silene vulgaris,ForestWetRich
175689,Silene vulgaris,ForestWetRich
175690,Silene vulgaris,ForestWetRich
175691,Silene vulgaris,ForestWetRich
175692,Silene vulgaris,ForestWetRich
175693,Silene vulgaris,ForestWetRich
175694,Silene vulgaris,ForestWetRich
175695,Silene vulgaris,ForestWetRich
175696,Silene vulgaris,ForestWetRich
175697,Silene vulgaris,ForestWetRich
175698,Silene vulgaris,ForestWetRich
175699,Silene vulgaris,ForestWetRich
175700,Silene vulgaris,ForestWetRich
175701,Silene vulgaris,ForestWetRich
175702,Silene vulgaris,ForestWetRich
175703,Silene vulgaris,ForestWetRich
175704,Silene vulgaris,ForestWetRich
175705,Silene vulgaris,ForestWetRich
175706,Silene vulgaris,ForestWetRich
175707,Silene vulgaris,ForestWetRich
175708,Silene vulgaris,ForestWetRich
175709,Silene vulgaris,ForestWetRich
175710,Silene vulgaris,ForestWetRich
175711,Silene vulgaris,ForestWetRich
175712,Silene vulgaris,ForestWetRich
175713,Silene vulgaris,ForestWetRich
175714,Silene vulgaris,ForestWetRich
176222,Silene vulgaris,ForestWetRich
176283,Silene vulgaris,ForestWetRich
176284,Silene vulgaris,ForestWetRich
176285,Silene vulgaris,ForestWetRich
176286,Silene vulgaris,ForestWetRich
176287,Silene vulgaris,ForestWetRich
176288,Silene vulgaris,ForestWetRich
176289,Silene vulgaris,ForestWetRich
176290,Silene vulgaris,ForestWetRich
176291,Silene vulgaris,ForestWetRich
176292,Silene vulgaris,ForestWetRich
176293,Silene vulgaris,ForestWetRich
176294,Silene vulgaris,ForestWetRich
176295,Silene vulgaris,ForestWetRich
176296,Silene vulgaris,ForestWetRich
176297,Silene vulgaris,ForestWetRich
176298,Silene vulgaris,ForestWetRich
176299,Silene vulgaris,ForestWetRich
176300,Silene vulgaris,ForestWetRich
176301,Silene vulgaris,ForestWetRich
176302,Silene vulgaris,ForestWetRich
176303,Silene vulgaris,ForestWetRich
176304,Silene vulgaris,ForestWetRich
176305,Silene vulgaris,ForestWetRich
176306,Silene vulgaris,ForestWetRich
176307,Silene vulgaris,ForestWetRich
176308,Silene vulgaris,ForestWetRich
176309,Silene vulgaris,ForestWetRich
176310,Silene vulgaris,ForestWetRich
176311,Silene vulgaris,ForestWetRich
176312,Silene vulgaris,ForestWetRich
176313,Silene vulgaris,ForestWetRich
176882,Silene vulgaris,ForestWetRich
176883,Silene vulgaris,ForestWetRich
176884,Silene vulgaris,ForestWetRich
176885,Silene vulgaris,ForestWetRich
176886,Silene vulgaris,ForestWetRich
176887,Silene vulgaris,ForestWetRich
176888,Silene vulgaris,ForestWetRich
176889,Silene vulgaris,ForestWetRich
176890,Silene vulgaris,ForestWetRich
176891,Silene vulgaris,ForestWetRich
176892,Silene vulgaris,ForestWetRich
176893,Silene vulgaris,ForestWetRich
176894,Silene vulgaris,ForestWetRich
176895,Silene vulgaris,ForestWetRich
176896,Silene vulgaris,ForestWetRich
176897,Silene vulgaris,ForestWetRich
176898,Silene vulgaris,ForestWetRich
176899,Silene vulgaris,ForestWetRich
176900,Silene vulgaris,ForestWetRich
176901,Silene vulgaris,ForestWetRich
176902,Silene vulgaris,ForestWetRich
176903,Silene vulgaris,ForestWetRich
176904,Silene vulgaris,ForestWetRich
176905,Silene vulgaris,ForestWetRich
176906,Silene vulgaris,ForestWetRich
176907,Silene vulgaris,ForestWetRich
176908,Silene vulgaris,ForestWetRich
176909,Silene vulgaris,ForestWetRich
176910,Silene vulgaris,ForestWetRich
176911,Silene vulgaris,ForestWetRich
176912,Silene vulgaris,ForestWetRich
177481,Silene vulgaris,ForestWetRich
177482,Silene vulgaris,ForestWetRich
177483,Silene vulgaris,ForestWetRich
177484,Silene vulgaris,ForestWetRich
177485,Silene vulgaris,ForestWetRich
177486,Silene vulgaris,ForestWetRich
177487,Silene vulgaris,ForestWetRich
177488,Silene vulgaris,ForestWetRich
177489,Silene vulgaris,ForestWetRich
177490,Silene vulgaris,ForestWetRich
177491,Silene vulgaris,ForestWetRich
177492,Silene vulgaris,ForestWetRich
177493,Silene vulgaris,ForestWetRich
177494,Silene vulgaris,ForestWetRich
177495,Silene vulgaris,ForestWetRich
177496,Silene vulgaris,ForestWetRich
177497,Silene vulgaris,ForestWetRich
177498,Silene vulgaris,ForestWetRich
177499,Silene vulgaris,ForestWetRich
177500,Silene vulgaris,ForestWetRich
177501,Silene vulgaris,ForestWetRich
177502,Silene vulgaris,ForestWetRich
177503,Silene vulgaris,ForestWetRich
177504,Silene vulgaris,ForestWetRich
177505,Silene vulgaris,ForestWetRich
177506,Silene vulgaris,ForestWetRich
177507,Silene vulgaris,ForestWetRich
177508,Silene vulgaris,ForestWetRich
177509,Silene vulgaris,ForestWetRich
177510,Silene vulgaris,ForestWetRich
178080,Silene vulgaris,ForestWetRich
178081,Silene vulgaris,ForestWetRich
178082,Silene vulgaris,ForestWetRich
178083,Silene vulgaris,ForestWetRich
178084,Silene vulgaris,ForestWetRich
178085,Silene vulgaris,ForestWetRich
178086,Silene vulgaris,ForestWetRich
178087,Silene vulgaris,ForestWetRich
178088,Silene vulgaris,ForestWetRich
178089,Silene vulgaris,ForestWetRich
178090,Silene vulgaris,ForestWetRich
178091,Silene vulgaris,ForestWetRich
178092,Silene vulgaris,ForestWetRich
178093,Silene vulgaris,ForestWetRich
178094,Silene vulgaris,ForestWetRich
178095,Silene vulgaris,ForestWetRich
178096,Silene vulgaris,ForestWetRich
178097,Silene vulgaris,ForestWetRich
178098,Silene vulgaris,ForestWetRich
178099,Silene vulgaris,ForestWetRich
178100,Silene vulgaris,ForestWetRich
178101,Silene vulgaris,ForestWetRich
178102,Silene vulgaris,ForestWetRich
178103,Silene vulgaris,ForestWetRich
178104,Silene vulgaris,ForestWetRich
178105,Silene vulgaris,ForestWetRich
178106,Silene vulgaris,ForestWetRich
178107,Silene vulgaris,ForestWetRich
178108,Silene vulgaris,ForestWetRich
178109,Silene vulgaris,ForestWetRich
178679,Silene vulgaris,ForestWetRich
178680,Silene vulgaris,ForestWetRich
178681,Silene vulgaris,ForestWetRich
178682,Silene vulgaris,ForestWetRich
178683,Silene vulgaris,ForestWetRich
178684,Silene vulgaris,ForestWetRich
178685,Silene vulgaris,ForestWetRich
178686,Silene vulgaris,ForestWetRich
178687,Silene vulgaris,ForestWetRich
178688,Silene vulgaris,ForestWetRich
178689,Silene vulgaris,ForestWetRich
178690,Silene vulgaris,ForestWetRich
178691,Silene vulgaris,ForestWetRich
178692,Silene vulgaris,ForestWetRich
178693,Silene vulgaris,ForestWetRich
178694,Silene vulgaris,ForestWetRich
178695,Silene vulgaris,ForestWetRich
178696,Silene vulgaris,ForestWetRich
178697,Silene vulgaris,ForestWetRich
178698,Silene vulgaris,ForestWetRich
178699,Silene vulgaris,ForestWetRich
178700,Silene vulgaris,ForestWetRich
178701,Silene vulgaris,ForestWetRich
178702,Silene vulgaris,ForestWetRich
178703,Silene vulgaris,ForestWetRich
178704,Silene vulgaris,ForestWetRich
178705,Silene vulgaris,ForestWetRich
178706,Silene vulgaris,ForestWetRich
178707,Silene vulgaris,ForestWetRich
179278,Silene vulgaris,ForestWetRich
179279,Silene vulgaris,ForestWetRich
179280,Silene vulgaris,ForestWetRich
179281,Silene vulgaris,ForestWetRich
179282,Silene vulgaris,ForestWetRich
179283,Silene vulgaris,ForestWetRich
179284,Silene vulgaris,ForestWetRich
179285,Silene vulgaris,ForestWetRich
179286,Silene vulgaris,ForestWetRich
179287,Silene vulgaris,ForestWetRich
179288,Silene vulgaris,ForestWetRich
179289,Silene vulgaris,ForestWetRich
179290,Silene vulgaris,ForestWetRich
179291,Silene vulgaris,ForestWetRich
179292,Silene vulgaris,ForestWetRich
179293,Silene vulgaris,ForestWetRich
179294,Silene vulgaris,ForestWetRich
179295,Silene vulgaris,ForestWetRich
179296,Silene vulgaris,ForestWetRich
179297,Silene vulgaris,ForestWetRich
179298,Silene vulgaris,ForestWetRich
179299,Silene vulgaris,ForestWetRich
179300,Silene vulgaris,ForestWetRich
179301,Silene vulgaris,ForestWetRich
179302,Silene vulgaris,ForestWetRich
179303,Silene vulgaris,ForestWetRich
179304,Silene vulgaris,ForestWetRich
179305,Silene vulgaris,ForestWetRich
179306,Silene vulgaris,ForestWetRich
179877,Silene vulgaris,ForestWetRich
179878,Silene vulgaris,ForestWetRich
179879,Silene vulgaris,ForestWetRich
179880,Silene vulgaris,ForestWetRich
179881,Silene vulgaris,ForestWetRich
179882,Silene vulgaris,ForestWetRich
179883,Silene vulgaris,ForestWetRich
179884,Silene vulgaris,ForestWetRich
179885,Silene vulgaris,ForestWetRich
179886,Silene vulgaris,ForestWetRich
179887,Silene vulgaris,ForestWetRich
179888,Silene vulgaris,ForestWetRich
179889,Silene vulgaris,ForestWetRich
179890,Silene vulgaris,ForestWetRich
179891,Silene vulgaris,ForestWetRich
179892,Silene vulgaris,ForestWetRich
179893,Silene vulgaris,ForestWetRich
179894,Silene vulgaris,ForestWetRich
179895,Silene vulgaris,ForestWetRich
179896,Silene vulgaris,ForestWetRich
179897,Silene vulgaris,ForestWetRich
179898,Silene vulgaris,ForestWetRich
179899,Silene vulgaris,ForestWetRich
179900,Silene vulgaris,ForestWetRich
179901,Silene vulgaris,ForestWetRich
179902,Silene vulgaris,ForestWetRich
179903,Silene vulgaris,ForestWetRich
179904,Silene vulgaris,ForestWetRich
180476,Silene vulgaris,ForestWetRich
180477,Silene vulgaris,ForestWetRich
180478,Silene vulgaris,ForestWetRich
180479,Silene vulgaris,ForestWetRich
180480,Silene vulgaris,ForestWetRich
180481,Silene vulgaris,ForestWetRich
180482,Silene vulgaris,ForestWetRich
180483,Silene vulgaris,ForestWetRich
180484,Silene vulgaris,ForestWetRich
180485,Silene vulgaris,ForestWetRich
180486,Silene vulgaris,ForestWetRich
180487,Silene vulgaris,ForestWetRich
180488,Silene vulgaris,ForestWetRich
180489,Silene vulgaris,ForestWetRich
180490,Silene vulgaris,ForestWetRich
180491,Silene vulgaris,ForestWetRich
180492,Silene vulgaris,ForestWetRich
180493,Silene vulgaris,ForestWetRich
180494,Silene vulgaris,ForestWetRich
180495,Silene vulgaris,ForestWetRich
180496,Silene vulgaris,ForestWetRich
180497,Silene vulgaris,ForestWetRich
180498,Silene vulgaris,ForestWetRich
180499,Silene vulgaris,ForestWetRich
180500,Silene vulgaris,ForestWetRich
180501,Silene vulgaris,ForestWetRich
180502,Silene vulgaris,ForestWetRich
181075,Silene vulgaris,ForestWetRich
181076,Silene vulgaris,ForestWetRich
181077,Silene vulgaris,ForestWetRich
181078,Silene vulgaris,ForestWetRich
181079,Silene vulgaris,ForestWetRich
181080,Silene vulgaris,ForestWetRich
181081,Silene vulgaris,ForestWetRich
181082,Silene vulgaris,ForestWetRich
181083,Silene vulgaris,ForestWetRich
181084,Silene vulgaris,ForestWetRich
181085,Silene vulgaris,ForestWetRich
181086,Silene vulgaris,ForestWetRich
181087,Silene vulgaris,ForestWetRich
181088,Silene vulgaris,ForestWetRich
181089,Silene vulgaris,ForestWetRich
181090,Silene vulgaris,ForestWetRich
181091,Silene vulgaris,ForestWetRich
181092,Silene vulgaris,ForestWetRich
181093,Silene vulgaris,ForestWetRich
181094,Silene vulgaris,ForestWetRich
181095,Silene vulgaris,ForestWetRich
181096,Silene vulgaris,ForestWetRich
181097,Silene vulgaris,ForestWetRich
181098,Silene vulgaris,ForestWetRich
181099,Silene vulgaris,ForestWetRich
181100,Silene vulgaris,ForestWetRich
181101,Silene vulgaris,ForestWetRich
181674,Silene vulgaris,ForestWetRich
181675,Silene vulgaris,ForestWetRich
181676,Silene vulgaris,ForestWetRich
181677,Silene vulgaris,ForestWetRich
181678,Silene vulgaris,ForestWetRich
181679,Silene vulgaris,ForestWetRich
181680,Silene vulgaris,ForestWetRich
181681,Silene vulgaris,ForestWetRich
181682,Silene vulgaris,ForestWetRich
181683,Silene vulgaris,ForestWetRich
181684,Silene vulgaris,ForestWetRich
181685,Silene vulgaris,ForestWetRich
181686,Silene vulgaris,ForestWetRich
181687,Silene vulgaris,ForestWetRich
181688,Silene vulgaris,ForestWetRich
181689,Silene vulgaris,ForestWetRich
181690,Silene vulgaris,ForestWetRich
181691,Silene vulgaris,ForestWetRich
181692,Silene vulgaris,ForestWetRich
181693,Silene vulgaris,ForestWetRich
181694,Silene vulgaris,ForestWetRich
181695,Silene vulgaris,ForestWetRich
181696,Silene vulgaris,ForestWetRich
181697,Silene vulgaris,ForestWetRich
181698,Silene vulgaris,ForestWetRich
181699,Silene vulgaris,ForestWetRich
182273,Silene vulgaris,ForestWetRich
182274,Silene vulgaris,ForestWetRich
182275,Silene vulgaris,ForestWetRich
182276,Silene vulgaris,ForestWetRich
182277,Silene vulgaris,ForestWetRich
182278,Silene vulgaris,ForestWetRich
182279,Silene vulgaris,ForestWetRich
182280,Silene vulgaris,ForestWetRich
182281,Silene vulgaris,ForestWetRich
182282,Silene vulgaris,ForestWetRich
182283,Silene vulgaris,ForestWetRich
182284,Silene vulgaris,ForestWetRich
182285,Silene vulgaris,ForestWetRich
182286,Silene vulgaris,ForestWetRich
182287,Silene vulgaris,ForestWetRich
182288,Silene vulgaris,ForestWetRich
182289,Silene vulgaris,ForestWetRich
182290,Silene vulgaris,ForestWetRich
182291,Silene vulgaris,ForestWetRich
182292,Silene vulgaris,ForestWetRich
182293,Silene vulgaris,ForestWetRich
182294,Silene vulgaris,ForestWetRich
182295,Silene vulgaris,ForestWetRich
182296,Silene vulgaris,ForestWetRich
182297,Silene vulgaris,ForestWetRich
182872,Silene vulgaris,ForestWetRich
182873,Silene vulgaris,ForestWetRich
182874,Silene vulgaris,ForestWetRich
182875,Silene vulgaris,ForestWetRich
182876,Silene vulgaris,ForestWetRich
182877,Silene vulgaris,ForestWetRich
182878,Silene vulgaris,ForestWetRich
182879,Silene vulgaris,ForestWetRich
182880,Silene vulgaris,ForestWetRich
182881,Silene vulgaris,ForestWetRich
182882,Silene vulgaris,ForestWetRich
182883,Silene vulgaris,ForestWetRich
182884,Silene vulgaris,ForestWetRich
182885,Silene vulgaris,ForestWetRich
182886,Silene vulgaris,ForestWetRich
182887,Silene vulgaris,ForestWetRich
182888,Silene vulgaris,ForestWetRich
182889,Silene vulgaris,ForestWetRich
182890,Silene vulgaris,ForestWetRich
182891,Silene vulgaris,ForestWetRich
182892,Silene vulgaris,ForestWetRich
182893,Silene vulgaris,ForestWetRich
182894,Silene vulgaris,ForestWetRich
182895,Silene vulgaris,ForestWetRich
182896,Silene vulgaris,ForestWetRich
183471,Silene vulgaris,ForestWetRich
183472,Silene vulgaris,ForestWetRich
183473,Silene vulgaris,ForestWetRich
183474,Silene vulgaris,ForestWetRich
183475,Silene vulgaris,ForestWetRich
183476,Silene vulgaris,ForestWetRich
183477,Silene vulgaris,ForestWetRich
183478,Silene vulgaris,ForestWetRich
183479,Silene vulgaris,ForestWetRich
183480,Silene vulgaris,ForestWetRich
183481,Silene vulgaris,ForestWetRich
183482,Silene vulgaris,ForestWetRich
183483,Silene vulgaris,ForestWetRich
183484,Silene vulgaris,ForestWetRich
183485,Silene vulgaris,ForestWetRich
183486,Silene vulgaris,ForestWetRich
183487,Silene vulgaris,ForestWetRich
183488,Silene vulgaris,ForestWetRich
183489,Silene vulgaris,ForestWetRich
183490,Silene vulgaris,ForestWetRich
183491,Silene vulgaris,ForestWetRich
183492,Silene vulgaris,ForestWetRich
183493,Silene vulgaris,ForestWetRich
183494,Silene vulgaris,ForestWetRich
184070,Silene vulgaris,ForestWetRich
184071,Silene vulgaris,ForestWetRich
184072,Silene vulgaris,ForestWetRich
184073,Silene vulgaris,ForestWetRich
184074,Silene vulgaris,ForestWetRich
184075,Silene vulgaris,ForestWetRich
184076,Silene vulgaris,ForestWetRich
184077,Silene vulgaris,ForestWetRich
184078,Silene vulgaris,ForestWetRich
184079,Silene vulgaris,ForestWetRich
184080,Silene vulgaris,ForestWetRich
184081,Silene vulgaris,ForestWetRich
184082,Silene vulgaris,ForestWetRich
184083,Silene vulgaris,ForestWetRich
184084,Silene vulgaris,ForestWetRich
184085,Silene vulgaris,ForestWetRich
184086,Silene vulgaris,ForestWetRich
184087,Silene vulgaris,ForestWetRich
184088,Silene vulgaris,ForestWetRich
184089,Silene vulgaris,ForestWetRich
184090,Silene vulgaris,ForestWetRich
184091,Silene vulgaris,ForestWetRich
184092,Silene vulgaris,ForestWetRich
184669,Silene vulgaris,ForestWetRich
184670,Silene vulgaris,ForestWetRich
184671,Silene vulgaris,ForestWetRich
184672,Silene vulgaris,ForestWetRich
184673,Silene vulgaris,ForestWetRich
184674,Silene vulgaris,ForestWetRich
184675,Silene vulgaris,ForestWetRich
184676,Silene vulgaris,ForestWetRich
184677,Silene vulgaris,ForestWetRich
184678,Silene vulgaris,ForestWetRich
184679,Silene vulgaris,ForestWetRich
184680,Silene vulgaris,ForestWetRich
184681,Silene vulgaris,ForestWetRich
184682,Silene vulgaris,ForestWetRich
184683,Silene vulgaris,ForestWetRich
184684,Silene vulgaris,ForestWetRich
184685,Silene vulgaris,ForestWetRich
184686,Silene vulgaris,ForestWetRich
184687,Silene vulgaris,ForestWetRich
184688,Silene vulgaris,ForestWetRich
184689,Silene vulgaris,ForestWetRich
184690,Silene vulgaris,ForestWetRich
185268,Silene vulgaris,ForestWetRich
185269,Silene vulgaris,ForestWetRich
185270,Silene vulgaris,ForestWetRich
185271,Silene vulgaris,ForestWetRich
185272,Silene vulgaris,ForestWetRich
185273,Silene vulgaris,ForestWetRich
185274,Silene vulgaris,ForestWetRich
185275,Silene vulgaris,ForestWetRich
185276,Silene vulgaris,ForestWetRich
185277,Silene vulgaris,ForestWetRich
185278,Silene vulgaris,ForestWetRich
185279,Silene vulgaris,ForestWetRich
185280,Silene vulgaris,ForestWetRich
185281,Silene vulgaris,ForestWetRich
185282,Silene vulgaris,ForestWetRich
185283,Silene vulgaris,ForestWetRich
185284,Silene vulgaris,ForestWetRich
185285,Silene vulgaris,ForestWetRich
185286,Silene vulgaris,ForestWetRich
185287,Silene vulgaris,ForestWetRich
185288,Silene vulgaris,ForestWetRich
185867,Silene vulgaris,ForestWetRich
185868,Silene vulgaris,ForestWetRich
185869,Silene vulgaris,ForestWetRich
185870,Silene vulgaris,ForestWetRich
185871,Silene vulgaris,ForestWetRich
185872,Silene vulgaris,ForestWetRich
185873,Silene vulgaris,ForestWetRich
185874,Silene vulgaris,ForestWetRich
185875,Silene vulgaris,ForestWetRich
185876,Silene vulgaris,ForestWetRich
185877,Silene vulgaris,ForestWetRich
185878,Silene vulgaris,ForestWetRich
185879,Silene vulgaris,ForestWetRich
185880,Silene vulgaris,ForestWetRich
185881,Silene vulgaris,ForestWetRich
185882,Silene vulgaris,ForestWetRich
185883,Silene vulgaris,ForestWetRich
185884,Silene vulgaris,ForestWetRich
185885,Silene vulgaris,ForestWetRich
185886,Silene vulgaris,ForestWetRich
186466,Silene vulgaris,ForestWetRich
186467,Silene vulgaris,ForestWetRich
186468,Silene vulgaris,ForestWetRich
186469,Silene vulgaris,ForestWetRich
186470,Silene vulgaris,ForestWetRich
186471,Silene vulgaris,ForestWetRich
186472,Silene vulgaris,ForestWetRich
186473,Silene vulgaris,ForestWetRich
186474,Silene vulgaris,ForestWetRich
186475,Silene vulgaris,ForestWetRich
186476,Silene vulgaris,ForestWetRich
186477,Silene vulgaris,ForestWetRich
186478,Silene vulgaris,ForestWetRich
186479,Silene vulgaris,ForestWetRich
186480,Silene vulgaris,ForestWetRich
186481,Silene vulgaris,ForestWetRich
186482,Silene vulgaris,ForestWetRich
186483,Silene vulgaris,ForestWetRich
186484,Silene vulgaris,ForestWetRich
187065,Silene vulgaris,ForestWetRich
187066,Silene vulgaris,ForestWetRich
187067,Silene vulgaris,ForestWetRich
187068,Silene vulgaris,ForestWetRich
187069,Silene vulgaris,ForestWetRich
187070,Silene vulgaris,ForestWetRich
187071,Silene vulgaris,ForestWetRich
187072,Silene vulgaris,ForestWetRich
187073,Silene vulgaris,ForestWetRich
187074,Silene vulgaris,ForestWetRich
187075,Silene vulgaris,ForestWetRich
187076,Silene vulgaris,ForestWetRich
187077,Silene vulgaris,ForestWetRich
187078,Silene vulgaris,ForestWetRich
187079,Silene vulgaris,ForestWetRich
187080,Silene vulgaris,ForestWetRich
187081,Silene vulgaris,ForestWetRich
187082,Silene vulgaris,ForestWetRich
187664,Silene vulgaris,ForestWetRich
187665,Silene vulgaris,ForestWetRich
187666,Silene vulgaris,ForestWetRich
187667,Silene vulgaris,ForestWetRich
187668,Silene vulgaris,ForestWetRich
187669,Silene vulgaris,ForestWetRich
187670,Silene vulgaris,ForestWetRich
187671,Silene vulgaris,ForestWetRich
187672,Silene vulgaris,ForestWetRich
187673,Silene vulgaris,ForestWetRich
187674,Silene vulgaris,ForestWetRich
187675,Silene vulgaris,ForestWetRich
187676,Silene vulgaris,ForestWetRich
187677,Silene vulgaris,ForestWetRich
187678,Silene vulgaris,ForestWetRich
187679,Silene vulgaris,ForestWetRich
187680,Silene vulgaris,ForestWetRich
188263,Silene vulgaris,ForestWetRich
188264,Silene vulgaris,ForestWetRich
188265,Silene vulgaris,ForestWetRich
188266,Silene vulgaris,ForestWetRich
188267,Silene vulgaris,ForestWetRich
188268,Silene vulgaris,ForestWetRich
188269,Silene vulgaris,ForestWetRich
188270,Silene vulgaris,ForestWetRich
188271,Silene vulgaris,ForestWetRich
188272,Silene vulgaris,ForestWetRich
188273,Silene vulgaris,ForestWetRich
188274,Silene vulgaris,ForestWetRich
188275,Silene vulgaris,ForestWetRich
188276,Silene vulgaris,ForestWetRich
188277,Silene vulgaris,ForestWetRich
188278,Silene vulgaris,ForestWetRich
188862,Silene vulgaris,ForestWetRich
188863,Silene vulgaris,ForestWetRich
188864,Silene vulgaris,ForestWetRich
188865,Silene vulgaris,ForestWetRich
188866,Silene vulgaris,ForestWetRich
188867,Silene vulgaris,ForestWetRich
188868,Silene vulgaris,ForestWetRich
188869,Silene vulgaris,ForestWetRich
188870,Silene vulgaris,ForestWetRich
188871,Silene vulgaris,ForestWetRich
188872,Silene vulgaris,ForestWetRich
188873,Silene vulgaris,ForestWetRich
188874,Silene vulgaris,ForestWetRich
188875,Silene vulgaris,ForestWetRich
189461,Silene vulgaris,ForestWetRich
189462,Silene vulgaris,ForestWetRich
189463,Silene vulgaris,ForestWetRich
189464,Silene vulgaris,ForestWetRich
189465,Silene vulgaris,ForestWetRich
189466,Silene vulgaris,ForestWetRich
189467,Silene vulgaris,ForestWetRich
189468,Silene vulgaris,ForestWetRich
189469,Silene vulgaris,ForestWetRich
189470,Silene vulgaris,ForestWetRich
189471,Silene vulgaris,ForestWetRich
189472,Silene vulgaris,ForestWetRich
189473,Silene vulgaris,ForestWetRich
190060,Silene vulgaris,ForestWetRich
190061,Silene vulgaris,ForestWetRich
190062,Silene vulgaris,ForestWetRich
190063,Silene vulgaris,ForestWetRich
190064,Silene vulgaris,ForestWetRich
190065,Silene vulgaris,ForestWetRich
190066,Silene vulgaris,ForestWetRich
190067,Silene vulgaris,ForestWetRich
190068,Silene vulgaris,ForestWetRich
190069,Silene vulgaris,ForestWetRich
190070,Silene vulgaris,ForestWetRich
190659,Silene vulgaris,ForestWetRich
190660,Silene vulgaris,ForestWetRich
190661,Silene vulgaris,ForestWetRich
190662,Silene vulgaris,ForestWetRich
190663,Silene vulgaris,ForestWetRich
190664,Silene vulgaris,ForestWetRich
190665,Silene vulgaris,ForestWetRich
190666,Silene vulgaris,ForestWetRich
190667,Silene vulgaris,ForestWetRich
190668,Silene vulgaris,ForestWetRich
191258,Silene vulgaris,ForestWetRich
191259,Silene vulgaris,ForestWetRich
191260,Silene vulgaris,ForestWetRich
191261,Silene vulgaris,ForestWetRich
191262,Silene vulgaris,ForestWetRich
191263,Silene vulgaris,ForestWetRich
191264,Silene vulgaris,ForestWetRich
191265,Silene vulgaris,ForestWetRich
191857,Silene vulgaris,ForestWetRich
191858,Silene vulgaris,ForestWetRich
191859,Silene vulgaris,ForestWetRich
191860,Silene vulgaris,ForestWetRich
191861,Silene vulgaris,ForestWetRich
191862,Silene vulgaris,ForestWetRich
192456,Silene vulgaris,ForestWetRich
192457,Silene vulgaris,ForestWetRich
192458,Silene vulgaris,ForestWetRich
193055,Silene vulgaris,ForestWetRich
